"","scientificName","residential_commercial_development","agriculture_aquaculture","energy_mining","transportation_service_corridors","biological_resource_use_hunting","biological_resource_use_loggingplants","biological_resource_use_fishing","human_intrusions_disturbance","natural_system_modifications","invasives_diseases","pollution","geological_events","climate_change","other"
"1","Abeillia abeillei",0,0,0,0,0,0,0,0,0,0,0,0,0,0
"2","Abroscopus albogularis",0,0,0,0,0,0,0,0,0,0,0,0,0,0
"3","Abroscopus schisticeps",0,0,0,0,0,0,0,0,0,0,0,0,0,0
"4","Abroscopus superciliaris",0,0,0,0,0,0,0,0,0,0,0,0,0,0
"5","Aburria aburri",0,5,0,0,5,5,0,0,0,0,0,0,0,0
"6","Acanthagenys rufogularis",0,0,0,0,0,0,0,0,0,0,0,0,0,0
"7","Acanthidops bairdi",0,0,0,0,0,0,0,0,0,0,0,0,6,0
"8","Acanthis flammea",0,0,0,0,0,0,0,0,0,0,0,0,6,0
"9","Acanthisitta chloris",0,0,0,0,0,0,0,0,0,0,0,0,0,0
"10","Acanthiza apicalis",0,0,0,0,0,0,0,0,0,0,0,0,0,0
"11","Acanthiza chrysorrhoa",0,0,0,0,0,0,0,0,0,0,0,0,0,0
"12","Acanthiza cinerea",0,0,0,0,0,0,0,0,0,0,0,0,0,0
"13","Acanthiza ewingii",0,0,0,0,0,0,0,0,0,0,0,0,0,0
"14","Acanthiza inornata",0,0,0,0,0,0,0,0,0,0,0,0,6,0
"15","Acanthiza iredalei",0,0,0,0,0,0,0,0,0,0,0,0,0,0
"16","Acanthiza katherina",0,0,0,0,0,0,0,0,0,0,0,0,8,0
"17","Acanthiza lineata",0,0,0,0,0,0,0,0,0,0,0,0,6,0
"18","Acanthiza murina",0,0,0,0,0,0,0,0,0,0,0,0,0,0
"19","Acanthiza nana",0,0,0,0,0,0,0,0,0,0,0,0,0,0
"20","Acanthiza pusilla",0,0,0,0,0,0,0,0,0,0,0,0,6,0
"21","Acanthiza reguloides",0,0,0,0,0,0,0,0,0,0,0,0,0,0
"22","Acanthiza robustirostris",0,0,0,0,0,0,0,0,0,0,0,0,0,0
"23","Acanthiza uropygialis",0,0,0,0,0,0,0,0,0,0,0,0,0,0
"24","Acanthoptila nipalensis",0,0,0,0,0,0,0,0,0,0,0,0,0,0
"25","Acanthorhynchus superciliosus",0,0,0,0,0,0,0,0,0,0,0,0,6,0
"26","Acanthorhynchus tenuirostris",0,0,0,0,0,0,0,0,0,0,0,0,5,0
"27","Acanthornis magna",0,0,0,0,0,0,0,0,0,0,0,0,0,0
"28","Accipiter albogularis",0,0,0,0,0,0,0,0,0,0,0,0,0,0
"29","Accipiter badius",0,4,0,0,4,4,0,0,4,0,4,0,0,0
"30","Accipiter bicolor",0,0,0,0,0,0,0,0,0,0,0,0,0,0
"31","Accipiter brachyurus",0,6,0,0,0,6,0,0,0,0,0,0,0,0
"32","Accipiter brevipes",0,0,5,0,4,0,0,0,0,0,7,0,0,0
"33","Accipiter butleri",5,5,0,0,7,0,0,0,0,0,0,0,0,0
"34","Accipiter castanilius",0,0,0,0,0,0,0,0,0,0,0,0,0,0
"35","Accipiter cirrocephalus",0,0,0,0,0,0,0,0,0,0,0,0,0,0
"36","Accipiter collaris",0,0,0,0,0,5,0,0,0,0,0,0,0,0
"37","Accipiter cooperii",0,0,0,0,0,0,0,0,0,0,0,0,0,0
"38","Accipiter erythrauchen",5,6,5,4,0,5,0,0,5,0,0,0,0,0
"39","Accipiter erythropus",0,0,0,0,0,0,0,0,0,0,0,0,0,0
"40","Accipiter fasciatus",0,0,0,0,0,0,0,0,0,0,0,0,0,0
"41","Accipiter francesiae",0,0,0,0,0,0,0,0,0,0,0,0,0,0
"42","Accipiter gentilis",0,5,5,0,5,7,0,5,4,4,4,0,0,0
"43","Accipiter griseiceps",0,0,0,0,0,0,0,0,0,0,0,0,0,0
"44","Accipiter gularis",0,6,0,0,4,6,0,0,0,4,4,0,0,0
"45","Accipiter gundlachi",0,6,0,0,6,6,0,0,0,0,0,0,0,0
"46","Accipiter haplochrous",0,5,0,0,4,4,0,0,0,0,0,0,0,0
"47","Accipiter henicogrammus",5,6,5,5,0,6,0,0,5,0,0,0,0,0
"48","Accipiter henstii",0,6,0,0,0,5,0,0,0,0,0,0,0,0
"49","Accipiter hiogaster",0,0,0,0,0,0,0,0,0,0,0,0,0,0
"50","Accipiter imitator",0,5,0,0,0,6,0,0,0,0,0,0,0,0
"51","Accipiter luteoschistaceus",0,5,6,0,0,6,0,0,0,7,0,0,0,0
"52","Accipiter madagascariensis",0,6,0,0,0,5,0,0,0,0,0,0,0,0
"53","Accipiter melanochlamys",0,0,0,0,0,4,0,0,0,0,0,0,0,0
"54","Accipiter melanoleucus",0,0,0,0,0,0,0,0,0,0,0,0,0,0
"55","Accipiter meyerianus",0,0,0,0,0,0,0,0,0,0,0,0,0,0
"56","Accipiter minullus",0,0,0,0,0,0,0,0,0,0,0,0,0,0
"57","Accipiter nanus",0,4,0,0,0,4,0,0,0,0,0,0,6,0
"58","Accipiter nisus",0,5,5,0,5,0,0,0,4,0,5,0,0,0
"59","Accipiter novaehollandiae",0,0,0,0,0,0,0,0,0,0,0,0,0,0
"60","Accipiter ovampensis",0,0,0,0,0,5,0,0,0,0,0,0,0,0
"61","Accipiter poliocephalus",0,0,0,0,0,0,0,0,0,0,0,0,0,0
"62","Accipiter poliogaster",0,6,0,0,5,5,0,0,0,0,0,0,0,0
"63","Accipiter princeps",0,7,6,0,0,5,0,0,0,0,0,0,6,0
"64","Accipiter rhodogaster",0,0,0,0,0,0,0,0,0,0,0,0,0,0
"65","Accipiter rufitorques",0,0,0,0,0,0,0,0,0,0,0,0,0,0
"66","Accipiter rufiventris",0,0,0,0,0,0,0,0,0,0,0,0,0,0
"67","Accipiter soloensis",5,5,0,4,4,5,0,0,0,0,0,0,0,0
"68","Accipiter striatus",0,0,0,0,0,0,0,0,0,0,0,0,0,0
"69","Accipiter superciliosus",0,0,0,0,0,0,0,0,0,0,0,0,0,0
"70","Accipiter sylvestris",0,0,0,0,0,0,0,0,0,0,0,0,0,0
"71","Accipiter tachiro",0,0,0,0,0,0,0,0,0,0,0,0,0,0
"72","Accipiter toussenelii",0,0,0,0,0,0,0,0,0,0,0,0,0,0
"73","Accipiter trinotatus",0,0,0,0,0,0,0,0,0,0,0,0,0,0
"74","Accipiter trivirgatus",0,0,0,0,0,0,0,0,0,0,0,0,0,0
"75","Accipiter virgatus",0,0,0,0,0,6,0,0,0,0,0,0,0,0
"76","Aceros nipalensis",5,6,0,0,7,6,0,0,0,0,0,0,0,0
"77","Achaetops pycnopygius",0,0,0,0,0,0,0,0,0,0,0,0,0,0
"78","Acridotheres albocinctus",0,0,0,0,0,0,0,0,0,0,0,0,0,0
"79","Acridotheres burmannicus",0,0,0,0,0,0,0,0,0,0,0,0,0,0
"80","Acridotheres cinereus",0,0,0,0,8,0,0,0,0,0,0,0,0,0
"81","Acridotheres cristatellus",0,0,0,0,0,0,0,0,0,0,0,0,0,0
"82","Acridotheres fuscus",0,0,0,0,0,0,0,0,0,0,0,0,0,0
"83","Acridotheres ginginianus",0,0,0,0,0,0,0,0,0,0,0,0,0,0
"84","Acridotheres grandis",0,0,0,0,0,0,0,0,0,0,0,0,0,0
"85","Acridotheres javanicus",0,0,0,0,8,0,0,0,0,0,7,0,0,0
"86","Acridotheres leucocephalus",0,0,0,0,0,0,0,0,0,0,0,0,0,0
"87","Acridotheres melanopterus",0,0,0,0,7,0,0,0,0,0,6,0,0,0
"88","Acridotheres tristis",0,0,0,0,0,0,0,0,0,0,0,0,0,0
"89","Acritillas indica",0,0,0,0,0,0,0,0,0,0,0,0,0,0
"90","Acrobatornis fonsecai",0,8,0,0,0,6,0,0,0,0,0,0,0,0
"91","Acrocephalus aequinoctialis",5,4,0,0,4,0,0,0,4,7,0,0,6,0
"92","Acrocephalus agricola",0,0,0,0,0,0,0,0,0,0,0,0,0,0
"93","Acrocephalus arundinaceus",0,0,0,0,0,0,0,0,0,0,0,0,0,0
"94","Acrocephalus astrolabii",0,0,0,0,0,0,0,0,0,5,0,0,0,0
"95","Acrocephalus atyphus",0,0,0,0,0,0,0,0,0,0,0,0,6,0
"96","Acrocephalus australis",0,0,0,0,0,0,0,0,0,0,0,0,0,0
"97","Acrocephalus bistrigiceps",0,0,0,0,0,0,0,0,0,0,0,0,0,0
"98","Acrocephalus brevipennis",6,0,0,0,0,0,0,0,0,3,0,0,6,0
"99","Acrocephalus caffer",0,0,0,4,0,5,0,4,0,6,0,0,0,0
"100","Acrocephalus concinens",0,0,0,0,0,0,0,0,0,0,0,0,0,0
"101","Acrocephalus dumetorum",0,0,0,0,0,0,0,0,0,0,0,0,0,0
"102","Acrocephalus familiaris",0,0,0,0,0,0,0,0,5,7,0,0,7,0
"103","Acrocephalus gracilirostris",0,0,0,0,0,0,0,0,0,0,0,0,0,0
"104","Acrocephalus griseldis",5,5,7,0,0,5,0,3,7,0,4,0,8,0
"105","Acrocephalus hiwae",5,5,0,0,0,0,0,0,0,8,0,3,0,0
"106","Acrocephalus kerearako",0,6,0,0,0,0,0,0,0,6,0,0,6,0
"107","Acrocephalus longirostris",0,6,0,6,0,7,0,6,0,8,0,0,0,0
"108","Acrocephalus luscinius",0,0,0,0,0,0,0,0,3,6,3,0,0,0
"109","Acrocephalus melanopogon",0,0,0,0,0,0,0,0,4,0,0,0,0,0
"110","Acrocephalus mendanae",0,0,0,0,0,0,0,0,0,0,0,0,0,0
"111","Acrocephalus musae",0,2,0,2,0,5,0,2,0,5,0,0,0,0
"112","Acrocephalus newtoni",0,0,0,0,0,0,0,0,0,0,0,0,0,0
"113","Acrocephalus nijoi",0,5,0,0,0,0,0,0,0,3,0,0,0,0
"114","Acrocephalus orientalis",0,0,0,0,0,0,0,0,0,0,0,0,0,0
"115","Acrocephalus orinus",0,5,0,0,6,4,0,0,0,0,0,0,0,0
"116","Acrocephalus paludicola",0,6,0,0,0,6,0,0,6,0,4,0,6,0
"117","Acrocephalus palustris",0,0,0,0,0,0,0,0,0,0,0,0,0,0
"118","Acrocephalus percernis",0,0,0,0,0,0,0,0,0,0,0,0,0,0
"119","Acrocephalus rehsei",4,0,6,0,0,0,0,0,0,6,0,0,2,0
"120","Acrocephalus rimitarae",4,0,0,0,0,0,0,0,0,6,0,0,6,0
"121","Acrocephalus rodericanus",0,2,0,0,0,3,0,6,0,5,0,0,6,0
"122","Acrocephalus rufescens",0,0,0,0,0,0,0,0,0,0,0,0,0,0
"123","Acrocephalus schoenobaenus",0,0,0,0,0,0,0,0,0,0,0,0,0,0
"124","Acrocephalus scirpaceus",0,0,0,0,0,0,0,0,0,0,0,0,0,0
"125","Acrocephalus sechellensis",0,2,0,0,0,0,0,0,0,5,0,0,0,0
"126","Acrocephalus sorghophilus",6,6,0,0,7,0,0,0,0,0,7,0,0,0
"127","Acrocephalus stentoreus",0,0,0,0,0,0,0,0,0,0,0,0,0,0
"128","Acrocephalus syrinx",0,0,0,0,0,0,0,0,0,0,0,0,0,0
"129","Acrocephalus taiti",0,0,0,0,0,0,0,0,0,7,0,0,0,0
"130","Acrocephalus tangorum",5,7,0,0,0,0,0,0,7,0,0,0,0,0
"131","Acrocephalus vaughani",5,6,0,0,0,0,0,0,0,8,0,0,6,0
"132","Acrocephalus yamashinae",2,3,0,0,0,0,0,0,3,4,0,2,0,0
"133","Acropternis orthonyx",0,0,0,0,0,0,0,0,0,0,0,0,0,0
"134","Acryllium vulturinum",0,0,0,0,0,0,0,0,0,0,0,0,0,0
"135","Actenoides bougainvillei",0,5,0,0,0,5,0,0,0,7,0,0,0,0
"136","Actenoides capucinus",0,6,0,0,0,6,0,0,5,0,0,0,0,0
"137","Actenoides concretus",0,5,0,0,5,0,0,0,3,0,0,0,0,0
"138","Actenoides hombroni",0,7,4,0,0,7,0,0,5,0,0,0,0,0
"139","Actenoides lindsayi",0,0,0,0,0,0,0,0,0,0,0,0,0,0
"140","Actenoides monachus",0,6,0,0,0,6,0,0,5,0,0,0,0,0
"141","Actenoides princeps",0,6,0,0,0,6,0,0,0,0,0,0,0,0
"142","Actinodura egertoni",0,0,0,0,0,0,0,0,0,0,0,0,0,0
"143","Actinodura radcliffei",0,0,0,0,0,0,0,0,0,0,0,0,0,0
"144","Actinodura ramsayi",0,0,0,0,0,0,0,0,0,0,0,0,0,0
"145","Actinodura sodangorum",0,6,0,4,0,0,0,0,0,0,0,0,0,0
"146","Actitis hypoleucos",0,0,0,0,0,0,0,4,0,0,0,0,0,0
"147","Actitis macularius",0,0,0,0,0,0,0,0,0,0,0,0,0,0
"148","Actophilornis africanus",0,0,0,0,0,0,0,0,0,0,0,0,0,0
"149","Actophilornis albinucha",0,5,0,0,5,0,5,0,5,0,5,0,0,0
"150","Adelomyia melanogenys",0,0,0,0,0,0,0,0,0,0,0,0,0,0
"151","Aechmophorus clarkii",0,0,0,0,0,0,0,0,0,0,0,0,0,0
"152","Aechmophorus occidentalis",0,0,0,0,0,0,0,0,0,0,0,0,0,0
"153","Aegithalos annamensis",0,0,0,0,0,0,0,0,0,0,0,0,0,0
"154","Aegithalos bonvaloti",0,0,0,0,0,0,0,0,0,0,0,0,0,0
"155","Aegithalos caudatus",0,0,0,0,0,0,0,0,0,0,0,0,0,0
"156","Aegithalos concinnus",0,0,0,0,0,0,0,0,0,0,0,0,0,0
"157","Aegithalos fuliginosus",0,0,0,0,0,0,0,0,0,0,0,0,0,0
"158","Aegithalos glaucogularis",0,0,0,0,0,0,0,0,0,0,0,0,0,0
"159","Aegithalos iouschistos",0,0,0,0,0,0,0,0,0,0,0,0,0,0
"160","Aegithalos iredalei",0,0,0,0,0,0,0,0,0,0,0,0,0,0
"161","Aegithalos leucogenys",0,0,0,0,0,0,0,0,0,0,0,0,0,0
"162","Aegithalos niveogularis",0,0,0,0,0,0,0,0,0,0,0,0,0,0
"163","Aegithina lafresnayei",0,0,0,0,0,0,0,0,0,0,0,0,0,0
"164","Aegithina nigrolutea",0,0,0,0,0,0,0,0,0,0,0,0,0,0
"165","Aegithina tiphia",0,0,0,0,0,0,0,0,0,0,0,0,0,0
"166","Aegithina viridissima",0,6,0,0,0,6,0,0,5,0,0,0,0,0
"167","Aegolius acadicus",0,0,0,0,0,0,0,0,0,0,0,0,0,0
"168","Aegolius funereus",0,0,0,0,0,5,0,0,0,4,7,0,0,0
"169","Aegolius gradyi",4,0,0,0,0,0,0,0,0,4,0,0,0,0
"170","Aegolius harrisii",0,0,0,0,0,0,0,0,0,0,0,0,0,0
"171","Aegolius ridgwayi",0,0,0,0,0,0,0,0,0,0,0,0,0,0
"172","Aegotheles affinis",0,4,0,0,0,5,0,0,0,0,0,0,0,0
"173","Aegotheles albertisi",0,0,0,0,0,0,0,0,0,0,0,0,0,0
"174","Aegotheles archboldi",0,0,0,0,0,0,0,0,0,0,0,0,0,0
"175","Aegotheles bennettii",0,0,0,0,0,5,0,0,0,0,0,0,0,0
"176","Aegotheles crinifrons",0,0,0,0,0,0,0,0,0,0,0,0,0,0
"177","Aegotheles cristatus",0,0,0,0,0,0,0,0,0,0,0,0,0,0
"178","Aegotheles insignis",0,0,0,0,0,0,0,0,0,0,0,0,0,0
"179","Aegotheles savesi",0,0,7,0,0,7,0,0,7,7,0,0,0,0
"180","Aegotheles tatei",0,0,0,0,0,5,0,0,0,0,0,0,0,0
"181","Aegotheles wallacii",0,6,0,0,0,6,0,0,0,5,0,0,0,0
"182","Aegypius monachus",0,6,5,5,6,0,0,4,5,0,0,0,5,5
"183","Aepypodius arfakianus",0,0,0,0,0,0,0,0,0,0,0,0,0,0
"184","Aepypodius bruijnii",0,0,0,0,4,4,0,0,5,5,0,0,6,0
"185","Aerodramus bartschi",0,0,0,0,0,0,0,4,0,7,6,0,0,0
"186","Aerodramus brevirostris",0,0,0,0,0,0,0,0,0,0,0,0,0,0
"187","Aerodramus elaphrus",6,0,4,0,6,0,0,0,0,6,2,0,0,0
"188","Aerodramus francicus",0,0,0,5,5,0,0,4,0,0,7,0,0,0
"189","Aerodramus fuciphagus",0,0,0,0,0,0,0,0,0,0,0,0,0,0
"190","Aerodramus hirundinaceus",0,0,0,0,0,0,0,0,0,0,0,0,0,0
"191","Aerodramus infuscatus",0,0,0,0,0,0,0,0,0,0,0,0,0,0
"192","Aerodramus inquietus",0,0,0,0,0,0,0,0,0,0,0,0,0,0
"193","Aerodramus leucophaeus",0,0,0,0,0,0,0,0,0,0,0,0,0,0
"194","Aerodramus maximus",0,0,0,0,0,0,0,0,0,0,0,0,0,0
"195","Aerodramus mearnsi",0,0,0,0,0,0,0,0,0,0,0,0,0,0
"196","Aerodramus nuditarsus",0,0,0,0,0,0,0,0,0,0,0,0,0,0
"197","Aerodramus orientalis",0,0,0,0,0,0,0,0,0,0,0,0,0,0
"198","Aerodramus papuensis",0,0,0,0,0,0,0,0,0,0,0,0,0,0
"199","Aerodramus pelewensis",0,0,0,0,0,0,0,0,0,0,0,0,0,0
"200","Aerodramus salangana",0,0,0,0,0,0,0,0,0,0,0,0,0,0
"201","Aerodramus sawtelli",0,0,0,0,0,0,0,5,0,5,0,0,0,0
"202","Aerodramus spodiopygius",0,0,0,0,0,0,0,0,0,0,0,0,0,0
"203","Aerodramus terraereginae",0,0,0,0,0,0,0,0,0,0,0,0,0,0
"204","Aerodramus unicolor",0,0,0,0,0,0,0,0,0,0,0,0,0,0
"205","Aerodramus vanikorensis",0,0,0,0,0,0,0,0,0,0,0,0,0,0
"206","Aerodramus vulcanorum",0,7,0,0,0,7,0,2,0,0,0,6,0,0
"207","Aerodramus whiteheadi",0,7,0,0,0,7,0,0,0,0,0,0,6,0
"208","Aeronautes andecolus",0,0,0,0,0,0,0,0,0,0,0,0,0,0
"209","Aeronautes montivagus",0,0,0,0,0,0,0,0,0,0,0,0,0,0
"210","Aeronautes saxatalis",0,0,6,0,0,0,0,5,0,0,6,0,0,0
"211","Aethia cristatella",0,0,0,0,4,0,0,0,0,5,3,0,8,0
"212","Aethia psittacula",0,0,0,0,0,0,4,0,0,6,4,0,6,0
"213","Aethia pusilla",0,0,0,0,0,0,0,0,0,5,0,0,6,0
"214","Aethia pygmaea",0,0,0,0,0,0,0,0,0,0,0,0,8,0
"215","Aethomyias arfakianus",0,0,0,0,0,0,0,0,0,0,0,0,0,0
"216","Aethomyias nigrorufus",0,0,0,0,0,0,0,0,0,0,0,0,0,0
"217","Aethomyias papuensis",0,0,0,0,0,0,0,0,0,0,0,0,0,0
"218","Aethomyias perspicillatus",0,0,0,0,0,0,0,0,0,0,0,0,0,0
"219","Aethomyias rufescens",0,0,0,0,0,0,0,0,0,0,0,0,0,0
"220","Aethomyias spilodera",0,0,0,0,0,0,0,0,0,0,0,0,0,0
"221","Aethopyga bella",0,0,0,0,0,0,0,0,0,0,0,0,0,0
"222","Aethopyga boltoni",0,4,0,0,0,4,0,0,0,0,0,0,0,0
"223","Aethopyga christinae",0,0,0,0,0,0,0,0,0,0,0,0,0,0
"224","Aethopyga duyvenbodei",0,6,0,0,0,6,0,0,0,0,0,0,0,0
"225","Aethopyga eximia",0,0,0,0,0,0,0,0,0,0,0,0,0,0
"226","Aethopyga flagrans",0,0,0,0,0,0,0,0,0,0,0,0,0,0
"227","Aethopyga gouldiae",0,0,0,0,0,0,0,0,0,0,0,0,0,0
"228","Aethopyga guimarasensis",0,0,0,0,0,0,0,0,0,0,0,0,0,0
"229","Aethopyga ignicauda",0,0,0,0,0,0,0,0,0,0,0,0,0,0
"230","Aethopyga latouchii",0,0,0,0,0,0,0,0,0,0,0,0,0,0
"231","Aethopyga linaraborae",0,0,5,0,0,0,0,0,0,0,0,0,0,0
"232","Aethopyga magnifica",0,0,0,0,0,0,0,0,0,0,0,0,0,0
"233","Aethopyga mystacalis",0,0,0,0,0,0,0,0,0,0,0,0,0,0
"234","Aethopyga nipalensis",0,0,0,0,0,0,0,0,0,0,0,0,0,0
"235","Aethopyga primigenia",0,5,0,0,0,5,0,0,5,0,0,0,6,0
"236","Aethopyga pulcherrima",0,0,0,0,0,0,0,0,0,0,0,0,0,0
"237","Aethopyga saturata",0,0,0,0,0,0,0,0,0,0,0,0,0,0
"238","Aethopyga shelleyi",0,0,0,0,0,0,0,0,0,0,0,0,0,0
"239","Aethopyga siparaja",0,0,0,0,0,0,0,0,0,0,0,0,0,0
"240","Aethopyga temminckii",0,0,0,0,0,0,0,0,0,0,0,0,0,0
"241","Aethopyga vigorsii",0,0,0,0,0,0,0,0,0,0,0,0,0,0
"242","Afropavo congensis",0,6,5,0,6,5,0,5,0,0,0,0,0,0
"243","Afrotis afra",0,7,0,0,0,0,0,6,0,4,0,0,6,0
"244","Afrotis afraoides",0,0,0,0,0,0,0,0,0,0,0,0,0,0
"245","Agamia agami",0,5,0,4,6,5,0,0,0,0,5,0,6,0
"246","Agapornis canus",0,0,0,0,0,0,0,0,0,0,0,0,0,0
"247","Agapornis fischeri",0,0,0,0,6,0,0,0,0,6,0,0,0,0
"248","Agapornis lilianae",0,0,0,0,6,0,0,0,2,0,0,0,0,0
"249","Agapornis nigrigenis",0,6,0,0,7,4,4,0,6,4,0,0,6,0
"250","Agapornis personatus",0,0,0,0,0,0,0,0,0,0,0,0,0,0
"251","Agapornis pullarius",0,0,0,0,0,0,0,0,0,0,0,0,0,0
"252","Agapornis roseicollis",0,0,0,0,0,0,0,0,0,0,0,0,0,0
"253","Agapornis swindernianus",0,0,0,0,0,0,0,0,0,0,0,0,0,0
"254","Agapornis taranta",0,0,0,0,0,0,0,0,0,0,0,0,0,0
"255","Agelaioides badius",0,0,0,0,0,0,0,0,0,0,0,0,0,0
"256","Agelaioides fringillarius",0,0,0,0,0,0,0,0,0,0,0,0,0,0
"257","Agelaius assimilis",0,0,0,0,0,0,0,0,0,0,0,0,0,0
"258","Agelaius humeralis",0,0,0,0,0,0,0,0,0,0,0,0,0,0
"259","Agelaius phoeniceus",0,0,0,0,0,0,0,0,0,0,0,0,0,0
"260","Agelaius tricolor",0,7,0,0,3,0,0,0,0,5,5,0,0,0
"261","Agelaius xanthomus",7,5,0,0,0,0,0,7,0,7,0,0,7,8
"262","Agelastes meleagrides",0,6,0,0,6,6,0,0,0,5,0,0,0,0
"263","Agelastes niger",0,0,0,0,5,5,0,0,0,0,0,0,0,0
"264","Agelasticus cyanopus",0,0,0,0,0,0,0,0,0,0,0,0,0,0
"265","Agelasticus thilius",0,0,0,0,0,0,0,0,0,0,0,0,0,0
"266","Agelasticus xanthophthalmus",0,0,0,0,0,0,0,0,0,0,0,0,0,0
"267","Aglaeactis aliciae",0,7,0,0,0,0,0,0,0,0,0,0,6,0
"268","Aglaeactis castelnaudii",0,5,0,0,0,5,0,0,0,0,0,0,0,0
"269","Aglaeactis cupripennis",0,0,0,0,0,0,0,0,0,0,0,0,0,0
"270","Aglaeactis pamela",0,0,0,0,0,0,0,0,0,0,0,0,0,0
"271","Aglaiocercus berlepschi",0,5,0,0,0,0,0,0,0,0,0,0,0,0
"272","Aglaiocercus coelestis",0,0,0,0,0,0,0,0,0,0,0,0,0,0
"273","Aglaiocercus kingii",0,0,0,0,0,0,0,0,0,0,0,0,0,0
"274","Agraphospiza rubescens",0,0,0,0,0,0,0,0,0,0,0,0,0,0
"275","Agricola infuscatus",0,0,0,0,0,0,0,0,0,0,0,0,0,0
"276","Agricola pallidus",0,0,0,0,0,0,0,0,0,0,0,0,0,0
"277","Agriornis albicauda",0,7,0,0,7,0,0,0,0,6,0,0,0,0
"278","Agriornis lividus",0,0,0,0,0,0,0,0,0,0,0,0,0,0
"279","Agriornis micropterus",0,0,0,0,0,0,0,0,0,0,0,0,0,0
"280","Agriornis montanus",0,0,0,0,0,0,0,0,0,0,0,0,0,0
"281","Agriornis murinus",0,0,0,0,0,0,0,0,0,0,0,0,0,0
"282","Agropsar philippensis",0,0,0,0,0,0,0,0,0,0,0,0,0,0
"283","Agropsar sturninus",0,0,0,0,0,0,0,0,0,0,0,0,0,0
"284","Ailuroedus buccoides",0,0,0,0,0,0,0,0,0,0,0,0,0,0
"285","Ailuroedus crassirostris",0,0,0,0,0,0,0,0,0,0,0,0,6,0
"286","Ailuroedus melanotis",0,0,0,0,0,0,0,0,0,0,0,0,0,0
"287","Aimophila notosticta",0,6,0,0,0,6,0,0,0,0,0,0,0,0
"288","Aimophila rufescens",0,0,0,0,0,0,0,0,0,0,0,0,0,0
"289","Aimophila ruficeps",0,0,0,0,0,0,0,0,0,0,0,0,0,0
"290","Aix galericulata",0,0,0,0,0,0,0,0,0,0,0,0,0,0
"291","Aix sponsa",0,0,0,0,0,0,0,0,0,0,0,0,0,0
"292","Akialoa ellisiana",0,0,0,0,0,4,0,0,0,5,0,0,4,0
"293","Akialoa lanaiensis",0,0,0,0,0,4,0,0,0,5,0,0,4,0
"294","Akialoa obscura",0,5,0,0,0,5,0,0,0,5,0,0,0,0
"295","Akialoa stejnegeri",0,0,0,0,0,4,0,0,0,5,0,0,4,0
"296","Akletos goeldii",0,0,0,0,0,0,0,0,0,0,0,0,0,0
"297","Akletos melanoceps",0,0,0,0,0,0,0,0,0,0,0,0,0,0
"298","Alaemon alaudipes",0,0,0,0,0,0,0,0,0,0,0,0,0,0
"299","Alaemon hamertoni",0,0,0,0,0,0,0,0,0,0,0,0,0,0
"300","Alauda arvensis",0,0,0,0,0,0,0,0,0,0,0,0,0,0
"301","Alauda gulgula",0,0,0,0,0,0,0,0,0,0,0,0,0,0
"302","Alauda leucoptera",0,0,0,0,0,0,0,0,0,0,0,0,0,0
"303","Alauda razae",0,0,0,0,0,0,0,0,0,9,0,0,7,0
"304","Alaudala cheleensis",0,0,0,0,0,0,0,0,0,0,0,0,0,0
"305","Alaudala heinei",0,0,0,0,0,0,0,0,0,0,0,0,0,0
"306","Alaudala raytal",0,0,0,0,0,0,0,0,0,0,0,0,0,0
"307","Alaudala rufescens",5,6,0,0,0,0,0,0,0,5,0,0,0,0
"308","Alaudala somalica",0,0,0,0,0,0,0,0,0,0,0,0,0,0
"309","Alca torda",0,0,5,0,5,0,6,0,0,5,6,0,6,0
"310","Alcedo atthis",0,0,0,0,0,0,0,0,0,0,0,0,0,0
"311","Alcedo coerulescens",0,0,0,0,0,0,0,0,0,0,0,0,0,0
"312","Alcedo euryzona",5,6,0,0,0,7,0,0,5,0,0,0,0,0
"313","Alcedo hercules",0,0,0,0,0,5,0,7,0,0,7,0,0,0
"314","Alcedo meninting",0,0,0,0,0,0,0,0,0,0,0,0,0,0
"315","Alcedo peninsulae",5,6,0,0,0,7,0,0,5,0,0,0,0,0
"316","Alcedo quadribrachys",0,0,0,0,0,0,0,0,0,0,0,0,0,0
"317","Alcedo semitorquata",0,0,0,0,0,0,0,0,0,0,0,0,0,0
"318","Alcippe brunneicauda",0,6,0,0,0,6,0,0,5,0,0,0,0,0
"319","Alcippe grotei",0,0,0,0,0,0,0,0,0,0,0,0,0,0
"320","Alcippe morrisonia",0,0,0,0,0,0,0,0,0,0,0,0,0,0
"321","Alcippe nipalensis",0,0,0,0,0,0,0,0,0,0,0,0,0,0
"322","Alcippe peracensis",0,0,0,0,0,0,0,0,0,0,0,0,0,0
"323","Alcippe poioicephala",0,0,0,0,0,0,0,0,0,0,0,0,0,0
"324","Alcippe pyrrhoptera",0,0,0,0,0,0,0,0,0,0,0,0,0,0
"325","Alcurus striatus",0,0,0,0,0,0,0,0,0,0,0,0,0,0
"326","Aleadryas rufinucha",0,0,0,0,0,0,0,0,0,0,0,0,0,0
"327","Alectoris barbara",0,0,0,0,0,0,0,0,0,0,0,0,0,0
"328","Alectoris chukar",0,0,0,0,0,0,0,0,0,0,0,0,0,0
"329","Alectoris graeca",5,6,0,0,6,0,0,0,0,6,0,0,5,0
"330","Alectoris magna",0,0,0,0,0,0,0,0,0,0,0,0,0,0
"331","Alectoris melanocephala",0,0,0,0,0,0,0,0,0,0,0,0,0,0
"332","Alectoris philbyi",0,0,0,0,4,0,0,0,0,0,0,0,0,0
"333","Alectoris rufa",0,7,0,0,6,0,0,0,0,6,6,0,0,0
"334","Alectroenas madagascariensis",0,0,0,0,0,0,0,0,0,0,0,0,0,0
"335","Alectroenas nitidissimus",0,0,0,0,5,5,0,0,0,0,0,0,0,0
"336","Alectroenas payandeei",0,0,0,0,0,0,0,0,0,5,0,0,0,0
"337","Alectroenas pulcherrimus",0,0,0,0,0,0,0,0,0,0,0,0,0,0
"338","Alectroenas sganzini",0,4,0,0,6,4,0,0,0,0,0,0,0,0
"339","Alectrurus risora",0,7,0,0,0,0,0,0,6,0,7,0,0,0
"340","Alectrurus tricolor",0,7,5,0,0,0,0,0,6,5,0,0,0,0
"341","Alectura lathami",0,0,0,0,0,0,0,0,0,0,0,0,0,0
"342","Alethe castanea",0,0,0,0,0,0,0,0,0,0,0,0,0,0
"343","Alethe diademata",0,0,0,0,0,0,0,0,0,0,0,0,0,0
"344","Alexandrinus eques",0,5,0,0,0,5,0,0,0,7,0,0,6,5
"345","Alexandrinus exsul",0,0,0,0,5,5,0,0,0,0,0,0,0,0
"346","Alexandrinus krameri",0,0,0,0,0,0,0,0,0,0,0,0,0,0
"347","Alipiopsitta xanthops",0,6,0,0,5,0,0,0,0,0,0,0,0,0
"348","Alisterus amboinensis",0,0,0,0,0,0,0,0,0,0,0,0,0,0
"349","Alisterus chloropterus",0,0,0,0,0,0,0,0,0,0,0,0,0,0
"350","Alisterus scapularis",0,0,0,0,0,0,0,0,0,0,0,0,6,0
"351","Alle alle",0,0,6,0,4,0,4,0,0,0,5,0,6,0
"352","Allenia fusca",0,0,0,0,0,0,0,0,0,0,0,0,0,0
"353","Alophoixus bres",0,0,0,0,9,0,0,0,0,0,0,0,0,0
"354","Alophoixus flaveolus",0,0,0,0,0,0,0,0,0,0,0,0,0,0
"355","Alophoixus frater",0,0,0,0,0,0,0,0,0,0,0,0,0,0
"356","Alophoixus griseiceps",0,0,0,0,0,0,0,0,0,0,0,0,0,0
"357","Alophoixus ochraceus",0,0,0,0,0,0,0,0,0,0,0,0,0,0
"358","Alophoixus pallidus",0,0,0,0,0,0,0,0,0,0,0,0,0,0
"359","Alophoixus phaeocephalus",0,0,0,0,0,0,0,0,0,0,0,0,0,0
"360","Alophoixus ruficrissus",0,0,0,0,0,0,0,0,0,0,0,0,0,0
"361","Alophoixus tephrogenys",6,6,0,0,6,6,0,0,6,0,0,0,0,0
"362","Alopochelidon fucata",0,0,0,0,0,0,0,0,0,0,0,0,0,0
"363","Alopochen aegyptiaca",0,0,0,0,0,0,0,0,0,0,0,0,0,0
"364","Alopochen kervazoi",0,0,0,0,5,5,0,0,0,0,0,0,0,0
"365","Alopochen mauritiana",0,0,0,0,6,0,0,0,0,0,0,0,0,0
"366","Amadina erythrocephala",0,0,0,0,0,0,0,0,0,0,0,0,0,0
"367","Amadina fasciata",0,0,0,0,0,0,0,0,0,0,0,0,0,0
"368","Amalocichla incerta",0,0,0,0,0,0,0,0,0,0,0,0,0,0
"369","Amalocichla sclateriana",0,0,0,0,0,0,0,0,0,0,0,0,0,0
"370","Amandava amandava",0,0,0,0,0,0,0,0,0,0,0,0,0,0
"371","Amandava formosa",0,6,0,0,7,0,0,0,5,0,6,0,0,0
"372","Amandava subflava",0,0,0,0,0,0,0,0,0,0,0,0,0,0
"373","Amaurocichla bocagii",2,4,0,4,0,5,0,0,0,7,0,0,0,0
"374","Amaurolimnas concolor",0,0,0,0,0,0,0,0,0,0,0,0,0,0
"375","Amaurornis cinerea",0,0,0,0,0,0,0,0,0,0,0,0,0,0
"376","Amaurornis isabellina",0,0,0,0,0,0,0,0,0,0,0,0,0,0
"377","Amaurornis magnirostris",0,0,0,0,0,0,0,0,0,7,0,0,0,0
"378","Amaurornis marginalis",0,5,0,0,0,0,0,0,5,0,0,0,0,0
"379","Amaurornis moluccana",0,0,0,0,0,0,0,0,0,0,0,0,0,0
"380","Amaurornis olivacea",0,0,0,0,0,0,0,0,0,0,0,0,0,0
"381","Amaurornis phoenicurus",0,0,0,0,0,0,0,0,0,0,0,0,0,0
"382","Amaurospiza moesta",6,6,0,6,0,5,0,0,0,0,0,0,0,0
"383","Amaurospiza relicta",0,0,0,0,0,0,0,0,0,0,0,0,0,0
"384","Amazilia alfaroana",0,5,0,0,0,0,0,0,0,0,0,0,0,0
"385","Amazilia boucardi",6,6,0,4,0,6,0,0,0,0,5,0,5,0
"386","Amazilia cyanifrons",0,0,0,0,0,0,0,0,0,0,0,0,0,0
"387","Amazilia franciae",0,0,0,0,0,0,0,0,0,0,0,0,0,0
"388","Amazilia luciae",0,6,0,5,0,0,0,0,0,0,0,0,0,0
"389","Amazilia rutila",0,0,0,0,0,0,0,0,0,0,0,0,0,0
"390","Amazilia tzacatl",0,0,0,0,0,0,0,0,0,0,0,0,0,0
"391","Amazilia yucatanensis",0,0,0,0,0,0,0,0,0,0,0,0,0,0
"392","Amazilis amazilia",0,0,0,0,0,0,0,0,0,0,0,0,0,0
"393","Amazona aestiva",0,6,0,0,6,5,0,0,4,0,0,0,5,0
"394","Amazona agilis",0,6,6,0,5,6,0,0,0,7,0,0,7,0
"395","Amazona albifrons",0,0,0,0,0,0,0,0,0,0,0,0,0,0
"396","Amazona amazonica",0,0,0,0,0,0,0,0,0,0,0,0,0,0
"397","Amazona arausiaca",0,5,0,0,5,0,0,0,0,0,0,0,6,0
"398","Amazona auropalliata",0,6,0,0,8,0,0,0,0,4,0,0,6,0
"399","Amazona autumnalis",0,0,0,0,0,0,0,0,0,0,0,0,0,0
"400","Amazona barbadensis",5,5,5,0,7,5,0,0,0,5,0,0,0,0
"401","Amazona bodini",0,5,3,0,5,0,0,0,0,0,0,0,0,0
"402","Amazona brasiliensis",6,6,0,3,6,6,0,4,0,0,0,0,0,0
"403","Amazona collaria",0,6,5,0,4,6,0,0,0,5,0,0,7,0
"404","Amazona diadema",0,6,0,6,6,6,0,0,0,0,0,0,0,0
"405","Amazona dufresniana",0,0,5,0,5,6,0,0,0,0,0,0,0,0
"406","Amazona farinosa",0,5,0,4,6,5,0,0,0,0,0,0,0,0
"407","Amazona festiva",0,5,0,0,5,5,0,0,0,0,0,0,0,0
"408","Amazona finschi",0,6,0,0,7,0,0,0,5,0,0,0,6,0
"409","Amazona guatemalae",0,6,0,0,6,5,0,0,0,0,0,0,0,0
"410","Amazona guildingii",0,3,0,4,3,3,0,0,0,0,0,4,6,0
"411","Amazona imperialis",0,5,0,0,4,0,0,0,0,0,0,0,7,0
"412","Amazona kawalli",0,5,0,0,4,0,0,0,0,0,0,0,0,0
"413","Amazona leucocephala",3,6,0,0,6,0,0,0,0,0,0,0,6,0
"414","Amazona lilacina",5,7,0,4,7,6,0,0,0,0,0,0,0,0
"415","Amazona martinicana",0,4,0,0,6,5,0,0,0,0,0,0,0,0
"416","Amazona mercenarius",0,0,0,0,0,0,0,0,0,0,0,0,0,0
"417","Amazona ochrocephala",0,0,0,0,0,0,0,0,0,0,0,0,0,0
"418","Amazona oratrix",5,6,0,0,6,0,0,0,0,0,0,0,6,0
"419","Amazona pretrei",0,6,0,0,5,5,0,0,0,4,0,0,0,0
"420","Amazona rhodocorytha",6,6,0,0,7,6,0,0,0,0,0,0,0,0
"421","Amazona tucumana",0,5,0,0,7,5,0,0,5,0,0,0,0,0
"422","Amazona ventralis",0,7,0,0,6,7,0,0,0,0,0,0,0,0
"423","Amazona versicolor",0,0,0,0,6,6,0,0,0,0,0,0,6,0
"424","Amazona vinacea",6,7,2,0,7,0,0,0,0,0,0,0,0,0
"425","Amazona violacea",0,0,0,0,6,0,0,0,0,0,0,0,0,0
"426","Amazona viridigenalis",5,6,0,0,8,0,0,0,0,0,0,0,0,0
"427","Amazona vittata",0,3,0,0,5,0,0,0,0,6,0,0,7,0
"428","Amazona xantholora",0,0,0,0,5,5,0,0,0,0,0,0,0,0
"429","Amazonetta brasiliensis",0,0,0,0,0,0,0,0,0,0,0,0,0,0
"430","Amblycercus holosericeus",0,0,0,0,0,0,0,0,0,0,0,0,0,0
"431","Amblyornis flavifrons",0,0,0,0,0,0,0,0,0,0,0,0,6,0
"432","Amblyornis inornata",0,0,0,0,0,0,0,0,0,0,0,0,0,0
"433","Amblyornis macgregoriae",0,0,0,0,0,0,0,0,0,0,0,0,0,0
"434","Amblyornis subalaris",0,0,0,0,0,0,0,0,0,0,0,0,0,0
"435","Amblyospiza albifrons",0,0,0,0,0,0,0,0,0,0,0,0,0,0
"436","Amblyramphus holosericeus",0,0,0,0,0,0,0,0,0,0,0,0,0,0
"437","Ammodramus aurifrons",0,0,0,0,0,0,0,0,0,0,0,0,0,0
"438","Ammodramus humeralis",0,0,0,0,0,0,0,0,0,0,0,0,0,0
"439","Ammodramus savannarum",0,0,0,0,0,0,0,0,0,0,0,0,0,0
"440","Ammomanes cinctura",0,0,0,0,0,0,0,0,0,0,0,0,0,0
"441","Ammomanes deserti",0,0,0,0,0,0,0,0,0,0,0,0,0,0
"442","Ammomanes phoenicura",0,0,0,0,0,0,0,0,0,0,0,0,0,0
"443","Ammomanopsis grayi",0,0,0,0,0,0,0,0,0,0,0,0,0,0
"444","Ammonastes pelzelni",0,0,0,0,0,0,0,0,0,0,0,0,0,0
"445","Ammoperdix griseogularis",0,0,0,0,0,0,0,0,0,0,0,0,0,0
"446","Ammoperdix heyi",0,0,0,0,0,0,0,0,0,0,0,0,0,0
"447","Ammospiza caudacuta",5,0,0,5,0,0,0,0,5,5,5,0,7,0
"448","Ammospiza leconteii",0,0,0,0,0,0,0,0,0,0,0,0,0,0
"449","Ammospiza maritima",0,0,0,0,0,0,0,0,0,0,0,0,0,0
"450","Ammospiza nelsoni",0,0,0,0,0,0,0,0,0,0,0,0,0,0
"451","Ampeliceps coronatus",0,0,0,0,0,0,0,0,0,0,0,0,0,0
"452","Ampelioides tschudii",0,0,0,0,0,0,0,0,0,0,0,0,0,0
"453","Ampelion rubrocristatus",0,0,0,0,0,0,0,0,0,0,0,0,0,0
"454","Ampelion rufaxilla",0,0,0,0,0,0,0,0,0,0,0,0,0,0
"455","Ampelornis griseiceps",5,7,0,0,0,5,0,0,0,0,0,0,0,0
"456","Amphispiza bilineata",0,0,0,0,0,0,0,0,0,0,0,0,0,0
"457","Amphispiza quinquestriata",0,0,0,0,0,0,0,0,0,0,0,0,0,0
"458","Amytornis ballarae",0,0,6,0,0,0,0,0,6,6,0,0,0,0
"459","Amytornis barbatus",0,0,0,0,0,0,0,0,0,0,0,0,0,0
"460","Amytornis dorotheae",0,0,5,0,0,0,0,0,6,7,0,0,4,0
"461","Amytornis goyderi",0,0,0,0,0,0,0,0,0,0,0,0,0,0
"462","Amytornis housei",0,0,0,0,0,0,0,0,4,0,0,0,0,0
"463","Amytornis merrotsyi",0,6,0,0,0,0,0,0,6,7,0,0,0,0
"464","Amytornis modestus",0,0,0,0,0,0,0,0,0,0,0,0,0,0
"465","Amytornis purnelli",0,0,0,0,0,0,0,0,0,0,0,0,0,0
"466","Amytornis striatus",0,0,0,0,0,0,0,0,0,0,0,0,0,0
"467","Amytornis textilis",0,0,0,0,0,0,0,0,0,0,0,0,0,0
"468","Amytornis woodwardi",0,0,0,0,0,0,0,0,6,7,0,0,6,0
"469","Anabacerthia amaurotis",5,5,5,5,0,0,0,0,0,0,0,0,0,0
"470","Anabacerthia lichtensteini",0,0,0,0,0,0,0,0,0,0,0,0,0,0
"471","Anabacerthia ruficaudata",0,0,0,0,0,0,0,0,0,0,0,0,0,0
"472","Anabacerthia striaticollis",0,0,0,0,0,0,0,0,0,0,0,0,0,0
"473","Anabacerthia variegaticeps",0,0,0,0,0,0,0,0,0,0,0,0,0,0
"474","Anabathmis hartlaubii",0,0,0,0,0,0,0,0,0,0,0,0,0,0
"475","Anabathmis newtonii",0,0,0,0,0,0,0,0,0,0,0,0,0,0
"476","Anabathmis reichenbachii",0,0,0,0,0,0,0,0,0,0,0,0,0,0
"477","Anabazenops dorsalis",0,0,0,0,0,0,0,0,0,0,0,0,0,0
"478","Anabazenops fuscus",0,0,0,0,0,0,0,0,0,0,0,0,0,0
"479","Anairetes alpinus",0,6,0,0,0,5,0,0,6,0,0,0,0,0
"480","Anairetes fernandezianus",0,0,0,0,0,4,0,0,0,7,0,0,0,0
"481","Anairetes flavirostris",0,0,0,0,0,0,0,0,0,0,0,0,0,0
"482","Anairetes nigrocristatus",0,0,0,0,0,0,0,0,0,0,0,0,0,0
"483","Anairetes parulus",0,0,0,0,0,0,0,0,0,0,0,0,0,0
"484","Anairetes reguloides",0,0,0,0,0,0,0,0,0,0,0,0,0,0
"485","Anaplectes jubaensis",0,0,0,0,0,0,0,0,0,0,0,0,0,0
"486","Anaplectes leuconotos",0,0,0,0,0,0,0,0,0,0,0,0,0,0
"487","Anaplectes rubriceps",0,0,0,0,0,0,0,0,0,0,0,0,0,0
"488","Anarhynchus frontalis",0,7,5,0,0,0,0,5,5,5,7,0,0,0
"489","Anas acuta",0,0,0,0,0,0,0,0,0,0,0,0,0,0
"490","Anas albogularis",4,0,0,4,5,0,5,5,0,0,0,0,0,0
"491","Anas andium",0,0,0,0,0,0,0,0,0,0,0,0,0,0
"492","Anas aucklandica",0,0,0,0,0,0,0,0,0,6,0,0,0,0
"493","Anas bahamensis",0,0,0,0,0,0,0,0,0,0,0,0,0,0
"494","Anas bernieri",0,6,0,0,5,6,0,4,0,7,0,0,0,0
"495","Anas capensis",4,0,0,4,0,0,0,4,0,6,0,0,0,0
"496","Anas carolinensis",0,0,0,0,0,0,0,0,0,0,0,0,0,0
"497","Anas castanea",0,0,0,0,0,0,0,0,0,0,0,0,0,0
"498","Anas chlorotis",0,5,0,6,4,0,0,0,0,7,0,0,6,0
"499","Anas crecca",0,0,0,0,0,0,0,0,0,0,0,0,0,0
"500","Anas eatoni",0,0,0,0,4,0,0,0,0,6,0,0,0,0
"501","Anas erythrorhyncha",0,0,0,0,0,0,0,0,4,4,0,0,0,0
"502","Anas flavirostris",0,0,0,0,0,0,0,0,0,0,0,0,0,0
"503","Anas fulvigula",0,0,0,0,0,0,0,0,0,0,0,0,0,0
"504","Anas georgica",0,0,0,0,0,0,0,0,0,0,0,0,0,0
"505","Anas gibberifrons",5,0,0,0,6,0,0,0,0,0,0,0,0,0
"506","Anas gracilis",0,0,0,0,0,0,0,0,0,0,0,0,0,0
"507","Anas laysanensis",0,0,0,0,6,0,0,0,0,6,0,0,6,0
"508","Anas luzonica",0,6,0,0,7,0,0,0,0,0,5,0,0,0
"509","Anas marecula",0,0,0,0,5,0,0,0,0,0,0,0,0,0
"510","Anas melleri",0,7,0,0,8,6,0,6,0,7,5,0,0,0
"511","Anas nesiotis",0,0,0,0,0,0,0,0,0,6,5,0,6,0
"512","Anas platyrhynchos",0,0,0,0,0,0,0,0,0,0,0,0,0,0
"513","Anas poecilorhyncha",0,0,0,0,0,0,0,0,0,0,0,0,0,0
"514","Anas rubripes",0,0,0,0,0,0,0,0,0,0,0,0,0,0
"515","Anas sparsa",0,0,0,0,0,5,0,0,5,4,0,0,0,0
"516","Anas superciliosa",0,0,0,0,0,0,0,0,0,0,0,0,0,0
"517","Anas theodori",0,0,0,0,6,0,0,0,0,0,0,0,0,0
"518","Anas undulata",0,0,0,0,0,0,0,0,0,4,5,0,0,0
"519","Anas wyvilliana",2,3,0,0,3,0,0,5,6,5,0,0,5,0
"520","Anas zonorhyncha",0,0,0,0,0,0,0,0,0,0,0,0,0,0
"521","Anastomus lamelligerus",0,0,0,0,0,0,0,0,0,0,0,0,0,0
"522","Anastomus oscitans",0,0,0,0,0,0,0,0,0,0,0,0,0,0
"523","Ancistrops strigilatus",0,0,0,0,0,0,0,0,0,0,0,0,0,0
"524","Andigena cucullata",0,0,0,0,0,0,0,0,0,0,0,0,0,0
"525","Andigena hypoglauca",0,5,4,0,4,5,0,0,0,0,0,0,0,0
"526","Andigena laminirostris",5,5,4,0,6,5,0,0,0,0,0,0,0,0
"527","Andigena nigrirostris",0,0,0,0,0,0,0,0,0,0,0,0,0,0
"528","Androdon aequatorialis",0,0,0,0,0,0,0,0,0,0,0,0,0,0
"529","Andropadus importunus",0,0,0,0,0,0,0,0,0,0,0,0,0,0
"530","Androphobus viridis",0,0,0,0,0,4,0,0,0,0,0,0,0,0
"531","Anhima cornuta",0,0,0,0,0,0,0,0,0,0,0,0,0,0
"532","Anhinga anhinga",0,0,0,0,0,0,0,0,0,0,0,0,0,0
"533","Anhinga melanogaster",0,0,0,0,5,0,0,4,6,0,5,0,0,0
"534","Anhinga novaehollandiae",0,0,0,0,0,0,0,0,0,0,0,0,0,0
"535","Anhinga rufa",0,0,0,0,5,0,0,4,0,0,5,0,0,0
"536","Anisognathus flavinucha",0,0,0,0,0,0,0,0,0,0,0,0,0,0
"537","Anisognathus igniventris",0,0,0,0,0,0,0,0,0,0,0,0,0,0
"538","Anisognathus lacrymosus",0,0,0,0,0,0,0,0,0,0,0,0,0,0
"539","Anisognathus lunulatus",0,0,0,0,0,0,0,0,0,0,0,0,0,0
"540","Anisognathus melanogenys",0,0,0,0,0,0,0,0,0,0,0,0,0,0
"541","Anisognathus notabilis",0,0,0,0,0,0,0,0,0,0,0,0,0,0
"542","Anisognathus somptuosus",0,0,0,0,0,0,0,0,0,0,0,0,0,0
"543","Anodorhynchus glaucus",7,7,0,0,2,0,0,0,0,0,0,0,0,0
"544","Anodorhynchus hyacinthinus",5,5,0,0,8,0,0,0,0,0,0,0,0,0
"545","Anodorhynchus leari",0,5,0,0,6,5,0,0,6,0,0,0,0,0
"546","Anomalospiza imberbis",0,0,0,0,0,0,0,0,0,0,0,0,0,0
"547","Anopetia gounellei",0,0,0,0,0,0,0,0,0,0,0,0,0,0
"548","Anorrhinus austeni",0,5,0,5,6,6,0,0,0,0,0,0,0,0
"549","Anorrhinus galeritus",0,6,0,0,0,6,0,0,0,0,0,0,0,0
"550","Anorrhinus tickelli",0,6,0,0,7,6,0,0,5,0,0,0,0,0
"551","Anous albivittus",0,0,0,0,0,0,0,0,0,5,0,0,0,0
"552","Anous ceruleus",0,0,0,0,0,0,0,0,0,0,0,0,0,0
"553","Anous minutus",0,0,0,0,4,0,0,0,0,5,0,0,4,0
"554","Anous stolidus",0,0,0,0,4,0,0,0,0,5,0,0,0,0
"555","Anous tenuirostris",0,0,0,0,0,0,0,0,0,0,0,0,0,0
"556","Anser albifrons",6,0,6,6,6,0,0,0,6,4,6,0,6,0
"557","Anser anser",0,0,0,0,0,0,0,0,0,0,0,0,0,0
"558","Anser brachyrhynchus",0,0,0,0,0,0,0,0,0,0,0,0,6,0
"559","Anser caerulescens",0,0,0,0,0,0,0,0,0,0,0,0,6,0
"560","Anser canagicus",0,0,0,0,4,0,0,4,0,4,4,0,6,0
"561","Anser cygnoid",5,7,5,0,5,0,0,6,5,6,5,0,8,0
"562","Anser erythropus",0,6,0,0,7,5,0,5,6,5,4,0,5,0
"563","Anser fabalis",0,0,0,0,2,0,0,0,0,0,0,0,6,0
"564","Anser indicus",0,0,0,0,0,0,0,0,0,0,0,0,0,0
"565","Anser rossii",0,0,0,0,0,0,0,0,0,0,0,0,6,0
"566","Anseranas semipalmata",0,0,0,0,0,0,0,0,0,0,0,0,4,0
"567","Anthipes monileger",0,0,0,0,0,0,0,0,0,0,0,0,0,0
"568","Anthipes solitaris",0,0,0,0,0,0,0,0,0,0,0,0,0,0
"569","Anthobaphes violacea",0,0,0,0,0,0,0,0,0,0,0,0,6,0
"570","Anthocephala berlepschi",0,6,4,0,0,6,0,0,0,0,0,0,0,0
"571","Anthocephala floriceps",0,0,0,0,0,6,0,0,0,0,0,0,0,0
"572","Anthochaera carunculata",0,0,0,0,0,0,0,0,0,0,0,0,0,0
"573","Anthochaera chrysoptera",0,0,0,0,0,0,0,0,0,0,0,0,0,0
"574","Anthochaera lunulata",0,0,0,0,0,0,0,0,0,0,0,0,0,0
"575","Anthochaera paradoxa",0,0,0,0,0,0,0,0,0,0,0,0,0,0
"576","Anthochaera phrygia",6,6,0,0,0,6,0,0,0,6,0,0,6,0
"577","Anthornis melanocephala",0,0,0,0,5,5,0,0,0,5,0,0,0,0
"578","Anthornis melanura",0,0,0,0,0,0,0,0,0,0,0,0,0,0
"579","Anthoscopus caroli",0,0,0,0,0,0,0,0,0,0,0,0,0,0
"580","Anthoscopus flavifrons",0,0,0,0,0,0,0,0,0,0,0,0,0,0
"581","Anthoscopus minutus",0,0,0,0,0,0,0,0,0,0,0,0,0,0
"582","Anthoscopus musculus",0,0,0,0,0,0,0,0,0,0,0,0,0,0
"583","Anthoscopus parvulus",0,0,0,0,0,0,0,0,0,0,0,0,0,0
"584","Anthoscopus punctifrons",0,0,0,0,0,0,0,0,0,0,0,0,0,0
"585","Anthoscopus sylviella",0,0,0,0,0,0,0,0,0,0,0,0,0,0
"586","Anthracoceros albirostris",0,7,0,0,4,7,0,0,0,0,0,0,0,0
"587","Anthracoceros coronatus",4,6,0,0,4,6,0,0,5,0,0,0,0,0
"588","Anthracoceros malayanus",0,6,0,0,6,6,0,0,5,0,0,0,0,0
"589","Anthracoceros marchei",0,0,5,0,5,6,0,0,0,0,0,0,0,0
"590","Anthracoceros montani",6,6,5,0,7,8,0,0,0,0,0,0,6,0
"591","Anthracothorax aurulentus",0,0,0,0,0,0,0,0,0,0,0,0,0,0
"592","Anthracothorax dominicus",0,0,0,0,0,0,0,0,0,0,0,0,0,0
"593","Anthracothorax mango",0,0,0,0,0,0,0,0,0,0,0,0,0,0
"594","Anthracothorax nigricollis",0,0,0,0,0,0,0,0,0,0,0,0,0,0
"595","Anthracothorax prevostii",0,0,0,0,0,0,0,0,0,0,0,0,0,0
"596","Anthracothorax veraguensis",0,0,0,0,0,0,0,0,0,0,0,0,0,0
"597","Anthracothorax viridigula",0,0,0,0,0,0,0,0,0,0,0,0,0,0
"598","Anthracothorax viridis",0,0,0,0,0,0,0,0,0,0,0,0,0,0
"599","Anthreptes anchietae",0,0,0,0,0,0,0,0,0,0,0,0,0,0
"600","Anthreptes aurantius",0,0,0,0,0,0,0,0,0,0,0,0,0,0
"601","Anthreptes gabonicus",0,0,0,0,0,0,0,0,0,0,0,0,0,0
"602","Anthreptes griseigularis",0,0,0,0,0,0,0,0,0,0,0,0,0,0
"603","Anthreptes longuemarei",0,0,0,0,0,0,0,0,0,0,0,0,0,0
"604","Anthreptes malacensis",0,0,0,0,0,0,0,0,0,0,0,0,0,0
"605","Anthreptes neglectus",0,0,0,0,0,0,0,0,0,0,0,0,0,0
"606","Anthreptes orientalis",0,0,0,0,0,0,0,0,0,0,0,0,0,0
"607","Anthreptes rectirostris",0,0,0,0,0,6,0,0,0,0,0,0,4,0
"608","Anthreptes reichenowi",0,6,0,0,0,6,0,0,0,0,0,0,0,0
"609","Anthreptes rhodolaemus",0,5,0,0,0,5,0,0,5,0,0,0,0,0
"610","Anthreptes rubritorques",0,6,0,0,0,6,0,0,0,0,0,0,0,0
"611","Anthreptes seimundi",0,0,0,0,0,0,0,0,0,0,0,0,0,0
"612","Anthreptes simplex",0,0,0,0,0,0,0,0,0,0,0,0,0,0
"613","Anthreptes tephrolaemus",0,0,0,0,0,0,0,0,0,0,0,0,0,0
"614","Anthropoides paradiseus",4,6,4,6,6,0,0,0,0,4,5,0,5,0
"615","Anthropoides virgo",0,6,5,0,5,0,0,5,5,0,5,0,0,0
"616","Anthus antarcticus",0,0,0,0,0,0,0,0,0,4,0,0,0,0
"617","Anthus berthelotii",0,0,0,0,0,0,0,0,0,0,0,0,0,0
"618","Anthus bogotensis",0,0,0,0,0,0,0,0,0,0,0,0,0,0
"619","Anthus brachyurus",0,0,0,0,0,0,0,0,0,0,0,0,0,0
"620","Anthus brevirostris",0,0,0,0,0,0,0,0,0,0,0,0,0,0
"621","Anthus caffer",0,0,0,0,0,0,0,0,0,0,0,0,0,0
"622","Anthus campestris",0,0,0,0,0,0,0,0,0,0,0,0,0,0
"623","Anthus cervinus",0,0,0,0,0,0,0,0,0,0,0,0,6,0
"624","Anthus chacoensis",0,0,0,0,0,0,0,0,0,0,0,0,0,0
"625","Anthus cinnamomeus",0,0,0,0,0,0,0,0,0,0,0,0,0,0
"626","Anthus correndera",0,0,0,0,0,0,0,0,0,0,0,0,0,0
"627","Anthus crenatus",0,5,0,0,0,0,0,0,0,0,0,0,8,0
"628","Anthus furcatus",0,0,0,0,0,0,0,0,0,0,0,0,0,0
"629","Anthus godlewskii",0,0,0,0,0,0,0,0,0,0,0,0,0,0
"630","Anthus gustavi",0,0,0,0,0,0,0,0,0,0,0,0,6,0
"631","Anthus gutturalis",0,0,0,0,0,0,0,0,0,0,0,0,0,0
"632","Anthus hellmayri",0,0,0,0,0,0,0,0,0,0,0,0,0,0
"633","Anthus hodgsoni",0,0,0,0,0,0,0,0,0,0,0,0,0,0
"634","Anthus hoeschi",0,0,0,0,0,0,0,0,0,0,0,0,8,0
"635","Anthus leucophrys",0,0,0,0,0,0,0,0,0,0,0,0,0,0
"636","Anthus lineiventris",0,0,0,0,0,0,0,0,0,0,0,0,0,0
"637","Anthus lutescens",0,0,0,0,0,0,0,0,0,0,0,0,0,0
"638","Anthus melindae",0,7,0,0,0,0,0,0,4,0,0,0,0,0
"639","Anthus nattereri",0,7,0,0,0,0,0,0,7,5,0,0,0,0
"640","Anthus nilghiriensis",0,6,0,0,0,0,0,6,7,0,0,0,4,0
"641","Anthus novaeseelandiae",0,0,0,0,0,0,0,0,0,0,0,0,0,0
"642","Anthus nyassae",0,0,0,0,0,0,0,0,0,0,0,0,0,0
"643","Anthus pallidiventris",0,0,0,0,0,0,0,0,0,0,0,0,0,0
"644","Anthus peruvianus",0,0,0,0,0,0,0,0,0,0,0,0,0,0
"645","Anthus petrosus",0,0,0,0,0,0,0,0,0,0,0,0,0,0
"646","Anthus pratensis",0,5,0,0,7,0,0,0,0,0,0,0,6,0
"647","Anthus richardi",0,0,0,0,0,0,0,0,0,0,0,0,0,0
"648","Anthus roseatus",0,0,0,0,0,0,0,0,0,0,0,0,0,0
"649","Anthus rubescens",0,0,0,0,0,0,0,0,0,0,0,0,6,0
"650","Anthus rufulus",0,0,0,0,0,0,0,0,0,0,0,0,0,0
"651","Anthus similis",0,0,0,0,0,0,0,0,0,0,0,0,0,0
"652","Anthus sokokensis",0,6,0,0,0,6,0,0,5,4,0,0,0,0
"653","Anthus spinoletta",0,0,0,0,0,0,0,0,0,0,0,0,0,0
"654","Anthus spragueii",0,7,0,0,0,0,0,0,5,6,0,0,5,0
"655","Anthus sylvanus",0,0,0,0,0,0,0,0,0,0,0,0,0,0
"656","Anthus trivialis",0,0,0,0,0,0,0,0,0,0,0,0,0,0
"657","Anthus vaalensis",0,0,0,0,0,0,0,0,0,0,0,0,0,0
"658","Antilophia bokermanni",9,7,0,0,0,0,0,0,6,0,0,0,0,0
"659","Antilophia galeata",0,0,0,0,0,0,0,0,0,0,0,0,0,0
"660","Antrostomus arizonae",0,0,0,0,0,0,0,0,0,0,0,0,0,0
"661","Antrostomus badius",0,0,0,0,0,0,0,0,0,0,0,0,0,0
"662","Antrostomus carolinensis",5,0,0,5,0,0,0,4,0,0,6,0,0,0
"663","Antrostomus cubanensis",0,0,0,0,0,0,0,0,0,0,0,0,0,0
"664","Antrostomus ekmani",0,0,0,0,0,0,0,0,0,0,0,0,0,0
"665","Antrostomus noctitherus",5,0,0,0,0,0,0,0,0,7,0,0,7,0
"666","Antrostomus ridgwayi",0,0,0,0,0,0,0,0,0,0,0,0,0,0
"667","Antrostomus rufus",0,0,0,0,0,0,0,0,0,0,0,0,0,0
"668","Antrostomus salvini",0,0,0,0,0,0,0,0,0,0,0,0,0,0
"669","Antrostomus saturatus",0,0,0,0,0,0,0,0,0,0,0,0,0,0
"670","Antrostomus sericocaudatus",0,0,0,0,0,0,0,0,0,0,0,0,0,0
"671","Antrostomus vociferus",5,5,0,6,0,0,0,0,5,0,6,0,0,0
"672","Anumara forbesi",0,7,0,0,6,0,0,0,0,7,0,0,0,0
"673","Anumbius annumbi",0,0,0,0,0,0,0,0,0,0,0,0,0,0
"674","Anurophasis monorthonyx",0,0,0,0,5,0,0,0,0,0,0,0,6,0
"675","Apalharpactes mackloti",0,0,0,0,0,0,0,0,0,0,0,0,0,0
"676","Apalharpactes reinwardtii",5,5,2,0,4,0,0,0,0,0,0,0,0,0
"677","Apalis alticola",0,0,0,0,0,0,0,0,0,0,0,0,0,0
"678","Apalis argentea",0,0,0,0,0,0,0,0,0,0,0,0,0,0
"679","Apalis bamendae",0,6,0,0,0,7,0,0,0,0,0,0,6,0
"680","Apalis binotata",0,0,0,0,0,0,0,0,0,0,0,0,0,0
"681","Apalis chapini",0,0,0,0,0,0,0,0,0,0,0,0,0,0
"682","Apalis chariessa",0,5,0,0,0,5,0,0,0,0,0,0,0,0
"683","Apalis chirindensis",0,0,0,0,0,7,0,0,0,0,0,0,0,0
"684","Apalis cinerea",0,0,0,0,0,0,0,0,0,0,0,0,0,0
"685","Apalis flavida",0,0,0,0,0,0,0,0,0,0,0,0,0,0
"686","Apalis flavigularis",0,6,7,0,0,5,0,0,2,0,0,0,0,0
"687","Apalis flavocincta",0,0,0,0,0,0,0,0,0,0,0,0,0,0
"688","Apalis fuscigularis",0,7,0,0,0,0,0,0,0,7,0,0,6,0
"689","Apalis goslingi",0,0,0,0,0,0,0,0,0,0,0,0,0,0
"690","Apalis jacksoni",0,0,0,0,0,0,0,0,0,0,0,0,0,0
"691","Apalis kaboboensis",0,5,0,0,0,0,0,0,0,0,0,0,0,0
"692","Apalis karamojae",0,6,0,7,0,6,0,0,5,4,0,0,0,0
"693","Apalis lynesi",0,6,0,4,0,4,0,0,0,0,0,0,6,0
"694","Apalis melanocephala",0,0,0,0,0,0,0,0,0,0,0,0,0,0
"695","Apalis nigriceps",0,0,0,0,0,0,0,0,0,0,0,0,0,0
"696","Apalis personata",0,0,0,0,0,0,0,0,0,0,0,0,0,0
"697","Apalis porphyrolaema",0,0,0,0,0,0,0,0,0,0,0,0,0,0
"698","Apalis ruddi",0,0,0,0,0,0,0,0,0,0,0,0,5,0
"699","Apalis rufogularis",0,0,0,0,0,0,0,0,0,0,0,0,0,0
"700","Apalis sharpii",0,0,0,0,0,6,0,0,0,0,0,0,0,0
"701","Apalis thoracica",0,0,0,0,0,0,0,0,0,0,0,0,0,0
"702","Apaloderma aequatoriale",0,0,0,0,0,0,0,0,0,0,0,0,0,0
"703","Apaloderma narina",0,0,0,0,0,0,0,0,0,0,0,0,0,0
"704","Apaloderma vittatum",0,0,0,0,0,0,0,0,0,0,0,0,0,0
"705","Apalopteron familiare",5,4,0,0,0,0,0,0,0,5,0,0,6,0
"706","Aphanapteryx bonasia",0,0,0,0,5,0,0,0,0,0,0,0,0,0
"707","Aphanotriccus audax",0,6,5,0,0,6,0,0,0,0,0,0,0,0
"708","Aphanotriccus capitalis",0,6,0,0,0,6,0,0,0,0,0,0,0,0
"709","Aphelocephala leucopsis",0,5,0,0,0,0,0,0,0,0,0,0,7,0
"710","Aphelocephala nigricincta",0,0,0,0,0,0,0,0,0,0,0,0,0,0
"711","Aphelocephala pectoralis",0,6,4,0,0,0,0,0,5,6,0,0,7,0
"712","Aphelocoma californica",0,0,0,0,0,0,0,0,0,0,0,0,0,0
"713","Aphelocoma coerulescens",6,5,0,4,5,0,0,0,6,7,0,0,6,0
"714","Aphelocoma ultramarina",0,0,0,0,0,0,0,0,0,0,0,0,0,0
"715","Aphelocoma unicolor",0,0,0,0,0,0,0,0,0,0,0,0,0,0
"716","Aphelocoma wollweberi",0,0,0,0,0,0,0,0,0,0,0,0,0,0
"717","Aphrastura masafuerae",0,0,0,0,0,0,0,0,0,6,0,0,0,0
"718","Aphrastura spinicauda",0,0,0,0,0,0,0,0,0,0,0,0,0,0
"719","Aphrodroma brevirostris",0,0,0,0,0,0,0,0,0,5,0,0,0,0
"720","Aplonis atrifusca",0,0,0,0,0,0,0,0,0,0,0,0,0,0
"721","Aplonis brunneicapillus",0,5,0,0,6,6,0,0,0,0,0,0,0,0
"722","Aplonis cantoroides",0,0,0,0,0,0,0,0,0,0,0,0,0,0
"723","Aplonis cinerascens",3,3,0,0,0,0,0,0,0,5,0,0,5,0
"724","Aplonis circumscripta",0,5,0,0,0,5,0,0,0,0,0,0,0,0
"725","Aplonis corvina",0,0,0,0,0,0,0,0,0,5,0,0,0,0
"726","Aplonis crassa",0,5,0,0,0,5,0,0,0,0,0,0,0,0
"727","Aplonis dichroa",0,0,0,0,0,0,0,0,0,0,0,0,0,0
"728","Aplonis feadensis",0,7,0,0,0,0,0,0,0,4,0,0,6,0
"729","Aplonis fusca",0,0,0,0,4,4,0,0,0,5,0,0,0,0
"730","Aplonis grandis",0,0,0,0,0,0,0,0,0,0,0,0,0,0
"731","Aplonis insularis",0,0,0,0,0,0,0,0,0,0,0,0,6,0
"732","Aplonis magna",0,0,0,0,0,0,0,0,0,0,0,0,0,0
"733","Aplonis mavornata",0,0,0,0,0,0,0,0,0,5,0,0,0,0
"734","Aplonis metallica",0,5,0,0,5,0,0,0,0,0,0,0,0,0
"735","Aplonis minor",0,0,0,0,0,0,0,0,0,0,0,0,0,0
"736","Aplonis mysolensis",0,0,0,0,0,0,0,0,0,0,0,0,0,0
"737","Aplonis mystacea",0,5,0,0,5,5,0,0,0,0,0,0,0,0
"738","Aplonis opaca",0,0,0,0,0,0,0,0,0,0,0,0,0,0
"739","Aplonis panayensis",0,0,0,0,0,0,0,0,0,0,0,0,0,0
"740","Aplonis pelzelni",0,6,0,0,6,0,0,0,0,6,0,0,6,0
"741","Aplonis santovestris",0,4,0,0,4,0,0,0,0,5,0,0,6,0
"742","Aplonis striata",0,0,0,0,0,0,0,0,0,0,0,0,0,0
"743","Aplonis tabuensis",0,0,0,0,0,0,0,0,0,0,0,0,0,0
"744","Aplonis ulietensis",0,0,0,0,0,0,0,0,0,5,0,0,0,0
"745","Aplonis zelandica",0,0,0,0,0,5,0,0,0,7,0,0,0,0
"746","Aplopelia larvata",0,0,0,0,0,0,0,0,0,0,0,0,0,0
"747","Aprositornis disjuncta",0,0,0,0,0,0,0,0,0,0,0,0,0,0
"748","Aprosmictus erythropterus",0,0,0,0,0,0,0,0,0,0,0,0,0,0
"749","Aprosmictus jonquillaceus",0,5,0,0,5,5,0,0,5,0,0,0,0,0
"750","Aptenodytes forsteri",0,0,0,0,0,0,0,4,0,0,0,0,7,0
"751","Aptenodytes patagonicus",0,0,0,0,0,0,0,0,0,4,0,0,8,0
"752","Aptenorallus calayanensis",6,0,0,4,5,6,0,0,0,5,0,0,0,0
"753","Apteryx australis",0,0,0,0,0,0,0,0,0,6,0,0,0,0
"754","Apteryx haastii",0,0,0,0,0,0,0,0,0,7,0,0,0,0
"755","Apteryx mantelli",0,5,0,0,0,0,0,0,0,7,0,0,0,0
"756","Apteryx owenii",0,0,0,0,0,0,0,0,0,5,0,0,0,0
"757","Apteryx rowi",0,3,0,3,0,0,0,0,0,6,0,0,0,0
"758","Apus acuticauda",0,0,0,0,0,7,0,0,0,0,0,0,0,0
"759","Apus affinis",0,0,0,0,0,0,0,0,0,0,0,0,0,0
"760","Apus alexandri",0,0,0,0,0,0,0,0,0,0,0,0,0,0
"761","Apus apus",0,0,0,0,0,0,0,0,0,0,0,0,0,0
"762","Apus balstoni",0,0,0,0,0,0,0,0,0,0,0,0,0,0
"763","Apus barbatus",0,0,0,0,0,0,0,0,0,0,0,0,0,0
"764","Apus batesi",0,0,0,0,0,0,0,0,0,0,0,0,0,0
"765","Apus berliozi",0,0,0,0,0,0,0,0,0,0,0,0,0,0
"766","Apus bradfieldi",0,0,0,0,0,0,0,0,0,0,0,0,0,0
"767","Apus caffer",0,0,0,0,0,0,0,0,0,0,0,0,0,0
"768","Apus horus",0,0,0,0,0,0,0,0,0,0,0,0,0,0
"769","Apus niansae",0,0,0,0,0,0,0,0,0,0,0,0,0,0
"770","Apus nipalensis",0,0,0,0,0,0,0,0,0,0,0,0,0,0
"771","Apus pacificus",0,0,0,0,0,0,0,0,0,0,0,0,0,0
"772","Apus pallidus",0,0,0,0,0,0,0,0,0,0,0,0,0,0
"773","Apus sladeniae",0,0,0,0,0,0,0,0,0,0,0,0,0,0
"774","Apus unicolor",0,0,0,0,0,0,0,0,0,0,0,0,0,0
"775","Aquila adalberti",4,4,7,6,6,0,0,4,0,4,0,0,0,0
"776","Aquila africana",0,0,0,0,0,0,0,0,0,0,0,0,0,0
"777","Aquila audax",0,0,0,0,0,0,0,0,0,0,0,0,0,0
"778","Aquila chrysaetos",0,6,5,5,4,0,0,0,0,4,4,0,8,0
"779","Aquila fasciata",0,0,0,0,0,0,0,0,0,0,0,0,0,0
"780","Aquila gurneyi",0,0,0,0,0,5,0,0,0,0,0,0,0,0
"781","Aquila heliaca",0,5,0,5,5,5,0,5,0,5,0,0,0,0
"782","Aquila nipalensis",0,6,6,6,5,4,0,5,5,0,6,0,0,0
"783","Aquila rapax",6,5,0,6,6,5,0,0,0,0,0,0,4,6
"784","Aquila spilogaster",0,0,0,0,0,0,0,0,0,0,0,0,0,0
"785","Aquila verreauxii",0,0,0,0,0,0,0,0,0,0,0,0,0,0
"786","Ara ambiguus",5,7,0,0,7,7,0,0,0,0,0,0,0,0
"787","Ara ararauna",0,0,0,0,0,0,0,0,0,0,0,0,0,0
"788","Ara chloropterus",0,0,0,0,0,0,0,0,0,0,0,0,0,0
"789","Ara glaucogularis",0,0,0,0,5,5,0,0,5,6,0,0,0,0
"790","Ara macao",0,0,0,0,0,0,0,0,0,0,0,0,0,0
"791","Ara militaris",6,5,5,6,7,7,0,0,2,5,0,0,0,0
"792","Ara rubrogenys",0,6,0,0,8,5,0,0,0,0,5,0,0,0
"793","Ara severus",0,0,0,0,0,0,0,0,0,0,0,0,0,0
"794","Ara tricolor",0,0,0,0,5,0,0,0,0,0,0,0,0,0
"795","Arachnothera affinis",0,0,0,0,0,0,0,0,0,0,0,0,0,0
"796","Arachnothera chrysogenys",0,0,0,0,0,0,0,0,0,0,0,0,0,0
"797","Arachnothera clarae",0,0,0,0,0,0,0,0,0,0,0,0,0,0
"798","Arachnothera crassirostris",0,0,0,0,0,0,0,0,0,0,0,0,0,0
"799","Arachnothera dilutior",0,0,0,0,0,0,0,0,0,0,0,0,0,0
"800","Arachnothera flammifera",0,0,0,0,0,0,0,0,0,0,0,0,0,0
"801","Arachnothera flavigaster",0,0,0,0,0,0,0,0,0,0,0,0,0,0
"802","Arachnothera juliae",0,0,0,0,0,0,0,0,0,0,0,0,0,0
"803","Arachnothera longirostra",0,0,0,0,0,0,0,0,0,0,0,0,0,0
"804","Arachnothera magna",0,0,0,0,0,0,0,0,0,0,0,0,0,0
"805","Arachnothera modesta",0,0,0,0,0,0,0,0,0,0,0,0,0,0
"806","Arachnothera robusta",0,0,0,0,0,0,0,0,0,0,0,0,0,0
"807","Aramides albiventris",0,4,0,0,0,0,0,0,0,0,0,0,0,0
"808","Aramides axillaris",0,0,0,0,0,0,0,0,0,0,0,0,0,0
"809","Aramides cajaneus",0,4,0,0,0,0,0,0,0,0,0,0,0,0
"810","Aramides calopterus",0,0,0,0,0,0,0,0,0,0,0,0,0,0
"811","Aramides mangle",0,0,0,0,0,0,0,0,0,0,0,0,0,0
"812","Aramides saracura",0,0,0,0,0,0,0,0,0,0,0,0,0,0
"813","Aramides wolfi",5,7,5,4,0,7,0,0,0,0,0,0,0,0
"814","Aramides ypecaha",0,0,0,0,0,0,0,0,0,0,0,0,0,0
"815","Aramidopsis plateni",0,5,0,0,6,6,0,0,0,6,0,0,0,0
"816","Aramus guarauna",0,0,0,0,0,0,0,0,0,0,0,0,0,0
"817","Aratinga auricapillus",0,6,0,0,6,0,0,0,0,0,0,0,0,0
"818","Aratinga jandaya",0,0,0,0,0,0,0,0,0,0,0,0,0,0
"819","Aratinga maculata",0,0,0,0,0,0,0,0,0,0,0,0,0,0
"820","Aratinga nenday",0,0,0,0,0,0,0,0,0,0,0,0,0,0
"821","Aratinga solstitialis",0,6,0,0,8,6,0,0,6,0,0,0,0,0
"822","Aratinga weddellii",0,0,0,0,0,0,0,0,0,0,0,0,0,0
"823","Arborophila ardens",0,5,0,0,5,5,0,0,0,0,0,0,6,0
"824","Arborophila atrogularis",0,6,0,0,5,6,0,0,0,0,0,0,0,0
"825","Arborophila brunneopectus",0,0,0,0,0,0,0,0,0,0,0,0,0,0
"826","Arborophila cambodiana",0,0,0,0,7,5,5,0,0,0,0,0,6,0
"827","Arborophila campbelli",0,0,0,0,0,0,0,0,0,0,0,0,0,0
"828","Arborophila crudigularis",0,5,0,0,0,5,0,0,0,0,5,0,0,0
"829","Arborophila davidi",0,5,0,0,5,6,0,0,0,0,0,0,0,0
"830","Arborophila gingica",0,5,5,5,5,5,0,4,0,0,0,0,0,0
"831","Arborophila hyperythra",0,0,0,0,0,0,0,0,0,0,0,0,0,0
"832","Arborophila javanica",0,0,0,0,0,0,0,0,0,0,0,0,0,0
"833","Arborophila mandellii",0,5,4,4,5,5,0,0,0,0,0,0,6,0
"834","Arborophila orientalis",0,5,0,0,6,5,0,0,4,0,0,0,0,0
"835","Arborophila rolli",0,0,0,0,0,0,0,0,0,0,0,0,0,0
"836","Arborophila rubrirostris",0,0,0,0,0,0,0,0,0,0,0,0,0,0
"837","Arborophila rufipectus",0,5,0,0,0,5,0,0,4,0,0,0,0,0
"838","Arborophila rufogularis",0,0,0,0,0,0,0,0,0,0,0,0,0,0
"839","Arborophila sumatrana",0,0,0,0,0,0,0,0,0,0,0,0,0,0
"840","Arborophila torqueola",0,0,0,0,0,0,0,0,0,0,0,0,0,0
"841","Arcanator orostruthus",0,6,0,5,0,6,0,0,4,0,0,0,6,0
"842","Archboldia papuensis",0,0,0,0,0,3,0,0,0,0,0,0,0,0
"843","Archilochus alexandri",0,0,0,0,0,0,0,0,0,0,0,0,0,0
"844","Archilochus colubris",0,0,0,0,0,0,0,0,0,0,0,0,0,0
"845","Ardea alba",0,0,0,0,0,0,0,0,0,0,0,0,4,0
"846","Ardea brachyrhyncha",0,0,0,0,0,5,0,0,5,5,5,0,4,0
"847","Ardea cinerea",0,5,0,0,5,5,0,0,0,5,5,0,0,0
"848","Ardea cocoi",0,0,0,0,0,0,0,0,0,0,0,0,0,0
"849","Ardea goliath",0,0,0,0,0,0,0,0,0,0,0,0,0,0
"850","Ardea herodias",0,0,0,0,0,0,0,0,0,0,0,0,0,0
"851","Ardea humbloti",0,6,0,0,5,5,3,5,0,0,5,0,6,0
"852","Ardea insignis",5,6,5,0,5,6,0,7,5,0,6,0,0,0
"853","Ardea intermedia",0,0,0,0,0,0,0,5,0,0,5,0,4,0
"854","Ardea melanocephala",0,0,0,0,0,0,0,0,0,0,0,0,0,0
"855","Ardea occidentalis",6,6,0,0,0,0,6,0,6,6,0,0,6,0
"856","Ardea pacifica",0,0,0,0,0,0,0,0,0,0,0,0,0,0
"857","Ardea plumifera",0,0,0,0,0,5,0,0,5,5,5,0,4,0
"858","Ardea purpurea",0,0,0,0,0,0,0,0,0,0,0,0,0,0
"859","Ardea sumatrana",0,0,0,0,0,0,0,0,0,0,0,0,0,0
"860","Ardenna bulleri",0,0,0,0,0,0,6,0,0,2,0,0,6,0
"861","Ardenna carneipes",4,0,0,5,4,0,7,0,0,4,7,0,0,0
"862","Ardenna creatopus",0,0,0,0,5,0,6,0,0,6,8,0,0,0
"863","Ardenna gravis",0,0,0,0,0,0,7,0,0,0,0,0,0,0
"864","Ardenna grisea",0,0,0,0,4,0,6,0,0,7,0,0,8,0
"865","Ardenna pacifica",0,0,0,0,0,0,6,5,0,5,8,0,4,0
"866","Ardenna tenuirostris",0,0,0,0,0,0,6,0,0,4,8,0,5,0
"867","Ardeola bacchus",0,0,0,0,0,0,0,0,0,0,0,0,0,0
"868","Ardeola grayii",0,0,0,0,0,0,0,0,0,0,0,0,0,0
"869","Ardeola idae",0,7,0,0,7,0,0,7,7,7,0,0,0,0
"870","Ardeola ralloides",0,0,0,0,0,0,0,0,0,0,0,0,0,0
"871","Ardeola rufiventris",0,0,0,0,0,0,0,0,0,0,0,0,0,0
"872","Ardeola speciosa",0,0,0,0,0,0,0,0,0,0,0,0,0,0
"873","Ardeotis arabs",0,6,0,0,6,6,0,0,0,0,0,0,0,0
"874","Ardeotis australis",0,3,0,0,3,0,0,5,5,5,6,0,0,0
"875","Ardeotis kori",0,4,0,5,5,0,0,0,0,0,0,0,0,0
"876","Ardeotis nigriceps",0,6,6,6,5,0,0,5,0,6,0,0,0,0
"877","Arenaria interpres",0,0,0,0,0,0,0,0,0,4,0,0,6,0
"878","Arenaria melanocephala",0,0,0,0,0,0,0,0,0,0,0,0,6,0
"879","Argusianus argus",0,7,0,0,5,6,0,0,0,0,0,0,3,0
"880","Argya affinis",0,0,0,0,0,0,0,0,0,0,0,0,0,0
"881","Argya altirostris",0,0,0,0,0,0,0,0,0,0,0,0,0,0
"882","Argya aylmeri",0,0,0,0,0,0,0,0,0,0,0,0,0,0
"883","Argya caudata",0,0,0,0,0,0,0,0,0,0,0,0,0,0
"884","Argya cinereifrons",5,6,5,0,0,6,0,0,5,0,0,0,0,0
"885","Argya earlei",0,0,0,0,0,0,0,0,0,0,0,0,0,0
"886","Argya fulva",0,0,0,0,0,0,0,0,0,0,0,0,0,0
"887","Argya gularis",0,0,0,0,0,0,0,0,0,0,0,0,0,0
"888","Argya longirostris",0,7,0,0,0,5,0,0,5,6,0,0,0,0
"889","Argya malcolmi",0,0,0,0,0,0,0,0,0,0,0,0,0,0
"890","Argya rubiginosa",0,0,0,0,0,0,0,0,0,0,0,0,0,0
"891","Argya rufescens",5,5,0,0,0,6,0,0,5,0,0,0,0,0
"892","Argya somervillei",0,0,0,0,0,0,0,0,0,0,0,0,0,0
"893","Argya squamiceps",0,0,0,0,0,0,0,0,0,0,0,0,0,0
"894","Argya striata",0,0,0,0,0,0,0,0,0,0,0,0,0,0
"895","Argya subrufa",0,0,0,0,0,0,0,0,0,0,0,0,0,0
"896","Arizelocichla chlorigula",0,0,0,0,0,0,0,0,0,0,0,0,0,0
"897","Arizelocichla fusciceps",0,0,0,0,0,0,0,0,0,0,0,0,0,0
"898","Arizelocichla masukuensis",0,0,0,0,0,0,0,0,0,0,0,0,0,0
"899","Arizelocichla milanjensis",0,0,0,0,0,6,0,0,0,0,0,0,0,0
"900","Arizelocichla montana",0,6,0,0,0,5,5,0,0,0,0,0,0,0
"901","Arizelocichla neumanni",0,0,0,0,0,0,0,0,0,0,0,0,0,0
"902","Arizelocichla nigriceps",0,0,0,0,0,0,0,0,0,0,0,0,0,0
"903","Arizelocichla striifacies",0,0,0,0,0,0,0,0,0,0,0,0,0,0
"904","Arizelocichla tephrolaema",0,0,0,0,0,0,0,0,0,0,0,0,0,0
"905","Arizelopsar femoralis",0,6,0,0,0,6,0,0,6,4,0,0,0,0
"906","Arremon abeillei",0,0,0,0,0,0,0,0,0,0,0,0,0,0
"907","Arremon assimilis",0,0,0,0,0,0,0,0,0,0,0,0,0,0
"908","Arremon atricapillus",0,0,0,0,0,0,0,0,0,0,0,0,0,0
"909","Arremon aurantiirostris",0,0,0,0,0,0,0,0,0,0,0,0,0,0
"910","Arremon axillaris",0,0,0,0,0,0,0,0,0,0,0,0,0,0
"911","Arremon basilicus",0,4,0,0,0,4,0,0,4,0,0,0,0,0
"912","Arremon brunneinucha",0,0,0,0,0,0,0,0,0,0,0,0,0,0
"913","Arremon castaneiceps",0,5,0,0,0,0,0,0,0,0,0,0,0,0
"914","Arremon costaricensis",0,0,0,0,0,0,0,0,0,0,0,0,0,0
"915","Arremon crassirostris",0,0,0,0,0,0,0,0,0,0,0,0,0,0
"916","Arremon dorbignii",0,0,0,0,0,0,0,0,0,0,0,0,0,0
"917","Arremon flavirostris",0,0,0,0,0,0,0,0,0,0,0,0,0,0
"918","Arremon franciscanus",0,6,0,0,0,0,0,0,5,0,0,0,0,0
"919","Arremon nigriceps",0,0,0,0,0,0,0,0,0,0,0,0,0,0
"920","Arremon perijanus",0,4,0,0,0,4,0,0,4,0,0,0,0,0
"921","Arremon phaeopleurus",0,0,0,0,0,0,0,0,0,0,0,0,0,0
"922","Arremon phygas",0,6,0,0,0,0,0,0,5,0,0,0,0,0
"923","Arremon schlegeli",0,0,0,0,0,0,0,0,0,0,0,0,0,0
"924","Arremon semitorquatus",0,0,0,0,0,0,0,0,0,0,0,0,0,0
"925","Arremon taciturnus",0,0,0,0,0,0,0,0,0,0,0,0,0,0
"926","Arremon torquatus",0,0,0,0,0,0,0,0,0,0,0,0,0,0
"927","Arremon virenticeps",0,0,0,0,0,0,0,0,0,0,0,0,0,0
"928","Arremonops chloronotus",0,0,0,0,0,0,0,0,0,0,0,0,0,0
"929","Arremonops conirostris",0,0,0,0,0,0,0,0,0,0,0,0,0,0
"930","Arremonops rufivirgatus",0,0,0,0,0,0,0,0,0,0,0,0,0,0
"931","Arremonops tocuyensis",0,0,0,0,0,0,0,0,0,0,0,0,0,0
"932","Arses insularis",0,0,0,0,0,0,0,0,0,0,0,0,0,0
"933","Arses kaupi",0,0,0,0,0,0,0,0,0,0,0,0,0,0
"934","Arses lorealis",0,0,0,0,0,0,0,0,0,0,0,0,0,0
"935","Arses telescopthalmus",0,0,0,0,0,0,0,0,0,0,0,0,0,0
"936","Artamella viridis",0,0,0,0,0,0,0,0,0,0,0,0,0,0
"937","Artamus cinereus",0,0,0,0,0,0,0,0,0,0,0,0,0,0
"938","Artamus cyanopterus",0,0,0,0,0,0,0,0,0,0,0,0,6,0
"939","Artamus fuscus",0,0,0,0,0,0,0,0,0,0,0,0,0,0
"940","Artamus insignis",0,0,0,0,0,0,0,0,0,0,0,0,0,0
"941","Artamus leucoryn",0,0,0,0,0,0,0,0,0,0,0,0,0,0
"942","Artamus maximus",0,0,0,0,0,0,0,0,0,0,0,0,0,0
"943","Artamus mentalis",0,0,0,0,0,0,0,0,0,0,0,0,0,0
"944","Artamus minor",0,0,0,0,0,0,0,0,0,0,0,0,0,0
"945","Artamus monachus",0,0,0,0,0,0,0,0,0,0,0,0,0,0
"946","Artamus personatus",0,0,0,0,0,0,0,0,0,0,0,0,0,0
"947","Artamus superciliosus",0,0,0,0,0,0,0,0,0,0,0,0,0,0
"948","Artemisiospiza belli",0,0,0,0,0,0,0,0,0,0,0,0,0,0
"949","Artemisiospiza nevadensis",0,0,0,0,0,0,0,0,0,0,0,0,0,0
"950","Artisornis metopias",0,0,0,0,0,0,0,0,0,0,0,0,6,0
"951","Artisornis moreaui",0,5,0,0,0,6,0,0,0,7,0,0,6,0
"952","Artisornis sousae",0,0,0,0,0,6,0,0,6,0,0,0,6,0
"953","Artomyias fuliginosa",0,0,0,0,0,0,0,0,0,0,0,0,0,0
"954","Artomyias ussheri",0,0,0,0,0,0,0,0,0,0,0,0,0,0
"955","Arundinax aedon",0,0,0,0,0,0,0,0,0,0,0,0,0,0
"956","Arundinicola leucocephala",0,0,0,0,0,0,0,0,0,0,0,0,0,0
"957","Asarcornis scutulata",5,5,0,0,5,6,0,6,6,0,5,0,0,0
"958","Asemospiza fuliginosa",0,0,0,0,0,0,0,0,0,0,0,0,0,0
"959","Asemospiza obscura",0,0,0,0,0,0,0,0,0,0,0,0,0,0
"960","Ashbyia lovensis",0,0,0,0,0,0,0,0,0,0,0,0,0,0
"961","Asio abyssinicus",0,0,0,0,0,0,0,0,0,0,0,0,0,0
"962","Asio capensis",0,5,0,5,0,5,0,0,5,5,5,0,5,5
"963","Asio clamator",0,0,0,0,0,0,0,0,0,0,0,0,0,0
"964","Asio flammeus",6,6,6,6,6,0,0,0,6,6,4,0,7,0
"965","Asio madagascariensis",0,0,0,0,0,0,0,0,0,0,0,0,0,0
"966","Asio otus",5,6,0,4,4,0,0,0,0,5,4,0,0,0
"967","Asio stygius",0,0,0,0,0,0,0,0,0,0,0,0,0,0
"968","Aspatha gularis",0,0,0,0,0,0,0,0,0,0,0,0,0,0
"969","Asthenes anthoides",0,0,0,0,0,0,0,0,0,0,0,0,0,0
"970","Asthenes arequipae",0,0,0,0,0,0,0,0,0,0,0,0,0,0
"971","Asthenes ayacuchensis",0,0,0,0,0,0,0,0,0,0,0,0,0,0
"972","Asthenes baeri",0,0,0,0,0,0,0,0,0,0,0,0,0,0
"973","Asthenes berlepschi",0,5,0,0,0,0,0,0,0,0,0,0,0,0
"974","Asthenes coryi",0,0,0,0,0,0,0,0,0,0,0,0,6,0
"975","Asthenes dorbignyi",0,0,0,0,0,0,0,0,0,0,0,0,0,0
"976","Asthenes flammulata",0,0,0,0,0,0,0,0,0,0,0,0,0,0
"977","Asthenes fuliginosa",0,0,0,0,0,0,0,0,0,0,0,0,0,0
"978","Asthenes griseomurina",0,0,0,0,0,0,0,0,0,0,0,0,0,0
"979","Asthenes harterti",0,0,0,0,0,0,0,0,0,0,0,0,0,0
"980","Asthenes helleri",0,4,0,0,0,0,0,0,4,0,0,0,0,0
"981","Asthenes heterura",0,4,0,0,0,4,0,0,5,0,0,0,0,0
"982","Asthenes huancavelicae",0,5,0,0,0,5,0,0,5,0,0,0,0,0
"983","Asthenes hudsoni",6,6,0,0,0,0,0,0,0,0,6,0,0,0
"984","Asthenes humilis",0,0,0,0,0,0,0,0,0,0,0,0,0,0
"985","Asthenes luizae",5,4,4,3,0,0,0,0,4,6,0,0,7,0
"986","Asthenes maculicauda",0,0,0,0,0,0,0,0,0,0,0,0,0,0
"987","Asthenes modesta",0,0,0,0,0,0,0,0,0,0,0,0,0,0
"988","Asthenes moreirae",0,0,0,0,0,0,0,0,0,0,0,0,6,0
"989","Asthenes ottonis",0,0,0,0,0,0,0,0,0,0,0,0,0,0
"990","Asthenes palpebralis",0,0,0,0,0,0,0,0,0,0,0,0,0,0
"991","Asthenes perijana",5,5,5,0,0,0,0,0,0,0,0,0,6,0
"992","Asthenes pudibunda",0,0,0,0,0,0,0,0,0,0,0,0,0,0
"993","Asthenes pyrrholeuca",0,0,0,0,0,0,0,0,0,0,0,0,0,0
"994","Asthenes urubambensis",0,5,0,0,0,5,0,0,5,0,0,0,0,0
"995","Asthenes usheri",0,5,4,0,0,5,0,0,5,0,0,0,0,0
"996","Asthenes vilcabambae",0,0,0,0,0,0,0,0,0,0,0,0,0,0
"997","Asthenes virgata",0,0,0,0,0,0,0,0,0,0,0,0,0,0
"998","Asthenes wyatti",0,0,0,0,0,0,0,0,0,0,0,0,0,0
"999","Astrapia mayeri",0,0,0,0,4,6,0,0,0,0,0,0,0,0
"1000","Astrapia nigra",0,0,0,0,0,0,0,0,0,0,0,0,6,0
"1001","Astrapia rothschildi",0,0,0,0,0,0,0,0,0,0,0,0,0,0
"1002","Astrapia splendidissima",0,0,0,0,0,0,0,0,0,0,0,0,0,0
"1003","Astrapia stephaniae",0,0,0,0,0,0,0,0,0,0,0,0,0,0
"1004","Atalotriccus pilaris",0,0,0,0,0,0,0,0,0,0,0,0,0,0
"1005","Atelornis crossleyi",0,6,0,0,6,0,0,0,0,4,0,0,0,0
"1006","Atelornis pittoides",0,0,0,0,0,0,0,0,0,0,0,0,0,0
"1007","Athene blewitti",5,5,0,0,5,5,0,0,5,6,6,0,0,0
"1008","Athene brama",0,0,0,0,0,0,0,0,0,0,0,0,0,0
"1009","Athene cunicularia",0,0,0,0,0,0,0,0,0,0,0,0,0,0
"1010","Athene noctua",0,0,0,0,0,0,0,0,0,0,0,0,0,0
"1011","Athene superciliaris",0,0,0,0,0,0,0,0,0,0,0,0,0,0
"1012","Atimastillas flavicollis",0,0,0,0,0,0,0,0,0,0,0,0,0,0
"1013","Atimastillas flavigula",0,0,0,0,0,0,0,0,0,0,0,0,0,0
"1014","Atlapetes albiceps",0,0,0,0,0,0,0,0,0,0,0,0,0,0
"1015","Atlapetes albinucha",0,0,0,0,0,0,0,0,0,0,0,0,0,0
"1016","Atlapetes albofrenatus",0,0,0,0,0,0,0,0,0,0,0,0,0,0
"1017","Atlapetes blancae",0,7,0,0,0,0,0,0,0,6,0,0,0,0
"1018","Atlapetes canigenis",0,0,0,0,0,0,0,0,0,0,0,0,0,0
"1019","Atlapetes citrinellus",0,0,0,0,0,0,0,0,0,0,0,0,0,0
"1020","Atlapetes crassus",0,0,0,0,0,0,0,0,0,0,0,0,0,0
"1021","Atlapetes flaviceps",0,5,0,0,0,0,0,0,0,0,0,0,0,0
"1022","Atlapetes forbesi",0,0,0,0,0,0,0,0,0,0,0,0,0,0
"1023","Atlapetes fulviceps",0,0,0,0,0,0,0,0,0,0,0,0,0,0
"1024","Atlapetes fuscoolivaceus",0,6,0,0,0,0,0,0,0,0,0,0,0,0
"1025","Atlapetes latinuchus",0,0,0,0,0,0,0,0,0,0,0,0,0,0
"1026","Atlapetes leucopis",0,0,0,0,0,0,0,0,0,0,0,0,0,0
"1027","Atlapetes leucopterus",0,0,0,0,0,0,0,0,0,0,0,0,0,0
"1028","Atlapetes melanocephalus",0,0,0,0,0,0,0,0,0,0,0,0,0,0
"1029","Atlapetes melanolaemus",0,0,0,0,0,0,0,0,0,0,0,0,0,0
"1030","Atlapetes melanopsis",0,5,0,0,0,0,0,0,5,0,0,0,0,0
"1031","Atlapetes meridae",0,0,0,0,0,0,0,0,0,0,0,0,0,0
"1032","Atlapetes nationi",0,0,0,0,0,0,0,0,0,0,0,0,0,0
"1033","Atlapetes nigrifrons",4,4,4,0,0,0,0,0,0,0,0,0,0,0
"1034","Atlapetes pallidiceps",0,0,0,0,0,0,0,0,6,5,0,0,7,0
"1035","Atlapetes pallidinucha",0,0,0,0,0,0,0,0,0,0,0,0,0,0
"1036","Atlapetes paynteri",0,0,0,0,0,0,0,0,0,0,0,0,0,0
"1037","Atlapetes personatus",0,0,0,0,0,0,0,0,0,0,0,0,0,0
"1038","Atlapetes pileatus",0,0,0,0,0,0,0,0,0,0,0,0,0,0
"1039","Atlapetes rufigenis",0,4,0,4,0,4,0,0,4,0,0,0,0,0
"1040","Atlapetes rufinucha",0,0,0,0,0,0,0,0,0,0,0,0,0,0
"1041","Atlapetes schistaceus",0,0,0,0,0,0,0,0,0,0,0,0,0,0
"1042","Atlapetes seebohmi",0,0,0,0,0,0,0,0,0,0,0,0,0,0
"1043","Atlapetes semirufus",0,0,0,0,0,0,0,0,0,0,0,0,0,0
"1044","Atlapetes taczanowskii",0,0,0,0,0,0,0,0,0,0,0,0,0,0
"1045","Atlapetes terborghi",0,4,0,0,0,4,0,0,0,0,0,0,0,0
"1046","Atlapetes tricolor",0,0,0,0,0,0,0,0,0,0,0,0,0,0
"1047","Atrichornis clamosus",0,2,0,0,0,0,0,0,7,5,0,0,6,0
"1048","Atrichornis rufescens",0,0,0,0,0,3,0,0,7,5,0,0,8,0
"1049","Atronanus fuliginosus",0,0,0,0,0,0,0,0,0,0,0,0,0,0
"1050","Attagis gayi",0,0,0,0,0,0,0,0,0,0,0,0,0,0
"1051","Attagis malouinus",0,0,0,0,0,0,0,0,0,0,0,0,6,0
"1052","Atticora fasciata",0,0,0,0,0,0,0,0,0,0,0,0,0,0
"1053","Atticora pileata",0,0,0,0,0,0,0,0,0,0,0,0,0,0
"1054","Atticora tibialis",0,0,0,0,0,0,0,0,0,0,0,0,0,0
"1055","Attila bolivianus",0,0,0,0,0,0,0,0,0,0,0,0,0,0
"1056","Attila cinnamomeus",0,0,0,0,0,0,0,0,0,0,0,0,0,0
"1057","Attila citriniventris",0,0,0,0,0,0,0,0,0,0,0,0,0,0
"1058","Attila phoenicurus",0,0,0,0,0,0,0,0,0,0,0,0,0,0
"1059","Attila rufus",0,0,0,0,0,0,0,0,0,0,0,0,0,0
"1060","Attila spadiceus",0,0,0,0,0,0,0,0,0,0,0,0,0,0
"1061","Attila torridus",5,5,0,0,0,5,0,0,0,0,0,0,0,0
"1062","Augastes lumachella",4,5,4,0,0,0,0,5,6,0,0,0,6,0
"1063","Augastes scutatus",0,5,4,0,0,0,0,0,0,0,0,0,0,0
"1064","Aulacorhynchus albivitta",0,0,0,0,0,0,0,0,0,0,0,0,0,0
"1065","Aulacorhynchus atrogularis",0,0,0,0,0,0,0,0,0,0,0,0,0,0
"1066","Aulacorhynchus caeruleogularis",0,0,0,0,0,0,0,0,0,0,0,0,0,0
"1067","Aulacorhynchus calorhynchus",0,0,0,0,0,0,0,0,0,0,0,0,0,0
"1068","Aulacorhynchus coeruleicinctis",0,0,0,0,0,0,0,0,0,0,0,0,0,0
"1069","Aulacorhynchus cyanolaemus",0,0,0,0,0,0,0,0,0,0,0,0,0,0
"1070","Aulacorhynchus derbianus",0,0,0,0,0,0,0,0,0,0,0,0,0,0
"1071","Aulacorhynchus haematopygus",0,0,0,0,0,0,0,0,0,0,0,0,0,0
"1072","Aulacorhynchus huallagae",0,0,0,0,0,4,0,0,0,0,0,0,0,0
"1073","Aulacorhynchus prasinus",0,0,0,0,0,0,0,0,0,0,0,0,0,0
"1074","Aulacorhynchus sulcatus",0,0,0,0,0,0,0,0,0,0,0,0,0,0
"1075","Aulacorhynchus wagleri",0,0,0,0,0,0,0,0,0,0,0,0,0,0
"1076","Aulacorhynchus whitelianus",0,0,0,0,0,0,0,0,0,0,0,0,0,0
"1077","Auriparus flaviceps",0,0,0,0,0,0,0,0,0,0,0,0,0,0
"1078","Automolus cervinigularis",0,6,0,0,0,0,0,0,0,0,0,0,0,0
"1079","Automolus exsertus",0,0,0,0,0,0,0,0,0,0,0,0,0,0
"1080","Automolus infuscatus",0,0,0,0,0,0,0,0,0,0,0,0,0,0
"1081","Automolus lammi",0,6,0,0,0,5,0,0,0,0,7,0,0,0
"1082","Automolus leucophthalmus",0,0,0,0,0,0,0,0,0,0,0,0,0,0
"1083","Automolus melanopezus",0,0,0,0,0,0,0,0,0,0,0,0,0,0
"1084","Automolus ochrolaemus",0,4,0,0,0,0,0,0,0,0,0,0,0,0
"1085","Automolus paraensis",0,0,0,0,0,0,0,0,0,0,0,0,0,0
"1086","Automolus rufipileatus",0,0,0,0,0,0,0,0,0,0,0,0,0,0
"1087","Automolus subulatus",0,0,0,0,0,0,0,0,0,0,0,0,0,0
"1088","Automolus virgatus",0,0,0,0,0,0,0,0,0,0,0,0,0,0
"1089","Aviceda cuculoides",0,0,0,0,4,5,0,0,0,5,0,0,0,4
"1090","Aviceda jerdoni",0,0,0,0,5,6,0,0,0,5,0,0,0,0
"1091","Aviceda leuphotes",0,0,0,0,6,6,0,0,0,0,0,0,0,0
"1092","Aviceda madagascariensis",0,0,0,0,0,0,0,0,0,0,0,0,0,0
"1093","Aviceda subcristata",0,0,0,0,0,0,0,0,0,0,0,0,0,0
"1094","Avocettula recurvirostris",0,0,0,0,0,0,0,0,0,0,0,0,0,0
"1095","Aythya affinis",0,0,0,0,0,0,0,0,0,0,0,0,0,0
"1096","Aythya americana",0,0,0,0,0,0,0,0,0,0,0,0,0,0
"1097","Aythya australis",0,0,0,0,0,0,0,0,0,0,0,0,0,0
"1098","Aythya baeri",7,6,0,0,7,0,0,0,0,6,7,0,0,0
"1099","Aythya collaris",0,0,0,0,0,0,0,0,0,0,0,0,0,0
"1100","Aythya ferina",4,5,0,0,5,0,4,6,0,4,4,0,7,0
"1101","Aythya fuligula",0,0,0,0,0,0,0,0,0,0,0,0,0,0
"1102","Aythya innotata",0,4,0,0,5,0,5,0,4,7,4,0,5,0
"1103","Aythya marila",0,0,4,0,4,0,5,0,0,0,5,0,8,0
"1104","Aythya novaeseelandiae",0,0,0,0,0,0,0,0,0,0,0,0,0,0
"1105","Aythya nyroca",0,5,0,0,5,0,0,5,5,6,5,0,5,0
"1106","Aythya valisineria",0,0,0,0,0,0,0,0,0,0,0,0,0,0
"1107","Baeolophus atricristatus",0,0,0,0,0,0,0,0,0,0,0,0,0,0
"1108","Baeolophus bicolor",0,0,0,0,0,0,0,0,0,0,0,0,0,0
"1109","Baeolophus inornatus",0,0,0,0,0,0,0,0,0,0,0,0,0,0
"1110","Baeolophus ridgwayi",0,0,0,0,0,0,0,0,0,0,0,0,0,0
"1111","Baeolophus wollweberi",0,0,0,0,0,0,0,0,0,0,0,0,0,0
"1112","Baeopogon clamans",0,0,0,0,0,0,0,0,0,0,0,0,0,0
"1113","Baeopogon indicator",0,0,0,0,0,0,0,0,0,0,0,0,0,0
"1114","Balaeniceps rex",0,6,5,4,5,0,0,5,7,5,5,0,4,0
"1115","Balearica pavonina",0,5,6,0,7,0,0,7,7,0,5,0,5,0
"1116","Balearica regulorum",0,6,5,6,5,5,5,4,5,0,4,0,0,0
"1117","Bambusicola fytchii",0,0,0,0,0,0,0,0,0,0,0,0,0,0
"1118","Bambusicola sonorivox",0,0,0,0,0,0,0,0,0,0,0,0,0,0
"1119","Bambusicola thoracicus",0,0,0,0,0,0,0,0,0,0,0,0,0,0
"1120","Bangsia arcaei",0,6,0,0,0,6,0,0,6,0,0,0,0,0
"1121","Bangsia aureocincta",4,4,3,0,0,4,0,0,0,0,0,0,0,0
"1122","Bangsia edwardsi",0,0,0,0,0,0,0,0,0,0,0,0,0,0
"1123","Bangsia flavovirens",6,7,5,6,0,7,0,0,0,0,0,0,0,0
"1124","Bangsia melanochlamys",0,5,5,5,0,6,0,3,0,0,0,0,0,0
"1125","Bangsia rothschildi",0,0,0,0,0,0,0,0,0,0,0,0,0,0
"1126","Barnardius zonarius",0,0,0,0,0,0,0,0,0,0,0,0,0,0
"1127","Bartramia longicauda",0,0,0,0,0,0,0,0,0,0,0,0,0,0
"1128","Baryphthengus martii",0,0,0,0,0,0,0,0,0,0,0,0,0,0
"1129","Baryphthengus ruficapillus",0,0,0,0,0,0,0,0,0,0,0,0,0,0
"1130","Basileuterus auricapilla",0,0,0,0,0,0,0,0,0,0,0,0,0,0
"1131","Basileuterus belli",0,0,0,0,0,0,0,0,0,0,0,0,0,0
"1132","Basileuterus cabanisi",0,0,0,0,0,0,0,0,0,0,0,0,0,0
"1133","Basileuterus culicivorus",0,0,0,0,0,0,0,0,0,0,0,0,0,0
"1134","Basileuterus griseiceps",0,6,0,0,0,0,0,0,0,0,0,0,6,0
"1135","Basileuterus hypoleucus",0,0,0,0,0,0,0,0,0,0,0,0,0,0
"1136","Basileuterus ignotus",0,4,3,3,0,0,0,0,0,0,0,0,5,0
"1137","Basileuterus lachrymosus",0,0,0,0,0,0,0,0,0,0,0,0,0,0
"1138","Basileuterus melanogenys",0,0,0,0,0,0,0,0,0,0,0,0,0,0
"1139","Basileuterus melanotis",0,5,0,0,0,5,0,0,0,0,0,0,0,0
"1140","Basileuterus punctipectus",0,5,0,4,0,5,0,0,0,0,0,0,0,0
"1141","Basileuterus rufifrons",0,0,0,0,0,0,0,0,0,0,0,0,0,0
"1142","Basileuterus tacarcunae",0,0,0,0,0,0,0,0,0,0,0,0,0,0
"1143","Basileuterus trifasciatus",0,0,0,0,0,0,0,0,0,0,0,0,0,0
"1144","Basileuterus tristriatus",0,5,0,0,0,5,0,0,0,0,0,0,0,0
"1145","Basilinna leucotis",0,0,0,0,0,0,0,0,0,0,0,0,0,0
"1146","Basilinna xantusii",0,0,0,0,0,0,0,0,0,0,0,0,0,0
"1147","Basilornis celebensis",0,0,0,0,0,0,0,0,0,0,0,0,0,0
"1148","Basilornis corythaix",0,0,0,0,0,0,0,0,0,0,0,0,0,0
"1149","Basilornis galeatus",0,5,0,0,0,5,5,0,0,0,0,0,0,0
"1150","Batara cinerea",0,0,0,0,0,0,0,0,0,0,0,0,0,0
"1151","Bathmocercus cerviniventris",0,5,6,0,0,4,0,0,0,0,0,0,0,0
"1152","Bathmocercus rufus",0,0,0,0,0,0,0,0,0,0,0,0,0,0
"1153","Batis capensis",0,0,0,0,0,0,0,0,0,0,0,0,0,0
"1154","Batis crypta",0,0,0,0,0,0,0,0,0,0,0,0,0,0
"1155","Batis dimorpha",0,0,0,0,0,0,0,0,0,0,0,0,0,0
"1156","Batis diops",0,0,0,0,0,0,0,0,0,0,0,0,0,0
"1157","Batis erlangeri",0,0,0,0,0,0,0,0,0,0,0,0,0,0
"1158","Batis fratrum",0,0,0,0,0,0,0,0,0,0,0,0,0,0
"1159","Batis ituriensis",0,0,0,0,0,0,0,0,0,0,0,0,0,0
"1160","Batis margaritae",0,0,0,0,0,0,0,0,0,0,0,0,6,0
"1161","Batis minima",0,6,0,0,0,6,0,0,0,0,0,0,0,0
"1162","Batis minor",0,0,0,0,0,0,0,0,0,0,0,0,0,0
"1163","Batis minulla",0,0,0,0,0,0,0,0,0,0,0,0,0,0
"1164","Batis mixta",0,0,0,0,0,0,0,0,0,0,0,0,0,0
"1165","Batis molitor",0,0,0,0,0,0,0,0,0,0,0,0,0,0
"1166","Batis occulta",0,0,0,0,0,0,0,0,0,0,0,0,0,0
"1167","Batis orientalis",0,0,0,0,0,0,0,0,0,0,0,0,0,0
"1168","Batis perkeo",0,0,0,0,0,0,0,0,0,0,0,0,0,0
"1169","Batis poensis",0,0,0,0,0,0,0,0,0,0,0,0,0,0
"1170","Batis pririt",0,0,0,0,0,0,0,0,0,0,0,0,0,0
"1171","Batis reichenowi",0,6,0,0,0,0,0,0,0,0,0,0,0,0
"1172","Batis senegalensis",0,0,0,0,0,0,0,0,0,0,0,0,0,0
"1173","Batis soror",0,0,0,0,0,0,0,0,0,0,0,0,0,0
"1174","Batrachostomus auritus",0,6,0,0,0,6,0,0,5,0,0,0,0,0
"1175","Batrachostomus cornutus",0,0,0,0,0,0,0,0,0,0,0,0,0,0
"1176","Batrachostomus harterti",0,5,0,0,0,5,0,0,0,0,0,0,0,0
"1177","Batrachostomus hodgsoni",0,0,0,0,0,0,0,0,0,0,0,0,0,0
"1178","Batrachostomus javensis",0,0,0,0,0,0,0,0,0,0,0,0,0,0
"1179","Batrachostomus mixtus",0,5,0,0,0,6,0,0,0,0,0,0,0,0
"1180","Batrachostomus moniliger",0,0,0,0,0,0,0,0,0,0,0,0,0,0
"1181","Batrachostomus poliolophus",0,5,0,0,0,4,0,0,0,0,0,0,0,0
"1182","Batrachostomus septimus",0,0,0,0,0,0,0,0,0,0,0,0,0,0
"1183","Batrachostomus stellatus",0,5,0,0,0,5,0,0,5,0,0,0,0,0
"1184","Belocercus longicaudus",0,6,0,0,7,6,0,0,5,0,0,0,0,0
"1185","Berenicornis comatus",0,7,0,0,6,6,0,0,5,0,0,0,0,0
"1186","Berlepschia rikeri",0,0,0,0,0,0,0,0,0,0,0,0,0,0
"1187","Bermuteo avivorus",0,0,0,0,4,0,0,0,0,4,0,0,0,0
"1188","Bernieria madagascariensis",0,0,0,0,0,0,0,0,0,0,0,0,0,0
"1189","Bias musicus",0,0,0,0,0,0,0,0,0,0,0,0,0,0
"1190","Biatas nigropectus",6,6,5,5,0,5,0,0,0,0,0,0,0,0
"1191","Biziura lobata",0,0,0,0,0,0,0,0,0,0,0,0,6,0
"1192","Bleda canicapillus",0,0,0,0,0,0,0,0,0,0,0,0,0,0
"1193","Bleda eximius",5,7,0,0,0,7,0,0,0,0,0,0,0,0
"1194","Bleda notatus",0,0,0,0,0,0,0,0,0,0,0,0,0,0
"1195","Bleda syndactylus",0,0,0,0,0,0,0,0,0,0,0,0,0,0
"1196","Bleda ugandae",0,0,0,0,0,0,0,0,0,0,0,0,0,0
"1197","Blythipicus pyrrhotis",0,0,0,0,0,0,0,0,0,0,0,0,0,0
"1198","Blythipicus rubiginosus",0,0,0,0,0,0,0,0,0,0,0,0,0,0
"1199","Bocagia minuta",0,0,0,0,0,0,0,0,0,0,0,0,0,0
"1200","Boissonneaua flavescens",0,0,0,0,0,0,0,0,0,0,0,0,0,0
"1201","Boissonneaua jardini",0,0,0,0,0,0,0,0,0,0,0,0,0,0
"1202","Boissonneaua matthewsii",0,0,0,0,0,0,0,0,0,0,0,0,0,0
"1203","Bolbopsittacus lunulatus",0,0,0,0,0,0,0,0,0,0,0,0,0,0
"1204","Bolborhynchus ferrugineifrons",0,6,0,0,4,4,0,0,6,0,0,0,0,0
"1205","Bolborhynchus lineola",0,0,0,0,0,0,0,0,0,0,0,0,0,0
"1206","Bolborhynchus orbygnesius",0,0,0,0,0,0,0,0,0,0,0,0,0,0
"1207","Bolemoreus frenatus",0,0,0,0,0,0,0,0,0,0,0,0,6,0
"1208","Bolemoreus hindwoodi",0,0,0,0,0,4,0,0,7,0,0,0,8,0
"1209","Bombycilla cedrorum",0,0,0,0,0,0,0,0,0,0,0,0,0,0
"1210","Bombycilla garrulus",0,0,0,0,0,0,0,0,0,0,0,0,0,0
"1211","Bombycilla japonica",0,0,0,5,6,5,0,0,0,0,0,0,0,0
"1212","Bonasa umbellus",0,0,0,0,0,0,0,0,0,0,0,0,0,0
"1213","Bostrychia bocagei",0,5,0,4,7,6,0,0,5,7,0,0,0,0
"1214","Bostrychia carunculata",0,8,0,0,0,8,0,8,8,0,8,0,8,0
"1215","Bostrychia hagedash",0,0,0,0,5,0,0,0,0,0,0,0,4,0
"1216","Bostrychia olivacea",0,0,0,0,0,0,0,0,0,0,0,0,0,0
"1217","Bostrychia rara",0,0,0,0,0,6,0,0,0,0,0,0,0,0
"1218","Botaurus lentiginosus",0,0,0,0,0,0,0,0,0,0,0,0,0,0
"1219","Botaurus pinnatus",0,0,0,0,0,0,0,0,0,0,0,0,0,0
"1220","Botaurus poiciloptilus",0,5,0,4,4,0,0,4,6,4,0,0,7,0
"1221","Botaurus stellaris",0,0,0,0,0,0,0,0,0,0,0,0,0,0
"1222","Brachycope anomala",0,0,0,0,0,0,0,0,0,0,0,0,0,0
"1223","Brachygalba albogularis",0,0,0,0,0,0,0,0,0,0,0,0,0,0
"1224","Brachygalba goeringi",0,0,0,0,0,0,0,0,0,0,0,0,0,0
"1225","Brachygalba lugubris",0,0,0,0,0,0,0,0,0,0,0,0,0,0
"1226","Brachygalba salmoni",0,0,0,0,0,0,0,0,0,0,0,0,0,0
"1227","Brachypodius atriceps",0,0,0,0,0,0,0,0,0,0,0,0,0,0
"1228","Brachypodius fuscoflavescens",5,5,0,0,0,5,0,0,0,0,0,0,0,0
"1229","Brachypodius priocephalus",5,6,0,0,0,6,0,0,5,0,0,0,0,0
"1230","Brachypteracias leptosomus",0,7,0,0,6,5,0,0,0,0,0,0,6,0
"1231","Brachypteryx cruralis",0,0,0,0,0,0,0,0,0,0,0,0,0,0
"1232","Brachypteryx erythrogyna",0,0,0,0,0,0,0,0,0,0,0,0,0,0
"1233","Brachypteryx floris",0,0,0,0,0,0,0,0,0,0,0,0,0,0
"1234","Brachypteryx goodfellowi",0,0,0,0,0,0,0,0,0,0,0,0,0,0
"1235","Brachypteryx hyperythra",0,5,0,0,0,5,0,0,0,0,0,0,0,0
"1236","Brachypteryx leucophris",0,0,0,0,0,0,0,0,0,0,0,0,0,0
"1237","Brachypteryx montana",0,0,0,0,0,0,0,0,0,0,0,0,0,0
"1238","Brachypteryx poliogyna",0,0,0,0,0,0,0,0,0,0,0,0,0,0
"1239","Brachypteryx saturata",0,0,0,0,0,0,0,0,0,0,0,0,0,0
"1240","Brachypteryx sinensis",0,0,0,0,0,0,0,0,0,0,0,0,0,0
"1241","Brachyramphus brevirostris",0,0,0,0,0,0,6,5,0,5,6,0,8,0
"1242","Brachyramphus marmoratus",0,0,0,0,0,8,6,6,0,6,6,0,4,0
"1243","Brachyramphus perdix",0,0,0,0,0,5,5,0,0,0,5,0,0,0
"1244","Bradornis comitatus",0,0,0,0,0,0,0,0,0,0,0,0,0,0
"1245","Bradornis mariquensis",0,0,0,0,0,0,0,0,0,0,0,0,0,0
"1246","Bradornis microrhynchus",0,0,0,0,0,0,0,0,0,0,0,0,0,0
"1247","Bradypterus baboecala",0,0,0,0,0,0,0,0,0,0,0,0,0,0
"1248","Bradypterus bangwaensis",0,7,0,0,0,7,0,0,0,0,0,0,0,0
"1249","Bradypterus barratti",0,0,0,0,0,0,0,0,0,0,0,0,6,0
"1250","Bradypterus brunneus",0,7,0,0,0,7,0,0,0,0,0,0,0,0
"1251","Bradypterus carpalis",0,0,0,0,0,0,0,0,0,0,0,0,0,0
"1252","Bradypterus centralis",0,0,0,0,0,0,0,0,0,0,0,0,0,0
"1253","Bradypterus cinnamomeus",0,0,0,0,0,0,0,0,0,0,0,0,0,0
"1254","Bradypterus grandis",0,0,0,0,0,4,0,0,4,0,0,0,0,0
"1255","Bradypterus graueri",0,6,4,0,0,5,0,0,0,0,0,0,5,0
"1256","Bradypterus lopezi",0,0,0,0,0,0,0,0,0,0,0,0,0,0
"1257","Bradypterus seebohmi",0,0,0,0,0,0,0,0,0,0,0,0,0,0
"1258","Bradypterus sylvaticus",0,0,0,0,0,6,0,0,4,0,0,0,7,0
"1259","Branta bernicla",4,0,0,4,4,0,0,0,0,4,0,0,8,0
"1260","Branta canadensis",0,0,0,0,0,0,0,0,0,0,0,0,6,0
"1261","Branta hutchinsii",0,0,0,0,0,0,0,0,0,0,0,0,0,0
"1262","Branta leucopsis",0,0,0,0,0,0,0,0,0,0,0,0,6,0
"1263","Branta ruficollis",0,0,6,0,6,0,4,6,0,0,0,0,5,0
"1264","Branta sandvicensis",4,4,4,0,5,0,0,4,0,5,0,4,5,0
"1265","Brotogeris chiriri",0,0,0,0,0,0,0,0,0,0,0,0,0,0
"1266","Brotogeris chrysoptera",0,0,0,0,0,0,0,0,0,0,0,0,0,0
"1267","Brotogeris cyanoptera",0,0,0,0,0,0,0,0,0,0,0,0,0,0
"1268","Brotogeris jugularis",0,0,0,0,0,0,0,0,0,0,0,0,0,0
"1269","Brotogeris pyrrhoptera",0,6,0,0,7,6,0,0,0,0,0,0,0,0
"1270","Brotogeris sanctithomae",0,0,0,0,0,0,0,0,0,0,0,0,0,0
"1271","Brotogeris tirica",0,0,0,0,0,0,0,0,0,0,0,0,0,0
"1272","Brotogeris versicolurus",0,0,0,0,0,0,0,0,0,0,0,0,0,0
"1273","Brunhilda charmosyna",0,0,0,0,0,0,0,0,0,0,0,0,0,0
"1274","Brunhilda erythronotos",0,0,0,0,0,0,0,0,0,0,0,0,0,0
"1275","Bubalornis albirostris",0,0,0,0,0,0,0,0,0,0,0,0,0,0
"1276","Bubalornis niger",0,0,0,0,0,0,0,0,0,0,0,0,0,0
"1277","Bubo africanus",0,0,0,4,4,0,0,4,0,0,0,0,0,0
"1278","Bubo ascalaphus",0,0,0,0,0,0,0,0,0,0,0,0,0,0
"1279","Bubo bengalensis",0,0,0,0,0,0,0,0,0,0,0,0,0,0
"1280","Bubo blakistoni",5,7,0,5,5,7,5,5,5,0,5,0,0,0
"1281","Bubo bubo",0,0,0,0,0,0,0,0,0,0,0,0,0,0
"1282","Bubo capensis",0,0,0,0,0,0,0,0,0,0,0,0,0,0
"1283","Bubo cinerascens",0,0,0,0,0,0,0,0,0,0,0,0,0,0
"1284","Bubo coromandus",0,0,0,0,0,0,0,0,0,0,0,0,0,0
"1285","Bubo lacteus",0,0,0,0,0,0,0,0,0,0,0,0,0,0
"1286","Bubo leucostictus",0,0,0,0,0,0,0,0,0,0,0,0,0,0
"1287","Bubo magellanicus",0,0,0,0,0,0,0,0,0,0,0,0,0,0
"1288","Bubo milesi",0,0,0,4,0,0,0,0,0,0,0,0,0,0
"1289","Bubo nipalensis",0,0,0,0,0,0,0,0,0,0,0,0,0,0
"1290","Bubo philippensis",0,8,5,0,7,8,0,0,0,0,0,4,4,0
"1291","Bubo poensis",0,0,0,0,0,0,0,0,0,0,0,0,0,0
"1292","Bubo scandiacus",4,0,0,7,5,0,7,0,0,0,4,0,7,0
"1293","Bubo shelleyi",0,6,0,0,5,6,0,0,0,0,0,0,0,0
"1294","Bubo sumatranus",0,7,0,0,6,0,0,0,0,0,0,0,0,0
"1295","Bubo virginianus",0,0,0,0,0,0,0,0,0,0,0,0,0,0
"1296","Bubulcus ibis",0,0,0,0,0,0,0,0,0,0,0,0,0,0
"1297","Bucanetes githagineus",0,0,0,0,0,0,0,0,0,0,0,0,0,0
"1298","Bucanetes mongolicus",0,0,0,0,0,0,0,0,0,0,0,0,0,0
"1299","Buccanodon dowsetti",0,0,0,0,0,0,0,0,0,0,0,0,0,0
"1300","Buccanodon duchaillui",0,0,0,0,0,0,0,0,0,0,0,0,0,0
"1301","Bucco capensis",0,0,0,0,0,0,0,0,0,0,0,0,0,0
"1302","Bucephala albeola",0,0,0,0,0,0,0,0,0,0,0,0,0,0
"1303","Bucephala clangula",0,4,0,0,4,0,0,0,0,4,6,0,0,0
"1304","Bucephala islandica",5,4,0,0,4,0,0,0,5,5,4,0,6,0
"1305","Buceros bicornis",5,6,0,0,6,6,0,0,0,0,0,0,0,0
"1306","Buceros hydrocorax",0,6,0,0,6,6,0,0,0,0,0,0,0,0
"1307","Buceros mindanensis",0,6,0,0,6,6,0,0,0,0,0,0,0,0
"1308","Buceros rhinoceros",0,6,0,0,6,6,0,0,0,0,0,0,0,0
"1309","Bucorvus abyssinicus",5,5,0,5,5,5,0,0,0,0,0,0,0,0
"1310","Bucorvus leadbeateri",0,6,0,5,6,6,0,7,5,5,7,0,7,0
"1311","Bugeranus carunculatus",0,5,6,5,5,4,0,5,5,5,5,0,4,0
"1312","Bulweria bifax",0,0,0,0,5,0,0,0,0,5,0,0,0,0
"1313","Bulweria bulwerii",4,0,0,0,5,0,7,0,0,6,7,0,0,0
"1314","Bulweria fallax",0,0,0,0,2,0,0,0,0,5,8,0,0,0
"1315","Buphagus africanus",0,0,0,0,0,0,0,0,0,0,0,0,0,0
"1316","Buphagus erythrorynchus",0,0,0,0,0,0,0,0,0,0,0,0,0,0
"1317","Burhinus bistriatus",0,0,0,0,0,0,0,0,0,0,0,0,0,0
"1318","Burhinus capensis",0,0,0,0,0,0,0,0,0,0,0,0,0,0
"1319","Burhinus grallarius",5,5,0,5,0,5,0,0,0,5,5,0,0,0
"1320","Burhinus indicus",0,0,0,0,0,0,0,0,0,0,0,0,0,0
"1321","Burhinus oedicnemus",0,0,0,0,0,0,0,0,0,0,0,0,0,0
"1322","Burhinus senegalensis",0,0,0,0,0,0,0,0,4,0,0,0,0,0
"1323","Burhinus superciliaris",0,0,0,0,0,0,0,0,0,0,0,0,0,0
"1324","Burhinus vermiculatus",0,0,0,0,0,0,0,0,0,0,0,0,0,0
"1325","Busarellus nigricollis",0,0,0,0,0,0,0,0,0,0,0,0,0,0
"1326","Butastur indicus",5,5,0,0,5,5,0,0,5,0,0,0,0,0
"1327","Butastur liventer",0,0,0,0,0,0,0,0,0,0,0,0,0,0
"1328","Butastur rufipennis",0,6,0,0,4,6,0,0,0,0,7,0,4,0
"1329","Butastur teesa",0,0,0,0,0,0,0,0,0,0,0,0,0,0
"1330","Buteo albigula",0,0,0,0,0,0,0,0,0,0,0,0,0,0
"1331","Buteo albonotatus",0,0,0,0,0,0,0,0,0,0,0,0,0,0
"1332","Buteo augur",0,0,0,0,0,0,0,0,0,0,0,0,0,0
"1333","Buteo auguralis",0,4,0,0,6,4,0,0,0,0,0,0,0,0
"1334","Buteo brachypterus",0,0,0,0,0,0,0,0,0,0,0,0,0,0
"1335","Buteo brachyurus",0,0,0,0,0,0,0,0,0,0,0,0,0,0
"1336","Buteo buteo",0,5,4,4,6,0,0,0,0,0,5,0,0,0
"1337","Buteo galapagoensis",0,5,0,0,3,0,0,0,3,4,0,0,0,0
"1338","Buteo hemilasius",0,5,0,4,0,0,0,0,0,0,4,0,0,4
"1339","Buteo jamaicensis",0,0,0,0,0,0,0,0,0,0,0,0,0,0
"1340","Buteo japonicus",4,0,0,4,4,0,0,0,0,4,0,0,0,0
"1341","Buteo lagopus",0,4,0,5,5,0,0,0,0,0,2,0,6,0
"1342","Buteo lineatus",0,0,0,0,0,0,0,0,0,0,0,0,0,0
"1343","Buteo nitidus",0,0,0,0,0,0,0,0,0,0,0,0,0,0
"1344","Buteo oreophilus",0,6,0,0,0,6,0,0,0,4,0,0,0,0
"1345","Buteo plagiatus",0,0,0,0,0,0,0,0,0,0,0,0,0,0
"1346","Buteo platypterus",0,0,0,0,0,0,0,0,0,0,0,0,0,0
"1347","Buteo refectus",0,0,0,0,0,0,0,0,0,0,0,0,0,0
"1348","Buteo regalis",0,6,4,0,0,0,0,0,5,6,0,0,0,0
"1349","Buteo ridgwayi",0,8,0,6,6,6,0,5,0,6,0,0,5,0
"1350","Buteo rufinus",0,6,5,5,4,4,0,4,4,0,4,0,7,0
"1351","Buteo rufofuscus",0,0,0,0,0,0,0,0,0,0,0,0,6,0
"1352","Buteo socotraensis",0,7,0,7,7,7,0,0,0,7,7,0,7,0
"1353","Buteo solitarius",4,4,0,5,5,4,0,4,4,5,0,0,5,0
"1354","Buteo swainsoni",0,0,0,0,0,0,0,0,0,0,0,0,0,0
"1355","Buteo trizonatus",0,4,0,0,0,0,0,0,0,0,0,0,0,0
"1356","Buteo ventralis",0,6,0,0,5,6,0,0,0,0,0,0,0,0
"1357","Buteogallus aequinoctialis",5,5,0,0,0,5,0,0,0,0,0,0,0,0
"1358","Buteogallus anthracinus",0,0,0,0,0,0,0,0,0,0,0,0,0,0
"1359","Buteogallus coronatus",5,6,0,0,5,0,0,0,0,5,0,0,0,0
"1360","Buteogallus gundlachii",5,0,0,0,0,5,0,0,5,0,4,0,0,0
"1361","Buteogallus lacernulatus",6,6,0,5,5,0,0,0,0,0,0,0,0,0
"1362","Buteogallus meridionalis",0,0,0,0,0,0,0,0,0,0,0,0,0,0
"1363","Buteogallus schistaceus",0,0,0,0,0,0,0,0,0,0,0,0,0,0
"1364","Buteogallus solitarius",0,6,0,0,5,5,0,0,0,0,0,0,4,0
"1365","Buteogallus urubitinga",0,0,0,0,0,0,0,0,0,0,0,0,0,0
"1366","Buthraupis montana",0,0,0,0,0,0,0,0,0,0,0,0,0,0
"1367","Butorides striata",0,0,0,0,0,0,0,0,0,0,0,0,0,0
"1368","Bycanistes albotibialis",0,0,0,0,0,0,0,0,0,0,0,0,0,0
"1369","Bycanistes brevis",0,0,0,0,0,0,0,0,0,0,0,0,0,0
"1370","Bycanistes bucinator",0,0,0,0,0,0,0,0,0,0,0,0,0,0
"1371","Bycanistes cylindricus",0,6,0,0,6,6,0,0,0,0,0,0,0,0
"1372","Bycanistes fistulator",0,0,0,0,0,0,0,0,0,0,0,0,0,0
"1373","Bycanistes sharpii",0,0,0,0,0,0,0,0,0,0,0,0,0,0
"1374","Bycanistes subcylindricus",0,0,0,0,0,0,0,0,0,0,0,0,0,0
"1375","Cabalus modestus",0,6,0,0,0,0,0,0,0,5,0,0,0,0
"1376","Cacatua alba",0,5,4,0,7,7,0,0,0,0,0,0,0,0
"1377","Cacatua citrinocristata",0,5,0,0,9,7,0,0,0,5,0,0,0,0
"1378","Cacatua ducorpsii",0,0,0,0,0,0,0,0,0,0,0,0,0,0
"1379","Cacatua galerita",0,0,0,0,0,0,0,0,0,0,0,0,0,0
"1380","Cacatua goffiniana",0,5,0,0,5,5,0,0,0,4,0,0,0,0
"1381","Cacatua haematuropygia",3,6,0,0,6,6,0,6,0,5,0,0,6,0
"1382","Cacatua leadbeateri",0,0,0,0,0,0,0,0,0,0,0,0,0,0
"1383","Cacatua moluccensis",5,5,5,0,7,6,0,0,0,0,0,0,0,0
"1384","Cacatua ophthalmica",0,7,0,0,7,6,0,0,0,0,0,0,0,0
"1385","Cacatua pastinator",0,0,0,0,0,0,0,0,0,0,0,0,0,0
"1386","Cacatua sanguinea",0,0,0,0,0,0,0,0,0,0,0,0,0,0
"1387","Cacatua sulphurea",0,5,0,0,8,6,0,0,0,5,6,0,0,0
"1388","Cacatua tenuirostris",0,0,0,0,0,0,0,0,0,0,0,0,6,0
"1389","Cacicus cela",0,0,0,0,0,0,0,0,0,0,0,0,0,0
"1390","Cacicus chrysonotus",0,0,0,0,0,0,0,0,0,0,0,0,0,0
"1391","Cacicus chrysopterus",0,0,0,0,0,0,0,0,0,0,0,0,0,0
"1392","Cacicus flavicrissus",0,0,0,0,0,0,0,0,0,0,0,0,0,0
"1393","Cacicus haemorrhous",0,0,0,0,0,0,0,0,0,0,0,0,0,0
"1394","Cacicus koepckeae",0,4,0,0,0,0,0,0,0,0,0,0,0,0
"1395","Cacicus latirostris",0,0,0,0,0,0,0,0,0,0,0,0,0,0
"1396","Cacicus microrhynchus",0,0,0,0,0,0,0,0,0,0,0,0,0,0
"1397","Cacicus oseryi",0,0,0,0,0,0,0,0,0,0,0,0,0,0
"1398","Cacicus pacificus",0,0,0,0,0,0,0,0,0,0,0,0,0,0
"1399","Cacicus sclateri",0,0,0,0,0,0,0,0,0,0,0,0,0,0
"1400","Cacicus solitarius",0,0,0,0,0,0,0,0,0,0,0,0,0,0
"1401","Cacicus uropygialis",0,0,0,0,0,0,0,0,0,0,0,0,0,0
"1402","Cacomantis aeruginosus",0,6,0,0,0,5,0,0,0,0,0,0,6,0
"1403","Cacomantis castaneiventris",0,0,0,0,0,0,0,0,0,0,0,0,0,0
"1404","Cacomantis flabelliformis",0,0,0,0,0,0,0,0,0,0,0,0,0,0
"1405","Cacomantis merulinus",0,0,0,0,0,0,0,0,0,0,0,0,0,0
"1406","Cacomantis passerinus",0,0,0,0,0,0,0,0,0,0,0,0,0,0
"1407","Cacomantis sonneratii",0,0,0,0,0,0,0,0,0,0,0,0,0,0
"1408","Cacomantis variolosus",0,0,0,0,0,0,0,0,0,0,0,0,0,0
"1409","Cairina moschata",0,0,0,0,0,0,0,0,0,0,0,0,0,0
"1410","Calamanthus campestris",0,0,0,0,0,0,0,0,0,0,0,0,0,0
"1411","Calamanthus fuliginosus",0,0,0,0,0,0,0,0,0,0,0,0,6,0
"1412","Calamanthus montanellus",0,0,0,0,0,0,0,0,0,0,0,0,0,0
"1413","Calamonastes fasciolatus",0,0,0,0,0,0,0,0,0,0,0,0,0,0
"1414","Calamonastes simplex",0,0,0,0,0,0,0,0,0,0,0,0,0,0
"1415","Calamonastes stierlingi",0,0,0,0,0,0,0,0,0,0,0,0,0,0
"1416","Calamonastes undosus",0,0,0,0,0,0,0,0,0,0,0,0,0,0
"1417","Calamonastides bensoni",0,6,0,0,0,6,0,0,5,0,0,0,0,0
"1418","Calamonastides gracilirostris",5,6,0,0,0,6,0,0,5,5,0,0,0,0
"1419","Calamospiza melanocorys",0,0,0,0,0,0,0,0,0,0,0,0,0,0
"1420","Calandrella acutirostris",0,0,0,0,0,0,0,0,0,0,0,0,0,0
"1421","Calandrella blanfordi",0,0,0,0,0,0,0,0,0,0,0,0,0,0
"1422","Calandrella brachydactyla",0,0,0,0,0,0,0,0,0,0,0,0,0,0
"1423","Calandrella cinerea",0,0,0,0,0,0,0,0,0,0,0,0,0,0
"1424","Calandrella dukhunensis",5,6,0,0,0,0,0,0,0,0,0,0,0,0
"1425","Calandrella eremica",0,0,0,0,0,0,0,0,0,0,0,0,0,0
"1426","Calcarius lapponicus",0,0,0,0,0,0,0,0,0,0,0,0,6,0
"1427","Calcarius ornatus",7,6,0,4,0,0,0,4,0,6,7,0,0,0
"1428","Calcarius pictus",0,0,0,0,0,0,0,0,0,0,0,0,6,0
"1429","Calendulauda africanoides",0,0,0,0,0,0,0,0,0,0,0,0,0,0
"1430","Calendulauda albescens",0,0,0,0,0,0,0,0,0,0,0,0,6,0
"1431","Calendulauda burra",0,6,0,0,0,0,0,0,0,6,0,0,6,0
"1432","Calendulauda erythrochlamys",0,0,0,0,0,0,0,0,0,0,0,0,6,0
"1433","Calendulauda gilletti",0,0,0,0,0,0,0,0,0,0,0,0,0,0
"1434","Calendulauda poecilosterna",0,0,0,0,0,0,0,0,0,0,0,0,0,0
"1435","Calendulauda rufa",0,0,0,0,0,0,0,0,0,0,0,0,0,0
"1436","Calendulauda sabota",0,0,0,0,0,0,0,0,0,0,0,0,0,0
"1437","Calherodius leuconotus",0,5,0,0,0,0,0,0,5,0,5,0,0,0
"1438","Calicalicus madagascariensis",0,0,0,0,0,6,0,0,0,0,0,0,0,0
"1439","Calicalicus rufocarpalis",0,5,0,0,0,5,0,0,0,0,0,0,0,0
"1440","Calidris acuminata",0,5,0,0,4,0,0,0,0,4,4,0,6,0
"1441","Calidris alba",0,0,0,0,0,0,0,0,0,0,0,0,6,0
"1442","Calidris alpina",0,3,0,0,0,5,0,5,4,5,3,0,6,0
"1443","Calidris bairdii",0,0,0,0,0,0,0,0,0,0,0,0,6,0
"1444","Calidris canutus",5,5,0,0,6,0,5,5,0,6,5,0,6,0
"1445","Calidris falcinellus",0,0,0,0,0,0,5,0,4,0,0,0,6,0
"1446","Calidris ferruginea",5,5,0,4,5,0,5,4,5,4,0,0,6,0
"1447","Calidris fuscicollis",0,0,0,0,0,0,0,0,0,0,0,0,6,0
"1448","Calidris himantopus",0,0,0,0,0,0,0,0,0,0,0,0,6,0
"1449","Calidris maritima",0,0,0,0,0,0,0,0,0,0,0,0,6,0
"1450","Calidris mauri",0,0,0,0,0,0,0,0,0,0,0,0,6,0
"1451","Calidris melanotos",0,0,0,0,0,0,0,0,0,0,0,0,6,0
"1452","Calidris minuta",0,0,0,0,5,0,0,0,5,5,0,0,6,0
"1453","Calidris minutilla",0,0,0,0,0,0,0,0,0,0,0,0,6,0
"1454","Calidris ptilocnemis",0,0,0,0,0,0,0,0,0,0,0,0,6,0
"1455","Calidris pugnax",0,0,0,0,0,0,0,0,0,0,0,0,6,0
"1456","Calidris pusilla",0,0,4,0,7,0,6,0,0,7,4,0,6,0
"1457","Calidris pygmaea",8,5,6,0,7,0,0,7,0,6,6,0,5,0
"1458","Calidris ruficollis",6,6,0,0,0,0,0,0,0,0,5,0,6,0
"1459","Calidris subminuta",0,0,0,0,0,0,0,0,0,0,0,0,6,0
"1460","Calidris subruficollis",7,7,7,0,6,0,0,0,0,0,7,0,7,0
"1461","Calidris temminckii",0,0,0,0,0,0,0,0,0,5,0,0,6,0
"1462","Calidris tenuirostris",7,6,6,0,5,0,0,0,6,5,5,0,6,0
"1463","Calidris virgata",0,0,0,0,0,0,0,0,0,0,0,0,6,0
"1464","Caliechthrus leucolophus",0,0,0,0,0,0,0,0,0,0,0,0,0,0
"1465","Caligavis chrysops",0,0,0,0,0,0,0,0,0,0,0,0,5,0
"1466","Caligavis obscura",0,0,0,0,0,0,0,0,0,0,0,0,0,0
"1467","Caligavis subfrenata",0,0,0,0,0,0,0,0,0,0,0,0,0,0
"1468","Callacanthis burtoni",0,0,0,0,0,0,0,0,0,0,0,0,0,0
"1469","Callaeas cinereus",0,2,0,0,0,2,0,0,0,6,0,0,0,0
"1470","Callaeas wilsoni",0,2,0,0,0,2,0,0,0,5,0,0,0,0
"1471","Calliope calliope",0,0,0,0,0,0,0,0,0,0,0,0,0,0
"1472","Calliope obscura",5,6,0,5,0,6,0,0,0,0,0,0,0,0
"1473","Calliope pectardens",0,5,0,0,0,7,0,0,0,0,0,0,0,0
"1474","Calliope pectoralis",0,0,0,0,0,0,0,0,0,0,0,0,0,0
"1475","Calliope tschebaiewi",0,0,0,0,0,0,0,0,0,0,0,0,0,0
"1476","Callipepla californica",0,0,0,0,0,0,0,0,0,0,0,0,0,0
"1477","Callipepla douglasii",0,0,0,0,0,0,0,0,0,0,0,0,0,0
"1478","Callipepla gambelii",0,0,0,0,0,0,0,0,0,0,0,0,0,0
"1479","Callipepla squamata",0,0,0,0,0,0,0,0,0,0,0,0,0,0
"1480","Calliphlox amethystina",0,0,0,0,0,0,0,0,0,0,0,0,0,0
"1481","Callocephalon fimbriatum",4,0,0,0,0,6,0,0,6,7,0,0,8,0
"1482","Callonetta leucophrys",0,0,0,0,0,0,0,0,0,0,0,0,0,0
"1483","Calochaetes coccineus",0,0,0,0,0,0,0,0,0,0,0,0,0,0
"1484","Caloenas maculata",0,0,0,0,0,0,0,0,0,0,0,0,0,0
"1485","Caloenas nicobarica",0,6,0,0,6,0,0,0,0,5,0,0,0,0
"1486","Calonectris borealis",0,0,0,0,4,0,6,0,0,5,4,0,0,0
"1487","Calonectris diomedea",6,0,0,0,0,0,7,0,0,6,5,0,0,0
"1488","Calonectris edwardsii",0,0,0,0,3,0,0,0,0,6,0,0,0,0
"1489","Calonectris leucomelas",0,0,0,0,7,0,7,5,0,6,6,0,6,0
"1490","Caloperdix oculeus",0,0,0,0,5,0,0,0,0,0,0,0,0,0
"1491","Caloramphus fuliginosus",0,0,0,0,0,0,0,0,0,0,0,0,0,0
"1492","Caloramphus hayii",0,5,0,0,0,5,0,0,0,0,0,0,0,0
"1493","Calothorax lucifer",0,0,0,0,0,0,0,0,0,0,0,0,0,0
"1494","Calothorax pulcher",0,0,0,0,0,0,0,0,0,0,0,0,0,0
"1495","Calypte anna",0,0,0,0,0,0,0,0,0,0,0,0,0,0
"1496","Calypte costae",0,0,0,0,0,0,0,0,0,0,0,0,0,0
"1497","Calyptocichla serinus",0,0,0,0,0,0,0,0,0,0,0,0,0,0
"1498","Calyptomena hosii",0,5,0,0,0,5,0,0,0,0,0,0,0,0
"1499","Calyptomena viridis",0,6,0,0,5,6,0,0,6,0,0,0,0,0
"1500","Calyptomena whiteheadi",0,0,0,0,0,0,0,0,0,0,0,0,0,0
"1501","Calyptophilus frugivorus",0,6,0,0,0,6,0,0,0,0,0,0,0,0
"1502","Calyptophilus tertius",0,6,0,0,0,6,0,0,0,6,0,0,0,0
"1503","Calyptorhynchus banksii",0,0,0,0,0,0,0,0,0,0,0,0,0,0
"1504","Calyptorhynchus lathami",5,6,0,0,0,0,0,0,7,7,0,0,6,0
"1505","Calyptura cristata",0,5,0,0,0,5,0,0,0,0,0,0,6,0
"1506","Camaroptera brachyura",0,0,0,0,0,0,0,0,0,0,0,0,0,0
"1507","Camaroptera chloronota",0,0,0,0,0,0,0,0,0,0,0,0,0,0
"1508","Camaroptera harterti",0,0,0,0,0,0,0,0,0,0,0,0,0,0
"1509","Camaroptera superciliaris",0,0,0,0,0,0,0,0,0,0,0,0,0,0
"1510","Camaroptera toroensis",0,0,0,0,0,0,0,0,0,0,0,0,0,0
"1511","Campephaga flava",0,0,0,0,0,0,0,0,0,0,0,0,0,0
"1512","Campephaga petiti",0,0,0,0,0,0,0,0,0,0,0,0,0,0
"1513","Campephaga phoenicea",0,0,0,0,0,0,0,0,0,0,0,0,0,0
"1514","Campephaga quiscalina",0,0,0,0,0,0,0,0,0,0,0,0,0,0
"1515","Campephilus gayaquilensis",0,6,0,0,4,6,0,0,0,0,0,0,0,0
"1516","Campephilus guatemalensis",0,0,0,0,0,0,0,0,0,0,0,0,0,0
"1517","Campephilus haematogaster",0,0,0,0,0,0,0,0,0,0,0,0,0,0
"1518","Campephilus imperialis",0,0,0,0,3,8,0,0,0,0,0,0,6,0
"1519","Campephilus leucopogon",0,0,0,0,0,0,0,0,0,0,0,0,0,0
"1520","Campephilus magellanicus",0,0,0,0,0,0,0,0,0,0,0,0,6,0
"1521","Campephilus melanoleucos",0,0,0,0,0,0,0,0,0,0,0,0,0,0
"1522","Campephilus pollens",0,0,0,0,0,0,0,0,0,0,0,0,0,0
"1523","Campephilus principalis",0,7,0,0,6,7,0,0,0,0,0,0,6,0
"1524","Campephilus robustus",0,0,0,0,0,0,0,0,0,0,0,0,0,0
"1525","Campephilus rubricollis",0,0,0,0,0,0,0,0,0,0,0,0,0,0
"1526","Campephilus splendens",5,5,5,0,0,5,0,0,0,0,0,0,0,0
"1527","Campethera abingoni",0,0,0,0,0,0,0,0,0,0,0,0,0,0
"1528","Campethera bennettii",0,0,0,0,0,0,0,0,0,0,0,0,0,0
"1529","Campethera cailliautii",0,0,0,0,0,0,0,0,0,0,0,0,0,0
"1530","Campethera maculosa",0,0,0,0,0,0,0,0,0,0,0,0,0,0
"1531","Campethera mombassica",0,0,0,0,0,0,0,0,0,0,0,0,0,0
"1532","Campethera notata",3,3,0,0,0,0,0,0,0,0,0,0,6,0
"1533","Campethera nubica",0,0,0,0,0,0,0,0,0,0,0,0,0,0
"1534","Campethera punctuligera",0,0,0,0,0,0,0,0,0,0,0,0,0,0
"1535","Campethera scriptoricauda",0,0,0,0,0,0,0,0,0,0,0,0,0,0
"1536","Campethera taeniolaema",0,0,0,0,0,0,0,0,0,0,0,0,0,0
"1537","Campethera tullbergi",0,0,0,0,0,0,0,0,0,0,0,0,0,0
"1538","Campicoloides bifasciatus",0,0,0,0,0,0,0,0,0,0,0,0,6,0
"1539","Campochaera sloetii",0,0,0,0,0,0,0,0,0,0,0,0,0,0
"1540","Campocolinus albogularis",0,0,0,0,0,0,0,0,0,0,0,0,0,0
"1541","Campocolinus coqui",0,0,0,0,0,0,0,0,0,0,0,0,0,0
"1542","Campocolinus schlegelii",0,0,0,0,0,0,0,0,0,0,0,0,0,0
"1543","Camptorhynchus labradorius",0,0,0,0,5,0,4,0,0,0,0,0,0,0
"1544","Camptostoma imberbe",0,0,0,0,0,0,0,0,0,0,0,0,0,0
"1545","Camptostoma obsoletum",0,0,0,0,0,0,0,0,0,0,0,0,0,0
"1546","Campylopterus calcirupicola",0,7,6,0,0,6,0,0,7,0,0,0,0,0
"1547","Campylopterus diamantinensis",5,0,6,0,0,0,0,0,6,0,0,0,7,0
"1548","Campylopterus duidae",0,0,0,0,0,0,0,0,0,0,0,0,0,0
"1549","Campylopterus ensipennis",2,4,0,6,0,0,0,0,0,0,0,0,5,0
"1550","Campylopterus falcatus",0,0,0,0,0,0,0,0,0,0,0,0,0,0
"1551","Campylopterus hemileucurus",0,0,0,0,0,0,0,0,0,0,0,0,0,0
"1552","Campylopterus hyperythrus",0,0,0,0,0,0,0,0,0,0,0,0,6,0
"1553","Campylopterus largipennis",0,6,6,6,0,0,0,0,0,0,0,0,0,0
"1554","Campylopterus phainopeplus",0,6,0,0,0,6,0,0,6,0,6,0,0,0
"1555","Campylopterus villaviscensio",0,5,5,0,0,6,0,0,0,0,0,0,0,0
"1556","Campylorhamphus falcularius",0,0,0,0,0,0,0,0,0,0,0,0,0,0
"1557","Campylorhamphus multostriatus",0,6,6,0,0,0,0,0,0,0,0,0,0,0
"1558","Campylorhamphus probatus",0,0,0,0,0,0,0,0,0,0,0,0,0,0
"1559","Campylorhamphus procurvoides",0,0,0,0,0,0,0,0,0,0,0,0,0,0
"1560","Campylorhamphus pusillus",0,0,0,0,0,0,0,0,0,0,0,0,0,0
"1561","Campylorhamphus trochilirostris",0,0,0,0,0,0,0,0,0,0,0,0,0,0
"1562","Campylorhynchus albobrunneus",0,0,0,0,0,0,0,0,0,0,0,0,0,0
"1563","Campylorhynchus brunneicapillus",0,0,0,0,0,0,0,0,0,0,0,0,0,0
"1564","Campylorhynchus capistratus",0,0,0,0,0,0,0,0,0,0,0,0,0,0
"1565","Campylorhynchus chiapensis",0,0,0,0,0,0,0,0,0,0,0,0,0,0
"1566","Campylorhynchus fasciatus",0,0,0,0,0,0,0,0,0,0,0,0,0,0
"1567","Campylorhynchus griseus",0,0,0,0,0,0,0,0,0,0,0,0,0,0
"1568","Campylorhynchus gularis",0,0,0,0,0,0,0,0,0,0,0,0,0,0
"1569","Campylorhynchus humilis",0,0,0,0,0,0,0,0,0,0,0,0,0,0
"1570","Campylorhynchus jocosus",0,0,0,0,0,0,0,0,0,0,0,0,0,0
"1571","Campylorhynchus megalopterus",0,0,0,0,0,0,0,0,0,0,0,0,0,0
"1572","Campylorhynchus nuchalis",0,0,0,0,0,0,0,0,0,0,0,0,0,0
"1573","Campylorhynchus rufinucha",0,0,0,0,0,0,0,0,0,0,0,0,0,0
"1574","Campylorhynchus turdinus",0,0,0,0,0,0,0,0,0,0,0,0,0,0
"1575","Campylorhynchus yucatanicus",5,0,0,0,0,5,0,0,0,0,0,0,0,0
"1576","Campylorhynchus zonatus",0,0,0,0,0,0,0,0,0,0,0,0,0,0
"1577","Canachites canadensis",0,0,0,0,0,0,0,0,0,0,0,0,0,0
"1578","Canachites franklinii",0,0,0,0,0,0,0,0,0,0,0,0,0,0
"1579","Canirallus oculeus",0,0,0,0,0,6,0,0,0,0,0,0,0,0
"1580","Cantorchilus griseus",0,0,0,0,0,0,0,0,0,0,0,0,0,0
"1581","Cantorchilus guarayanus",0,0,0,0,0,0,0,0,0,0,0,0,0,0
"1582","Cantorchilus leucopogon",0,0,0,0,0,0,0,0,0,0,0,0,0,0
"1583","Cantorchilus leucotis",0,0,0,0,0,0,0,0,0,0,0,0,0,0
"1584","Cantorchilus longirostris",0,0,0,0,0,0,0,0,0,0,0,0,0,0
"1585","Cantorchilus modestus",0,0,0,0,0,0,0,0,0,0,0,0,0,0
"1586","Cantorchilus nigricapillus",0,0,0,0,0,0,0,0,0,0,0,0,0,0
"1587","Cantorchilus semibadius",0,0,0,0,0,0,0,0,0,0,0,0,0,0
"1588","Cantorchilus superciliaris",0,0,0,0,0,0,0,0,0,0,0,0,0,0
"1589","Cantorchilus thoracicus",0,0,0,0,0,0,0,0,0,0,0,0,0,0
"1590","Cantorchilus zeledoni",0,0,0,0,0,0,0,0,0,0,0,0,0,0
"1591","Capito auratus",0,0,0,0,0,0,0,0,0,0,0,0,0,0
"1592","Capito aurovirens",0,0,0,0,0,0,0,0,0,0,0,0,0,0
"1593","Capito brunneipectus",0,0,0,0,0,0,0,0,0,0,0,0,0,0
"1594","Capito dayi",0,6,0,0,0,6,0,0,0,0,0,0,0,0
"1595","Capito fitzpatricki",0,0,5,0,0,2,0,0,0,0,0,0,5,0
"1596","Capito hypoleucus",0,5,4,0,0,5,0,0,0,0,0,0,0,0
"1597","Capito maculicoronatus",0,0,0,0,0,0,0,0,0,0,0,0,0,0
"1598","Capito niger",0,0,0,0,0,0,0,0,0,0,0,0,0,0
"1599","Capito quinticolor",5,6,5,5,0,6,0,0,0,0,0,0,0,0
"1600","Capito squamatus",6,6,4,0,0,7,0,0,0,0,0,0,0,0
"1601","Capito wallacei",0,0,0,0,4,5,0,0,0,0,0,0,0,0
"1602","Caprimulgus aegyptius",0,0,0,0,0,0,0,0,0,0,0,0,0,0
"1603","Caprimulgus affinis",0,0,0,0,0,0,0,0,0,0,0,0,0,0
"1604","Caprimulgus andamanicus",0,0,0,0,0,0,0,0,0,0,0,0,0,0
"1605","Caprimulgus asiaticus",0,0,0,0,0,0,0,0,0,0,0,0,0,0
"1606","Caprimulgus atripennis",0,0,0,0,0,0,0,0,0,0,0,0,0,0
"1607","Caprimulgus batesi",0,0,0,0,0,0,0,0,0,0,0,0,0,0
"1608","Caprimulgus celebensis",0,0,0,0,0,0,0,0,0,0,0,0,0,0
"1609","Caprimulgus clarus",0,0,0,0,0,0,0,0,0,0,0,0,0,0
"1610","Caprimulgus climacurus",0,0,0,0,0,0,0,0,0,0,0,0,0,0
"1611","Caprimulgus concretus",0,6,0,0,0,6,0,0,7,0,0,0,0,0
"1612","Caprimulgus donaldsoni",0,0,0,0,0,0,0,0,0,0,0,0,0,0
"1613","Caprimulgus europaeus",0,0,0,0,0,0,0,0,0,0,0,0,0,0
"1614","Caprimulgus eximius",0,0,0,0,0,0,0,0,0,0,0,0,0,0
"1615","Caprimulgus fossii",0,0,0,0,0,0,0,0,0,0,0,0,0,0
"1616","Caprimulgus fraenatus",0,0,0,0,0,0,0,0,0,0,0,0,0,0
"1617","Caprimulgus indicus",0,0,0,0,0,0,0,0,0,0,0,0,0,0
"1618","Caprimulgus inornatus",0,0,0,0,0,0,0,0,0,0,0,0,0,0
"1619","Caprimulgus jotaka",0,0,0,0,0,0,0,0,0,0,0,0,0,0
"1620","Caprimulgus longipennis",0,0,0,0,0,0,0,0,0,0,0,0,0,0
"1621","Caprimulgus macrurus",0,0,0,0,0,0,0,0,0,0,0,0,0,0
"1622","Caprimulgus madagascariensis",0,0,0,0,0,0,0,0,0,0,0,0,0,0
"1623","Caprimulgus mahrattensis",0,0,0,0,0,0,0,0,0,0,0,0,0,0
"1624","Caprimulgus manillensis",0,0,0,0,0,0,0,0,0,0,0,0,0,0
"1625","Caprimulgus meesi",0,0,0,0,0,0,0,0,0,0,0,0,0,0
"1626","Caprimulgus natalensis",0,0,0,0,0,0,0,0,0,0,0,0,0,0
"1627","Caprimulgus nubicus",0,0,0,0,0,0,0,0,0,0,0,0,0,0
"1628","Caprimulgus pectoralis",0,0,0,0,0,0,0,0,0,0,0,0,0,0
"1629","Caprimulgus phalaena",4,4,0,4,0,0,0,0,0,7,0,0,0,0
"1630","Caprimulgus poliocephalus",0,0,0,0,0,0,0,0,0,0,0,0,0,0
"1631","Caprimulgus prigoginei",0,6,0,0,0,0,0,0,0,0,0,0,0,0
"1632","Caprimulgus pulchellus",0,5,0,0,0,5,0,0,0,0,0,0,0,0
"1633","Caprimulgus ruficollis",5,6,6,6,0,0,0,5,7,6,7,0,0,0
"1634","Caprimulgus rufigena",0,0,0,0,0,0,0,0,0,0,0,0,0,0
"1635","Caprimulgus solala",0,7,0,0,0,7,6,0,5,0,0,0,0,0
"1636","Caprimulgus stellatus",0,0,0,0,0,0,0,0,0,0,0,0,0,0
"1637","Caprimulgus tristigma",0,0,0,0,0,0,0,0,0,0,0,0,0,0
"1638","Caprimulgus vexillarius",0,0,0,0,0,0,0,0,0,0,0,0,0,0
"1639","Capsiempis flaveola",0,0,0,0,0,0,0,0,0,0,0,0,0,0
"1640","Caracara lutosa",0,4,0,0,6,0,0,0,0,0,0,0,0,0
"1641","Caracara plancus",0,0,0,4,4,0,0,0,0,0,4,0,0,0
"1642","Cardellina canadensis",0,0,0,0,0,0,0,0,0,0,0,0,0,0
"1643","Cardellina pusilla",0,0,0,0,0,0,0,0,0,0,0,0,0,0
"1644","Cardellina rubra",0,0,0,0,0,0,0,0,0,0,0,0,0,0
"1645","Cardellina rubrifrons",0,0,0,0,0,0,0,0,0,0,0,0,0,0
"1646","Cardellina versicolor",0,5,5,4,0,6,0,4,0,6,0,3,0,0
"1647","Cardinalis cardinalis",0,0,0,0,0,0,0,0,0,0,0,0,0,0
"1648","Cardinalis phoeniceus",0,0,0,0,0,0,0,0,0,0,0,0,0,0
"1649","Cardinalis sinuatus",0,0,0,0,0,0,0,0,0,0,0,0,0,0
"1650","Carduelis caniceps",0,0,0,0,0,0,0,0,0,0,0,0,0,0
"1651","Carduelis carduelis",0,0,0,0,6,0,0,0,0,0,0,0,0,0
"1652","Carduelis citrinella",0,0,0,0,0,0,0,0,0,0,0,0,0,0
"1653","Carduelis corsicana",0,0,0,0,0,0,0,0,0,0,0,0,0,0
"1654","Cariama cristata",0,0,0,0,0,0,0,0,0,0,0,0,0,0
"1655","Caridonax fulgidus",0,0,0,0,0,0,0,0,0,0,0,0,0,0
"1656","Carpococcyx radiceus",0,6,0,0,4,7,0,0,6,0,0,0,0,0
"1657","Carpococcyx renauldi",0,5,0,0,6,5,0,0,5,0,0,0,0,0
"1658","Carpococcyx viridis",0,7,0,0,5,0,0,0,0,0,0,0,0,0
"1659","Carpodacus dubius",0,0,0,0,0,0,0,0,0,0,0,0,0,0
"1660","Carpodacus edwardsii",0,0,0,0,0,0,0,0,0,0,0,0,0,0
"1661","Carpodacus erythrinus",0,0,0,0,0,0,0,0,0,0,0,0,0,0
"1662","Carpodacus ferreorostris",0,0,0,0,0,6,0,0,0,6,0,0,0,0
"1663","Carpodacus formosanus",0,0,0,0,0,0,0,0,0,0,0,0,0,0
"1664","Carpodacus lepidus",0,0,0,0,0,0,0,0,0,0,0,0,0,0
"1665","Carpodacus pulcherrimus",0,0,0,0,0,0,0,0,0,0,0,0,0,0
"1666","Carpodacus puniceus",0,0,0,0,0,0,0,0,0,0,0,0,0,0
"1667","Carpodacus rhodochlamys",0,0,0,0,0,0,0,0,0,0,0,0,0,0
"1668","Carpodacus roborowskii",0,0,0,0,0,0,0,0,0,0,0,0,0,0
"1669","Carpodacus rodochroa",0,0,0,0,0,0,0,0,0,0,0,0,0,0
"1670","Carpodacus rodopeplus",0,0,0,0,0,0,0,0,0,0,0,0,0,0
"1671","Carpodacus roseus",0,0,0,0,0,0,0,0,0,0,0,0,0,0
"1672","Carpodacus rubicilla",0,0,0,0,0,0,0,0,0,0,0,0,0,0
"1673","Carpodacus rubicilloides",0,0,0,0,0,0,0,0,0,0,0,0,0,0
"1674","Carpodacus sibiricus",0,0,0,0,0,0,0,0,0,0,0,0,0,0
"1675","Carpodacus sillemi",0,0,0,0,0,0,0,0,0,0,0,0,0,0
"1676","Carpodacus sipahi",0,0,0,0,0,0,0,0,0,0,0,0,0,0
"1677","Carpodacus stoliczkae",0,0,0,0,0,0,0,0,0,0,0,0,0,0
"1678","Carpodacus subhimachalus",0,0,0,0,0,0,0,0,0,0,0,0,0,0
"1679","Carpodacus synoicus",0,0,0,0,0,0,0,0,0,0,0,0,0,0
"1680","Carpodacus thura",0,0,0,0,0,0,0,0,0,0,0,0,0,0
"1681","Carpodacus trifasciatus",0,0,0,0,0,0,0,0,0,0,0,0,0,0
"1682","Carpodacus verreauxii",0,0,0,0,0,0,0,0,0,0,0,0,0,0
"1683","Carpodacus vinaceus",0,0,0,0,0,0,0,0,0,0,0,0,0,0
"1684","Carpodacus waltoni",0,0,0,0,0,0,0,0,0,0,0,0,0,0
"1685","Carpodectes antoniae",4,6,0,4,0,6,0,0,0,0,0,0,0,0
"1686","Carpodectes hopkei",0,0,0,0,0,0,0,0,0,0,0,0,0,0
"1687","Carpodectes nitidus",0,0,0,0,0,0,0,0,0,0,0,0,0,0
"1688","Carpornis cucullata",5,6,3,5,0,6,0,0,0,0,0,0,0,0
"1689","Carpornis melanocephala",0,0,0,0,0,6,0,0,5,0,0,0,0,0
"1690","Carpospiza brachydactyla",0,0,0,0,0,0,0,0,0,0,0,0,0,0
"1691","Carterornis castus",0,0,0,0,0,5,0,0,0,0,0,0,0,0
"1692","Carterornis chrysomela",0,0,0,0,0,0,0,0,0,0,0,0,0,0
"1693","Carterornis leucotis",0,0,0,0,0,0,0,0,0,0,0,0,0,0
"1694","Carterornis pileatus",0,0,0,0,0,0,0,0,0,0,0,0,0,0
"1695","Caryothraustes canadensis",0,0,0,0,0,0,0,0,0,0,0,0,0,0
"1696","Caryothraustes celaeno",0,0,0,0,0,0,0,0,0,0,0,0,0,0
"1697","Caryothraustes erythromelas",0,6,5,0,0,6,0,0,0,0,0,0,0,0
"1698","Caryothraustes poliogaster",0,0,0,0,0,0,0,0,0,0,0,0,0,0
"1699","Casiornis fuscus",0,0,0,0,0,0,0,0,0,0,0,0,0,0
"1700","Casiornis rufus",0,0,0,0,0,0,0,0,0,0,0,0,0,0
"1701","Cassiculus melanicterus",0,0,0,0,0,0,0,0,0,0,0,0,0,0
"1702","Castanozoster thoracicus",0,0,0,0,0,0,0,0,0,0,0,0,0,0
"1703","Casuarius bennetti",0,5,0,5,6,5,0,0,0,5,0,0,0,0
"1704","Casuarius casuarius",5,5,0,6,6,6,0,0,4,6,0,0,3,0
"1705","Casuarius unappendiculatus",0,5,0,0,6,5,0,0,0,0,0,0,0,0
"1706","Catamblyrhynchus diadema",0,0,0,0,0,0,0,0,0,0,0,0,0,0
"1707","Catamenia analis",0,0,0,0,0,0,0,0,0,0,0,0,0,0
"1708","Catamenia homochroa",0,0,0,0,0,0,0,0,0,0,0,0,0,0
"1709","Catamenia inornata",0,0,0,0,0,0,0,0,0,0,0,0,0,0
"1710","Cataponera turdoides",0,0,0,0,0,0,0,0,0,0,0,0,0,0
"1711","Catharacta antarctica",0,0,0,0,0,0,0,0,0,5,0,0,0,0
"1712","Catharacta chilensis",0,0,0,0,6,0,7,0,0,0,0,0,5,0
"1713","Catharacta maccormicki",0,0,0,0,0,0,0,0,0,0,0,0,0,0
"1714","Catharacta skua",0,0,0,0,4,0,5,0,0,0,0,0,5,0
"1715","Catharopeza bishopi",0,6,0,0,0,6,0,0,0,0,0,4,6,0
"1716","Cathartes aura",0,0,0,0,0,0,0,0,0,0,0,0,0,0
"1717","Cathartes burrovianus",0,0,0,0,0,0,0,0,0,0,0,0,0,0
"1718","Cathartes melambrotus",0,0,0,0,0,0,0,0,0,0,0,0,0,0
"1719","Catharus aurantiirostris",0,0,0,0,0,0,0,0,0,0,0,0,0,0
"1720","Catharus bicknelli",2,6,0,0,0,6,0,5,0,7,5,0,6,0
"1721","Catharus dryas",0,4,0,0,0,0,0,0,0,0,0,0,0,0
"1722","Catharus frantzii",0,0,0,0,0,0,0,0,0,0,0,0,0,0
"1723","Catharus fuscater",0,0,0,0,0,0,0,0,0,0,0,0,0,0
"1724","Catharus fuscescens",0,0,0,0,0,0,0,0,0,0,0,0,0,0
"1725","Catharus gracilirostris",0,0,0,0,0,0,0,0,0,0,0,0,0,0
"1726","Catharus guttatus",0,0,0,0,0,0,0,0,0,0,0,0,7,0
"1727","Catharus maculatus",0,0,0,0,0,0,0,0,0,0,0,0,0,0
"1728","Catharus mexicanus",0,0,0,0,0,0,0,0,0,0,0,0,0,0
"1729","Catharus minimus",0,0,0,0,0,0,0,0,0,0,0,0,0,0
"1730","Catharus occidentalis",0,0,0,0,0,0,0,0,0,0,0,0,0,0
"1731","Catharus swainsoni",0,0,0,0,0,0,0,0,0,0,0,0,0,0
"1732","Catharus ustulatus",0,0,0,0,0,0,0,0,0,0,0,0,0,0
"1733","Catherpes mexicanus",0,0,0,0,0,0,0,0,0,0,0,0,0,0
"1734","Catreus wallichii",0,6,0,0,6,6,0,5,7,0,0,0,0,0
"1735","Catriscus brevirostris",0,0,0,0,0,0,0,0,0,0,0,0,0,0
"1736","Ceblepyris caesius",0,0,0,0,0,0,0,0,0,0,0,0,0,0
"1737","Ceblepyris cinereus",0,0,0,0,0,0,0,0,0,0,0,0,0,0
"1738","Ceblepyris cucullatus",0,6,0,0,0,6,0,0,0,4,0,0,0,0
"1739","Ceblepyris graueri",0,6,0,0,0,6,0,0,0,0,0,0,0,0
"1740","Ceblepyris pectoralis",0,0,0,0,0,0,0,0,0,0,0,0,0,0
"1741","Cecropis abyssinica",0,0,0,0,0,0,0,0,0,0,0,0,0,0
"1742","Cecropis cucullata",0,0,0,0,0,0,0,0,0,0,0,0,0,0
"1743","Cecropis daurica",0,0,0,0,0,0,0,0,0,6,0,0,0,0
"1744","Cecropis hyperythra",0,0,0,0,0,0,0,0,0,0,0,0,0,0
"1745","Cecropis semirufa",0,0,0,0,0,0,0,0,0,0,0,0,0,0
"1746","Cecropis senegalensis",0,0,0,0,0,0,0,0,0,0,0,0,0,0
"1747","Celebesica abbotti",0,0,0,0,0,0,0,0,0,0,0,0,0,0
"1748","Celeus castaneus",0,0,0,0,0,0,0,0,0,0,0,0,0,0
"1749","Celeus elegans",0,0,0,0,0,0,0,0,0,0,0,0,0,0
"1750","Celeus flavescens",0,0,0,0,0,0,0,0,0,0,0,0,0,0
"1751","Celeus flavus",0,0,0,0,0,0,0,0,0,0,0,0,0,0
"1752","Celeus galeatus",6,6,0,5,0,6,0,0,4,0,0,0,0,0
"1753","Celeus loricatus",0,0,0,0,0,0,0,0,0,0,0,0,0,0
"1754","Celeus lugubris",0,0,0,0,0,0,0,0,0,0,0,0,0,0
"1755","Celeus obrieni",0,6,0,5,0,6,0,0,6,0,0,0,0,0
"1756","Celeus occidentalis",0,5,0,0,0,0,0,0,0,0,0,0,0,0
"1757","Celeus ochraceus",0,0,0,0,0,0,0,0,0,0,0,0,0,0
"1758","Celeus spectabilis",0,0,0,0,0,0,0,0,0,0,0,0,0,0
"1759","Celeus tinnunculus",0,6,0,0,0,0,0,0,0,0,0,0,0,0
"1760","Celeus torquatus",0,6,0,6,0,0,0,0,0,0,0,0,0,0
"1761","Celeus undatus",0,5,0,0,0,0,0,0,0,0,0,0,0,0
"1762","Centrocercus minimus",4,4,4,4,4,0,0,0,0,0,0,0,6,0
"1763","Centrocercus urophasianus",0,5,6,0,7,0,0,0,5,8,5,0,0,0
"1764","Centropus andamanensis",0,0,0,0,0,0,0,0,0,0,0,0,0,0
"1765","Centropus anselli",0,0,0,0,0,0,0,0,0,0,0,0,0,0
"1766","Centropus ateralbus",0,0,0,0,0,0,0,0,0,0,0,0,0,0
"1767","Centropus bengalensis",0,0,0,0,0,0,0,0,0,0,0,0,0,0
"1768","Centropus bernsteini",0,0,0,0,0,0,0,0,0,0,0,0,0,0
"1769","Centropus celebensis",0,0,0,0,0,0,0,0,0,0,0,0,0,0
"1770","Centropus chalybeus",0,5,0,0,0,5,0,0,0,0,0,0,0,0
"1771","Centropus chlororhynchos",0,5,0,0,0,5,0,0,5,7,0,0,0,0
"1772","Centropus cupreicaudus",0,0,0,0,0,0,0,0,0,0,0,0,0,0
"1773","Centropus goliath",0,0,0,0,0,0,0,0,0,0,0,0,0,0
"1774","Centropus grillii",0,0,0,0,0,0,0,0,0,0,0,0,0,0
"1775","Centropus leucogaster",0,0,0,0,0,0,0,0,0,0,0,0,0,0
"1776","Centropus melanops",0,0,0,0,0,0,0,0,0,0,0,0,0,0
"1777","Centropus menbeki",0,0,0,0,0,0,0,0,0,0,0,0,0,0
"1778","Centropus milo",0,0,0,0,0,0,0,0,0,0,0,0,0,0
"1779","Centropus monachus",0,0,0,0,0,0,0,0,0,0,0,0,0,0
"1780","Centropus nigrorufus",5,6,0,0,6,0,0,0,0,0,0,0,0,0
"1781","Centropus phasianinus",0,0,0,0,0,0,0,0,0,0,0,0,0,0
"1782","Centropus rectunguis",0,6,0,0,0,6,0,0,5,0,0,0,0,0
"1783","Centropus senegalensis",0,0,0,0,0,0,0,0,0,0,0,0,0,0
"1784","Centropus sinensis",0,0,0,0,0,0,0,0,0,0,0,0,0,0
"1785","Centropus spilopterus",0,0,0,0,0,0,0,0,0,0,0,0,0,0
"1786","Centropus steerii",0,7,5,0,0,6,0,0,0,0,0,0,0,0
"1787","Centropus superciliosus",0,0,0,0,0,0,0,0,0,0,0,0,0,0
"1788","Centropus toulou",0,0,0,0,0,0,0,0,0,0,0,0,0,0
"1789","Centropus unirufus",0,5,5,5,4,5,0,0,0,0,0,0,0,0
"1790","Centropus violaceus",0,6,0,0,0,6,0,0,0,0,0,0,0,0
"1791","Centropus viridis",0,0,0,0,0,0,0,0,0,0,0,0,0,0
"1792","Cephalopterus glabricollis",0,6,0,5,0,6,0,0,0,0,0,0,4,0
"1793","Cephalopterus ornatus",0,0,0,0,0,0,0,0,0,0,0,0,0,0
"1794","Cephalopterus penduliger",5,5,4,4,5,5,0,0,0,0,0,0,0,0
"1795","Cephalopyrus flammiceps",0,0,0,0,0,0,0,0,0,0,0,0,0,0
"1796","Cepphus carbo",0,0,0,0,0,0,5,5,0,4,0,0,0,0
"1797","Cepphus columba",0,0,0,0,0,0,6,0,0,6,5,0,5,0
"1798","Cepphus grylle",0,0,0,0,0,0,6,0,0,6,6,0,0,0
"1799","Ceratogymna atrata",0,0,0,0,0,0,0,0,0,0,0,0,0,0
"1800","Ceratogymna elata",0,6,0,0,6,6,0,0,0,0,0,0,4,0
"1801","Ceratopipra chloromeros",0,0,0,0,0,0,0,0,0,0,0,0,0,0
"1802","Ceratopipra cornuta",0,0,0,0,0,0,0,0,0,0,0,0,0,0
"1803","Ceratopipra erythrocephala",0,0,0,0,0,0,0,0,0,0,0,0,0,0
"1804","Ceratopipra mentalis",0,0,0,0,0,0,0,0,0,0,0,0,0,0
"1805","Ceratopipra rubrocapilla",0,0,0,0,0,0,0,0,0,0,0,0,0,0
"1806","Cercibis oxycerca",0,0,0,0,0,0,0,0,0,0,0,0,0,0
"1807","Cercococcyx lemaireae",0,0,0,0,0,6,0,0,0,0,0,0,0,0
"1808","Cercococcyx mechowi",0,0,0,0,0,0,0,0,0,0,0,0,0,0
"1809","Cercococcyx montanus",0,0,0,0,0,0,0,0,0,0,0,0,0,0
"1810","Cercococcyx olivinus",0,0,0,0,0,0,0,0,0,0,0,0,0,0
"1811","Cercomacra brasiliana",5,5,0,0,0,5,0,0,0,0,0,0,0,0
"1812","Cercomacra carbonaria",0,9,0,0,0,6,0,0,7,0,0,0,0,0
"1813","Cercomacra cinerascens",0,0,0,0,0,0,0,0,0,0,0,0,0,0
"1814","Cercomacra ferdinandi",0,6,3,0,0,0,0,0,3,0,0,0,8,0
"1815","Cercomacra manu",0,0,0,0,0,0,0,0,0,0,0,0,0,0
"1816","Cercomacra melanaria",0,0,0,0,0,0,0,0,0,0,0,0,0,0
"1817","Cercomacra nigricans",0,0,0,0,0,0,0,0,0,0,0,0,0,0
"1818","Cercomacroides fuscicauda",0,0,0,0,0,0,0,0,0,0,0,0,0,0
"1819","Cercomacroides laeta",0,0,0,0,0,0,0,0,0,0,0,0,0,0
"1820","Cercomacroides nigrescens",0,0,0,0,0,0,0,0,0,0,0,0,0,0
"1821","Cercomacroides parkeri",0,0,0,0,0,0,0,0,0,0,0,0,0,0
"1822","Cercomacroides serva",0,0,0,0,0,0,0,0,0,0,0,0,0,0
"1823","Cercomacroides tyrannina",0,0,0,0,0,0,0,0,0,0,0,0,0,0
"1824","Cercotrichas galactotes",0,0,0,0,0,0,0,0,0,0,0,0,0,0
"1825","Cercotrichas hartlaubi",0,0,0,0,0,0,0,0,0,0,0,0,0,0
"1826","Cercotrichas leucophrys",0,0,0,0,0,0,0,0,0,0,0,0,0,0
"1827","Cercotrichas paena",0,0,0,0,0,0,0,0,0,0,0,0,0,0
"1828","Cercotrichas podobe",0,0,0,0,0,0,0,0,0,0,0,0,0,0
"1829","Cereopsis novaehollandiae",0,0,0,0,0,0,0,0,0,0,0,0,0,0
"1830","Cerorhinca monocerata",0,0,0,0,0,0,5,0,0,4,6,0,6,0
"1831","Certhia americana",0,0,0,0,0,0,0,0,0,0,0,0,0,0
"1832","Certhia brachydactyla",0,0,0,0,0,0,0,0,0,0,0,0,0,0
"1833","Certhia discolor",0,0,0,0,0,0,0,0,0,0,0,0,0,0
"1834","Certhia familiaris",0,0,0,0,0,0,0,0,0,0,0,0,0,0
"1835","Certhia himalayana",0,0,0,0,0,0,0,0,0,0,0,0,0,0
"1836","Certhia hodgsoni",0,0,0,0,0,0,0,0,0,0,0,0,0,0
"1837","Certhia manipurensis",0,0,0,0,0,0,0,0,0,0,0,0,0,0
"1838","Certhia nipalensis",0,0,0,0,0,0,0,0,0,0,0,0,0,0
"1839","Certhia tianquanensis",0,0,0,0,0,3,0,2,6,0,0,0,6,0
"1840","Certhiasomus stictolaemus",0,0,0,0,0,0,0,0,0,0,0,0,0,0
"1841","Certhiaxis cinnamomeus",0,0,0,0,0,0,0,0,0,0,0,0,0,0
"1842","Certhiaxis mustelinus",0,0,0,0,0,0,0,0,0,0,0,0,0,0
"1843","Certhidea fusca",0,0,0,0,0,0,0,0,0,0,0,0,0,0
"1844","Certhidea olivacea",5,5,0,0,0,6,0,0,0,7,0,0,0,0
"1845","Certhilauda chuana",0,0,0,0,0,0,0,0,0,0,0,0,5,0
"1846","Certhilauda curvirostris",0,0,0,0,0,0,0,0,0,0,0,0,0,0
"1847","Certhilauda semitorquata",0,0,0,0,0,0,0,0,0,0,0,0,0,0
"1848","Certhilauda subcoronata",0,0,0,0,0,0,0,0,0,0,0,0,0,0
"1849","Certhionyx variegatus",0,0,0,0,0,0,0,0,0,0,0,0,0,0
"1850","Ceryle rudis",0,0,0,0,0,0,0,0,0,0,0,0,0,0
"1851","Cettia brunnifrons",0,0,0,0,0,0,0,0,0,0,0,0,0,0
"1852","Cettia castaneocoronata",0,0,0,0,0,0,0,0,0,0,0,0,0,0
"1853","Cettia cetti",0,0,0,0,0,0,0,0,0,0,0,0,0,0
"1854","Cettia major",0,0,0,0,0,0,0,0,0,0,0,0,0,0
"1855","Ceuthmochares aereus",0,0,0,0,0,0,0,0,0,0,0,0,0,0
"1856","Ceuthmochares australis",0,0,0,0,0,0,0,0,0,0,0,0,0,0
"1857","Ceyx argentatus",0,7,0,0,0,7,0,0,0,0,6,0,0,0
"1858","Ceyx azureus",0,0,0,0,0,0,0,0,0,0,0,0,0,0
"1859","Ceyx cajeli",0,5,0,0,0,5,0,0,0,0,0,0,0,0
"1860","Ceyx collectoris",0,0,0,0,0,0,0,0,0,0,0,0,0,0
"1861","Ceyx cyanopectus",0,0,0,0,0,0,0,0,0,0,0,0,0,0
"1862","Ceyx dispar",0,5,0,0,0,5,0,0,0,0,0,0,0,0
"1863","Ceyx erithaca",6,5,0,0,0,0,0,0,0,0,0,0,0,0
"1864","Ceyx fallax",0,5,0,0,0,5,0,0,0,0,0,0,0,0
"1865","Ceyx flumenicola",0,6,3,0,0,6,0,0,5,0,6,0,0,0
"1866","Ceyx gentianus",0,6,0,0,0,6,0,0,0,0,0,0,0,0
"1867","Ceyx lepidus",0,0,0,0,0,0,0,0,0,0,0,0,0,0
"1868","Ceyx margarethae",0,0,0,0,0,0,0,0,0,0,0,0,0,0
"1869","Ceyx meeki",0,0,0,0,0,0,0,0,0,0,0,0,0,0
"1870","Ceyx melanurus",0,5,5,0,0,7,0,0,0,0,0,0,3,0
"1871","Ceyx mindanensis",0,5,5,0,0,7,0,0,0,0,0,0,3,0
"1872","Ceyx mulcatus",0,0,0,0,0,0,0,0,0,0,0,0,0,0
"1873","Ceyx nigrirostris",0,5,0,0,0,5,0,0,0,0,4,0,0,0
"1874","Ceyx nigromaxilla",0,0,0,0,0,0,0,0,0,0,0,0,0,0
"1875","Ceyx pusillus",0,0,0,0,0,0,0,0,0,0,0,0,0,0
"1876","Ceyx rufidorsa",0,5,0,0,0,5,0,0,0,0,0,0,0,0
"1877","Ceyx sacerdotis",0,0,0,0,0,0,0,0,0,0,0,0,0,0
"1878","Ceyx sangirensis",0,6,0,0,0,6,0,0,0,0,0,0,0,0
"1879","Ceyx solitarius",0,0,0,0,0,0,0,0,0,0,0,0,0,0
"1880","Ceyx wallacii",0,5,0,0,0,6,0,0,0,0,0,0,0,0
"1881","Ceyx websteri",0,5,0,0,0,6,0,0,0,0,0,0,0,0
"1882","Chaetocercus astreans",0,0,0,0,0,0,0,0,0,0,0,0,0,0
"1883","Chaetocercus berlepschi",5,6,0,0,0,6,0,0,5,5,0,0,6,0
"1884","Chaetocercus bombus",5,5,4,0,0,5,0,0,0,0,0,0,0,0
"1885","Chaetocercus heliodor",0,0,0,0,0,0,0,0,0,0,0,0,0,0
"1886","Chaetocercus jourdanii",0,0,0,0,0,0,0,0,0,0,0,0,0,0
"1887","Chaetocercus mulsant",0,0,0,0,0,0,0,0,0,0,0,0,0,0
"1888","Chaetops aurantius",0,6,0,0,0,0,0,0,0,0,0,0,8,0
"1889","Chaetops frenatus",0,0,0,0,0,0,0,0,0,6,0,0,8,0
"1890","Chaetoptila angustipluma",0,5,0,0,5,4,0,0,0,5,0,0,0,0
"1891","Chaetorhynchus papuensis",0,0,0,0,0,0,0,0,0,0,0,0,0,0
"1892","Chaetura andrei",0,6,0,0,0,6,0,0,0,0,0,0,0,0
"1893","Chaetura brachyura",0,0,0,0,0,0,0,0,0,0,0,0,0,0
"1894","Chaetura chapmani",0,0,0,0,0,0,0,0,0,0,0,0,0,0
"1895","Chaetura cinereiventris",0,0,0,0,0,0,0,0,0,0,0,0,0,0
"1896","Chaetura egregia",0,0,0,0,0,0,0,0,0,0,0,0,0,0
"1897","Chaetura fumosa",0,0,0,0,0,0,0,0,0,0,0,0,0,0
"1898","Chaetura martinica",0,0,0,0,0,0,0,0,0,0,0,0,0,0
"1899","Chaetura meridionalis",0,0,0,0,0,0,0,0,0,0,0,0,0,0
"1900","Chaetura pelagica",6,0,0,0,0,6,0,0,0,0,0,0,5,0
"1901","Chaetura spinicaudus",0,0,0,0,0,0,0,0,0,0,0,0,0,0
"1902","Chaetura vauxi",0,0,0,0,0,0,0,0,0,0,0,0,0,0
"1903","Chalcites basalis",0,0,0,0,0,0,0,0,0,0,0,0,0,0
"1904","Chalcites crassirostris",0,0,0,0,0,0,0,0,0,0,0,0,0,0
"1905","Chalcites lucidus",0,0,0,0,0,0,0,0,0,0,0,0,0,0
"1906","Chalcites megarhynchus",0,0,0,0,0,0,0,0,0,0,0,0,0,0
"1907","Chalcites meyerii",0,0,0,0,0,0,0,0,0,0,0,0,0,0
"1908","Chalcites minutillus",0,0,0,0,0,0,0,0,0,0,0,0,0,0
"1909","Chalcites osculans",0,0,0,0,0,0,0,0,0,0,0,0,0,0
"1910","Chalcites ruficollis",0,0,0,0,0,0,0,0,0,0,0,0,0,0
"1911","Chalcomitra adelberti",0,0,0,0,0,0,0,0,0,0,0,0,0,0
"1912","Chalcomitra amethystina",0,0,0,0,0,0,0,0,0,0,0,0,0,0
"1913","Chalcomitra balfouri",0,7,0,0,0,7,0,0,0,0,0,0,0,0
"1914","Chalcomitra fuliginosa",0,0,0,0,0,0,0,0,0,0,0,0,0,0
"1915","Chalcomitra hunteri",0,0,0,0,0,0,0,0,0,0,0,0,0,0
"1916","Chalcomitra rubescens",0,0,0,0,0,0,0,0,0,0,0,0,0,0
"1917","Chalcomitra senegalensis",0,0,0,0,0,0,0,0,0,0,0,0,0,0
"1918","Chalcoparia singalensis",0,0,0,0,0,0,0,0,0,0,0,0,0,0
"1919","Chalcophaps indica",0,0,0,0,0,0,0,0,0,0,0,0,0,0
"1920","Chalcophaps longirostris",0,0,0,0,0,0,0,0,0,0,0,0,0,0
"1921","Chalcophaps stephani",0,0,0,0,0,0,0,0,0,0,0,0,0,0
"1922","Chalcopsitta atra",0,0,0,0,0,0,0,0,0,0,0,0,0,0
"1923","Chalcopsitta cardinalis",0,0,0,0,0,0,0,0,0,0,0,0,0,0
"1924","Chalcopsitta duivenbodei",0,0,0,0,0,0,0,0,0,0,0,0,0,0
"1925","Chalcopsitta scintillata",0,0,0,0,0,0,0,0,0,0,0,0,0,0
"1926","Chalcostigma herrani",0,0,0,0,0,0,0,0,0,0,0,0,0,0
"1927","Chalcostigma heteropogon",0,0,0,0,0,0,0,0,0,0,0,0,0,0
"1928","Chalcostigma olivaceum",0,0,0,0,0,0,0,0,0,0,0,0,0,0
"1929","Chalcostigma ruficeps",0,0,0,0,0,0,0,0,0,0,0,0,0,0
"1930","Chalcostigma stanleyi",0,0,0,0,0,0,0,0,0,0,0,0,0,0
"1931","Chalybura buffonii",0,0,0,0,0,0,0,0,0,0,0,0,0,0
"1932","Chalybura urochrysia",0,0,0,0,0,0,0,0,0,0,0,0,0,0
"1933","Chamaea fasciata",0,0,0,0,0,0,0,0,0,0,0,0,0,0
"1934","Chamaepetes goudotii",0,0,0,0,0,0,0,0,0,0,0,0,0,0
"1935","Chamaepetes unicolor",0,4,0,0,5,4,0,0,4,0,0,0,0,0
"1936","Chamaetylas choloensis",5,7,0,3,0,6,0,5,3,0,0,0,0,0
"1937","Chamaetylas fuelleborni",0,0,0,0,0,0,0,0,0,0,0,0,6,0
"1938","Chamaetylas poliocephala",0,0,0,0,0,0,0,0,0,0,0,0,0,0
"1939","Chamaetylas poliophrys",0,0,0,0,0,0,0,0,0,0,0,0,0,0
"1940","Chamaeza campanisona",0,0,0,0,0,0,0,0,0,0,0,0,0,0
"1941","Chamaeza meruloides",0,0,0,0,0,0,0,0,0,0,0,0,0,0
"1942","Chamaeza mollissima",0,0,0,0,0,0,0,0,0,0,0,0,0,0
"1943","Chamaeza nobilis",0,0,0,0,0,0,0,0,0,0,0,0,0,0
"1944","Chamaeza ruficauda",0,0,0,0,0,0,0,0,0,0,0,0,0,0
"1945","Chamaeza turdina",0,0,0,0,0,0,0,0,0,0,0,0,0,0
"1946","Charadrius alexandrinus",4,0,0,0,0,0,4,4,4,4,4,0,0,0
"1947","Charadrius alticola",0,0,0,0,0,0,0,0,0,0,0,0,0,0
"1948","Charadrius aquilonius",4,0,0,0,0,0,0,4,0,6,0,0,0,0
"1949","Charadrius asiaticus",0,5,0,0,0,0,0,0,0,0,0,0,0,0
"1950","Charadrius atrifrons",6,6,0,0,6,0,0,6,0,6,6,0,8,0
"1951","Charadrius bicinctus",0,4,5,0,0,0,0,4,4,6,4,0,5,0
"1952","Charadrius bifrontatus",0,0,0,0,0,0,0,0,0,0,0,0,0,0
"1953","Charadrius collaris",0,0,0,0,0,0,0,0,0,0,0,0,0,0
"1954","Charadrius dealbatus",6,0,0,0,0,0,0,6,6,0,0,0,0,0
"1955","Charadrius dubius",0,0,0,0,0,0,5,5,5,4,5,0,0,0
"1956","Charadrius falklandicus",0,0,0,0,0,0,0,0,0,0,0,0,0,0
"1957","Charadrius forbesi",0,0,0,0,0,0,0,0,0,0,0,0,0,0
"1958","Charadrius hiaticula",0,0,0,0,0,0,0,0,0,0,0,0,6,0
"1959","Charadrius javanicus",4,0,0,0,4,0,0,4,0,0,0,0,0,0
"1960","Charadrius leschenaultii",5,5,0,4,5,0,0,4,5,4,0,0,0,0
"1961","Charadrius marginatus",5,0,0,4,0,0,0,5,5,0,0,0,0,0
"1962","Charadrius melodus",4,0,0,0,0,0,0,4,0,4,0,0,5,0
"1963","Charadrius modestus",0,0,0,0,0,0,0,0,0,0,0,0,0,0
"1964","Charadrius mongolus",7,6,7,0,6,0,0,6,0,7,7,0,8,0
"1965","Charadrius montanus",5,6,4,0,7,0,0,5,0,6,5,0,0,0
"1966","Charadrius nivosus",5,0,0,0,0,0,4,6,4,4,5,0,5,0
"1967","Charadrius obscurus",5,0,0,0,0,0,0,5,0,7,0,0,0,0
"1968","Charadrius pallidus",0,0,0,0,0,0,0,4,6,0,6,0,0,0
"1969","Charadrius pecuarius",4,0,0,4,0,0,0,4,4,4,0,0,0,0
"1970","Charadrius peronii",7,0,0,0,0,0,0,5,0,0,0,0,0,0
"1971","Charadrius placidus",0,0,0,0,0,0,0,0,0,0,0,0,0,0
"1972","Charadrius ruficapillus",0,0,0,0,0,0,0,0,0,0,0,0,0,0
"1973","Charadrius sanctaehelenae",6,0,0,0,0,0,0,4,8,5,0,0,0,0
"1974","Charadrius semipalmatus",0,0,0,0,0,0,0,0,0,0,0,0,6,0
"1975","Charadrius thoracicus",0,6,0,0,4,0,0,0,0,7,0,0,0,0
"1976","Charadrius tricollaris",0,0,0,0,0,0,0,0,0,0,0,0,0,0
"1977","Charadrius veredus",0,0,0,0,0,0,0,0,0,0,0,0,0,0
"1978","Charadrius vociferus",0,0,0,0,0,0,0,0,0,0,0,0,0,0
"1979","Charadrius wilsonia",0,0,0,0,0,0,0,0,0,0,0,0,0,0
"1980","Charitospiza eucosma",0,6,0,0,5,0,0,0,0,0,0,0,0,0
"1981","Charmosyna amabilis",0,5,0,0,0,5,0,0,0,7,0,0,6,0
"1982","Charmosyna diadema",0,6,6,0,0,0,0,0,0,7,0,0,0,0
"1983","Charmosyna josefinae",0,0,0,0,0,0,0,0,0,0,0,0,0,0
"1984","Charmosyna margarethae",0,0,0,0,6,5,0,0,0,0,0,0,0,0
"1985","Charmosyna meeki",0,0,0,0,0,4,0,0,0,0,0,0,0,0
"1986","Charmosyna multistriata",0,4,6,0,0,4,0,0,0,0,0,0,3,0
"1987","Charmosyna palmarum",0,6,0,0,0,5,0,0,0,6,0,0,7,0
"1988","Charmosyna papou",0,0,0,0,0,0,0,0,0,0,0,0,0,0
"1989","Charmosyna placentis",0,0,0,0,0,0,0,0,0,0,0,0,0,0
"1990","Charmosyna pulchella",0,0,0,0,0,0,0,0,0,0,0,0,0,0
"1991","Charmosyna rubrigularis",0,0,0,0,0,0,0,0,0,0,0,0,6,0
"1992","Charmosyna rubronotata",0,0,0,0,0,0,0,0,0,0,0,0,0,0
"1993","Charmosyna stellae",0,0,0,0,0,0,0,0,0,0,0,0,0,0
"1994","Charmosyna toxopei",0,6,0,0,0,6,0,0,0,0,0,0,6,0
"1995","Charmosyna wilhelminae",0,0,0,0,0,0,0,0,0,0,0,0,0,0
"1996","Chasiempis ibidis",4,4,0,0,0,0,0,0,5,6,0,0,0,0
"1997","Chasiempis sandwichensis",3,3,0,0,0,3,0,0,5,7,0,0,5,0
"1998","Chasiempis sclateri",3,3,0,0,0,3,0,0,0,7,0,0,7,0
"1999","Chauna chavaria",4,4,0,1,6,4,0,0,4,0,4,0,0,0
"2000","Chauna torquata",0,0,0,0,0,0,0,0,0,0,0,0,0,0
"2001","Chelictinia riocourii",6,6,0,0,7,6,0,0,0,0,6,0,6,0
"2002","Chelidoptera tenebrosa",0,0,0,0,0,0,0,0,0,0,0,0,0,0
"2003","Chelidorhynx hypoxanthus",0,0,0,0,0,0,0,0,0,0,0,0,0,0
"2004","Chenonetta finschi",0,0,0,0,4,0,0,0,0,4,0,0,0,0
"2005","Chenonetta jubata",0,0,0,0,0,0,0,0,0,0,0,0,0,0
"2006","Chenorhamphus grayi",0,0,0,0,0,0,0,0,0,0,0,0,0,0
"2007","Cheramoeca leucosterna",0,0,0,0,0,0,0,0,0,0,0,0,0,0
"2008","Chersomanes albofasciata",0,0,0,0,0,0,0,0,0,0,0,0,0,0
"2009","Chersophilus duponti",5,5,6,0,0,0,0,6,5,0,0,0,0,0
"2010","Chionis albus",0,0,0,0,0,0,0,0,0,0,0,0,0,0
"2011","Chionis minor",0,0,0,0,0,0,0,0,0,0,0,0,0,0
"2012","Chionodacryon speculiferum",0,0,0,0,0,0,0,0,0,0,0,0,0,0
"2013","Chionomesa bartletti",0,0,0,0,0,0,0,0,0,0,0,0,0,0
"2014","Chionomesa fimbriata",0,0,0,0,0,0,0,0,0,0,0,0,0,0
"2015","Chionomesa lactea",0,0,0,0,0,0,0,0,0,0,0,0,0,0
"2016","Chiroxiphia boliviana",0,0,0,0,0,0,0,0,0,0,0,0,0,0
"2017","Chiroxiphia caudata",0,0,0,0,0,0,0,0,0,0,0,0,0,0
"2018","Chiroxiphia lanceolata",0,0,0,0,0,0,0,0,0,0,0,0,0,0
"2019","Chiroxiphia linearis",0,0,0,0,0,0,0,0,0,0,0,0,0,0
"2020","Chiroxiphia pareola",0,0,0,0,0,0,0,0,0,0,0,0,0,0
"2021","Chlamydera cerviniventris",0,0,0,0,0,0,0,0,0,0,0,0,0,0
"2022","Chlamydera guttata",0,0,0,0,0,0,0,0,0,0,0,0,0,0
"2023","Chlamydera lauterbachi",0,0,0,0,0,0,0,0,0,0,0,0,0,0
"2024","Chlamydera maculata",0,0,0,0,0,0,0,0,0,0,0,0,0,0
"2025","Chlamydera nuchalis",0,0,0,0,0,0,0,0,0,0,0,0,0,0
"2026","Chlamydochaera jefferyi",0,0,0,0,0,0,0,0,0,0,0,0,0,0
"2027","Chlamydotis macqueenii",4,5,4,4,8,0,0,6,4,7,4,0,5,0
"2028","Chlamydotis undulata",5,6,4,4,7,0,0,4,0,0,4,0,5,0
"2029","Chlidonias albostriatus",0,0,0,0,0,0,0,4,5,8,0,0,0,0
"2030","Chlidonias hybrida",0,0,0,0,0,0,0,0,0,0,0,0,0,0
"2031","Chlidonias leucopterus",0,0,0,0,0,0,0,0,0,0,0,0,0,0
"2032","Chlidonias niger",0,5,0,0,0,0,0,0,5,4,0,0,5,0
"2033","Chloebia gouldiae",0,5,4,0,2,0,0,0,6,5,0,0,6,0
"2034","Chloephaga hybrida",0,0,0,0,0,0,0,0,0,0,0,0,0,0
"2035","Chloephaga melanoptera",0,0,0,0,0,0,0,0,0,0,0,0,0,0
"2036","Chloephaga picta",0,0,0,0,0,0,0,0,0,0,0,0,0,0
"2037","Chloephaga poliocephala",0,0,0,0,0,0,0,0,0,0,0,0,0,0
"2038","Chloephaga rubidiceps",0,0,0,0,0,0,0,0,0,0,0,0,6,0
"2039","Chlorestes candida",0,0,0,0,0,0,0,0,0,0,0,0,0,0
"2040","Chlorestes cyanus",0,0,0,0,0,0,0,0,0,0,0,0,0,0
"2041","Chlorestes eliciae",0,0,0,0,0,0,0,0,0,0,0,0,0,0
"2042","Chlorestes julie",0,0,0,0,0,0,0,0,0,0,0,0,0,0
"2043","Chlorestes notata",0,0,0,0,0,0,0,0,0,0,0,0,0,0
"2044","Chloridops kona",0,0,0,0,0,4,0,0,0,4,0,0,0,0
"2045","Chloris ambigua",0,0,0,0,0,0,0,0,0,0,0,0,0,0
"2046","Chloris chloris",0,0,0,0,0,0,0,0,0,0,0,0,0,0
"2047","Chloris monguilloti",0,7,0,0,0,7,0,0,0,0,0,0,6,0
"2048","Chloris sinica",0,0,0,0,0,0,0,0,0,0,0,0,0,0
"2049","Chloris spinoides",0,0,0,0,0,0,0,0,0,0,0,0,0,0
"2050","Chloroceryle aenea",0,0,0,0,0,0,0,0,0,0,0,0,0,0
"2051","Chloroceryle amazona",0,0,0,0,0,0,0,0,0,0,0,0,0,0
"2052","Chloroceryle americana",0,0,0,0,0,0,0,0,0,0,0,0,0,0
"2053","Chloroceryle inda",0,0,0,0,0,0,0,0,0,0,0,0,0,0
"2054","Chlorochrysa calliparaea",0,0,0,0,0,0,0,0,0,0,0,0,0,0
"2055","Chlorochrysa fulgentissima",0,0,0,0,0,0,0,0,0,0,0,0,0,0
"2056","Chlorochrysa nitidissima",5,5,5,5,0,5,0,0,0,0,0,0,0,0
"2057","Chlorochrysa phoenicotis",0,0,0,0,0,0,0,0,0,0,0,0,0,0
"2058","Chlorocichla falkensteini",0,0,0,0,0,0,0,0,0,0,0,0,0,0
"2059","Chlorocichla flaviventris",0,0,0,0,0,0,0,0,0,0,0,0,0,0
"2060","Chlorocichla laetissima",0,0,0,0,0,0,0,0,0,0,0,0,0,0
"2061","Chlorocichla prigoginei",0,7,0,0,0,7,0,0,0,0,0,0,0,0
"2062","Chlorocichla simplex",0,0,0,0,0,0,0,0,0,0,0,0,0,0
"2063","Chlorodrepanis flava",4,0,0,0,0,0,0,0,0,5,0,0,0,0
"2064","Chlorodrepanis stejnegeri",0,3,0,0,0,3,0,0,0,7,0,0,7,0
"2065","Chlorodrepanis virens",0,0,0,0,0,0,0,0,0,5,0,0,0,0
"2066","Chlorophanes spiza",0,0,0,0,0,0,0,0,0,0,0,0,0,0
"2067","Chlorophoneus bocagei",0,0,0,0,0,0,0,0,0,0,0,0,0,0
"2068","Chlorophoneus kupeensis",0,5,0,0,0,4,0,0,0,0,0,0,6,0
"2069","Chlorophoneus multicolor",0,0,0,0,0,0,0,0,0,0,0,0,0,0
"2070","Chlorophoneus nigrifrons",0,0,0,0,0,0,0,0,0,0,0,0,0,0
"2071","Chlorophoneus olivaceus",0,0,0,0,0,0,0,0,0,0,0,0,6,0
"2072","Chlorophoneus sulfureopectus",0,0,0,0,0,0,0,0,0,0,0,0,0,0
"2073","Chlorophonia callophrys",0,0,0,0,0,0,0,0,0,0,0,0,0,0
"2074","Chlorophonia cyanea",0,0,0,0,0,0,0,0,0,0,0,0,0,0
"2075","Chlorophonia flavirostris",0,0,0,0,0,0,0,0,0,0,0,0,0,0
"2076","Chlorophonia occipitalis",0,0,0,0,0,0,0,0,0,0,0,0,0,0
"2077","Chlorophonia pyrrhophrys",0,0,0,0,0,0,0,0,0,0,0,0,0,0
"2078","Chloropicoides rafflesii",0,6,0,0,0,6,0,0,6,0,0,0,0,0
"2079","Chloropipo flavicapilla",0,6,0,0,0,0,0,0,0,0,0,0,0,0
"2080","Chloropipo unicolor",0,0,0,0,0,0,0,0,0,0,0,0,0,0
"2081","Chloropsis aurifrons",0,0,0,0,7,0,0,0,0,0,0,0,0,0
"2082","Chloropsis cochinchinensis",0,4,0,0,8,0,0,0,0,0,0,0,0,0
"2083","Chloropsis cyanopogon",0,5,0,0,5,5,0,0,5,0,0,0,0,0
"2084","Chloropsis flavipennis",0,6,7,0,0,8,0,0,0,0,0,0,0,0
"2085","Chloropsis hardwickii",0,0,0,0,0,0,0,0,0,0,0,0,0,0
"2086","Chloropsis jerdoni",0,0,0,0,0,0,0,0,0,0,0,0,0,0
"2087","Chloropsis kinabaluensis",0,0,0,0,0,0,0,0,0,0,0,0,0,0
"2088","Chloropsis lazulina",0,0,0,0,0,0,0,0,0,0,0,0,0,0
"2089","Chloropsis media",0,5,0,0,8,0,0,0,0,0,0,0,0,0
"2090","Chloropsis moluccensis",0,0,0,0,0,0,0,0,0,0,0,0,0,0
"2091","Chloropsis palawanensis",0,0,0,0,0,0,0,0,0,0,0,0,0,0
"2092","Chloropsis sonnerati",0,6,0,0,8,0,0,0,0,0,0,0,0,0
"2093","Chloropsis venusta",0,5,0,0,4,5,0,0,5,0,0,0,0,0
"2094","Chlorornis riefferii",0,0,0,0,0,0,0,0,0,0,0,0,0,0
"2095","Chlorospingus canigularis",0,0,0,0,0,0,0,0,0,0,0,0,0,0
"2096","Chlorospingus flavigularis",0,0,0,0,0,0,0,0,0,0,0,0,0,0
"2097","Chlorospingus flavopectus",0,0,0,0,0,0,0,0,0,0,0,0,0,0
"2098","Chlorospingus hypophaeus",0,0,0,0,0,0,0,0,0,0,0,0,0,0
"2099","Chlorospingus inornatus",0,0,0,0,0,0,0,0,0,0,0,0,6,0
"2100","Chlorospingus parvirostris",0,0,0,0,0,0,0,0,0,0,0,0,0,0
"2101","Chlorospingus pileatus",0,0,0,0,0,0,0,0,0,0,0,0,0,0
"2102","Chlorospingus semifuscus",0,0,0,0,0,0,0,0,0,0,0,0,0,0
"2103","Chlorospingus tacarcunae",0,0,0,0,0,0,0,0,0,0,0,0,6,0
"2104","Chlorostilbon alice",0,0,0,0,0,0,0,0,0,0,0,0,0,0
"2105","Chlorostilbon assimilis",0,0,0,0,0,0,0,0,0,0,0,0,0,0
"2106","Chlorostilbon gibsoni",0,0,0,0,0,0,0,0,0,0,0,0,0,0
"2107","Chlorostilbon lucidus",0,0,0,0,0,0,0,0,0,0,0,0,0,0
"2108","Chlorostilbon mellisugus",0,0,0,0,0,0,0,0,0,0,0,0,0,0
"2109","Chlorostilbon olivaresi",0,0,0,0,0,0,0,0,0,0,0,0,0,0
"2110","Chlorostilbon poortmani",0,0,0,0,0,0,0,0,0,0,0,0,0,0
"2111","Chlorostilbon russatus",0,0,0,0,0,0,0,0,0,0,0,0,0,0
"2112","Chlorostilbon stenurus",0,0,0,0,0,0,0,0,0,0,0,0,0,0
"2113","Chondestes grammacus",0,0,0,0,0,0,0,0,0,0,0,0,0,0
"2114","Chondrohierax uncinatus",0,0,0,0,4,5,0,0,0,0,0,0,0,0
"2115","Chondrohierax wilsonii",0,7,0,0,7,7,0,0,0,0,0,0,6,0
"2116","Chordeiles acutipennis",0,0,0,0,0,0,0,0,0,0,0,0,0,0
"2117","Chordeiles gundlachii",0,0,0,0,0,0,0,0,0,0,0,0,0,0
"2118","Chordeiles minor",0,0,0,0,0,0,0,0,0,0,0,0,0,0
"2119","Chordeiles nacunda",0,0,0,0,0,0,0,0,0,0,0,0,0,0
"2120","Chordeiles pusillus",0,0,0,0,0,0,0,0,0,0,0,0,0,0
"2121","Chordeiles rupestris",0,0,0,0,0,0,0,0,0,0,0,0,0,0
"2122","Chrysococcyx caprius",0,0,0,0,0,0,0,0,0,0,0,0,0,0
"2123","Chrysococcyx cupreus",0,0,0,0,0,0,0,0,0,0,0,0,0,0
"2124","Chrysococcyx flavigularis",0,0,0,0,0,0,0,0,0,0,0,0,0,0
"2125","Chrysococcyx klaas",0,0,0,0,0,0,0,0,0,0,0,0,0,0
"2126","Chrysococcyx maculatus",0,0,0,0,0,0,0,0,0,0,0,0,0,0
"2127","Chrysococcyx xanthorhynchus",0,0,0,0,0,0,0,0,0,0,0,0,0,0
"2128","Chrysocolaptes erythrocephalus",0,6,0,0,0,7,0,0,0,0,0,0,0,0
"2129","Chrysocolaptes festivus",0,0,0,0,0,0,0,0,0,0,0,0,0,0
"2130","Chrysocolaptes guttacristatus",0,0,0,0,0,0,0,0,0,0,0,0,0,0
"2131","Chrysocolaptes haematribon",0,0,0,0,0,0,0,0,0,0,0,0,0,0
"2132","Chrysocolaptes lucidus",0,0,0,0,0,0,0,0,0,0,0,0,0,0
"2133","Chrysocolaptes stricklandi",0,0,0,0,0,0,0,0,0,0,0,0,0,0
"2134","Chrysocolaptes strictus",5,5,5,0,0,6,0,0,5,0,0,0,0,0
"2135","Chrysocolaptes validus",0,0,0,0,0,0,0,0,0,0,0,0,0,0
"2136","Chrysocolaptes xanthocephalus",0,7,0,0,0,7,0,0,0,0,0,0,0,0
"2137","Chrysocorypha delatrii",0,0,0,0,0,0,0,0,0,0,0,0,0,0
"2138","Chrysocorythus estherae",0,0,0,0,0,0,0,0,0,0,0,0,0,0
"2139","Chrysocorythus mindanensis",0,0,0,0,0,0,0,0,0,0,0,0,5,0
"2140","Chrysoena luteovirens",0,0,0,0,0,0,0,0,0,0,0,0,0,0
"2141","Chrysoena victor",0,0,0,0,0,0,0,0,0,0,0,0,6,0
"2142","Chrysoena viridis",0,6,0,0,6,0,0,0,6,0,0,0,0,0
"2143","Chrysolampis mosquitus",0,0,0,0,0,0,0,0,0,0,0,0,0,0
"2144","Chrysolophus amherstiae",0,0,0,0,0,0,0,0,0,0,0,0,0,0
"2145","Chrysolophus pictus",0,0,0,0,0,0,0,0,0,0,0,0,0,0
"2146","Chrysominla strigula",0,0,0,0,0,0,0,0,0,0,0,0,0,0
"2147","Chrysomma altirostre",6,7,0,0,0,5,0,0,6,0,0,0,0,0
"2148","Chrysomma sinense",0,0,0,0,0,0,0,0,0,0,0,0,0,0
"2149","Chrysomus icterocephalus",0,0,0,0,0,0,0,0,0,0,0,0,0,0
"2150","Chrysomus ruficapillus",0,0,0,0,0,0,0,0,0,0,0,0,0,0
"2151","Chrysophlegma flavinucha",0,0,0,0,0,0,0,0,0,0,0,0,0,0
"2152","Chrysophlegma humii",0,6,0,0,0,6,6,0,0,0,0,0,0,0
"2153","Chrysophlegma mentale",0,5,0,0,0,5,0,0,0,0,0,0,0,0
"2154","Chrysophlegma miniaceum",0,0,0,0,0,0,0,0,0,0,0,0,0,0
"2155","Chrysothlypis chrysomelas",0,0,0,0,0,0,0,0,0,0,0,0,0,0
"2156","Chrysothlypis salmoni",0,0,0,0,0,0,0,0,0,0,0,0,0,0
"2157","Chrysuronia brevirostris",0,0,0,0,0,0,0,0,0,0,0,0,0,0
"2158","Chrysuronia coeruleogularis",0,0,0,0,0,0,0,0,0,0,0,0,0,0
"2159","Chrysuronia goudoti",0,0,0,0,0,0,0,0,0,0,0,0,0,0
"2160","Chrysuronia grayi",0,0,0,0,0,0,0,0,0,0,0,0,0,0
"2161","Chrysuronia humboldtii",0,5,0,0,0,0,0,0,0,0,0,0,0,0
"2162","Chrysuronia leucogaster",0,0,0,0,0,0,0,0,0,0,0,0,0,0
"2163","Chrysuronia lilliae",5,6,0,4,0,5,0,0,5,0,5,0,0,0
"2164","Chrysuronia oenone",0,0,0,0,0,0,0,0,0,0,0,0,0,0
"2165","Chrysuronia versicolor",0,0,0,0,0,0,0,0,0,0,0,0,0,0
"2166","Chunga burmeisteri",0,0,0,0,0,0,0,0,0,0,0,0,0,0
"2167","Ciccaba albitarsis",0,0,0,0,0,0,0,0,0,0,0,0,0,0
"2168","Ciccaba huhula",0,0,0,0,0,0,0,0,0,0,0,0,0,0
"2169","Ciccaba nigrolineata",0,0,0,0,0,0,0,0,0,0,0,0,0,0
"2170","Ciccaba virgata",0,0,0,0,0,0,0,0,0,0,0,0,0,0
"2171","Cichladusa arquata",0,0,0,0,0,0,0,0,0,0,0,0,0,0
"2172","Cichladusa guttata",0,0,0,0,0,0,0,0,0,0,0,0,0,0
"2173","Cichladusa ruficauda",0,0,0,0,0,0,0,0,0,0,0,0,0,0
"2174","Cichlocolaptes holti",0,0,0,0,0,0,0,0,0,0,0,0,0,0
"2175","Cichlocolaptes leucophrus",0,0,0,0,0,0,0,0,0,0,0,0,0,0
"2176","Cichlocolaptes mazarbarnetti",0,3,0,0,0,3,0,0,2,0,0,0,0,0
"2177","Cichlopsis chubbi",5,5,0,0,0,5,0,0,0,0,0,0,0,0
"2178","Cichlopsis gularis",0,0,0,0,0,0,0,0,0,0,0,0,0,0
"2179","Cichlopsis leucogenys",6,5,0,0,0,0,0,0,0,0,0,0,0,0
"2180","Cichlopsis peruviana",0,4,0,0,0,0,0,0,0,0,0,0,0,0
"2181","Cicinnurus magnificus",0,0,0,0,0,0,0,0,0,0,0,0,0,0
"2182","Cicinnurus regius",0,0,0,0,0,0,0,0,0,0,0,0,0,0
"2183","Cicinnurus respublica",0,0,4,0,4,5,0,0,4,0,0,0,6,0
"2184","Ciconia abdimii",4,4,0,0,5,0,0,0,0,0,5,0,0,0
"2185","Ciconia boyciana",0,7,0,4,4,5,5,6,5,0,6,0,0,0
"2186","Ciconia ciconia",0,0,0,0,0,0,0,0,0,0,0,0,0,0
"2187","Ciconia episcopus",0,5,0,0,5,5,0,0,5,0,5,0,0,0
"2188","Ciconia maguari",0,0,0,0,0,0,0,0,0,0,0,0,0,0
"2189","Ciconia microscelis",0,0,0,0,0,0,0,0,0,0,0,0,0,0
"2190","Ciconia nigra",0,0,0,0,0,0,0,0,0,0,0,0,0,0
"2191","Ciconia stormi",0,7,0,0,4,6,0,0,5,0,0,0,0,0
"2192","Cinclidium frontale",0,0,0,0,0,0,0,0,0,0,0,0,0,0
"2193","Cinclocerthia gutturalis",0,0,0,0,0,0,0,0,0,0,0,0,0,0
"2194","Cinclocerthia ruficauda",0,0,0,0,0,0,0,0,0,0,0,0,0,0
"2195","Cinclodes albidiventris",0,0,0,0,0,0,0,0,0,0,0,0,0,0
"2196","Cinclodes albiventris",0,0,0,0,0,0,0,0,0,0,0,0,0,0
"2197","Cinclodes antarcticus",0,0,0,0,0,0,0,0,0,7,0,0,6,0
"2198","Cinclodes aricomae",0,6,0,0,0,6,0,5,6,0,5,0,6,0
"2199","Cinclodes atacamensis",0,0,0,0,0,0,0,0,0,0,0,0,0,0
"2200","Cinclodes comechingonus",0,0,0,0,0,0,0,0,0,0,0,0,0,0
"2201","Cinclodes excelsior",0,0,0,0,0,0,0,0,0,0,0,0,0,0
"2202","Cinclodes fuscus",0,0,0,0,0,0,0,0,0,0,0,0,0,0
"2203","Cinclodes maculirostris",0,0,0,0,0,0,0,0,0,7,0,0,6,0
"2204","Cinclodes nigrofumosus",0,0,0,0,0,0,0,0,0,0,0,0,0,0
"2205","Cinclodes olrogi",0,0,0,0,0,0,0,0,0,0,0,0,0,0
"2206","Cinclodes oustaleti",0,0,0,0,0,0,0,0,0,0,0,0,0,0
"2207","Cinclodes pabsti",4,7,4,0,0,0,0,0,5,0,0,0,5,0
"2208","Cinclodes palliatus",0,6,7,0,0,0,0,0,5,0,0,0,6,0
"2209","Cinclodes patagonicus",0,0,0,0,0,0,0,0,0,0,0,0,0,0
"2210","Cinclodes taczanowskii",0,0,0,0,0,0,0,0,0,0,0,0,0,0
"2211","Cincloramphus bivittatus",0,0,0,0,0,0,0,0,0,0,0,0,0,0
"2212","Cincloramphus cruralis",0,0,0,0,0,0,0,0,0,0,0,0,0,0
"2213","Cincloramphus grosvenori",0,0,0,0,0,6,0,0,0,7,0,0,0,0
"2214","Cincloramphus llaneae",0,0,0,0,0,0,0,0,0,7,0,0,0,0
"2215","Cincloramphus macrurus",0,0,0,0,0,0,0,0,0,0,0,0,0,0
"2216","Cincloramphus mariae",0,0,0,0,0,0,0,0,7,7,0,0,0,0
"2217","Cincloramphus mathewsi",0,0,0,0,0,0,0,0,0,0,0,0,0,0
"2218","Cincloramphus rubiginosus",0,0,0,0,0,0,0,0,0,0,0,0,0,0
"2219","Cincloramphus rufus",0,4,3,0,0,5,0,0,0,5,0,0,0,0
"2220","Cincloramphus timoriensis",0,0,0,0,0,0,0,0,0,0,0,0,0,0
"2221","Cincloramphus turipavae",0,0,0,0,0,0,0,0,0,5,0,0,6,0
"2222","Cincloramphus whitneyi",0,0,0,0,0,0,0,0,0,5,0,0,6,0
"2223","Cinclosoma ajax",0,0,0,0,0,0,0,0,0,0,0,0,0,0
"2224","Cinclosoma alisteri",0,0,0,0,0,0,0,0,0,0,0,0,0,0
"2225","Cinclosoma castaneothorax",0,0,0,0,0,0,0,0,0,0,0,0,0,0
"2226","Cinclosoma castanotum",0,0,0,0,0,0,0,0,0,0,0,0,0,0
"2227","Cinclosoma cinnamomeum",0,0,0,0,0,0,0,0,0,0,0,0,0,0
"2228","Cinclosoma marginatum",0,0,0,0,0,0,0,0,0,0,0,0,0,0
"2229","Cinclosoma punctatum",0,0,0,0,0,0,0,0,0,0,0,0,6,0
"2230","Cinclus cinclus",0,0,0,0,0,0,0,0,0,0,0,0,0,0
"2231","Cinclus leucocephalus",0,0,0,0,0,0,0,0,0,0,0,0,0,0
"2232","Cinclus mexicanus",0,0,0,0,0,0,0,0,0,0,0,0,0,0
"2233","Cinclus pallasii",0,0,0,0,0,0,0,0,0,0,0,0,0,0
"2234","Cinclus schulzii",0,5,5,0,0,5,0,0,0,5,5,0,0,0
"2235","Cinnycerthia fulva",0,0,0,0,0,0,0,0,0,0,0,0,0,0
"2236","Cinnycerthia olivascens",0,0,0,0,0,0,0,0,0,0,0,0,0,0
"2237","Cinnycerthia peruana",0,0,0,0,0,0,0,0,0,0,0,0,0,0
"2238","Cinnycerthia unirufa",0,0,0,0,0,0,0,0,0,0,0,0,0,0
"2239","Cinnyricinclus leucogaster",0,0,0,0,0,0,0,0,0,0,0,0,0,0
"2240","Cinnyris afer",0,0,0,0,0,0,0,0,0,0,0,0,6,0
"2241","Cinnyris asiaticus",0,0,0,0,0,0,0,0,0,0,0,0,0,0
"2242","Cinnyris batesi",0,0,0,0,0,0,0,0,0,0,0,0,0,0
"2243","Cinnyris bifasciatus",0,0,0,0,0,0,0,0,0,0,0,0,0,0
"2244","Cinnyris bouvieri",0,0,0,0,0,0,0,0,0,0,0,0,0,0
"2245","Cinnyris buettikoferi",0,0,0,0,0,0,0,0,0,0,0,0,0,0
"2246","Cinnyris chalcomelas",0,0,0,0,0,0,0,0,0,0,0,0,0,0
"2247","Cinnyris chalybeus",0,0,0,0,0,0,0,0,0,0,0,0,6,0
"2248","Cinnyris chloropygius",0,0,0,0,0,0,0,0,0,0,0,0,0,0
"2249","Cinnyris coccinigastrus",0,0,0,0,0,0,0,0,0,0,0,0,0,0
"2250","Cinnyris comorensis",0,0,0,0,0,0,0,0,0,0,0,0,0,0
"2251","Cinnyris congensis",0,0,0,0,0,0,0,0,0,0,0,0,0,0
"2252","Cinnyris coquerellii",0,0,0,0,0,0,0,0,0,0,0,0,0,0
"2253","Cinnyris cupreus",0,0,0,0,0,0,0,0,0,0,0,0,0,0
"2254","Cinnyris dussumieri",0,0,0,0,0,0,0,0,0,0,0,0,0,0
"2255","Cinnyris erythrocercus",0,0,0,0,0,0,0,0,0,0,0,0,0,0
"2256","Cinnyris fuelleborni",0,0,0,0,0,0,0,0,0,0,0,0,0,0
"2257","Cinnyris fuscus",0,0,0,0,0,0,0,0,0,0,0,0,0,0
"2258","Cinnyris gertrudis",0,0,0,0,0,0,0,0,0,0,0,0,0,0
"2259","Cinnyris habessinicus",0,0,0,0,0,0,0,0,0,0,0,0,0,0
"2260","Cinnyris hellmayri",0,0,0,0,0,0,0,0,0,0,0,0,0,0
"2261","Cinnyris humbloti",0,0,0,0,0,0,0,0,0,0,0,0,0,0
"2262","Cinnyris idenburgi",0,0,0,0,0,0,0,0,0,0,0,0,0,0
"2263","Cinnyris johannae",0,0,0,0,0,0,0,0,0,0,0,0,0,0
"2264","Cinnyris jugularis",0,0,0,0,0,0,0,0,0,0,0,0,0,0
"2265","Cinnyris lotenius",0,0,0,0,0,0,0,0,0,0,0,0,0,0
"2266","Cinnyris loveridgei",0,6,0,0,0,6,0,0,0,0,0,0,0,0
"2267","Cinnyris ludovicensis",0,0,0,0,0,0,0,0,0,0,0,0,6,0
"2268","Cinnyris manoensis",0,0,0,0,0,0,0,0,0,0,0,0,0,0
"2269","Cinnyris mariquensis",0,0,0,0,0,0,0,0,0,0,0,0,0,0
"2270","Cinnyris mediocris",0,0,0,0,0,0,0,0,0,0,0,0,0,0
"2271","Cinnyris melanogastrus",0,0,0,0,0,0,0,0,0,0,0,0,0,0
"2272","Cinnyris minullus",0,0,0,0,0,0,0,0,0,0,0,0,0,0
"2273","Cinnyris moebii",0,0,0,0,0,0,0,0,0,0,0,0,0,0
"2274","Cinnyris moreaui",0,6,0,0,0,6,0,0,0,0,0,0,6,0
"2275","Cinnyris nectarinioides",0,0,0,0,0,0,0,0,0,0,0,0,0,0
"2276","Cinnyris neergaardi",0,6,0,0,0,6,0,0,0,4,0,0,5,0
"2277","Cinnyris notatus",0,0,0,0,0,0,0,0,0,0,0,0,0,0
"2278","Cinnyris osea",0,0,0,0,0,0,0,0,0,0,0,0,0,0
"2279","Cinnyris oustaleti",0,0,0,0,0,0,0,0,0,0,0,0,0,0
"2280","Cinnyris pembae",0,0,0,0,0,0,0,0,0,0,0,0,6,0
"2281","Cinnyris prigoginei",0,6,0,0,0,0,0,0,0,0,0,0,6,0
"2282","Cinnyris pulchellus",0,0,0,0,0,0,0,0,0,0,0,0,0,0
"2283","Cinnyris regius",0,0,0,0,0,0,0,0,0,0,0,0,0,0
"2284","Cinnyris reichenowi",0,0,0,0,0,0,0,0,0,0,0,0,0,0
"2285","Cinnyris rockefelleri",0,0,4,0,0,5,0,4,0,0,0,0,6,0
"2286","Cinnyris rufipennis",0,6,0,0,5,6,0,0,6,0,0,0,6,0
"2287","Cinnyris shelleyi",0,0,0,0,0,0,0,0,0,0,0,0,0,0
"2288","Cinnyris solaris",0,0,0,0,0,0,0,0,0,0,0,0,0,0
"2289","Cinnyris sovimanga",0,0,0,0,0,0,0,0,0,0,0,0,0,0
"2290","Cinnyris stuhlmanni",0,0,0,0,0,0,0,0,0,0,0,0,6,0
"2291","Cinnyris superbus",0,0,0,0,0,0,0,0,0,0,0,0,0,0
"2292","Cinnyris talatala",0,0,0,0,0,0,0,0,0,0,0,0,0,0
"2293","Cinnyris tsavoensis",0,0,0,0,0,0,0,0,0,0,0,0,0,0
"2294","Cinnyris ursulae",0,4,0,0,0,5,0,0,0,0,0,0,0,0
"2295","Cinnyris usambaricus",0,5,0,0,0,0,0,0,0,0,0,0,0,0
"2296","Cinnyris venustus",0,0,0,0,0,0,0,0,0,0,0,0,0,0
"2297","Cinnyris voeltzkowi",0,0,0,0,0,0,0,0,0,0,0,0,0,0
"2298","Circaetus beaudouini",7,7,0,0,4,7,0,0,0,0,6,0,0,0
"2299","Circaetus cinerascens",0,0,0,0,0,0,0,0,0,0,0,0,0,0
"2300","Circaetus cinereus",0,5,0,0,5,5,0,0,5,0,5,0,0,0
"2301","Circaetus fasciolatus",0,5,0,0,0,7,0,0,0,0,0,0,4,0
"2302","Circaetus gallicus",0,6,7,5,4,4,0,4,4,0,4,0,0,0
"2303","Circaetus pectoralis",0,0,0,4,4,0,0,0,0,0,0,0,0,4
"2304","Circus aeruginosus",4,5,5,4,5,5,0,0,5,0,6,0,5,0
"2305","Circus approximans",0,0,0,0,0,0,0,0,0,0,0,0,0,0
"2306","Circus assimilis",0,0,0,0,0,0,0,0,0,0,0,0,0,0
"2307","Circus buffoni",0,0,0,0,0,0,0,0,0,0,0,0,0,0
"2308","Circus cinereus",0,0,0,0,0,0,0,0,0,0,0,0,0,0
"2309","Circus cyaneus",0,6,0,0,5,0,0,0,6,5,0,0,0,0
"2310","Circus hudsonius",0,0,0,0,0,0,0,0,0,0,0,0,0,0
"2311","Circus macrosceles",0,6,0,0,6,0,0,5,6,0,0,0,0,0
"2312","Circus macrourus",0,6,0,0,5,4,0,0,6,0,5,0,7,0
"2313","Circus maillardi",4,4,3,5,5,4,0,0,4,5,6,0,4,0
"2314","Circus maurus",5,6,7,4,0,0,0,0,5,4,5,0,3,0
"2315","Circus melanoleucos",0,6,0,0,0,0,0,0,6,0,0,0,0,0
"2316","Circus pygargus",5,6,5,0,4,5,0,0,5,0,5,0,5,0
"2317","Circus ranivorus",0,0,0,0,0,0,0,0,0,0,0,0,0,0
"2318","Circus spilonotus",5,5,4,0,6,5,0,0,5,0,5,0,0,0
"2319","Circus spilothorax",0,0,0,0,0,0,0,0,0,0,0,0,0,0
"2320","Ciridops anna",0,0,0,0,0,4,0,0,0,4,0,0,0,0
"2321","Cissa chinensis",0,0,0,0,0,0,0,0,0,0,0,0,0,0
"2322","Cissa hypoleuca",0,0,0,0,0,0,0,0,0,0,0,0,0,0
"2323","Cissa jefferyi",0,0,0,0,0,0,0,0,0,0,0,0,0,0
"2324","Cissa thalassina",0,6,5,0,6,6,0,0,0,0,0,0,0,0
"2325","Cissomela pectoralis",0,0,0,0,0,0,0,0,0,0,0,0,0,0
"2326","Cissopis leverianus",0,0,0,0,0,0,0,0,0,0,0,0,0,0
"2327","Cisticola aberdare",0,6,0,0,0,0,0,0,5,4,0,0,6,0
"2328","Cisticola aberrans",0,0,0,0,0,0,0,0,0,0,0,0,0,0
"2329","Cisticola anderseni",0,6,0,0,0,0,0,0,7,0,0,0,0,0
"2330","Cisticola angusticauda",0,0,0,0,0,0,0,0,0,0,0,0,0,0
"2331","Cisticola anonymus",0,0,0,0,0,0,0,0,0,0,0,0,0,0
"2332","Cisticola aridulus",0,0,0,0,0,0,0,0,0,0,0,0,0,0
"2333","Cisticola ayresii",0,0,0,0,0,0,0,0,0,0,0,0,0,0
"2334","Cisticola bailunduensis",0,0,0,0,0,0,0,0,0,0,0,0,0,0
"2335","Cisticola bakerorum",0,7,0,0,0,0,0,0,5,0,0,0,0,0
"2336","Cisticola bodessa",0,0,0,0,0,0,0,0,0,0,0,0,0,0
"2337","Cisticola brachypterus",0,0,0,0,0,0,0,0,0,0,0,0,0,0
"2338","Cisticola brunnescens",0,0,0,0,0,0,0,0,0,0,0,0,0,0
"2339","Cisticola bulliens",0,0,0,0,0,0,0,0,0,0,0,0,0,0
"2340","Cisticola cantans",0,0,0,0,0,0,0,0,0,0,0,0,0,0
"2341","Cisticola carruthersi",0,0,0,0,0,0,0,0,0,0,0,0,0,0
"2342","Cisticola cherina",0,0,0,0,0,0,0,0,0,0,0,0,0,0
"2343","Cisticola chiniana",0,0,0,0,0,0,0,0,0,0,0,0,0,0
"2344","Cisticola chubbi",0,0,0,0,0,0,0,0,0,0,0,0,0,0
"2345","Cisticola cinereolus",0,0,0,0,0,0,0,0,0,0,0,0,0,0
"2346","Cisticola cinnamomeus",0,0,0,0,0,0,0,0,0,0,0,0,0,0
"2347","Cisticola dambo",0,0,0,0,0,0,0,0,0,0,0,0,0,0
"2348","Cisticola erythrops",0,0,0,0,0,0,0,0,0,0,0,0,0,0
"2349","Cisticola exilis",0,0,0,0,0,0,0,0,0,0,0,0,0,0
"2350","Cisticola eximius",0,0,0,0,0,0,0,0,0,0,0,0,0,0
"2351","Cisticola fulvicapilla",0,0,0,0,0,0,0,0,0,0,0,0,0,0
"2352","Cisticola galactotes",0,0,0,0,0,0,0,0,0,0,0,0,0,0
"2353","Cisticola guinea",0,0,0,0,0,0,0,0,0,0,0,0,0,0
"2354","Cisticola haematocephalus",0,0,0,0,0,0,0,0,0,0,0,0,0,0
"2355","Cisticola haesitatus",4,4,0,0,0,0,0,0,0,0,0,0,0,0
"2356","Cisticola hunteri",0,0,0,0,0,0,0,0,0,0,0,0,0,0
"2357","Cisticola juncidis",0,0,0,0,0,0,0,0,0,0,0,0,4,0
"2358","Cisticola lais",0,0,0,0,0,0,0,0,0,0,0,0,0,0
"2359","Cisticola lateralis",0,0,0,0,0,0,0,0,0,0,0,0,0,0
"2360","Cisticola luapula",0,0,0,0,0,0,0,0,0,0,0,0,0,0
"2361","Cisticola lugubris",0,0,0,0,0,0,0,0,0,0,0,0,0,0
"2362","Cisticola marginatus",0,0,0,0,0,0,0,0,0,0,0,0,0,0
"2363","Cisticola melanurus",0,7,0,0,0,7,0,0,0,0,0,0,0,0
"2364","Cisticola nana",0,0,0,0,0,0,0,0,0,0,0,0,0,0
"2365","Cisticola natalensis",0,0,0,0,0,0,0,0,0,0,0,0,0,0
"2366","Cisticola nigriloris",0,0,0,0,0,0,0,0,0,0,0,0,6,0
"2367","Cisticola njombe",0,0,0,0,0,0,0,0,0,0,0,0,0,0
"2368","Cisticola pipiens",0,0,0,0,0,0,0,0,0,0,0,0,0,0
"2369","Cisticola restrictus",0,0,0,0,0,0,0,0,0,0,0,0,0,0
"2370","Cisticola robustus",0,0,0,0,0,0,0,0,0,0,0,0,0,0
"2371","Cisticola ruficeps",0,0,0,0,0,0,0,0,0,0,0,0,0,0
"2372","Cisticola rufilatus",0,0,0,0,0,0,0,0,0,0,0,0,0,0
"2373","Cisticola rufus",0,0,0,0,0,0,0,0,0,0,0,0,0,0
"2374","Cisticola subruficapilla",0,0,0,0,0,0,0,0,0,0,0,0,6,0
"2375","Cisticola textrix",0,0,0,0,0,0,0,0,0,0,0,0,6,0
"2376","Cisticola tinniens",0,0,0,0,0,0,0,0,0,0,0,0,0,0
"2377","Cisticola troglodytes",0,0,0,0,0,0,0,0,0,0,0,0,0,0
"2378","Cisticola woosnami",0,0,0,0,0,0,0,0,0,0,0,0,0,0
"2379","Cistothorus apolinari",5,6,0,4,0,4,0,4,7,6,5,0,0,0
"2380","Cistothorus meridae",0,0,0,0,0,0,0,0,0,0,0,0,0,0
"2381","Cistothorus palustris",0,0,0,0,0,0,0,0,0,0,0,0,0,0
"2382","Cistothorus platensis",0,0,0,0,0,0,0,0,0,0,0,0,0,0
"2383","Cistothorus stellaris",0,0,0,0,0,0,0,0,0,0,0,0,0,0
"2384","Cittura cyanotis",0,5,0,0,0,6,0,0,5,0,0,0,0,0
"2385","Cittura sanghirensis",0,5,0,0,0,6,0,0,5,0,0,0,0,0
"2386","Cladorhynchus leucocephalus",0,0,0,0,0,0,0,0,0,0,0,0,0,0
"2387","Clamator coromandus",0,0,0,0,0,0,0,0,0,0,0,0,0,0
"2388","Clamator glandarius",0,0,0,0,0,0,0,0,0,0,0,0,0,0
"2389","Clamator jacobinus",0,0,0,0,0,0,0,0,0,0,0,0,0,0
"2390","Clamator levaillantii",0,0,0,0,0,0,0,0,0,0,0,0,0,0
"2391","Clanga clanga",5,5,6,5,7,6,0,5,6,6,0,0,0,0
"2392","Clanga hastata",0,7,0,0,0,0,0,5,0,0,0,0,0,0
"2393","Clanga pomarina",0,5,5,7,4,5,0,4,5,0,0,0,0,4
"2394","Clangula hyemalis",0,0,4,0,5,0,7,0,0,6,6,0,8,0
"2395","Claravis pretiosa",0,0,0,0,0,0,0,0,0,0,0,0,0,0
"2396","Cleptornis marchei",6,0,0,0,0,0,0,0,0,7,0,5,6,0
"2397","Clibanornis dendrocolaptoides",6,6,0,0,0,6,0,0,7,0,0,0,0,0
"2398","Clibanornis erythrocephalus",5,6,0,4,0,5,0,0,0,4,0,0,0,0
"2399","Clibanornis rectirostris",0,0,0,0,0,0,0,0,0,0,0,0,0,0
"2400","Clibanornis rubiginosus",0,0,0,0,0,0,0,0,0,0,0,0,0,0
"2401","Clibanornis rufipectus",5,6,0,0,0,0,0,0,5,0,0,0,0,0
"2402","Climacteris affinis",0,0,0,0,0,0,0,0,0,0,0,0,0,0
"2403","Climacteris erythrops",0,0,0,0,0,0,0,0,0,0,0,0,6,0
"2404","Climacteris melanurus",0,0,0,0,0,0,0,0,0,0,0,0,0,0
"2405","Climacteris picumnus",0,0,0,0,0,0,0,0,0,0,0,0,0,0
"2406","Climacteris rufus",0,0,0,0,0,6,0,0,5,0,0,0,6,0
"2407","Clytoctantes alixii",5,5,5,0,0,5,0,0,4,0,0,0,0,0
"2408","Clytoctantes atrogularis",0,6,0,2,0,6,0,0,5,0,0,0,0,0
"2409","Clytolaema rubricauda",0,0,0,0,0,0,0,0,0,0,0,0,0,0
"2410","Clytomyias insignis",0,0,0,0,0,0,0,0,0,0,0,0,0,0
"2411","Clytorhynchus hamlini",0,0,4,0,0,6,0,0,0,0,0,0,6,0
"2412","Clytorhynchus nigrogularis",0,5,0,0,0,5,0,0,0,5,0,0,0,0
"2413","Clytorhynchus pachycephaloides",0,0,0,0,0,0,0,0,0,0,0,0,0,0
"2414","Clytorhynchus sanctaecrucis",0,5,4,0,0,5,0,0,0,8,0,0,0,0
"2415","Clytorhynchus vitiensis",0,0,0,0,0,0,0,0,0,0,0,0,0,0
"2416","Clytospiza monteiri",0,0,0,0,0,0,0,0,0,0,0,0,0,0
"2417","Cnemarchus erythropygius",0,0,0,0,0,0,0,0,0,0,0,0,0,0
"2418","Cnemathraupis aureodorsalis",0,5,0,0,0,0,0,0,6,0,0,0,0,0
"2419","Cnemathraupis eximia",0,0,0,0,0,0,0,0,0,0,0,0,0,0
"2420","Cnemophilus loriae",0,0,0,0,0,0,0,0,0,0,0,0,0,0
"2421","Cnemophilus macgregorii",0,0,0,0,0,0,0,0,0,0,0,0,0,0
"2422","Cnemophilus sanguineus",0,0,0,0,0,0,0,0,0,0,0,0,0,0
"2423","Cnemoscopus chrysogaster",0,0,0,0,0,0,0,0,0,0,0,0,0,0
"2424","Cnemoscopus rubrirostris",0,0,0,0,0,0,0,0,0,0,0,0,0,0
"2425","Cnemotriccus fuscatus",0,0,0,0,0,0,0,0,0,0,0,0,0,0
"2426","Cnipodectes subbrunneus",0,0,0,0,0,0,0,0,0,0,0,0,0,0
"2427","Cnipodectes superrufus",0,5,0,5,0,0,0,0,0,0,0,0,0,0
"2428","Coccopygia bocagei",0,0,0,0,0,0,0,0,0,0,0,0,0,0
"2429","Coccopygia melanotis",0,0,0,0,0,0,0,0,0,0,0,0,0,0
"2430","Coccopygia quartinia",0,0,0,0,0,0,0,0,0,0,0,0,0,0
"2431","Coccothraustes coccothraustes",0,0,0,0,0,0,0,0,0,0,0,0,0,0
"2432","Coccycua cinerea",0,0,0,0,0,0,0,0,0,0,0,0,0,0
"2433","Coccycua minuta",0,0,0,0,0,0,0,0,0,0,0,0,0,0
"2434","Coccycua pumila",0,0,0,0,0,0,0,0,0,0,0,0,0,0
"2435","Coccyzus americanus",0,0,0,0,0,0,0,0,0,0,0,0,7,0
"2436","Coccyzus bahamensis",4,4,0,4,0,4,0,0,4,7,0,0,0,0
"2437","Coccyzus erythropthalmus",0,0,0,0,0,0,0,0,0,0,0,0,0,0
"2438","Coccyzus euleri",0,0,0,0,0,0,0,0,0,0,0,0,0,0
"2439","Coccyzus ferrugineus",0,0,0,0,0,0,0,4,0,7,0,0,6,0
"2440","Coccyzus lansbergi",0,0,0,0,0,0,0,0,0,0,0,0,0,0
"2441","Coccyzus longirostris",0,0,0,0,0,0,0,0,0,0,0,0,0,0
"2442","Coccyzus melacoryphus",0,0,0,0,0,0,0,0,0,0,0,0,0,0
"2443","Coccyzus merlini",0,0,0,0,0,0,0,0,0,0,0,0,0,0
"2444","Coccyzus minor",0,0,0,0,0,0,0,0,0,0,0,0,0,0
"2445","Coccyzus pluvialis",0,0,0,0,0,0,0,0,0,0,0,0,0,0
"2446","Coccyzus rufigularis",0,6,0,0,5,5,0,0,4,0,7,0,7,0
"2447","Coccyzus vetula",0,0,0,0,0,0,0,0,0,0,0,0,0,0
"2448","Coccyzus vieilloti",0,0,0,0,0,0,0,0,0,0,0,0,0,0
"2449","Cochlearius cochlearius",0,0,0,0,0,0,0,0,0,0,0,0,0,0
"2450","Cochoa azurea",5,5,5,0,4,0,0,0,0,0,0,0,0,0
"2451","Cochoa beccarii",0,5,0,0,4,5,0,0,0,0,0,0,0,0
"2452","Cochoa purpurea",0,0,0,0,0,0,0,0,0,0,0,0,0,0
"2453","Cochoa viridis",0,0,0,0,0,0,0,0,0,0,0,0,0,0
"2454","Coeligena albicaudata",0,0,0,0,0,0,0,0,0,0,0,0,0,0
"2455","Coeligena bonapartei",0,0,0,0,0,0,0,0,0,0,0,0,0,0
"2456","Coeligena coeligena",0,0,0,0,0,0,0,0,0,0,0,0,0,0
"2457","Coeligena conradii",0,0,0,0,0,0,0,0,0,0,0,0,0,0
"2458","Coeligena consita",6,6,6,5,0,0,0,0,5,0,0,0,0,0
"2459","Coeligena dichroura",0,0,0,0,0,0,0,0,0,0,0,0,0,0
"2460","Coeligena eisenmanni",0,0,0,0,0,0,0,0,0,0,0,0,0,0
"2461","Coeligena eos",0,0,0,0,0,0,0,0,0,0,0,0,0,0
"2462","Coeligena helianthea",0,0,0,0,0,0,0,0,0,0,0,0,0,0
"2463","Coeligena inca",0,0,0,0,0,0,0,0,0,0,0,0,0,0
"2464","Coeligena iris",0,0,0,0,0,0,0,0,0,0,0,0,0,0
"2465","Coeligena lutetiae",0,0,0,0,0,0,0,0,0,0,0,0,0,0
"2466","Coeligena orina",5,6,5,0,0,6,0,0,6,0,0,0,6,0
"2467","Coeligena osculans",0,0,0,0,0,0,0,0,0,0,0,0,0,0
"2468","Coeligena phalerata",0,7,0,0,0,7,0,0,6,0,0,0,6,0
"2469","Coeligena prunellei",4,5,0,0,0,5,0,0,0,0,0,0,0,0
"2470","Coeligena torquata",0,0,0,0,0,0,0,0,0,0,0,0,0,0
"2471","Coeligena violifer",0,0,0,0,0,0,0,0,0,0,0,0,0,0
"2472","Coeligena wilsoni",0,0,0,0,0,0,0,0,0,0,0,0,0,0
"2473","Coenocorypha aucklandica",0,0,0,0,0,0,0,0,0,4,0,0,0,0
"2474","Coenocorypha barrierensis",0,0,0,0,0,0,0,0,0,4,0,0,0,0
"2475","Coenocorypha huegeli",0,0,0,0,0,0,0,0,0,5,0,0,0,0
"2476","Coenocorypha iredalei",0,0,0,0,0,0,0,0,0,4,0,0,0,0
"2477","Coenocorypha pusilla",0,0,0,0,0,0,0,0,0,4,0,0,6,0
"2478","Coereba flaveola",0,0,0,0,0,0,0,0,0,0,0,0,0,0
"2479","Colaptes aeruginosus",0,0,0,0,0,0,0,0,0,0,0,0,0,0
"2480","Colaptes atriceps",0,0,0,0,0,0,0,0,0,0,0,0,0,0
"2481","Colaptes atricollis",0,0,0,0,0,0,0,0,0,0,0,0,0,0
"2482","Colaptes auratus",0,0,0,0,0,0,0,0,0,0,0,0,0,0
"2483","Colaptes auricularis",0,0,0,0,0,0,0,0,0,0,0,0,0,0
"2484","Colaptes cafer",0,0,0,0,0,0,0,0,0,0,0,0,0,0
"2485","Colaptes campestris",0,0,0,0,0,0,0,0,0,0,0,0,0,0
"2486","Colaptes campestroides",0,0,0,0,0,0,0,0,0,0,0,0,0,0
"2487","Colaptes chrysoides",0,0,0,0,0,0,0,0,0,0,0,0,0,0
"2488","Colaptes cinereicapillus",0,0,0,0,0,0,0,0,0,0,0,0,0,0
"2489","Colaptes fernandinae",0,7,0,0,7,0,0,0,0,5,0,0,7,0
"2490","Colaptes melanochloros",0,0,0,0,0,0,0,0,0,0,0,0,0,0
"2491","Colaptes melanolaimus",0,0,0,0,0,0,0,0,0,0,0,0,0,0
"2492","Colaptes mexicanoides",0,0,0,0,0,0,0,0,0,0,0,0,0,0
"2493","Colaptes oceanicus",0,0,0,0,0,4,0,0,0,4,0,0,0,0
"2494","Colaptes pitius",0,0,0,0,0,0,0,0,0,0,0,0,0,0
"2495","Colaptes punctigula",0,0,0,0,0,0,0,0,0,0,0,0,0,0
"2496","Colaptes rivolii",0,0,0,0,0,0,0,0,0,0,0,0,0,0
"2497","Colaptes rubiginosus",0,0,0,0,0,0,0,0,0,0,0,0,0,0
"2498","Colaptes rupicola",0,0,0,0,0,0,0,0,0,0,0,0,0,0
"2499","Colibri coruscans",0,0,0,0,0,0,0,0,0,0,0,0,0,0
"2500","Colibri delphinae",0,0,0,0,0,0,0,0,0,0,0,0,0,0
"2501","Colibri serrirostris",0,0,0,0,0,0,0,0,0,0,0,0,0,0
"2502","Colibri thalassinus",0,0,0,0,0,0,0,0,0,0,0,0,0,0
"2503","Colinus cristatus",0,0,0,0,0,0,0,0,0,0,0,0,0,0
"2504","Colinus leucopogon",0,0,0,0,0,0,0,0,0,0,0,0,0,0
"2505","Colinus nigrogularis",0,0,0,0,0,0,0,0,0,0,0,0,0,0
"2506","Colinus virginianus",0,6,0,0,6,0,0,0,6,0,0,0,0,0
"2507","Colius castanotus",0,0,0,0,0,0,0,0,0,0,0,0,0,0
"2508","Colius colius",0,0,0,0,0,0,0,0,0,0,0,0,6,0
"2509","Colius leucocephalus",0,0,0,0,0,0,0,0,0,0,0,0,0,0
"2510","Colius striatus",0,0,0,0,0,0,0,0,0,0,0,0,0,0
"2511","Collocalia esculenta",0,0,0,0,0,0,0,0,0,0,0,0,0,0
"2512","Collocalia linchi",0,0,0,0,0,0,0,0,0,0,0,0,0,0
"2513","Collocalia troglodytes",0,0,0,0,0,0,0,0,0,0,0,0,0,0
"2514","Colluricincla boweri",0,0,0,0,0,0,0,0,0,0,0,0,8,0
"2515","Colluricincla harmonica",0,0,0,0,0,0,0,0,0,0,0,0,0,0
"2516","Colluricincla megarhyncha",0,0,0,0,0,0,0,0,0,0,0,0,0,0
"2517","Colluricincla tenebrosa",0,0,0,0,0,0,0,0,0,0,0,0,0,0
"2518","Colluricincla woodwardi",0,0,0,0,0,0,0,0,0,0,0,0,0,0
"2519","Colonia colonus",0,0,0,0,0,0,0,0,0,0,0,0,0,0
"2520","Colorhamphus parvirostris",0,0,0,0,0,0,0,0,0,0,0,0,0,0
"2521","Columba albinucha",0,6,0,0,0,6,0,0,0,0,0,0,0,0
"2522","Columba albitorques",0,0,0,0,0,0,0,0,0,0,0,0,0,0
"2523","Columba argentina",7,3,4,0,7,7,0,7,0,7,0,0,0,0
"2524","Columba arquatrix",0,0,0,0,0,0,0,0,0,0,0,0,0,0
"2525","Columba bollii",0,0,0,0,4,4,0,0,0,5,0,0,0,0
"2526","Columba delegorguei",0,0,0,0,0,0,0,0,0,0,0,0,0,0
"2527","Columba elphinstonii",6,6,5,0,4,0,0,0,5,0,0,0,0,0
"2528","Columba eversmanni",0,5,0,0,5,5,0,0,0,0,0,0,0,0
"2529","Columba guinea",0,0,0,0,0,0,0,0,0,0,0,0,0,0
"2530","Columba hodgsonii",0,0,0,0,0,0,0,0,0,0,0,0,0,0
"2531","Columba iriditorques",0,0,0,0,0,0,0,0,0,0,0,0,0,0
"2532","Columba janthina",3,0,0,0,1,1,0,0,0,4,0,0,0,0
"2533","Columba jouyi",0,0,0,0,0,5,0,0,0,5,0,0,0,0
"2534","Columba junoniae",0,5,0,0,6,4,0,6,0,6,0,0,0,0
"2535","Columba leucomela",0,0,0,0,0,0,0,0,0,0,0,0,0,0
"2536","Columba leuconota",0,0,0,0,0,0,0,0,0,0,0,0,0,0
"2537","Columba livia",0,0,0,0,0,0,0,0,0,0,0,0,0,0
"2538","Columba malherbii",0,0,0,0,7,0,0,0,0,0,0,0,0,0
"2539","Columba oenas",0,0,0,0,0,0,0,0,0,0,0,0,0,0
"2540","Columba oliviae",0,0,0,0,0,0,0,0,0,7,0,0,0,0
"2541","Columba pallidiceps",0,6,0,0,6,6,0,0,0,0,0,0,0,0
"2542","Columba palumboides",7,7,0,0,7,7,0,0,0,0,0,0,0,0
"2543","Columba palumbus",0,0,0,0,0,0,0,0,0,0,0,0,0,0
"2544","Columba pollenii",0,6,0,0,6,6,0,0,0,5,0,0,6,0
"2545","Columba pulchricollis",0,0,0,0,0,0,0,0,0,0,0,0,0,0
"2546","Columba punicea",0,5,0,0,6,6,0,0,0,0,0,0,0,0
"2547","Columba rupestris",0,0,0,0,0,0,0,0,0,0,0,0,0,0
"2548","Columba sjostedti",0,5,0,0,0,4,0,0,0,0,0,0,0,0
"2549","Columba thiriouxi",0,4,0,0,4,0,0,0,0,5,0,0,0,0
"2550","Columba thomensis",2,4,0,4,7,5,0,0,0,0,0,0,6,0
"2551","Columba torringtoniae",5,5,4,0,0,5,0,0,5,0,7,0,0,0
"2552","Columba trocaz",2,3,0,0,4,3,0,0,0,5,0,0,0,0
"2553","Columba unicincta",0,0,0,0,0,0,0,0,0,0,0,0,0,0
"2554","Columba versicolor",0,0,0,0,0,5,0,0,0,5,0,0,0,0
"2555","Columba vitiensis",0,0,0,0,0,0,0,0,0,0,0,0,0,0
"2556","Columbina buckleyi",0,0,0,0,0,0,0,0,0,0,0,0,0,0
"2557","Columbina cruziana",0,0,0,0,0,0,0,0,0,0,0,0,0,0
"2558","Columbina cyanopis",0,7,0,0,0,0,0,0,0,5,0,0,5,0
"2559","Columbina inca",0,0,0,0,0,0,0,0,0,0,0,0,0,0
"2560","Columbina minuta",0,0,0,0,0,0,0,0,0,0,0,0,0,0
"2561","Columbina passerina",0,0,0,0,0,0,0,0,0,0,0,0,0,0
"2562","Columbina picui",0,0,0,0,0,0,0,0,0,0,0,0,0,0
"2563","Columbina squammata",0,0,0,0,0,0,0,0,0,0,0,0,0,0
"2564","Columbina talpacoti",0,0,0,0,0,0,0,0,0,0,0,0,0,0
"2565","Compsothraupis loricata",0,0,0,0,0,0,0,0,0,0,0,0,0,0
"2566","Conioptilon mcilhennyi",0,0,0,0,0,0,0,0,0,0,0,0,0,0
"2567","Conirostrum albifrons",0,0,0,0,0,0,0,0,0,0,0,0,0,0
"2568","Conirostrum bicolor",0,5,0,0,0,0,0,0,0,0,0,0,0,0
"2569","Conirostrum binghami",0,6,0,0,0,6,0,0,6,0,0,0,0,0
"2570","Conirostrum cinereum",0,0,0,0,0,0,0,0,0,0,0,0,0,0
"2571","Conirostrum ferrugineiventre",0,0,0,0,0,0,0,0,0,0,0,0,0,0
"2572","Conirostrum leucogenys",0,0,0,0,0,0,0,0,0,0,0,0,0,0
"2573","Conirostrum margaritae",0,7,0,0,0,0,0,0,0,0,0,0,0,0
"2574","Conirostrum rufum",0,0,0,0,0,0,0,0,0,0,0,0,0,0
"2575","Conirostrum sitticolor",0,0,0,0,0,0,0,0,0,0,0,0,0,0
"2576","Conirostrum speciosum",0,0,0,0,0,0,0,0,0,0,0,0,0,0
"2577","Conirostrum tamarugense",0,0,0,0,0,4,0,0,6,0,5,0,0,0
"2578","Conopias albovittatus",0,0,0,0,0,0,0,0,0,0,0,0,0,0
"2579","Conopias cinchoneti",0,7,0,0,0,0,0,0,0,0,0,0,0,0
"2580","Conopias parvus",0,0,0,0,0,0,0,0,0,0,0,0,0,0
"2581","Conopias trivirgatus",0,0,0,0,0,0,0,0,0,0,0,0,0,0
"2582","Conopophaga ardesiaca",0,0,0,0,0,0,0,0,0,0,0,0,0,0
"2583","Conopophaga aurita",0,0,0,0,0,0,0,0,0,0,0,0,0,0
"2584","Conopophaga castaneiceps",0,0,0,0,0,0,0,0,0,0,0,0,0,0
"2585","Conopophaga cearae",0,5,0,0,0,0,0,0,0,0,0,0,0,0
"2586","Conopophaga lineata",0,0,0,0,0,0,0,0,0,0,0,0,0,0
"2587","Conopophaga melanogaster",0,0,0,0,0,0,0,0,0,0,0,0,0,0
"2588","Conopophaga melanops",0,0,0,0,0,0,0,0,0,0,0,0,0,0
"2589","Conopophaga peruviana",0,0,0,0,0,0,0,0,0,0,0,0,0,0
"2590","Conopophaga roberti",0,0,0,0,0,0,0,0,0,0,0,0,0,0
"2591","Conopophaga snethlageae",0,0,0,0,0,0,0,0,0,0,0,0,0,0
"2592","Conopophila albogularis",0,0,0,0,0,0,0,0,0,0,0,0,0,0
"2593","Conopophila rufogularis",0,0,0,0,0,0,0,0,0,0,0,0,0,0
"2594","Conopophila whitei",0,0,0,0,0,0,0,0,0,0,0,0,0,0
"2595","Conothraupis mesoleuca",0,7,0,0,0,0,0,0,6,0,0,0,0,0
"2596","Conothraupis speculigera",0,0,0,0,4,5,0,0,0,0,0,0,0,0
"2597","Contopus albogularis",0,0,0,0,0,0,0,0,0,0,0,0,0,0
"2598","Contopus bogotensis",0,0,0,0,0,0,0,0,0,0,0,0,0,0
"2599","Contopus caribaeus",0,0,0,0,0,0,0,0,0,0,0,0,0,0
"2600","Contopus cinereus",0,0,0,0,0,0,0,0,0,0,0,0,0,0
"2601","Contopus cooperi",0,0,0,4,0,5,0,0,0,0,7,0,0,7
"2602","Contopus fumigatus",0,0,0,0,0,0,0,0,0,0,0,0,0,0
"2603","Contopus hispaniolensis",0,0,0,0,0,0,0,0,0,0,0,0,0,0
"2604","Contopus latirostris",0,0,0,0,0,0,0,0,0,0,0,0,0,0
"2605","Contopus lugubris",0,0,0,0,0,0,0,0,0,0,0,0,0,0
"2606","Contopus nigrescens",0,0,0,0,0,0,0,0,0,0,0,0,0,0
"2607","Contopus ochraceus",0,0,0,0,0,0,0,0,0,0,0,0,0,0
"2608","Contopus pallidus",0,0,0,0,0,0,0,0,0,0,0,0,0,0
"2609","Contopus pertinax",0,0,0,0,0,0,0,0,0,0,0,0,0,0
"2610","Contopus punensis",0,0,0,0,0,0,0,0,0,0,0,0,0,0
"2611","Contopus sordidulus",0,0,0,0,0,0,0,0,0,0,0,0,0,0
"2612","Contopus virens",0,0,0,0,0,0,0,0,0,0,0,0,0,0
"2613","Conuropsis carolinensis",4,0,0,0,5,5,0,0,0,4,0,0,0,0
"2614","Copsychus albiventris",5,5,0,0,0,5,0,0,0,0,0,0,0,0
"2615","Copsychus albospecularis",0,0,0,0,0,0,0,0,0,0,0,0,0,0
"2616","Copsychus cebuensis",2,5,0,0,0,2,0,0,0,0,0,0,0,0
"2617","Copsychus fulicatus",0,0,0,0,0,0,0,0,0,0,0,0,0,0
"2618","Copsychus luzoniensis",0,0,0,0,0,0,0,0,0,0,0,0,0,0
"2619","Copsychus malabaricus",0,0,0,0,5,6,0,0,0,0,0,0,0,0
"2620","Copsychus mindanensis",0,0,0,0,0,0,0,0,0,0,0,0,0,0
"2621","Copsychus niger",0,0,0,0,0,0,0,0,0,0,0,0,0,0
"2622","Copsychus pica",0,0,0,0,0,0,0,0,0,0,0,0,0,0
"2623","Copsychus pyrropygus",0,6,0,0,6,6,0,0,0,0,0,0,0,0
"2624","Copsychus saularis",0,2,0,0,4,0,0,0,0,2,0,0,0,0
"2625","Copsychus sechellarum",0,4,0,0,4,0,0,0,0,7,2,0,6,0
"2626","Copsychus superciliaris",0,0,0,0,0,0,0,0,0,0,0,0,0,0
"2627","Coracias abyssinicus",0,0,0,0,0,0,0,0,0,0,0,0,0,0
"2628","Coracias affinis",0,0,0,0,0,0,0,0,0,0,0,0,0,0
"2629","Coracias benghalensis",0,0,0,0,0,0,0,0,0,0,0,0,0,0
"2630","Coracias caudatus",0,0,0,0,0,0,0,0,0,0,0,0,0,0
"2631","Coracias cyanogaster",0,0,0,0,0,0,0,0,0,0,0,0,0,0
"2632","Coracias garrulus",0,5,0,0,5,5,0,0,0,0,5,0,0,0
"2633","Coracias naevius",0,0,0,0,0,0,0,0,0,0,0,0,0,0
"2634","Coracias spatulatus",0,0,0,0,0,0,0,0,0,0,0,0,0,0
"2635","Coracias temminckii",0,0,0,0,0,0,0,0,0,0,0,0,0,0
"2636","Coracina atriceps",0,0,0,0,0,0,0,0,0,0,0,0,0,0
"2637","Coracina bicolor",0,5,0,0,0,6,0,0,0,0,0,0,0,0
"2638","Coracina boyeri",0,0,0,0,0,0,0,0,0,0,0,0,0,0
"2639","Coracina caeruleogrisea",0,0,0,0,0,0,0,0,0,0,0,0,0,0
"2640","Coracina caledonica",0,0,0,0,0,0,0,0,0,0,0,0,0,0
"2641","Coracina dobsoni",5,5,0,0,0,5,0,0,0,0,0,0,0,0
"2642","Coracina fortis",0,5,0,0,0,5,0,0,0,0,0,0,0,0
"2643","Coracina javensis",0,0,0,0,0,0,0,0,0,0,0,0,0,0
"2644","Coracina larvata",0,0,0,0,0,0,0,0,0,0,0,0,0,0
"2645","Coracina leucopygia",0,0,0,0,0,0,0,0,0,0,0,0,0,0
"2646","Coracina lineata",0,0,0,0,0,0,0,0,0,0,0,0,0,0
"2647","Coracina longicauda",0,0,0,0,0,0,0,0,0,0,0,0,0,0
"2648","Coracina macei",0,0,0,0,0,0,0,0,0,0,0,0,0,0
"2649","Coracina maxima",0,0,0,0,0,0,0,0,0,0,0,0,0,0
"2650","Coracina novaehollandiae",0,0,0,0,0,0,0,0,0,0,0,0,0,0
"2651","Coracina panayensis",0,0,0,0,0,0,0,0,0,0,0,0,0,0
"2652","Coracina papuensis",0,0,0,0,0,0,0,0,0,0,0,0,0,0
"2653","Coracina parvula",0,0,0,0,0,0,0,0,0,0,0,0,6,0
"2654","Coracina personata",0,0,0,0,0,0,0,0,0,0,0,0,0,0
"2655","Coracina schistacea",0,0,0,0,0,0,0,0,0,0,0,0,0,0
"2656","Coracina striata",0,0,0,0,0,0,0,0,0,0,0,0,0,0
"2657","Coracina temminckii",0,0,0,0,0,0,0,0,0,0,0,0,0,0
"2658","Coracina welchmani",0,0,0,0,0,0,0,0,0,0,0,0,0,0
"2659","Coracopsis barklyi",0,0,0,0,4,5,0,0,6,7,7,0,6,0
"2660","Coracopsis nigra",0,0,0,0,0,0,0,0,0,0,0,0,0,0
"2661","Coracopsis sibilans",5,6,0,0,0,6,0,0,0,0,0,0,0,0
"2662","Coracopsis vasa",0,0,0,0,0,0,0,0,0,0,0,0,0,0
"2663","Coracornis raveni",0,0,0,0,0,0,0,0,0,0,0,0,6,0
"2664","Coracornis sanghirensis",0,7,0,0,0,5,0,0,0,0,0,0,6,0
"2665","Coragyps atratus",0,0,0,0,0,0,0,0,0,0,0,0,0,0
"2666","Corapipo gutturalis",0,0,0,0,0,0,0,0,0,0,0,0,0,0
"2667","Corapipo leucorrhoa",0,0,0,0,0,0,0,0,0,0,0,0,0,0
"2668","Corcorax melanorhamphos",0,0,0,0,0,0,0,0,0,0,0,0,0,0
"2669","Cormobates leucophaea",0,0,0,0,0,0,0,0,0,0,0,0,6,0
"2670","Cormobates placens",0,0,0,0,0,0,0,0,0,0,0,0,0,0
"2671","Corthylio calendula",0,0,0,0,0,0,0,0,0,0,0,0,0,0
"2672","Corvus albicollis",0,0,0,0,0,0,0,0,0,0,0,0,0,0
"2673","Corvus albus",0,0,0,0,0,0,0,0,0,0,0,0,0,0
"2674","Corvus bennetti",0,0,0,0,0,0,0,0,0,0,0,0,0,0
"2675","Corvus brachyrhynchos",0,0,0,0,0,0,0,0,0,0,0,0,0,0
"2676","Corvus capensis",0,0,0,0,0,0,0,0,0,0,0,0,0,0
"2677","Corvus caurinus",0,0,0,0,0,0,0,0,0,0,0,0,0,0
"2678","Corvus corax",0,0,0,0,0,0,0,0,0,0,0,0,0,0
"2679","Corvus corone",0,0,0,0,0,0,0,0,0,0,0,0,0,0
"2680","Corvus coronoides",0,0,0,0,0,0,0,0,0,0,0,0,0,0
"2681","Corvus crassirostris",0,0,0,0,0,0,0,0,0,0,0,0,0,0
"2682","Corvus cryptoleucus",0,0,0,0,0,0,0,0,0,0,0,0,0,0
"2683","Corvus dauuricus",0,0,0,0,0,0,0,0,0,0,0,0,0,0
"2684","Corvus edithae",0,0,0,0,0,0,0,0,0,0,0,0,0,0
"2685","Corvus enca",0,0,0,0,0,0,0,0,0,0,0,0,0,0
"2686","Corvus florensis",0,6,0,0,0,5,0,0,0,5,0,0,0,0
"2687","Corvus frugilegus",0,0,0,0,0,0,0,0,0,0,0,0,0,0
"2688","Corvus fuscicapillus",0,0,5,0,0,5,0,0,4,0,0,0,0,0
"2689","Corvus hawaiiensis",0,3,0,0,3,3,0,4,0,7,0,0,0,0
"2690","Corvus imparatus",0,0,0,0,0,0,0,0,0,0,0,0,0,0
"2691","Corvus insularis",0,0,0,0,0,0,0,0,0,0,0,0,0,0
"2692","Corvus jamaicensis",0,0,0,0,4,4,0,0,0,4,0,0,0,0
"2693","Corvus kubaryi",6,6,0,0,6,0,0,0,0,9,0,0,6,0
"2694","Corvus leucognaphalus",0,6,0,0,6,6,0,0,0,4,0,0,0,0
"2695","Corvus macrorhynchos",0,0,0,0,0,0,0,0,0,0,0,0,0,0
"2696","Corvus meeki",0,0,0,0,0,0,0,0,0,0,0,0,0,0
"2697","Corvus mellori",0,0,0,0,0,0,0,0,0,0,0,0,0,0
"2698","Corvus monedula",0,0,0,0,0,0,0,0,0,0,0,0,0,0
"2699","Corvus moneduloides",0,0,0,0,0,0,0,0,0,0,0,0,0,0
"2700","Corvus nasicus",0,0,0,0,0,0,0,0,0,0,0,0,0,0
"2701","Corvus orru",0,0,0,0,0,0,0,0,0,0,0,0,0,0
"2702","Corvus ossifragus",0,0,0,0,0,0,0,0,0,0,0,0,0,0
"2703","Corvus palmarum",5,6,0,0,6,5,0,4,0,4,0,0,0,0
"2704","Corvus pectoralis",0,6,0,0,6,0,0,0,0,0,6,0,0,0
"2705","Corvus rhipidurus",0,0,0,0,0,0,0,0,0,0,0,0,0,0
"2706","Corvus ruficollis",0,0,0,0,0,0,0,0,0,0,0,0,0,0
"2707","Corvus sinaloae",0,0,0,0,0,0,0,0,0,0,0,0,0,0
"2708","Corvus splendens",0,0,0,0,0,0,0,0,0,0,0,0,0,0
"2709","Corvus tasmanicus",0,0,0,0,0,0,0,0,0,0,0,0,0,0
"2710","Corvus tristis",0,0,0,0,0,0,0,0,0,0,0,0,0,0
"2711","Corvus typicus",0,0,0,0,0,0,0,0,0,0,0,0,0,0
"2712","Corvus unicolor",5,6,5,0,4,5,0,0,0,7,0,0,0,0
"2713","Corvus validus",5,6,5,5,0,0,0,0,5,0,0,0,0,0
"2714","Corvus violaceus",0,0,0,0,0,0,0,0,0,0,0,0,0,0
"2715","Corvus woodfordi",0,0,0,0,0,0,0,0,0,0,0,0,0,0
"2716","Corydon sumatranus",0,0,0,0,0,0,0,0,0,0,0,0,0,0
"2717","Corydospiza alaudina",0,0,0,0,0,0,0,0,0,0,0,0,0,0
"2718","Corydospiza carbonaria",0,0,0,0,0,0,0,0,0,0,0,0,0,0
"2719","Coryphaspiza melanotis",0,6,0,0,0,0,0,0,6,5,5,0,0,0
"2720","Coryphistera alaudina",0,0,0,0,0,0,0,0,0,0,0,0,0,0
"2721","Coryphospingus cucullatus",0,0,0,0,0,0,0,0,0,0,0,0,0,0
"2722","Coryphospingus pileatus",0,0,0,0,0,0,0,0,0,0,0,0,0,0
"2723","Corythaeola cristata",0,0,0,0,0,0,0,0,0,0,0,0,0,0
"2724","Corythaixoides concolor",0,0,0,0,0,0,0,0,0,0,0,0,0,0
"2725","Corythaixoides leopoldi",0,0,0,0,0,0,0,0,0,0,0,0,0,0
"2726","Corythaixoides personatus",0,0,0,0,0,0,0,0,0,0,0,0,0,0
"2727","Corythopis delalandi",0,0,0,0,0,0,0,0,0,0,0,0,0,0
"2728","Corythopis torquatus",0,0,0,0,0,0,0,0,0,0,0,0,0,0
"2729","Corythornis cristatus",0,0,0,0,0,0,0,0,0,0,0,0,0,0
"2730","Corythornis leucogaster",0,0,0,0,0,0,0,0,0,0,0,0,0,0
"2731","Corythornis madagascariensis",0,0,0,0,0,0,0,0,0,0,0,0,0,0
"2732","Corythornis nais",0,0,0,0,0,0,0,0,0,0,0,0,0,0
"2733","Corythornis thomensis",0,0,0,0,0,0,0,0,0,0,0,0,0,0
"2734","Corythornis vintsioides",0,0,0,0,0,0,0,0,0,0,0,0,0,0
"2735","Coscoroba coscoroba",0,0,0,0,0,0,0,0,0,0,0,0,0,0
"2736","Cossypha albicapillus",0,0,0,0,0,0,0,0,0,0,0,0,0,0
"2737","Cossypha cyanocampter",0,0,0,0,0,0,0,0,0,0,0,0,0,0
"2738","Cossypha dichroa",0,0,0,0,0,0,0,0,0,0,0,0,6,0
"2739","Cossypha heinrichi",0,6,0,0,0,5,0,0,6,0,0,0,6,0
"2740","Cossypha heuglini",0,0,0,0,0,0,0,0,0,0,0,0,0,0
"2741","Cossypha natalensis",0,0,0,0,0,0,0,0,0,0,0,0,0,0
"2742","Cossypha niveicapilla",0,0,0,0,0,0,0,0,0,0,0,0,0,0
"2743","Cossypha semirufa",0,0,0,0,0,0,0,0,0,0,0,0,0,0
"2744","Cossyphicula isabellae",0,0,0,0,0,0,0,0,0,0,0,0,0,0
"2745","Cossyphicula roberti",0,0,0,0,0,0,0,0,0,0,0,0,0,0
"2746","Cotinga amabilis",0,0,0,0,0,0,0,0,0,0,0,0,0,0
"2747","Cotinga cayana",0,0,0,0,0,0,0,0,0,0,0,0,0,0
"2748","Cotinga cotinga",0,0,0,0,0,0,0,0,0,0,0,0,0,0
"2749","Cotinga maculata",5,6,0,0,4,5,0,0,0,0,0,0,0,0
"2750","Cotinga maynana",0,0,0,0,0,0,0,0,0,0,0,0,0,0
"2751","Cotinga nattererii",0,0,0,0,0,0,0,0,0,0,0,0,0,0
"2752","Cotinga ridgwayi",0,6,0,0,0,6,0,0,0,0,0,0,0,0
"2753","Coturnicops exquisitus",0,5,0,0,5,5,0,0,5,0,6,0,0,0
"2754","Coturnicops notatus",0,0,0,0,0,0,0,0,0,0,0,0,0,0
"2755","Coturnicops noveboracensis",0,0,0,0,0,0,0,0,0,0,0,0,0,0
"2756","Coturnix coromandelica",0,0,0,0,0,0,0,0,0,0,0,0,0,0
"2757","Coturnix coturnix",0,0,0,0,0,0,0,0,0,0,0,0,0,0
"2758","Coturnix delegorguei",0,0,0,0,0,0,0,0,0,0,0,0,0,0
"2759","Coturnix japonica",0,6,0,0,5,0,0,0,0,0,0,0,0,0
"2760","Coturnix novaezelandiae",0,5,0,0,5,0,0,0,5,5,0,0,0,0
"2761","Coturnix pectoralis",0,0,0,0,0,0,0,0,0,0,0,0,0,0
"2762","Coua caerulea",0,0,0,0,0,0,0,0,0,0,0,0,0,0
"2763","Coua coquereli",0,0,0,0,0,0,0,0,0,0,0,0,0,0
"2764","Coua cristata",0,7,0,0,6,6,0,0,0,0,0,0,0,0
"2765","Coua cursor",0,0,0,0,0,0,0,0,0,0,0,0,0,0
"2766","Coua delalandei",0,0,0,0,5,5,0,0,0,5,0,0,0,0
"2767","Coua gigas",0,0,0,0,0,0,0,0,0,0,0,0,0,0
"2768","Coua olivaceiceps",0,0,0,0,0,0,0,0,0,0,0,0,0,0
"2769","Coua pyropyga",0,7,0,0,6,6,0,0,0,0,0,0,0,0
"2770","Coua reynaudii",0,0,0,0,0,0,0,0,0,0,0,0,0,0
"2771","Coua ruficeps",0,0,0,0,0,0,0,0,0,0,0,0,0,0
"2772","Coua serriana",0,0,0,0,0,0,0,0,0,0,0,0,0,0
"2773","Coua verreauxi",0,0,0,0,6,6,0,0,0,0,0,0,4,0
"2774","Cracticus argenteus",0,0,0,0,0,0,0,0,0,0,0,0,0,0
"2775","Cracticus cassicus",0,0,0,0,0,0,0,0,0,0,0,0,0,0
"2776","Cracticus louisiadensis",0,5,0,3,0,5,0,0,0,6,0,0,5,0
"2777","Cracticus mentalis",0,0,0,0,0,0,0,0,0,0,0,0,0,0
"2778","Cracticus nigrogularis",0,0,0,0,0,0,0,0,0,0,0,0,0,0
"2779","Cracticus torquatus",0,0,0,0,0,0,0,0,0,0,0,0,0,0
"2780","Cranioleuca albicapilla",0,0,0,0,0,0,0,0,0,0,0,0,0,0
"2781","Cranioleuca albiceps",0,0,0,0,0,0,0,0,0,0,0,0,0,0
"2782","Cranioleuca antisiensis",0,0,0,0,0,0,0,0,0,0,0,0,0,0
"2783","Cranioleuca berlepschi",0,5,0,4,0,0,0,0,5,0,0,0,0,0
"2784","Cranioleuca curtata",0,5,0,0,0,5,0,0,0,0,0,0,0,0
"2785","Cranioleuca demissa",0,0,0,0,0,0,0,0,0,0,0,0,0,0
"2786","Cranioleuca dissita",0,0,0,0,0,0,0,0,0,5,0,0,0,0
"2787","Cranioleuca erythrops",0,0,0,0,0,0,0,0,0,0,0,0,0,0
"2788","Cranioleuca hellmayri",0,0,0,0,0,0,0,0,0,0,0,0,0,0
"2789","Cranioleuca henricae",0,6,0,5,0,6,0,0,6,0,0,6,4,0
"2790","Cranioleuca marcapatae",0,0,0,0,0,4,0,0,0,0,0,0,0,0
"2791","Cranioleuca muelleri",0,6,0,0,0,0,0,0,0,0,0,0,0,0
"2792","Cranioleuca obsoleta",0,0,0,0,0,0,0,0,0,0,0,0,0,0
"2793","Cranioleuca pallida",0,0,0,0,0,0,0,0,0,0,0,0,0,0
"2794","Cranioleuca pyrrhophia",0,0,0,0,0,0,0,0,0,0,0,0,0,0
"2795","Cranioleuca semicinerea",0,0,0,0,0,0,0,0,0,0,0,0,0,0
"2796","Cranioleuca subcristata",0,0,0,0,0,0,0,0,0,0,0,0,0,0
"2797","Cranioleuca vulpecula",0,0,0,0,0,0,0,0,0,0,0,0,0,0
"2798","Cranioleuca vulpina",0,0,0,0,0,0,0,0,0,0,0,0,0,0
"2799","Cranioleuca weskei",0,0,0,0,0,5,0,0,0,0,0,0,0,0
"2800","Crax alberti",7,7,7,5,7,4,0,0,0,0,3,0,0,0
"2801","Crax alector",0,6,4,0,7,0,0,0,0,0,0,0,0,0
"2802","Crax blumenbachii",0,6,0,0,6,0,0,0,0,0,0,0,0,0
"2803","Crax daubentoni",0,6,0,0,6,0,0,0,0,0,0,0,0,0
"2804","Crax fasciolata",0,6,4,0,6,5,0,0,0,0,0,0,0,0
"2805","Crax globulosa",0,5,0,0,7,5,0,0,0,0,0,0,0,0
"2806","Crax pinima",0,7,0,0,7,0,0,0,0,0,0,0,0,0
"2807","Crax rubra",0,5,0,6,6,5,0,0,3,4,0,0,4,0
"2808","Creagrus furcatus",0,0,0,0,0,0,0,0,0,0,0,0,5,0
"2809","Creatophora cinerea",0,0,0,0,0,0,0,0,0,0,0,0,0,0
"2810","Creurgops dentatus",0,0,0,0,0,0,0,0,0,0,0,0,0,0
"2811","Creurgops verticalis",0,0,0,0,0,0,0,0,0,0,0,0,0,0
"2812","Crex crex",0,6,0,4,4,0,0,4,5,5,0,0,4,0
"2813","Crex egregia",4,4,0,0,0,0,0,0,0,0,0,0,0,0
"2814","Crinifer piscator",0,0,0,0,0,0,0,0,0,0,0,0,0,0
"2815","Crinifer zonurus",0,0,0,0,0,0,0,0,0,0,0,0,0,0
"2816","Criniferoides leucogaster",0,0,0,0,0,0,0,0,0,0,0,0,0,0
"2817","Criniger barbatus",0,0,0,0,0,0,0,0,0,0,0,0,0,0
"2818","Criniger calurus",0,0,0,0,0,0,0,0,0,0,0,0,0,0
"2819","Criniger chloronotus",0,0,0,0,0,0,0,0,0,0,0,0,0,0
"2820","Criniger ndussumensis",0,0,0,0,0,0,0,0,0,0,0,0,0,0
"2821","Criniger olivaceus",0,7,5,0,0,7,0,0,0,0,0,0,4,0
"2822","Crithagra albogularis",0,0,0,0,0,0,0,0,0,0,0,0,0,0
"2823","Crithagra ankoberensis",0,4,0,0,0,0,0,0,0,0,0,0,6,0
"2824","Crithagra atrogularis",0,0,0,0,0,0,0,0,0,0,0,0,0,0
"2825","Crithagra buchanani",0,0,0,0,0,0,0,0,0,0,0,0,0,0
"2826","Crithagra burtoni",0,0,0,0,0,0,0,0,0,0,0,0,0,0
"2827","Crithagra canicapilla",0,0,0,0,0,0,0,0,0,0,0,0,0,0
"2828","Crithagra capistrata",0,0,0,0,0,0,0,0,0,0,0,0,0,0
"2829","Crithagra citrinelloides",0,0,0,0,0,0,0,0,0,0,0,0,0,0
"2830","Crithagra citrinipectus",0,0,0,0,0,0,0,0,0,0,0,0,5,0
"2831","Crithagra concolor",0,5,0,4,0,6,0,0,5,8,0,0,0,0
"2832","Crithagra donaldsoni",0,0,0,0,0,0,0,0,0,0,0,0,0,0
"2833","Crithagra dorsostriata",0,0,0,0,0,0,0,0,0,0,0,0,0,0
"2834","Crithagra flavigula",0,6,0,0,0,0,0,2,6,0,0,0,0,0
"2835","Crithagra flaviventris",0,0,0,0,0,0,0,0,0,0,0,0,0,0
"2836","Crithagra frontalis",0,0,0,0,0,0,0,0,0,0,0,0,0,0
"2837","Crithagra gularis",0,0,0,0,0,0,0,0,0,0,0,0,0,0
"2838","Crithagra hyposticta",0,0,0,0,0,0,0,0,0,0,0,0,0,0
"2839","Crithagra koliensis",0,0,0,0,0,0,0,0,0,0,0,0,0,0
"2840","Crithagra leucoptera",0,4,0,0,0,0,0,0,0,6,0,0,8,0
"2841","Crithagra leucopygia",0,0,0,0,0,0,0,0,0,0,0,0,0,0
"2842","Crithagra melanochroa",0,6,0,0,0,6,0,0,0,0,0,0,6,0
"2843","Crithagra menachensis",0,0,0,0,0,0,0,0,0,0,0,0,0,0
"2844","Crithagra mennelli",0,0,0,0,0,0,0,0,0,0,0,0,0,0
"2845","Crithagra mozambica",0,0,0,0,0,0,0,0,0,0,0,0,0,0
"2846","Crithagra reichardi",0,0,0,0,0,0,0,0,0,0,0,0,0,0
"2847","Crithagra reichenowi",0,0,0,0,0,0,0,0,0,0,0,0,0,0
"2848","Crithagra rothschildi",0,0,0,0,0,0,0,0,0,0,0,0,6,0
"2849","Crithagra rufobrunnea",0,0,0,0,0,0,0,0,0,0,0,0,0,0
"2850","Crithagra scotops",0,0,0,0,0,0,0,0,0,0,0,0,6,0
"2851","Crithagra striatipectus",0,0,0,0,0,0,0,0,0,0,0,0,0,0
"2852","Crithagra striolata",0,0,0,0,0,0,0,0,0,0,0,0,0,0
"2853","Crithagra sulphurata",0,0,0,0,0,0,0,0,0,0,0,0,0,0
"2854","Crithagra symonsi",0,0,0,0,0,0,0,0,0,0,0,0,6,0
"2855","Crithagra totta",0,0,0,0,0,0,0,0,0,0,0,0,6,0
"2856","Crithagra tristriata",0,0,0,0,0,0,0,0,0,0,0,0,0,0
"2857","Crithagra xantholaema",4,6,4,0,4,4,0,0,0,0,0,0,0,0
"2858","Crithagra xanthopygia",0,0,0,0,0,0,0,0,0,0,0,0,0,0
"2859","Crossleyia tenebrosa",0,6,0,0,0,5,0,0,0,0,0,0,0,0
"2860","Crossleyia xanthophrys",0,4,0,0,0,4,0,0,0,0,0,0,0,0
"2861","Crossoptilon auritum",0,0,0,0,0,0,0,0,0,0,0,0,0,0
"2862","Crossoptilon crossoptilon",0,5,0,0,6,5,0,0,0,0,0,0,0,0
"2863","Crossoptilon harmani",0,0,0,0,6,6,0,0,0,0,0,0,0,0
"2864","Crossoptilon mantchuricum",5,5,0,0,0,5,0,5,0,0,0,0,0,0
"2865","Crotophaga ani",0,0,0,0,0,0,0,0,0,0,0,0,0,0
"2866","Crotophaga major",0,0,0,0,0,0,0,0,0,0,0,0,0,0
"2867","Crotophaga sulcirostris",0,0,0,0,0,0,0,0,0,0,0,0,0,0
"2868","Crypsirina cucullata",0,6,0,0,0,5,0,0,0,0,0,0,0,0
"2869","Crypsirina temia",0,0,0,0,0,0,0,0,0,0,0,0,0,0
"2870","Cryptillas victorini",0,0,0,0,0,0,0,0,0,0,0,0,7,0
"2871","Cryptoleucopteryx plumbea",0,5,5,0,0,5,0,0,0,0,0,0,0,0
"2872","Cryptolybia olivacea",0,0,0,0,0,0,0,0,0,0,0,0,0,0
"2873","Cryptomicroeca flaviventris",0,0,0,0,0,0,0,0,0,0,0,0,0,0
"2874","Cryptopezus nattereri",0,0,0,0,0,0,0,0,0,0,0,0,0,0
"2875","Cryptophaps poecilorrhoa",0,0,0,0,0,0,0,0,0,0,0,0,0,0
"2876","Cryptopipo holochlora",0,0,0,0,0,0,0,0,0,0,0,0,0,0
"2877","Cryptopipo litae",0,0,0,0,0,0,0,0,0,0,0,0,0,0
"2878","Cryptospiza jacksoni",0,0,0,0,0,0,0,0,0,0,0,0,0,0
"2879","Cryptospiza reichenovii",0,0,0,0,0,0,0,0,0,0,0,0,0,0
"2880","Cryptospiza salvadorii",0,0,0,0,0,0,0,0,0,0,0,0,0,0
"2881","Cryptospiza shelleyi",0,6,4,0,0,6,0,0,0,0,0,0,0,0
"2882","Cryptosylvicola randrianasoloi",0,0,0,0,0,0,0,0,0,0,0,0,0,0
"2883","Crypturellus atrocapillus",0,5,0,0,5,0,0,0,0,0,0,0,0,0
"2884","Crypturellus bartletti",0,0,0,0,0,0,0,0,0,0,0,0,0,0
"2885","Crypturellus berlepschi",0,0,0,0,0,0,0,0,0,0,0,0,0,0
"2886","Crypturellus boucardi",0,6,0,0,6,6,0,0,0,0,0,0,0,0
"2887","Crypturellus brevirostris",0,0,0,0,0,0,0,0,0,0,0,0,0,0
"2888","Crypturellus casiquiare",0,0,0,0,0,0,0,0,0,0,0,0,0,0
"2889","Crypturellus cinereus",0,0,0,0,0,0,0,0,0,0,0,0,0,0
"2890","Crypturellus cinnamomeus",0,0,0,0,5,6,6,0,0,0,0,0,0,0
"2891","Crypturellus duidae",0,5,0,0,5,0,0,0,0,0,0,0,0,0
"2892","Crypturellus erythropus",0,5,0,0,5,0,0,0,0,0,0,0,0,0
"2893","Crypturellus kerriae",0,4,4,4,7,5,0,0,0,0,0,0,0,0
"2894","Crypturellus noctivagus",0,5,0,0,6,6,0,0,0,0,0,0,0,0
"2895","Crypturellus obsoletus",0,6,0,0,4,0,0,0,0,0,0,0,0,0
"2896","Crypturellus parvirostris",0,0,0,0,0,0,0,0,0,0,0,0,0,0
"2897","Crypturellus ptaritepui",0,4,0,0,5,5,0,0,5,0,0,0,0,0
"2898","Crypturellus soui",0,0,0,0,0,0,0,0,0,0,0,0,0,0
"2899","Crypturellus strigulosus",0,0,0,0,0,0,0,0,0,0,0,0,0,0
"2900","Crypturellus tataupa",0,0,0,0,0,0,0,0,0,0,0,0,0,0
"2901","Crypturellus transfasciatus",0,7,0,0,7,7,0,0,0,0,0,0,0,0
"2902","Crypturellus undulatus",0,0,0,0,0,0,0,0,0,0,0,0,0,0
"2903","Crypturellus variegatus",0,0,0,0,0,0,0,0,0,0,0,0,0,0
"2904","Cuculus canorus",0,0,0,0,0,0,0,0,0,0,0,0,0,0
"2905","Cuculus clamosus",0,0,0,0,0,0,0,0,0,0,0,0,0,0
"2906","Cuculus crassirostris",0,0,0,0,0,0,0,0,0,0,0,0,0,0
"2907","Cuculus gularis",0,0,0,0,0,0,0,0,0,0,0,0,0,0
"2908","Cuculus lepidus",0,0,0,0,0,0,0,0,0,0,0,0,0,0
"2909","Cuculus micropterus",0,0,0,0,0,0,0,0,0,0,0,0,0,0
"2910","Cuculus optatus",0,0,0,0,0,4,0,0,4,0,0,0,0,0
"2911","Cuculus poliocephalus",0,0,0,0,0,0,0,0,0,0,0,0,0,0
"2912","Cuculus rochii",0,0,0,0,0,0,0,0,0,0,0,0,0,0
"2913","Cuculus saturatus",0,4,0,0,0,4,0,0,0,0,0,0,0,0
"2914","Cuculus solitarius",0,0,0,0,0,0,0,0,0,0,0,0,0,0
"2915","Culicicapa ceylonensis",0,0,0,0,0,0,0,0,0,0,0,0,0,0
"2916","Culicicapa helianthea",0,0,0,0,0,0,0,0,0,0,0,0,0,0
"2917","Culicivora caudacuta",0,6,0,0,0,0,0,0,7,0,0,0,0,0
"2918","Curaeus curaeus",0,0,0,0,0,0,0,0,0,0,0,0,0,0
"2919","Curruca balearica",0,0,0,0,0,0,0,0,0,0,0,0,0,0
"2920","Curruca boehmi",0,0,0,0,0,0,0,0,0,0,0,0,0,0
"2921","Curruca buryi",5,5,0,0,6,7,0,0,0,0,0,0,0,0
"2922","Curruca cantillans",0,0,0,0,0,0,0,0,0,0,0,0,0,0
"2923","Curruca communis",0,0,0,0,0,0,0,0,0,0,0,0,0,0
"2924","Curruca conspicillata",0,0,0,0,0,0,0,0,0,0,0,0,0,0
"2925","Curruca crassirostris",0,0,0,0,0,0,0,0,0,0,0,0,0,0
"2926","Curruca curruca",0,0,0,0,0,0,0,0,0,0,0,0,0,0
"2927","Curruca deserti",0,0,0,0,0,0,0,0,0,0,0,0,0,0
"2928","Curruca deserticola",0,0,0,0,0,0,0,0,0,0,0,0,0,0
"2929","Curruca hortensis",0,0,0,0,0,0,0,0,0,0,0,0,0,0
"2930","Curruca layardi",0,0,0,0,0,0,0,0,0,0,0,0,6,0
"2931","Curruca leucomelaena",0,0,0,0,0,0,0,0,0,0,0,0,0,0
"2932","Curruca lugens",0,0,0,0,0,0,0,0,0,0,0,0,0,0
"2933","Curruca melanocephala",0,0,0,0,0,0,0,0,0,0,0,0,0,0
"2934","Curruca melanothorax",0,0,0,0,0,0,0,0,0,0,0,0,0,0
"2935","Curruca mystacea",0,0,0,0,0,0,0,0,0,0,0,0,0,0
"2936","Curruca nana",0,0,0,0,0,0,0,0,0,0,0,0,0,0
"2937","Curruca nisoria",0,0,0,0,0,0,0,0,0,0,0,0,0,0
"2938","Curruca ruppeli",0,0,0,0,0,0,0,0,0,0,0,0,0,0
"2939","Curruca sarda",0,0,0,0,0,0,0,0,0,0,0,0,0,0
"2940","Curruca subalpina",0,0,0,0,0,0,0,0,0,0,0,0,0,0
"2941","Curruca subcoerulea",0,0,0,0,0,0,0,0,0,0,0,0,0,0
"2942","Curruca undata",0,5,0,0,0,0,0,6,6,0,0,0,6,0
"2943","Cursorius coromandelicus",0,0,0,0,0,0,0,0,0,0,0,0,0,0
"2944","Cursorius cursor",0,0,0,0,0,0,0,0,0,0,0,0,0,0
"2945","Cursorius rufus",0,0,0,0,0,0,0,0,0,0,0,0,0,0
"2946","Cursorius somalensis",0,0,0,0,0,0,0,0,0,0,0,0,0,0
"2947","Cursorius temminckii",0,0,0,0,0,0,0,0,0,0,0,0,0,0
"2948","Cutia legalleni",0,6,0,0,5,5,0,0,0,0,0,0,0,0
"2949","Cutia nipalensis",0,0,0,0,0,0,0,0,0,0,0,0,0,0
"2950","Cyanerpes caeruleus",0,0,0,0,0,0,0,0,0,0,0,0,0,0
"2951","Cyanerpes cyaneus",0,0,0,0,0,0,0,0,0,0,0,0,0,0
"2952","Cyanerpes lucidus",0,0,0,0,0,0,0,0,0,0,0,0,0,0
"2953","Cyanerpes nitidus",0,0,0,0,0,0,0,0,0,0,0,0,0,0
"2954","Cyanicterus cyanicterus",0,0,0,0,0,0,0,0,0,0,0,0,0,0
"2955","Cyanistes caeruleus",0,0,0,0,0,0,0,0,0,0,0,0,0,0
"2956","Cyanistes cyanus",0,0,0,0,0,0,0,0,0,0,0,0,0,0
"2957","Cyanistes teneriffae",0,0,0,0,0,0,0,0,0,0,0,0,0,0
"2958","Cyanochen cyanoptera",7,5,0,0,7,0,0,7,5,0,0,0,5,0
"2959","Cyanocitta cristata",0,0,0,0,0,0,0,0,0,0,0,0,0,0
"2960","Cyanocitta stelleri",0,0,0,0,0,0,0,0,0,0,0,0,0,0
"2961","Cyanocompsa parellina",0,0,0,0,0,0,0,0,0,0,0,0,0,0
"2962","Cyanocorax affinis",0,0,0,0,0,0,0,0,0,0,0,0,0,0
"2963","Cyanocorax beecheii",0,0,0,0,0,0,0,0,0,0,0,0,0,0
"2964","Cyanocorax cayanus",0,0,0,0,0,0,0,0,0,0,0,0,0,0
"2965","Cyanocorax chrysops",0,0,0,0,0,0,0,0,0,0,0,0,0,0
"2966","Cyanocorax coeruleus",6,6,3,5,0,0,0,0,0,0,0,0,0,0
"2967","Cyanocorax colliei",0,0,0,0,0,0,0,0,0,0,0,0,0,0
"2968","Cyanocorax cristatellus",0,0,0,0,0,0,0,0,0,0,0,0,0,0
"2969","Cyanocorax cyanomelas",0,0,0,0,0,0,0,0,0,0,0,0,0,0
"2970","Cyanocorax cyanopogon",0,0,0,0,0,0,0,0,0,0,0,0,0,0
"2971","Cyanocorax dickeyi",0,4,0,0,4,2,0,0,0,0,0,0,6,0
"2972","Cyanocorax formosus",0,0,0,0,0,0,0,0,0,0,0,0,0,0
"2973","Cyanocorax hafferi",3,3,0,5,0,3,0,0,4,0,0,0,0,0
"2974","Cyanocorax heilprini",0,0,0,0,0,0,0,0,0,0,0,0,0,0
"2975","Cyanocorax melanocyaneus",0,0,0,0,0,0,0,0,0,0,0,0,0,0
"2976","Cyanocorax morio",0,0,0,0,0,0,0,0,0,0,0,0,0,0
"2977","Cyanocorax mystacalis",0,0,0,0,0,0,0,0,0,0,0,0,0,0
"2978","Cyanocorax sanblasianus",0,0,0,0,0,0,0,0,0,0,0,0,0,0
"2979","Cyanocorax violaceus",0,0,0,0,0,0,0,0,0,0,0,0,0,0
"2980","Cyanocorax yncas",0,0,0,0,0,0,0,0,0,0,0,0,0,0
"2981","Cyanocorax yucatanicus",0,0,0,0,0,0,0,0,0,0,0,0,0,0
"2982","Cyanoderma bicolor",0,0,0,0,0,0,0,0,0,0,0,0,0,0
"2983","Cyanoderma chrysaeum",0,0,0,0,0,0,0,0,0,0,0,0,0,0
"2984","Cyanoderma erythropterum",0,0,0,0,0,0,0,0,0,0,0,0,0,0
"2985","Cyanoderma melanothorax",0,0,0,0,0,0,0,0,0,0,0,0,0,0
"2986","Cyanoderma pyrrhops",0,0,0,0,0,0,0,0,0,0,0,0,0,0
"2987","Cyanoderma ruficeps",0,0,0,0,0,0,0,0,0,0,0,0,0,0
"2988","Cyanoderma rufifrons",0,0,0,0,0,0,0,0,0,0,0,0,0,0
"2989","Cyanograucalus azureus",0,0,0,0,0,0,0,0,0,0,0,0,0,0
"2990","Cyanolanius comorensis",0,6,0,0,0,6,0,0,0,0,0,0,0,0
"2991","Cyanolanius madagascarinus",0,0,0,0,0,0,0,0,0,0,0,0,0,0
"2992","Cyanolimnas cerverai",0,0,0,0,0,3,0,0,6,7,0,0,0,0
"2993","Cyanoliseus patagonus",0,0,0,0,0,0,0,0,0,0,0,0,0,0
"2994","Cyanoloxia brissonii",0,0,0,0,0,0,0,0,0,0,0,0,0,0
"2995","Cyanoloxia cyanoides",0,0,0,0,0,0,0,0,0,0,0,0,0,0
"2996","Cyanoloxia glaucocaerulea",0,0,0,0,0,0,0,0,0,0,0,0,0,0
"2997","Cyanoloxia rothschildii",0,0,0,0,0,0,0,0,0,0,0,0,0,0
"2998","Cyanolyca argentigula",0,0,0,0,0,0,0,0,0,0,0,0,0,0
"2999","Cyanolyca armillata",0,0,0,0,0,0,0,0,0,0,0,0,0,0
"3000","Cyanolyca cucullata",0,0,0,0,0,0,0,0,0,0,0,0,0,0
"3001","Cyanolyca mirabilis",0,7,0,0,0,7,0,0,0,0,0,0,6,0
"3002","Cyanolyca nanus",5,6,0,0,0,6,0,4,0,0,0,0,6,0
"3003","Cyanolyca pulchra",0,5,4,0,0,5,0,0,0,0,0,0,0,0
"3004","Cyanolyca pumilo",0,0,0,0,0,0,0,0,0,0,0,0,0,0
"3005","Cyanolyca quindiuna",0,0,0,0,0,0,0,0,0,0,0,0,0,0
"3006","Cyanolyca turcosa",0,0,0,0,0,0,0,0,0,0,0,0,0,0
"3007","Cyanolyca viridicyanus",0,4,0,0,0,0,0,0,0,0,0,0,0,0
"3008","Cyanomitra alinae",0,0,0,0,0,0,0,0,0,0,0,0,0,0
"3009","Cyanomitra bannermani",0,0,0,0,0,0,0,0,0,0,0,0,0,0
"3010","Cyanomitra cyanolaema",0,0,0,0,0,0,0,0,0,0,0,0,0,0
"3011","Cyanomitra olivacea",0,0,0,0,0,0,0,0,0,0,0,0,0,0
"3012","Cyanomitra oritis",0,0,0,0,0,0,0,0,0,0,0,0,0,0
"3013","Cyanomitra verreauxii",0,0,0,0,0,0,0,0,0,0,0,0,0,0
"3014","Cyanomitra verticalis",0,0,0,0,0,0,0,0,0,0,0,0,0,0
"3015","Cyanopica cooki",0,0,0,0,0,0,0,0,0,0,0,0,0,0
"3016","Cyanopica cyanus",0,0,0,0,0,0,0,0,0,0,0,0,0,0
"3017","Cyanopsitta spixii",0,3,3,0,7,0,0,0,0,5,0,0,0,0
"3018","Cyanoptila cumatilis",0,5,0,0,0,5,0,0,0,0,0,0,0,0
"3019","Cyanoptila cyanomelana",0,0,0,0,0,0,0,0,0,0,0,0,0,0
"3020","Cyanoramphus auriceps",0,2,0,0,0,2,0,0,0,5,0,0,6,0
"3021","Cyanoramphus forbesi",0,3,0,0,0,0,0,0,4,7,0,0,6,0
"3022","Cyanoramphus malherbi",0,0,0,0,0,3,0,0,0,7,0,0,0,0
"3023","Cyanoramphus novaezelandiae",0,0,0,0,3,5,0,0,0,6,0,0,0,0
"3024","Cyanoramphus ulietanus",0,0,0,0,5,5,0,0,0,5,0,0,0,0
"3025","Cyanoramphus unicolor",0,0,0,0,0,0,0,0,0,5,0,0,6,0
"3026","Cyanoramphus zealandicus",0,0,0,0,5,5,0,0,0,5,0,0,0,0
"3027","Cyclarhis gujanensis",0,0,0,0,0,0,0,0,0,0,0,0,0,0
"3028","Cyclarhis nigrirostris",0,0,0,0,0,0,0,0,0,0,0,0,0,0
"3029","Cyclopsitta amabilis",0,0,0,0,0,0,0,0,0,0,0,0,0,0
"3030","Cyclopsitta coxeni",0,3,0,0,5,3,0,0,0,6,0,0,7,0
"3031","Cyclopsitta diophthalma",0,0,0,0,0,0,0,0,0,0,0,0,0,0
"3032","Cyclopsitta gulielmitertii",0,0,0,0,0,0,0,0,0,0,0,0,0,0
"3033","Cyclopsitta melanogenia",0,0,0,0,0,0,0,0,0,0,0,0,0,0
"3034","Cyclopsitta nigrifrons",0,0,0,0,0,0,0,0,0,0,0,0,0,0
"3035","Cygnus atratus",0,0,0,0,0,0,0,0,0,0,0,0,0,0
"3036","Cygnus buccinator",0,0,0,0,0,0,0,0,0,0,0,0,6,0
"3037","Cygnus columbianus",0,0,0,0,0,0,0,0,0,0,0,0,6,0
"3038","Cygnus cygnus",0,0,0,0,0,0,0,0,0,0,0,0,6,0
"3039","Cygnus melancoryphus",0,0,0,0,0,0,0,0,0,0,0,0,0,0
"3040","Cygnus olor",0,0,0,0,0,0,0,0,0,0,0,0,0,0
"3041","Cymbilaimus lineatus",0,0,0,0,0,0,0,0,0,0,0,0,0,0
"3042","Cymbilaimus sanctaemariae",0,0,0,0,0,0,0,0,0,0,0,0,0,0
"3043","Cymbirhynchus affinis",0,0,0,0,0,0,0,0,0,0,0,0,0,0
"3044","Cymbirhynchus macrorhynchos",0,0,0,0,0,0,0,0,0,0,0,0,0,0
"3045","Cynanthus auriceps",0,0,0,0,0,0,0,0,0,0,0,0,0,0
"3046","Cynanthus canivetii",0,0,0,0,0,0,0,0,0,0,0,0,0,0
"3047","Cynanthus doubledayi",0,0,0,0,0,0,0,0,0,0,0,0,0,0
"3048","Cynanthus forficatus",6,0,0,0,0,0,0,0,0,0,0,0,8,0
"3049","Cynanthus latirostris",0,0,0,0,0,0,0,0,0,0,0,0,0,0
"3050","Cynanthus lawrencei",4,4,0,0,0,4,0,0,0,4,0,0,8,0
"3051","Cyornis banyumas",0,0,0,0,9,2,0,0,0,0,0,0,0,0
"3052","Cyornis brunneatus",0,6,0,0,5,6,0,0,0,0,0,0,0,0
"3053","Cyornis caerulatus",0,6,0,0,0,7,0,0,6,0,0,0,0,0
"3054","Cyornis camarinensis",0,5,5,0,0,5,0,0,0,0,0,0,6,0
"3055","Cyornis colonus",5,5,0,0,0,0,0,0,0,0,0,0,0,0
"3056","Cyornis concretus",0,0,0,0,0,0,0,0,0,0,0,0,0,0
"3057","Cyornis djampeanus",0,0,0,0,0,5,0,0,0,0,0,0,0,0
"3058","Cyornis glaucicomans",0,0,0,0,0,0,0,0,0,0,0,0,0,0
"3059","Cyornis hainanus",0,0,0,0,0,0,0,0,0,0,0,0,0,0
"3060","Cyornis herioti",0,5,5,0,0,5,0,0,0,0,0,0,6,0
"3061","Cyornis kadayangensis",0,5,0,0,7,0,0,0,0,0,0,0,0,0
"3062","Cyornis lemprieri",0,5,0,0,0,6,0,0,0,0,0,0,0,0
"3063","Cyornis magnirostris",0,5,0,0,0,0,0,0,0,0,0,0,0,0
"3064","Cyornis montanus",0,4,0,0,0,0,0,0,0,0,0,0,0,0
"3065","Cyornis nicobaricus",6,6,0,0,0,0,0,0,0,0,0,0,0,0
"3066","Cyornis olivaceus",0,0,0,0,0,0,0,0,0,0,0,0,0,0
"3067","Cyornis omissus",0,0,0,0,0,0,0,0,0,0,0,0,0,0
"3068","Cyornis pallidipes",0,0,0,0,0,0,0,0,0,0,0,0,0,0
"3069","Cyornis pelingensis",5,5,0,0,0,0,0,0,0,0,0,0,0,0
"3070","Cyornis poliogenys",0,0,0,0,0,0,0,0,0,0,0,0,0,0
"3071","Cyornis rubeculoides",0,0,0,0,0,0,0,0,0,0,0,0,0,0
"3072","Cyornis ruckii",0,6,0,0,0,7,0,0,0,0,0,0,0,0
"3073","Cyornis ruficauda",0,0,0,0,0,0,0,0,0,0,0,0,0,0
"3074","Cyornis rufigastra",0,0,0,0,0,0,0,0,0,0,0,0,0,0
"3075","Cyornis sumatrensis",0,0,0,0,0,0,0,0,0,0,0,0,0,0
"3076","Cyornis superbus",0,0,0,0,0,0,0,0,0,0,0,0,0,0
"3077","Cyornis tickelliae",0,0,0,0,0,0,0,0,0,0,0,0,0,0
"3078","Cyornis turcosus",4,6,0,0,4,5,0,0,0,0,0,0,0,0
"3079","Cyornis umbratilis",0,6,0,0,0,5,0,0,5,0,0,0,0,0
"3080","Cyornis unicolor",0,0,0,0,0,0,0,0,0,0,0,0,0,0
"3081","Cyornis whitei",0,4,0,0,3,0,0,0,0,0,0,0,0,0
"3082","Cyphorhinus arada",0,0,0,0,0,0,0,0,0,0,0,0,0,0
"3083","Cyphorhinus dichrous",0,0,0,0,0,0,0,0,0,0,0,0,0,0
"3084","Cyphorhinus phaeocephalus",0,0,0,0,0,0,0,0,0,0,0,0,0,0
"3085","Cyphorhinus thoracicus",0,0,0,0,0,0,0,0,0,0,0,0,0,0
"3086","Cyphos macrodactylus",0,0,0,0,0,0,0,0,0,0,0,0,0,0
"3087","Cypseloides cherriei",0,0,0,0,0,5,0,0,0,0,0,0,0,0
"3088","Cypseloides cryptus",0,0,0,0,0,0,0,0,0,0,0,0,0,0
"3089","Cypseloides fumigatus",0,0,0,0,0,0,0,0,0,0,0,0,0,0
"3090","Cypseloides lemosi",0,0,0,0,0,0,0,0,0,0,0,0,0,0
"3091","Cypseloides niger",0,0,0,0,0,0,0,0,0,0,7,0,6,0
"3092","Cypseloides rothschildi",4,5,0,4,0,5,0,0,0,0,0,0,0,0
"3093","Cypseloides senex",0,0,0,0,0,0,0,0,0,0,0,0,0,0
"3094","Cypseloides storeri",0,0,0,0,0,0,0,0,0,0,0,0,0,0
"3095","Cypsiurus balasiensis",0,0,0,0,0,0,0,0,0,0,0,0,0,0
"3096","Cypsiurus gracilis",0,0,0,0,0,0,0,0,0,0,0,0,0,0
"3097","Cypsiurus parvus",0,0,0,0,0,0,0,0,0,0,0,0,0,0
"3098","Cypsnagra hirundinacea",0,0,0,0,0,0,0,0,0,0,0,0,0,0
"3099","Cyrtonyx montezumae",0,0,0,0,0,0,0,0,0,0,0,0,0,0
"3100","Cyrtonyx ocellatus",0,6,6,0,5,0,0,5,6,0,0,0,0,0
"3101","Cyrtonyx sallei",0,6,0,0,7,5,0,0,0,0,0,0,0,0
"3102","Dacelo gaudichaud",0,0,0,0,0,0,0,0,0,0,0,0,0,0
"3103","Dacelo leachii",0,0,0,0,0,0,0,0,0,0,0,0,0,0
"3104","Dacelo novaeguineae",0,0,0,0,0,0,0,0,0,0,0,0,0,0
"3105","Dacelo rex",0,0,0,0,0,0,0,0,0,0,0,0,0,0
"3106","Dacelo tyro",0,0,0,0,0,0,0,0,0,0,0,0,0,0
"3107","Dacnis albiventris",0,0,0,0,0,0,0,0,0,0,0,0,0,0
"3108","Dacnis berlepschi",6,8,4,7,0,8,0,0,0,0,0,0,0,0
"3109","Dacnis cayana",0,0,0,0,0,0,0,0,0,0,0,0,0,0
"3110","Dacnis egregia",0,0,0,0,0,0,0,0,0,0,0,0,0,0
"3111","Dacnis flaviventer",0,0,0,0,0,0,0,0,0,0,0,0,0,0
"3112","Dacnis hartlaubi",6,6,0,4,0,0,0,0,0,0,0,0,0,0
"3113","Dacnis lineata",0,0,0,0,0,0,0,0,0,0,0,0,0,0
"3114","Dacnis nigripes",6,6,0,5,6,0,0,0,0,0,0,0,0,0
"3115","Dacnis venusta",0,0,0,0,0,0,0,0,0,0,0,0,0,0
"3116","Dacnis viguieri",0,5,0,5,0,0,0,0,0,0,0,0,0,0
"3117","Dactylortyx thoracicus",0,0,0,0,0,0,0,0,0,0,0,0,0,0
"3118","Daphoenositta chrysoptera",0,0,0,0,0,0,0,0,0,0,0,0,0,0
"3119","Daphoenositta miranda",0,0,0,0,0,0,0,0,0,0,0,0,0,0
"3120","Daphoenositta papuensis",0,0,0,0,0,0,0,0,0,0,0,0,0,0
"3121","Daption capense",0,0,0,0,0,0,0,0,0,0,0,0,0,0
"3122","Daptrius ater",0,0,0,0,0,0,0,0,0,0,0,0,0,0
"3123","Dasycrotapha plateni",0,5,0,0,0,5,0,0,0,0,0,0,0,0
"3124","Dasycrotapha pygmaea",0,5,0,0,0,5,0,0,0,0,0,0,0,0
"3125","Dasycrotapha speciosa",0,7,0,0,0,7,0,0,0,0,0,0,0,0
"3126","Dasylophus superciliosus",0,0,0,0,0,0,0,0,0,0,0,0,0,0
"3127","Dasyornis brachypterus",0,4,0,0,0,0,0,4,6,4,0,0,6,0
"3128","Dasyornis broadbenti",5,5,0,0,0,0,0,0,3,5,0,0,6,0
"3129","Dasyornis longirostris",0,2,0,0,0,0,0,0,6,7,0,0,8,0
"3130","Deconychura longicauda",0,5,0,0,0,0,0,0,0,0,0,0,0,0
"3131","Deconychura pallida",0,5,0,0,0,0,0,0,0,0,0,0,0,0
"3132","Deconychura typica",0,0,0,0,0,0,0,0,0,0,0,0,0,0
"3133","Delacourella capistrata",0,0,0,0,0,0,0,0,0,0,0,0,0,0
"3134","Deleornis axillaris",0,0,0,0,0,0,0,0,0,0,0,0,0,0
"3135","Deleornis fraseri",0,0,0,0,0,0,0,0,0,0,0,0,0,0
"3136","Delichon dasypus",0,0,0,0,0,0,0,0,0,0,0,0,0,0
"3137","Delichon lagopodum",0,0,0,0,0,0,0,0,0,0,0,0,0,0
"3138","Delichon nipalense",0,0,0,0,0,0,0,0,0,0,0,0,0,0
"3139","Delichon urbicum",0,0,0,0,0,0,0,0,0,5,0,0,6,0
"3140","Deltarhynchus flammulatus",0,0,0,0,0,0,0,0,0,0,0,0,0,0
"3141","Dendragapus fuliginosus",0,0,0,0,0,0,0,0,0,0,0,0,0,0
"3142","Dendragapus obscurus",0,0,0,0,0,0,0,0,0,0,0,0,0,0
"3143","Dendrexetastes rufigula",0,0,0,0,0,0,0,0,0,0,0,0,0,0
"3144","Dendrocincla anabatina",0,0,0,0,0,0,0,0,0,0,0,0,0,0
"3145","Dendrocincla fuliginosa",0,0,0,0,0,6,0,0,0,0,0,0,0,0
"3146","Dendrocincla homochroa",0,0,0,0,0,0,0,0,0,0,0,0,0,0
"3147","Dendrocincla merula",0,0,0,0,0,0,0,0,0,0,0,0,0,0
"3148","Dendrocincla turdina",0,0,0,0,0,0,0,0,0,0,0,0,0,0
"3149","Dendrocincla tyrannina",0,0,0,0,0,0,0,0,0,0,0,0,0,0
"3150","Dendrocitta bayleii",5,5,0,0,0,5,0,0,0,0,0,0,0,0
"3151","Dendrocitta cinerascens",0,0,0,0,0,0,0,0,0,0,0,0,0,0
"3152","Dendrocitta formosae",0,0,0,0,0,0,0,0,0,0,0,0,0,0
"3153","Dendrocitta frontalis",0,0,0,0,0,0,0,0,0,0,0,0,0,0
"3154","Dendrocitta leucogastra",0,0,0,0,0,0,0,0,0,0,0,0,0,0
"3155","Dendrocitta occipitalis",0,0,0,0,0,0,0,0,0,0,0,0,0,0
"3156","Dendrocitta vagabunda",0,0,0,0,0,0,0,0,0,0,0,0,0,0
"3157","Dendrocolaptes certhia",0,0,0,0,0,0,0,0,0,0,0,0,0,0
"3158","Dendrocolaptes hoffmannsi",0,7,0,0,0,0,0,0,0,0,0,0,0,0
"3159","Dendrocolaptes picumnus",0,0,0,0,0,0,0,0,0,0,0,0,0,0
"3160","Dendrocolaptes platyrostris",0,0,0,0,0,0,0,0,0,0,0,0,0,0
"3161","Dendrocolaptes punctipectus",0,6,0,0,0,7,0,0,0,0,0,0,0,0
"3162","Dendrocolaptes sanctithomae",0,0,0,0,0,0,0,0,0,0,0,0,0,0
"3163","Dendrocopos analis",0,0,0,0,0,0,0,0,0,0,0,0,0,0
"3164","Dendrocopos assimilis",0,0,0,0,0,0,0,0,0,0,0,0,0,0
"3165","Dendrocopos atratus",0,0,0,0,0,0,0,0,0,0,0,0,0,0
"3166","Dendrocopos darjellensis",0,0,0,0,0,0,0,0,0,0,0,0,0,0
"3167","Dendrocopos himalayensis",0,0,0,0,0,0,0,0,0,0,0,0,0,0
"3168","Dendrocopos hyperythrus",0,0,0,0,0,0,0,0,0,0,0,0,0,0
"3169","Dendrocopos leucopterus",0,0,0,0,0,0,0,0,0,0,0,0,0,0
"3170","Dendrocopos leucotos",0,0,0,0,0,5,0,0,0,0,0,0,0,0
"3171","Dendrocopos macei",0,0,0,0,0,0,0,0,0,0,0,0,0,0
"3172","Dendrocopos major",0,0,0,0,0,0,0,0,0,0,0,0,0,0
"3173","Dendrocopos noguchii",5,5,0,5,0,5,0,6,5,6,0,0,6,0
"3174","Dendrocopos owstoni",0,3,0,0,0,3,0,0,0,0,0,0,0,0
"3175","Dendrocopos syriacus",0,0,0,0,0,0,0,0,0,0,0,0,0,0
"3176","Dendrocygna arborea",3,5,0,0,5,5,0,0,0,6,5,0,5,0
"3177","Dendrocygna arcuata",0,0,0,0,0,0,0,0,0,0,0,0,4,0
"3178","Dendrocygna autumnalis",0,0,0,0,0,0,0,0,0,0,0,0,0,0
"3179","Dendrocygna bicolor",0,4,0,4,5,0,0,0,0,4,4,0,0,0
"3180","Dendrocygna eytoni",0,0,0,0,0,0,0,0,0,0,0,0,4,0
"3181","Dendrocygna guttata",0,0,0,0,0,0,0,0,0,0,0,0,0,0
"3182","Dendrocygna javanica",0,0,0,0,0,0,0,0,0,0,0,0,0,0
"3183","Dendrocygna viduata",0,0,0,0,0,0,0,0,0,0,0,0,0,0
"3184","Dendroma erythroptera",0,0,0,0,0,0,0,0,0,0,0,0,0,0
"3185","Dendroma rufa",0,0,0,0,0,0,0,0,0,0,0,0,0,0
"3186","Dendronanthus indicus",0,0,0,0,0,0,0,0,0,0,0,0,0,0
"3187","Dendropicos abyssinicus",0,0,0,0,0,0,0,0,0,0,0,0,0,0
"3188","Dendropicos dorae",0,5,0,5,6,6,0,0,6,7,0,0,0,0
"3189","Dendropicos elachus",0,0,0,0,0,0,0,0,0,0,0,0,0,0
"3190","Dendropicos elliotii",0,0,0,0,0,0,0,0,0,0,0,0,0,0
"3191","Dendropicos fuscescens",0,0,0,0,0,0,0,0,0,0,0,0,0,0
"3192","Dendropicos gabonensis",0,0,0,0,0,0,0,0,0,0,0,0,0,0
"3193","Dendropicos goertae",0,0,0,0,0,0,0,0,0,0,0,0,0,0
"3194","Dendropicos griseocephalus",0,0,0,0,0,0,0,0,0,0,0,0,0,0
"3195","Dendropicos johnstoni",0,0,0,0,0,0,0,0,0,0,0,0,0,0
"3196","Dendropicos lugubris",0,0,0,0,0,0,0,0,0,0,0,0,0,0
"3197","Dendropicos namaquus",0,0,0,0,0,0,0,0,0,0,0,0,0,0
"3198","Dendropicos obsoletus",0,0,0,0,0,0,0,0,0,0,0,0,0,0
"3199","Dendropicos poecilolaemus",0,0,0,0,0,0,0,0,0,0,0,0,0,0
"3200","Dendropicos pyrrhogaster",0,0,0,0,0,0,0,0,0,0,0,0,0,0
"3201","Dendropicos spodocephalus",0,0,0,0,0,0,0,0,0,0,0,0,0,0
"3202","Dendropicos stierlingi",0,0,0,0,4,6,0,0,0,0,0,0,0,0
"3203","Dendropicos xantholophus",0,0,0,0,0,0,0,0,0,0,0,0,0,0
"3204","Dendroplex kienerii",0,6,0,0,0,0,0,0,0,0,0,0,0,0
"3205","Dendroplex picus",0,0,0,0,0,0,0,0,0,0,0,0,0,0
"3206","Dendrortyx barbatus",5,6,0,5,5,6,0,0,0,0,0,0,0,0
"3207","Dendrortyx leucophrys",0,0,0,0,0,0,0,0,0,0,0,0,0,0
"3208","Dendrortyx macroura",0,0,0,0,4,4,0,0,0,0,0,0,0,0
"3209","Deroptyus accipitrinus",0,0,0,0,0,0,0,0,0,0,0,0,0,0
"3210","Dessonornis anomalus",6,0,5,0,0,0,0,0,5,0,0,0,0,0
"3211","Dessonornis archeri",0,0,0,0,0,0,0,0,0,0,0,0,0,0
"3212","Dessonornis caffer",0,0,0,0,0,0,0,0,0,0,0,0,0,0
"3213","Dessonornis humeralis",0,0,0,0,0,0,0,0,0,0,0,0,0,0
"3214","Dessonornis macclounii",0,0,0,0,0,0,0,0,0,0,0,0,0,0
"3215","Dessonornis mbuluensis",0,0,0,0,0,0,0,0,0,0,0,0,0,0
"3216","Devioeca papuana",0,0,0,0,0,0,0,0,0,0,0,0,0,0
"3217","Diaphorapteryx hawkinsi",0,0,0,0,5,0,0,0,0,5,0,0,0,0
"3218","Dicaeum aeneum",0,0,0,0,0,0,0,0,0,0,0,0,0,0
"3219","Dicaeum agile",0,0,0,0,0,0,0,0,0,0,0,0,0,0
"3220","Dicaeum annae",0,0,0,0,0,0,0,0,0,0,0,0,0,0
"3221","Dicaeum anthonyi",0,0,0,0,0,0,0,0,0,0,0,0,6,0
"3222","Dicaeum aureolimbatum",0,0,0,0,0,0,0,0,0,0,0,0,0,0
"3223","Dicaeum australe",0,0,0,0,0,0,0,0,0,0,0,0,0,0
"3224","Dicaeum beccarii",0,0,0,0,0,0,0,0,0,0,0,0,0,0
"3225","Dicaeum bicolor",0,0,0,0,0,0,0,0,0,0,0,0,0,0
"3226","Dicaeum cambodianum",0,0,0,0,0,0,0,0,0,0,0,0,0,0
"3227","Dicaeum celebicum",0,0,0,0,0,0,0,0,0,0,0,0,0,0
"3228","Dicaeum chrysorrheum",0,0,0,0,0,0,0,0,0,0,0,0,0,0
"3229","Dicaeum concolor",0,0,0,0,0,0,0,0,0,0,0,0,0,0
"3230","Dicaeum cruentatum",0,0,0,0,0,0,0,0,0,0,0,0,0,0
"3231","Dicaeum dayakorum",0,6,0,0,0,6,0,0,0,0,0,0,0,0
"3232","Dicaeum erythrorhynchos",0,0,0,0,0,0,0,0,0,0,0,0,0,0
"3233","Dicaeum erythrothorax",0,0,0,0,0,0,0,0,0,0,0,0,0,0
"3234","Dicaeum everetti",0,5,0,0,0,5,0,0,5,0,0,0,0,0
"3235","Dicaeum eximium",0,0,0,0,0,0,0,0,0,0,0,0,0,0
"3236","Dicaeum geelvinkianum",0,0,0,0,0,0,0,0,0,0,0,0,0,0
"3237","Dicaeum haematostictum",0,5,0,0,0,5,0,0,0,0,0,0,0,0
"3238","Dicaeum hanieli",0,0,0,0,0,0,0,0,0,0,0,0,0,0
"3239","Dicaeum hirundinaceum",0,0,0,0,0,0,0,0,0,0,0,0,0,0
"3240","Dicaeum hypoleucum",0,0,0,0,0,0,0,0,0,0,0,0,0,0
"3241","Dicaeum ignicolle",0,0,0,0,0,0,0,0,0,0,0,0,0,0
"3242","Dicaeum igniferum",0,0,0,0,0,0,0,0,0,0,0,0,0,0
"3243","Dicaeum ignipectus",0,0,0,0,0,0,0,0,0,0,0,0,0,0
"3244","Dicaeum kampalili",0,5,0,0,0,5,0,0,0,0,0,0,0,0
"3245","Dicaeum keiense",0,0,0,0,0,0,0,0,0,0,0,0,0,0
"3246","Dicaeum luzoniense",0,0,0,0,0,0,0,0,0,0,0,0,0,0
"3247","Dicaeum maugei",0,0,0,0,0,0,0,0,0,0,0,0,0,0
"3248","Dicaeum melanozanthum",0,0,0,0,0,0,0,0,0,0,0,0,0,0
"3249","Dicaeum minullum",0,0,0,0,0,0,0,0,0,0,0,0,0,0
"3250","Dicaeum monticolum",0,0,0,0,0,0,0,0,0,0,0,0,0,0
"3251","Dicaeum nehrkorni",0,0,0,0,0,0,0,0,0,0,0,0,0,0
"3252","Dicaeum nigrilore",0,0,0,0,0,0,0,0,0,0,0,0,6,0
"3253","Dicaeum nitidum",0,0,0,0,0,0,0,0,0,0,0,0,0,0
"3254","Dicaeum pectorale",0,0,0,0,0,0,0,0,0,0,0,0,0,0
"3255","Dicaeum proprium",0,5,0,0,0,5,0,0,0,0,0,0,0,0
"3256","Dicaeum pygmaeum",0,0,0,0,0,0,0,0,0,0,0,0,0,0
"3257","Dicaeum quadricolor",5,7,7,5,0,5,0,0,0,7,0,0,5,0
"3258","Dicaeum retrocinctum",0,6,5,0,0,6,0,0,0,0,0,0,0,0
"3259","Dicaeum rhodopygiale",0,0,0,0,0,0,0,0,0,0,0,0,0,0
"3260","Dicaeum sanguinolentum",0,0,0,0,0,0,0,0,0,0,0,0,0,0
"3261","Dicaeum schistaceiceps",0,0,0,0,0,0,0,0,0,0,0,0,0,0
"3262","Dicaeum trigonostigma",0,0,0,0,0,0,0,0,0,0,0,0,0,0
"3263","Dicaeum tristrami",0,0,0,0,0,0,0,0,0,0,0,0,0,0
"3264","Dicaeum trochileum",0,0,0,0,0,0,0,0,0,0,0,0,0,0
"3265","Dicaeum vincens",5,5,5,0,0,5,0,0,5,0,0,0,0,0
"3266","Dicaeum vulneratum",0,0,0,0,0,0,0,0,0,0,0,0,0,0
"3267","Dicaeum wilhelminae",0,0,0,0,0,0,0,0,0,0,0,0,0,0
"3268","Dichrozona cincta",0,0,0,0,0,0,0,0,0,0,0,0,0,0
"3269","Dicrurus adsimilis",0,0,0,0,0,0,0,0,0,0,0,0,0,0
"3270","Dicrurus aeneus",0,0,0,0,0,0,0,0,0,0,0,0,0,0
"3271","Dicrurus aldabranus",0,0,0,0,0,0,0,0,0,6,0,0,6,0
"3272","Dicrurus andamanensis",5,5,0,0,0,5,0,0,0,0,0,0,0,0
"3273","Dicrurus annectens",0,0,0,0,0,0,0,0,0,0,0,0,0,0
"3274","Dicrurus atripennis",0,0,0,0,0,0,0,0,0,0,0,0,0,0
"3275","Dicrurus balicassius",0,0,0,0,0,0,0,0,0,0,0,0,0,0
"3276","Dicrurus bracteatus",0,0,0,0,0,0,0,0,0,0,0,0,0,0
"3277","Dicrurus caerulescens",0,0,0,0,0,0,0,0,0,0,0,0,0,0
"3278","Dicrurus densus",0,0,0,0,0,0,0,0,0,0,0,0,0,0
"3279","Dicrurus forficatus",0,0,0,0,0,0,0,0,0,0,0,0,0,0
"3280","Dicrurus fuscipennis",0,5,0,4,0,4,0,0,0,6,0,0,6,0
"3281","Dicrurus hottentottus",0,5,5,0,4,5,0,0,0,0,0,0,0,0
"3282","Dicrurus leucophaeus",0,0,0,0,0,0,0,0,0,0,0,0,0,0
"3283","Dicrurus lophorinus",0,0,0,0,0,0,0,0,0,0,0,0,0,0
"3284","Dicrurus ludwigii",0,0,0,0,0,0,0,0,0,0,0,0,0,0
"3285","Dicrurus macrocercus",0,0,0,0,0,0,0,0,0,0,0,0,0,0
"3286","Dicrurus megarhynchus",0,5,0,0,0,5,0,0,0,0,0,0,0,0
"3287","Dicrurus menagei",0,6,0,0,0,6,0,0,0,0,0,0,0,0
"3288","Dicrurus modestus",0,7,0,0,0,0,0,0,0,0,6,0,0,0
"3289","Dicrurus montanus",0,0,0,0,0,0,0,0,0,0,0,0,0,0
"3290","Dicrurus palawanensis",0,5,5,0,0,5,0,0,0,0,0,0,0,0
"3291","Dicrurus paradiseus",0,0,0,0,0,0,0,0,0,0,0,0,0,0
"3292","Dicrurus remifer",0,0,0,0,0,0,0,0,0,0,0,0,0,0
"3293","Dicrurus sharpei",0,4,4,0,0,0,0,0,0,0,0,0,0,0
"3294","Dicrurus striatus",0,0,0,0,0,0,0,0,0,0,0,0,0,0
"3295","Dicrurus sumatranus",0,6,0,0,4,6,0,0,0,0,0,0,0,0
"3296","Dicrurus waldenii",0,6,0,0,0,6,0,0,0,4,4,0,6,0
"3297","Didunculus strigirostris",0,5,0,0,6,0,0,0,0,6,0,0,6,0
"3298","Diglossa albilatera",0,0,0,0,0,0,0,0,0,0,0,0,0,0
"3299","Diglossa baritula",0,0,0,0,0,0,0,0,0,0,0,0,0,0
"3300","Diglossa brunneiventris",0,0,0,0,0,0,0,0,0,0,0,0,0,0
"3301","Diglossa caerulescens",0,0,0,0,0,0,0,0,0,0,0,0,0,0
"3302","Diglossa carbonaria",0,0,0,0,0,0,0,0,0,0,0,0,0,0
"3303","Diglossa cyanea",0,0,0,0,0,0,0,0,0,0,0,0,0,0
"3304","Diglossa duidae",0,0,0,0,0,0,0,0,0,0,0,0,0,0
"3305","Diglossa glauca",0,0,0,0,0,0,0,0,0,0,0,0,0,0
"3306","Diglossa gloriosa",0,0,0,0,0,0,0,0,0,0,0,0,0,0
"3307","Diglossa gloriosissima",4,5,4,0,0,0,0,6,6,0,0,0,0,0
"3308","Diglossa humeralis",0,0,0,0,0,0,0,0,0,0,0,0,0,0
"3309","Diglossa indigotica",0,0,0,0,0,0,0,0,0,0,0,0,0,0
"3310","Diglossa lafresnayii",0,0,0,0,0,0,0,0,0,0,0,0,0,0
"3311","Diglossa major",0,0,0,0,0,0,0,0,0,0,0,0,0,0
"3312","Diglossa mystacalis",0,0,0,0,0,0,0,0,0,0,0,0,0,0
"3313","Diglossa plumbea",0,0,0,0,0,0,0,0,0,0,0,0,0,0
"3314","Diglossa sittoides",0,0,0,0,0,0,0,0,0,0,0,0,0,0
"3315","Diglossa venezuelensis",4,6,0,5,0,0,0,0,0,0,0,0,6,0
"3316","Dinemellia dinemelli",0,0,0,0,0,0,0,0,0,0,0,0,0,0
"3317","Dinopium benghalense",0,0,0,0,0,0,0,0,0,0,0,0,0,0
"3318","Dinopium everetti",0,5,5,0,0,5,0,0,0,0,0,0,0,0
"3319","Dinopium javanense",0,0,0,0,0,0,0,0,0,0,0,0,0,0
"3320","Dinopium psarodes",0,0,0,0,0,0,0,0,0,0,0,0,0,0
"3321","Dinopium shorii",0,0,0,0,0,0,0,0,0,0,0,0,0,0
"3322","Diomedea amsterdamensis",0,0,0,0,0,0,6,0,0,7,0,0,0,0
"3323","Diomedea antipodensis",0,0,0,0,0,0,7,0,0,5,0,0,7,0
"3324","Diomedea dabbenena",0,0,0,0,3,0,8,0,0,8,0,0,0,0
"3325","Diomedea epomophora",0,0,0,0,0,0,6,0,0,6,0,0,0,0
"3326","Diomedea exulans",0,0,0,0,2,0,7,0,0,5,6,0,7,0
"3327","Diomedea sanfordi",0,0,0,0,2,0,5,0,0,5,0,0,5,0
"3328","Diopsittaca cumanensis",0,0,0,0,0,0,0,0,0,0,0,0,0,0
"3329","Diopsittaca nobilis",0,0,0,0,0,0,0,0,0,0,0,0,0,0
"3330","Discosura conversii",0,0,0,0,0,0,0,0,0,0,0,0,0,0
"3331","Discosura langsdorffi",0,0,0,0,0,0,0,0,0,0,0,0,0,0
"3332","Discosura letitiae",0,0,0,0,0,7,0,0,0,0,0,0,0,0
"3333","Discosura longicaudus",0,0,0,0,0,0,0,0,0,0,0,0,0,0
"3334","Discosura popelairii",0,4,0,4,7,0,0,0,0,0,0,0,0,0
"3335","Diuca diuca",0,0,0,0,0,0,0,0,0,0,0,0,0,0
"3336","Dives dives",0,0,0,0,0,0,0,0,0,0,0,0,0,0
"3337","Dives warczewiczi",0,0,0,0,0,0,0,0,0,0,0,0,0,0
"3338","Dolichonyx oryzivorus",0,0,0,0,0,0,0,0,0,0,0,0,0,0
"3339","Doliornis remseni",0,5,0,0,0,5,0,0,5,0,0,0,0,0
"3340","Doliornis sclateri",0,5,0,0,0,0,0,0,5,0,0,0,0,0
"3341","Donacobius atricapilla",0,0,0,0,0,0,0,0,0,0,0,0,0,0
"3342","Donacospiza albifrons",0,0,0,0,0,0,0,0,0,0,0,0,0,0
"3343","Doricha eliza",5,5,0,0,0,0,0,0,0,0,0,0,0,0
"3344","Doricha enicura",0,0,0,0,0,0,0,0,0,0,0,0,0,0
"3345","Doryfera johannae",0,0,0,0,0,0,0,0,0,0,0,0,0,0
"3346","Doryfera ludovicae",0,0,0,0,0,0,0,0,0,0,0,0,0,0
"3347","Drepanis coccinea",4,5,0,0,4,0,0,0,0,8,0,0,7,0
"3348","Drepanis funerea",0,5,0,0,0,0,0,0,0,5,0,0,0,0
"3349","Drepanis pacifica",0,0,0,0,4,5,0,0,0,5,0,0,0,0
"3350","Drepanoptila holosericea",0,0,5,0,3,5,0,0,5,0,0,0,0,0
"3351","Drepanorhynchus reichenowi",0,0,0,0,0,0,0,0,0,0,0,0,0,0
"3352","Drepanornis albertisi",0,0,0,0,0,0,0,0,0,0,0,0,0,0
"3353","Drepanornis bruijnii",7,0,0,0,0,6,0,0,0,0,0,0,0,0
"3354","Dreptes thomensis",2,4,0,4,0,4,0,0,0,0,0,0,0,0
"3355","Dromaius baudinianus",0,0,0,0,4,0,0,0,5,0,0,0,0,0
"3356","Dromaius minor",0,0,0,0,6,0,0,0,0,0,0,0,0,0
"3357","Dromaius novaehollandiae",0,0,0,0,0,0,0,0,0,0,0,0,0,0
"3358","Dromas ardeola",0,0,0,0,0,0,0,0,0,0,0,0,0,0
"3359","Dromococcyx pavoninus",0,0,0,0,0,0,0,0,0,0,0,0,0,0
"3360","Dromococcyx phasianellus",0,0,0,0,0,0,0,0,0,0,0,0,0,0
"3361","Drymocichla incana",0,0,0,0,0,0,0,0,0,0,0,0,0,0
"3362","Drymodes beccarii",0,0,0,0,0,0,0,0,0,0,0,0,0,0
"3363","Drymodes brunneopygia",0,0,0,0,0,0,0,0,0,0,0,0,6,0
"3364","Drymodes superciliaris",0,0,0,0,0,0,0,0,0,0,0,0,0,0
"3365","Drymophila caudata",0,4,0,0,0,4,0,0,0,0,0,0,0,0
"3366","Drymophila devillei",0,0,0,0,0,0,0,0,0,0,0,0,0,0
"3367","Drymophila ferruginea",0,0,0,0,0,0,0,0,0,0,0,0,0,0
"3368","Drymophila genei",0,5,0,0,0,0,0,0,4,0,0,0,0,0
"3369","Drymophila hellmayri",0,5,0,0,0,5,0,0,5,0,0,0,6,0
"3370","Drymophila klagesi",0,0,0,0,0,0,0,0,0,0,0,0,0,0
"3371","Drymophila malura",0,0,0,0,0,0,0,0,0,0,0,0,0,0
"3372","Drymophila ochropyga",4,6,2,4,0,0,0,0,0,0,0,0,0,0
"3373","Drymophila rubricollis",0,0,0,0,0,0,0,0,0,0,0,0,0,0
"3374","Drymophila squamata",0,0,0,0,0,0,0,0,0,0,0,0,0,0
"3375","Drymophila striaticeps",0,0,0,0,0,0,0,0,0,0,0,0,0,0
"3376","Drymornis bridgesii",0,0,0,0,0,0,0,0,0,0,0,0,0,0
"3377","Drymotoxeres pucheranii",0,5,5,0,0,5,0,0,0,0,0,0,0,0
"3378","Dryobates cathpharius",0,0,0,0,0,0,0,0,0,0,0,0,0,0
"3379","Dryobates minor",0,0,0,0,0,0,0,0,0,0,0,0,0,0
"3380","Dryobates nuttallii",0,0,0,0,0,0,0,0,0,0,0,0,0,0
"3381","Dryobates pernyii",0,0,0,0,0,0,0,0,0,0,0,0,0,0
"3382","Dryobates pubescens",0,0,0,0,0,0,0,0,0,0,0,0,0,0
"3383","Dryobates scalaris",0,0,0,0,0,0,0,0,0,0,0,0,0,0
"3384","Dryocopus hodgei",0,6,0,0,0,5,0,0,0,0,0,5,0,0
"3385","Dryocopus javensis",0,0,0,0,0,0,0,0,0,0,0,0,0,0
"3386","Dryocopus martius",0,0,0,0,0,0,0,0,0,0,0,0,0,0
"3387","Dryolimnas augusti",0,0,0,0,5,0,0,0,0,5,0,0,0,0
"3388","Dryolimnas cuvieri",0,0,0,0,0,0,0,0,0,0,0,0,0,0
"3389","Dryoscopus angolensis",0,0,0,0,0,0,0,0,0,0,0,0,0,0
"3390","Dryoscopus cubla",0,0,0,0,0,0,0,0,0,0,0,0,0,0
"3391","Dryoscopus gambensis",0,0,0,0,0,0,0,0,0,0,0,0,0,0
"3392","Dryoscopus pringlii",0,0,0,0,0,0,0,0,0,0,0,0,0,0
"3393","Dryoscopus sabini",0,0,0,0,0,0,0,0,0,0,0,0,0,0
"3394","Dryoscopus senegalensis",0,0,0,0,0,0,0,0,0,0,0,0,0,0
"3395","Dryotriorchis spectabilis",0,0,0,0,0,0,0,0,0,0,0,0,0,0
"3396","Dubusia carrikeri",5,6,0,0,0,6,0,0,5,0,5,0,5,0
"3397","Dubusia castaneoventris",0,0,0,0,0,0,0,0,0,0,0,0,0,0
"3398","Dubusia stictocephala",0,0,0,0,0,0,0,0,0,0,0,0,0,0
"3399","Dubusia taeniata",0,0,0,0,0,0,0,0,0,0,0,0,0,0
"3400","Ducula aenea",0,5,0,0,4,0,0,0,3,0,0,0,0,0
"3401","Ducula aurorae",4,0,4,0,6,0,0,0,0,7,0,0,0,0
"3402","Ducula badia",0,0,0,0,0,0,0,0,0,0,0,0,0,0
"3403","Ducula bakeri",0,4,0,0,6,4,0,0,0,0,0,0,6,0
"3404","Ducula basilica",0,0,0,0,0,0,0,0,0,0,0,0,0,0
"3405","Ducula bicolor",0,0,0,0,6,0,0,0,0,0,0,0,0,0
"3406","Ducula brenchleyi",0,0,0,0,4,6,0,0,0,0,0,0,0,0
"3407","Ducula carola",0,6,0,0,6,6,0,0,0,0,0,0,0,0
"3408","Ducula chalconota",0,0,0,0,0,0,0,0,0,0,0,0,0,0
"3409","Ducula cineracea",5,6,0,0,6,5,0,0,6,0,0,0,0,0
"3410","Ducula concinna",0,0,0,0,0,0,0,0,0,0,0,0,0,0
"3411","Ducula cuprea",0,0,0,0,0,0,0,0,0,0,0,0,0,0
"3412","Ducula finschii",0,6,0,0,6,6,0,0,0,0,0,0,0,0
"3413","Ducula forsteni",0,0,0,0,0,0,0,0,0,0,0,0,0,0
"3414","Ducula galeata",0,2,0,0,6,0,0,0,0,6,0,0,0,0
"3415","Ducula geelvinkiana",0,0,0,0,0,0,0,0,0,0,0,0,0,0
"3416","Ducula goliath",0,0,0,0,4,4,0,0,0,0,0,0,0,0
"3417","Ducula lacernulata",0,0,0,0,0,0,0,0,0,0,0,0,0,0
"3418","Ducula latrans",0,0,0,0,0,0,0,0,0,0,0,0,0,0
"3419","Ducula luctuosa",0,0,0,0,0,0,0,0,0,0,0,0,0,0
"3420","Ducula melanochroa",0,0,0,0,0,0,0,0,0,0,0,0,6,0
"3421","Ducula mindorensis",0,6,0,0,6,6,0,0,0,0,0,0,6,0
"3422","Ducula mullerii",0,0,0,0,0,0,0,0,0,0,0,0,0,0
"3423","Ducula myristicivora",0,0,0,0,0,0,0,0,0,0,0,0,0,0
"3424","Ducula neglecta",0,0,0,0,0,0,0,0,0,0,0,0,0,0
"3425","Ducula nicobarica",0,0,0,0,6,0,0,0,0,0,0,0,0,0
"3426","Ducula obiensis",0,0,0,0,0,0,0,0,0,0,0,0,0,0
"3427","Ducula oceanica",5,5,3,5,7,4,0,0,0,0,0,0,6,0
"3428","Ducula oenothorax",0,4,0,0,6,0,0,0,0,0,0,0,0,0
"3429","Ducula pacifica",0,0,0,0,0,0,0,0,0,0,0,0,0,0
"3430","Ducula perspicillata",0,0,0,0,0,0,0,0,0,0,0,0,0,0
"3431","Ducula pickeringii",0,6,0,0,5,6,0,0,0,5,0,0,0,0
"3432","Ducula pinon",0,0,0,0,4,0,0,0,0,0,0,0,0,0
"3433","Ducula pistrinaria",0,0,0,0,0,0,0,0,0,0,0,0,0,0
"3434","Ducula poliocephala",0,5,0,0,6,6,0,0,0,0,0,0,0,0
"3435","Ducula radiata",0,0,0,0,0,0,0,0,0,0,0,0,0,0
"3436","Ducula rosacea",5,5,4,4,6,5,0,0,0,0,0,0,0,0
"3437","Ducula rubricera",0,6,0,4,5,6,0,0,0,0,0,0,0,0
"3438","Ducula rufigaster",0,0,0,0,0,0,0,0,0,0,0,0,0,0
"3439","Ducula spilorrhoa",0,0,0,0,0,0,0,0,0,0,0,0,0,0
"3440","Ducula subflavescens",0,6,0,0,0,6,0,0,0,0,0,0,0,0
"3441","Ducula whartoni",0,0,2,0,1,0,0,0,0,5,0,0,6,0
"3442","Ducula zoeae",0,0,0,0,0,0,0,0,0,0,0,0,0,0
"3443","Dulus dominicus",0,0,0,0,0,0,0,0,0,0,0,0,0,0
"3444","Dumetella carolinensis",0,0,0,0,0,0,0,0,0,0,0,0,0,0
"3445","Dumetia atriceps",0,4,0,0,0,0,0,0,0,0,0,0,0,0
"3446","Dumetia hyperythra",0,0,0,0,0,0,0,0,0,0,0,0,0,0
"3447","Dyaphorophyia ansorgei",0,0,0,0,0,0,0,0,0,0,0,0,0,0
"3448","Dyaphorophyia blissetti",0,0,0,0,0,0,0,0,0,0,0,0,0,0
"3449","Dyaphorophyia castanea",0,0,0,0,0,0,0,0,0,0,0,0,0,0
"3450","Dyaphorophyia chalybea",0,0,0,0,0,0,0,0,0,0,0,0,0,0
"3451","Dyaphorophyia concreta",0,0,0,0,0,0,0,0,0,0,0,0,0,0
"3452","Dyaphorophyia hormophora",0,0,0,0,0,0,0,0,0,0,0,0,0,0
"3453","Dyaphorophyia jamesoni",0,0,0,0,0,0,0,0,0,0,0,0,0,0
"3454","Dyaphorophyia tonsa",0,0,0,0,0,0,0,0,0,0,0,0,0,0
"3455","Dysithamnus leucostictus",0,4,0,0,0,0,0,0,0,0,0,0,0,0
"3456","Dysithamnus mentalis",0,0,0,0,0,0,0,0,0,0,0,0,0,0
"3457","Dysithamnus occidentalis",4,5,4,4,0,5,0,0,0,0,0,0,0,0
"3458","Dysithamnus plumbeus",0,6,0,0,0,6,0,0,6,0,0,0,0,0
"3459","Dysithamnus puncticeps",0,0,0,0,0,0,0,0,0,0,0,0,0,0
"3460","Dysithamnus stictothorax",5,6,4,0,0,0,0,0,0,0,0,0,0,0
"3461","Dysithamnus striaticeps",0,0,0,0,0,0,0,0,0,0,0,0,0,0
"3462","Dysithamnus xanthopterus",0,0,0,0,0,0,0,0,0,0,0,0,0,0
"3463","Dysmorodrepanis munroi",0,4,0,0,0,0,0,0,0,5,0,0,0,0
"3464","Eclectus cornelia",0,5,0,0,6,6,0,0,0,0,0,0,0,0
"3465","Eclectus infectus",0,0,0,0,4,0,0,0,0,4,0,0,0,0
"3466","Eclectus polychloros",0,5,0,0,5,0,0,0,0,0,0,0,0,0
"3467","Eclectus riedeli",0,5,0,0,5,0,0,0,0,0,0,0,0,0
"3468","Eclectus roratus",0,0,0,0,5,0,0,0,0,0,0,0,0,0
"3469","Ectopistes migratorius",0,6,0,0,6,0,0,0,0,4,0,0,0,0
"3470","Edolisoma anale",0,0,5,0,0,0,0,0,4,0,0,0,5,0
"3471","Edolisoma ceramense",0,0,0,0,0,0,0,0,0,0,0,0,0,0
"3472","Edolisoma coerulescens",0,0,0,0,0,0,0,0,0,0,0,0,0,0
"3473","Edolisoma dispar",0,7,0,0,0,6,0,0,0,0,0,0,0,0
"3474","Edolisoma dohertyi",0,0,0,0,0,0,0,0,0,0,0,0,0,0
"3475","Edolisoma grayi",0,0,0,0,0,0,0,0,0,0,0,0,0,0
"3476","Edolisoma holopolium",0,0,0,0,0,5,0,0,0,0,0,0,0,0
"3477","Edolisoma incertum",0,0,0,0,0,0,0,0,0,0,0,0,0,0
"3478","Edolisoma insperatum",4,5,0,0,0,6,0,0,4,0,0,0,0,0
"3479","Edolisoma melas",0,0,0,0,0,0,0,0,0,0,0,0,0,0
"3480","Edolisoma meyerii",0,0,0,0,0,0,0,0,0,0,0,0,0,0
"3481","Edolisoma mindanense",5,6,0,0,0,6,0,0,0,0,0,0,0,0
"3482","Edolisoma monacha",0,0,0,0,0,0,0,0,0,0,0,0,0,0
"3483","Edolisoma montanum",0,0,0,0,0,0,0,0,0,0,0,0,0,0
"3484","Edolisoma morio",0,0,0,0,0,0,0,0,0,0,0,0,0,0
"3485","Edolisoma nesiotis",0,0,0,0,0,0,0,0,4,7,0,0,6,0
"3486","Edolisoma obiense",0,0,0,0,0,0,0,0,0,0,0,0,0,0
"3487","Edolisoma ostentum",6,6,0,0,0,6,0,0,0,0,0,0,0,0
"3488","Edolisoma pygmaeum",0,0,0,0,0,7,0,0,0,0,0,0,0,0
"3489","Edolisoma remotum",0,0,0,0,0,0,0,0,0,0,0,0,0,0
"3490","Edolisoma rostratum",0,0,0,0,0,6,0,0,0,0,0,0,0,0
"3491","Edolisoma salomonis",0,0,0,0,0,0,0,0,0,0,0,0,0,0
"3492","Edolisoma schisticeps",0,0,0,0,0,0,0,0,0,0,0,0,0,0
"3493","Edolisoma sula",0,0,0,0,0,0,0,0,0,0,0,0,0,0
"3494","Edolisoma tenuirostre",0,0,0,0,0,0,0,0,0,0,0,0,0,0
"3495","Egretta ardesiaca",0,0,0,0,0,0,0,6,0,0,0,0,0,0
"3496","Egretta caerulea",0,0,0,0,0,0,0,0,0,0,0,0,0,0
"3497","Egretta eulophotes",6,6,0,6,5,0,0,5,0,0,6,0,0,0
"3498","Egretta garzetta",0,0,0,0,0,0,0,0,0,0,0,0,0,0
"3499","Egretta gularis",0,0,0,0,3,0,0,0,0,0,0,0,0,0
"3500","Egretta novaehollandiae",0,0,0,0,0,0,0,0,0,0,0,0,0,0
"3501","Egretta picata",0,0,0,0,0,0,0,0,0,0,0,0,4,0
"3502","Egretta rufescens",6,0,0,5,5,0,0,5,7,6,0,0,8,0
"3503","Egretta sacra",0,0,0,0,0,0,0,0,0,0,0,0,0,0
"3504","Egretta thula",0,0,0,0,0,0,0,0,0,0,0,0,0,0
"3505","Egretta tricolor",0,0,0,0,0,0,0,0,0,0,0,0,0,0
"3506","Egretta vinaceigula",0,6,0,0,0,5,0,5,5,4,6,0,6,0
"3507","Elachura formosa",0,0,0,0,0,0,0,0,0,0,0,0,0,0
"3508","Elaenia albiceps",0,0,0,0,0,0,0,0,0,0,0,0,0,0
"3509","Elaenia brachyptera",0,0,0,0,0,0,0,0,0,0,0,0,0,0
"3510","Elaenia cherriei",0,0,0,0,0,0,0,0,0,0,0,0,6,0
"3511","Elaenia chiriquensis",0,0,0,0,0,0,0,0,0,0,0,0,0,0
"3512","Elaenia cristata",0,0,0,0,0,0,0,0,0,0,0,0,0,0
"3513","Elaenia dayi",0,0,0,0,0,0,0,0,0,0,0,0,0,0
"3514","Elaenia fallax",0,0,0,0,0,0,0,0,0,0,0,0,6,0
"3515","Elaenia flavogaster",0,0,0,0,0,0,0,0,0,0,0,0,0,0
"3516","Elaenia frantzii",0,0,0,0,0,0,0,0,0,0,0,0,0,0
"3517","Elaenia gigas",0,0,0,0,0,0,0,0,0,0,0,0,0,0
"3518","Elaenia martinica",0,0,0,0,0,0,0,0,0,0,0,0,0,0
"3519","Elaenia mesoleuca",0,0,0,0,0,0,0,0,0,0,0,0,0,0
"3520","Elaenia obscura",0,0,0,0,0,0,0,0,0,0,0,0,0,0
"3521","Elaenia olivina",0,0,0,0,0,0,0,0,0,0,0,0,0,0
"3522","Elaenia pallatangae",0,0,0,0,0,0,0,0,0,0,0,0,0,0
"3523","Elaenia parvirostris",0,0,0,0,0,0,0,0,0,0,0,0,0,0
"3524","Elaenia pelzelni",0,0,0,0,0,0,0,0,0,0,0,0,0,0
"3525","Elaenia ridleyana",4,0,0,0,6,0,0,0,6,8,0,0,6,0
"3526","Elaenia ruficeps",0,0,0,0,0,0,0,0,0,0,0,0,0,0
"3527","Elaenia sordida",0,0,0,0,0,0,0,0,0,0,0,0,0,0
"3528","Elaenia spectabilis",0,0,0,0,0,0,0,0,0,0,0,0,0,0
"3529","Elaenia strepera",0,0,0,0,0,0,0,0,0,0,0,0,0,0
"3530","Elanoides forficatus",0,0,0,0,0,0,0,0,0,0,0,0,0,0
"3531","Elanus axillaris",0,0,0,0,0,0,0,0,0,0,0,0,6,0
"3532","Elanus caeruleus",0,0,0,0,4,0,0,0,0,0,4,0,0,0
"3533","Elanus leucurus",0,0,0,0,0,0,0,0,0,0,0,0,0,0
"3534","Elanus scriptus",0,5,0,0,7,0,0,0,0,7,0,0,6,0
"3535","Elaphrornis palliseri",0,5,0,0,0,5,0,0,0,0,0,0,6,0
"3536","Electron carinatum",6,6,0,0,0,5,0,0,5,6,0,0,0,0
"3537","Electron platyrhynchum",0,0,0,0,0,0,0,0,0,0,0,0,0,0
"3538","Eleoscytalopus indigoticus",0,5,0,0,0,5,0,0,0,0,0,0,0,0
"3539","Eleoscytalopus psychopompus",0,0,0,0,0,4,0,0,0,0,0,0,0,0
"3540","Eleothreptus anomalus",6,7,0,0,0,0,0,0,5,0,7,0,0,0
"3541","Eleothreptus candicans",0,3,0,0,0,0,0,0,6,6,0,0,0,0
"3542","Elliotomyia chionogaster",0,0,0,0,0,0,0,0,0,0,0,0,0,0
"3543","Elliotomyia viridicauda",0,0,0,0,0,0,0,0,0,0,0,0,0,0
"3544","Elminia albicauda",0,0,0,0,0,0,0,0,0,0,0,0,0,0
"3545","Elminia albiventris",0,0,0,0,0,0,0,0,0,0,0,0,0,0
"3546","Elminia albonotata",0,0,0,0,0,0,0,0,0,0,0,0,0,0
"3547","Elminia longicauda",0,0,0,0,0,0,0,0,0,0,0,0,0,0
"3548","Elminia nigromitrata",0,0,0,0,0,0,0,0,0,0,0,0,0,0
"3549","Elseyornis melanops",0,0,0,0,0,0,0,0,0,0,0,0,0,0
"3550","Emarginata schlegelii",0,0,0,0,0,0,0,0,0,0,0,0,6,0
"3551","Emarginata sinuata",0,0,0,0,0,0,0,0,0,0,0,0,6,0
"3552","Emarginata tractrac",0,0,0,0,0,0,0,0,0,0,0,0,6,0
"3553","Emberiza affinis",0,0,0,0,0,0,0,0,0,0,0,0,0,0
"3554","Emberiza aureola",0,6,0,0,9,0,0,0,0,0,6,0,0,0
"3555","Emberiza bruniceps",0,0,0,0,0,0,0,0,0,0,0,0,0,0
"3556","Emberiza buchanani",0,0,0,0,0,0,0,0,0,0,0,0,0,0
"3557","Emberiza cabanisi",0,0,0,0,0,0,0,0,0,0,0,0,0,0
"3558","Emberiza caesia",0,0,0,0,0,0,0,0,0,0,0,0,0,0
"3559","Emberiza calandra",0,0,0,0,0,0,0,0,0,0,0,0,0,0
"3560","Emberiza capensis",0,0,0,0,0,0,0,0,0,0,0,0,0,0
"3561","Emberiza chrysophrys",0,0,0,0,0,0,0,0,0,0,0,0,0,0
"3562","Emberiza cia",0,0,0,0,0,0,0,0,0,0,0,0,0,0
"3563","Emberiza cineracea",5,6,7,0,6,0,0,0,5,0,0,0,0,0
"3564","Emberiza cioides",0,0,0,0,0,0,0,0,0,0,0,0,0,0
"3565","Emberiza cirlus",0,0,0,0,0,0,0,0,0,0,0,0,0,0
"3566","Emberiza citrinella",0,0,0,0,0,0,0,0,0,0,0,0,0,0
"3567","Emberiza elegans",0,0,0,0,0,0,0,0,0,0,0,0,0,0
"3568","Emberiza flaviventris",0,0,0,0,0,0,0,0,0,0,0,0,0,0
"3569","Emberiza fucata",0,0,0,0,0,0,0,0,0,0,0,0,0,0
"3570","Emberiza godlewskii",0,0,0,0,0,0,0,0,0,0,0,0,0,0
"3571","Emberiza goslingi",0,0,0,0,0,0,0,0,0,0,0,0,0,0
"3572","Emberiza hortulana",0,0,0,0,0,0,0,0,0,0,0,0,0,0
"3573","Emberiza impetuani",0,0,0,0,0,0,0,0,0,0,0,0,0,0
"3574","Emberiza jankowskii",4,7,0,0,0,0,0,5,3,6,0,0,0,0
"3575","Emberiza koslowi",0,0,0,0,0,0,0,0,0,0,0,0,0,0
"3576","Emberiza lathami",0,0,0,0,0,0,0,0,0,0,0,0,0,0
"3577","Emberiza leucocephalos",0,0,0,0,0,0,0,0,0,0,0,0,0,0
"3578","Emberiza melanocephala",0,0,0,0,0,0,0,0,0,0,0,0,0,0
"3579","Emberiza pallasi",0,0,0,0,0,0,0,0,0,0,0,0,0,0
"3580","Emberiza personata",0,0,0,0,0,0,0,0,0,0,0,0,0,0
"3581","Emberiza poliopleura",0,0,0,0,0,0,0,0,0,0,0,0,0,0
"3582","Emberiza pusilla",0,0,0,0,0,0,0,0,0,0,0,0,6,0
"3583","Emberiza rustica",0,6,0,0,7,5,0,0,5,0,0,0,0,0
"3584","Emberiza rutila",0,0,0,0,0,0,0,0,0,0,0,0,0,0
"3585","Emberiza sahari",0,0,0,0,0,0,0,0,0,0,0,0,0,0
"3586","Emberiza schoeniclus",0,0,0,0,0,0,0,0,0,0,0,0,0,0
"3587","Emberiza siemsseni",0,0,0,0,0,0,0,0,0,0,0,0,0,0
"3588","Emberiza socotrana",0,8,0,3,0,8,0,0,0,8,0,0,6,0
"3589","Emberiza spodocephala",0,0,0,0,0,0,0,0,0,0,0,0,0,0
"3590","Emberiza stewarti",0,0,0,0,0,0,0,0,0,0,0,0,0,0
"3591","Emberiza striolata",0,0,0,0,0,0,0,0,0,0,0,0,0,0
"3592","Emberiza sulphurata",0,4,0,0,4,0,0,0,0,0,6,0,0,0
"3593","Emberiza tahapisi",0,0,0,0,0,0,0,0,0,0,0,0,0,0
"3594","Emberiza tristrami",0,0,0,0,0,0,0,0,0,0,0,0,0,0
"3595","Emberiza variabilis",0,0,0,0,0,0,0,0,0,0,0,0,0,0
"3596","Emberiza yessoensis",0,5,0,0,0,0,0,0,5,0,0,0,5,0
"3597","Emberizoides duidae",0,0,0,0,0,0,0,0,6,0,0,0,6,0
"3598","Emberizoides herbicola",0,0,0,0,0,0,0,0,0,0,0,0,0,0
"3599","Emberizoides ypiranganus",0,0,0,0,0,0,0,0,0,0,0,0,0,0
"3600","Embernagra longicauda",0,6,5,0,0,0,0,0,4,0,0,0,5,0
"3601","Embernagra platensis",0,0,0,0,0,0,0,0,0,0,0,0,0,0
"3602","Emblema pictum",0,0,0,0,0,0,0,0,0,0,0,0,0,0
"3603","Eminia lepida",0,0,0,0,0,0,0,0,0,0,0,0,0,0
"3604","Empidonax affinis",0,0,0,0,0,0,0,0,0,0,0,0,0,0
"3605","Empidonax albigularis",0,0,0,0,0,0,0,0,0,0,0,0,0,0
"3606","Empidonax alnorum",0,0,0,0,0,0,0,0,0,0,0,0,0,0
"3607","Empidonax atriceps",0,0,0,0,0,0,0,0,0,0,0,0,0,0
"3608","Empidonax difficilis",0,0,0,0,0,0,0,0,0,0,0,0,0,0
"3609","Empidonax flavescens",0,0,0,0,0,0,0,0,0,0,0,0,0,0
"3610","Empidonax flaviventris",0,0,0,0,0,0,0,0,0,0,0,0,0,0
"3611","Empidonax fulvifrons",0,0,0,0,0,0,0,0,0,0,0,0,0,0
"3612","Empidonax hammondii",0,0,0,0,0,0,0,0,0,0,0,0,0,0
"3613","Empidonax minimus",0,0,0,0,0,0,0,0,0,0,0,0,0,0
"3614","Empidonax oberholseri",0,0,0,0,0,0,0,0,0,0,0,0,0,0
"3615","Empidonax occidentalis",0,0,0,0,0,0,0,0,0,0,0,0,0,0
"3616","Empidonax traillii",0,0,0,0,0,0,0,0,0,0,0,0,0,0
"3617","Empidonax virescens",0,0,0,0,0,0,0,0,0,0,0,0,0,0
"3618","Empidonax wrightii",0,0,0,0,0,0,0,0,0,0,0,0,0,0
"3619","Empidonomus varius",0,0,0,0,0,0,0,0,0,0,0,0,0,0
"3620","Empidornis semipartitus",0,0,0,0,0,0,0,0,0,0,0,0,0,0
"3621","Enicognathus ferrugineus",0,0,0,0,0,0,0,0,0,0,0,0,0,0
"3622","Enicognathus leptorhynchus",0,0,0,0,0,0,0,0,0,0,0,0,0,0
"3623","Enicurus immaculatus",0,0,0,0,0,0,0,0,0,0,0,0,0,0
"3624","Enicurus leschenaulti",0,0,0,0,0,0,0,0,0,0,0,0,0,0
"3625","Enicurus maculatus",0,0,0,0,0,0,0,0,0,0,0,0,0,0
"3626","Enicurus ruficapillus",0,5,0,0,0,6,0,0,5,0,0,0,0,0
"3627","Enicurus schistaceus",0,0,0,0,0,0,0,0,0,0,0,0,0,0
"3628","Enicurus scouleri",0,0,0,0,0,0,0,0,0,0,0,0,0,0
"3629","Enicurus velatus",0,0,0,0,0,0,0,0,0,0,0,0,0,0
"3630","Enodes erythrophris",0,0,0,0,0,0,0,0,0,0,0,0,0,0
"3631","Ensifera ensifera",0,0,0,0,0,0,0,0,0,0,0,0,0,0
"3632","Entomodestes coracinus",0,0,0,0,0,0,0,0,0,0,0,0,0,0
"3633","Entomodestes leucotis",0,0,0,0,0,0,0,0,0,0,0,0,0,0
"3634","Entomyzon albipennis",0,0,0,0,0,0,0,0,0,0,0,0,0,0
"3635","Entomyzon cyanotis",0,0,0,0,0,0,0,0,0,0,0,0,0,0
"3636","Eolophus roseicapilla",0,0,0,0,0,0,0,0,0,0,0,0,0,0
"3637","Eophona migratoria",0,0,0,0,0,0,0,0,0,0,0,0,0,0
"3638","Eophona personata",0,0,0,0,0,0,0,0,0,0,0,0,0,0
"3639","Eopsaltria australis",0,0,0,0,0,0,0,0,0,0,0,0,6,0
"3640","Eopsaltria griseogularis",0,0,0,0,0,0,0,0,0,0,0,0,6,0
"3641","Eos bornea",0,0,0,0,0,0,0,0,0,0,0,0,0,0
"3642","Eos cyanogenia",2,5,0,0,6,5,0,0,0,0,0,0,0,0
"3643","Eos histrio",0,5,0,0,7,5,0,0,0,5,4,0,0,0
"3644","Eos reticulata",0,0,0,0,5,6,0,0,0,0,0,0,0,0
"3645","Eos semilarvata",0,0,0,0,6,0,0,0,0,0,0,0,0,0
"3646","Eos squamata",0,0,0,0,0,0,0,0,0,0,0,0,0,0
"3647","Ephippiorhynchus asiaticus",0,7,0,4,7,4,5,6,5,0,5,0,6,0
"3648","Ephippiorhynchus senegalensis",0,0,0,0,0,0,0,0,0,0,0,0,0,0
"3649","Ephippiospingus dorsalis",0,0,0,0,0,0,0,0,0,0,0,0,0,0
"3650","Ephippiospingus erythronotus",0,0,0,0,0,0,0,0,0,0,0,0,0,0
"3651","Epimachus fastosus",0,4,0,0,5,4,0,0,0,0,0,0,0,0
"3652","Epimachus meyeri",0,0,0,0,0,0,0,0,0,0,0,0,0,0
"3653","Epinecrophylla amazonica",0,0,0,0,0,0,0,0,0,0,0,0,0,0
"3654","Epinecrophylla erythrura",0,0,0,0,0,0,0,0,0,0,0,0,0,0
"3655","Epinecrophylla fulviventris",0,0,0,0,0,0,0,0,0,0,0,0,0,0
"3656","Epinecrophylla gutturalis",0,6,4,0,0,5,0,0,0,0,0,0,0,0
"3657","Epinecrophylla haematonota",0,0,0,0,0,0,0,0,0,0,0,0,0,0
"3658","Epinecrophylla hoffmannsi",0,0,0,0,0,0,0,0,0,0,0,0,0,0
"3659","Epinecrophylla leucophthalma",0,0,0,0,0,0,0,0,0,0,0,0,0,0
"3660","Epinecrophylla ornata",0,0,0,0,0,0,0,0,0,0,0,0,0,0
"3661","Epinecrophylla spodionota",0,0,0,0,0,0,0,0,0,0,0,0,0,0
"3662","Epthianura albifrons",0,0,0,0,0,0,0,0,0,0,0,0,0,0
"3663","Epthianura aurifrons",0,0,0,0,0,0,0,0,0,0,0,0,0,0
"3664","Epthianura crocea",0,0,0,0,0,0,0,0,0,0,0,0,4,0
"3665","Epthianura tricolor",0,0,0,0,0,0,0,0,0,0,0,0,0,0
"3666","Eremalauda dunni",0,0,0,0,0,0,0,0,0,0,0,0,0,0
"3667","Eremalauda eremodites",0,0,0,0,0,0,0,0,0,0,0,0,0,0
"3668","Eremomela atricollis",0,0,0,0,0,0,0,0,0,0,0,0,0,0
"3669","Eremomela badiceps",0,0,0,0,0,0,0,0,0,0,0,0,0,0
"3670","Eremomela canescens",0,0,0,0,0,0,0,0,0,0,0,0,0,0
"3671","Eremomela flavicrissalis",0,0,0,0,0,0,0,0,0,0,0,0,0,0
"3672","Eremomela gregalis",0,0,0,0,0,0,0,0,0,0,0,0,6,0
"3673","Eremomela icteropygialis",0,0,0,0,0,0,0,0,0,0,0,0,0,0
"3674","Eremomela pusilla",0,0,0,0,0,0,0,0,0,0,0,0,0,0
"3675","Eremomela scotops",0,0,0,0,0,0,0,0,0,0,0,0,0,0
"3676","Eremomela turneri",0,5,0,0,0,5,0,0,0,0,0,0,0,0
"3677","Eremomela usticollis",0,0,0,0,0,0,0,0,0,0,0,0,0,0
"3678","Eremophila alpestris",0,5,0,0,0,0,0,0,0,5,5,0,0,0
"3679","Eremophila bilopha",0,0,0,0,0,0,0,0,0,0,0,0,0,0
"3680","Eremopterix australis",0,0,0,0,0,0,0,0,0,0,0,0,6,0
"3681","Eremopterix griseus",0,0,0,0,0,0,0,0,0,0,0,0,0,0
"3682","Eremopterix hova",0,0,0,0,0,0,0,0,0,0,0,0,0,0
"3683","Eremopterix leucopareia",0,0,0,0,0,0,0,0,0,0,0,0,0,0
"3684","Eremopterix leucotis",0,0,0,0,0,0,0,0,0,0,0,0,0,0
"3685","Eremopterix nigriceps",0,0,0,0,0,0,0,0,0,0,0,0,0,0
"3686","Eremopterix signatus",0,0,0,0,0,0,0,0,0,0,0,0,0,0
"3687","Eremopterix verticalis",0,0,0,0,0,0,0,0,0,0,0,0,0,0
"3688","Eriocnemis aline",0,0,0,0,0,0,0,0,0,0,0,0,0,0
"3689","Eriocnemis cupreoventris",0,4,0,0,0,0,0,0,0,0,0,0,0,0
"3690","Eriocnemis derbyi",0,0,0,0,0,0,0,0,0,0,0,0,0,0
"3691","Eriocnemis glaucopoides",0,0,0,0,0,0,0,0,0,0,0,0,0,0
"3692","Eriocnemis godini",0,7,0,0,0,0,0,0,0,0,0,0,0,0
"3693","Eriocnemis isabellae",0,6,0,5,0,0,0,0,0,0,0,0,0,0
"3694","Eriocnemis luciani",0,0,0,0,0,0,0,0,0,0,0,0,0,0
"3695","Eriocnemis mirabilis",0,5,0,0,0,7,0,0,5,0,0,0,0,0
"3696","Eriocnemis mosquera",0,0,0,0,0,0,0,0,0,0,0,0,0,0
"3697","Eriocnemis nigrivestis",2,5,3,0,0,6,0,0,0,0,0,4,6,0
"3698","Eriocnemis sapphiropygia",0,0,0,0,0,0,0,0,0,0,0,0,0,0
"3699","Eriocnemis vestita",0,0,0,0,0,0,0,0,0,0,0,0,0,0
"3700","Erithacus rubecula",0,0,0,0,0,0,0,0,0,0,0,0,0,0
"3701","Erpornis zantholeuca",0,0,0,0,0,0,0,0,0,0,0,0,0,0
"3702","Erythrocercus holochlorus",0,0,0,0,0,0,0,0,0,0,0,0,0,0
"3703","Erythrocercus livingstonei",0,0,0,0,0,0,0,0,0,0,0,0,0,0
"3704","Erythrocercus mccallii",0,0,0,0,0,0,0,0,0,0,0,0,0,0
"3705","Erythrogenys erythrocnemis",0,0,0,0,0,0,0,0,0,0,0,0,0,0
"3706","Erythrogenys erythrogenys",0,0,0,0,0,0,0,0,0,0,0,0,0,0
"3707","Erythrogenys gravivox",0,0,0,0,0,0,0,0,0,0,0,0,0,0
"3708","Erythrogenys hypoleucos",0,0,0,0,0,0,0,0,0,0,0,0,0,0
"3709","Erythrogenys mcclellandi",0,0,0,0,0,0,0,0,0,0,0,0,0,0
"3710","Erythrogenys swinhoei",0,0,0,0,0,0,0,0,0,0,0,0,0,0
"3711","Erythrogonys cinctus",0,0,0,0,0,0,0,0,0,0,0,0,0,0
"3712","Erythromachus leguati",0,0,0,0,5,0,0,0,0,0,0,0,0,0
"3713","Erythropitta arquata",0,0,0,0,0,0,0,0,0,0,0,0,0,0
"3714","Erythropitta caeruleitorques",0,0,0,0,0,0,0,0,0,0,0,0,0,0
"3715","Erythropitta celebensis",0,0,0,0,0,0,0,0,0,0,0,0,0,0
"3716","Erythropitta dohertyi",0,5,0,0,0,5,0,0,0,0,0,0,0,0
"3717","Erythropitta erythrogaster",0,0,0,0,0,0,0,0,0,0,0,0,0,0
"3718","Erythropitta gazellae",0,0,0,0,0,0,0,0,0,0,0,0,0,0
"3719","Erythropitta granatina",0,6,0,0,0,6,0,0,1,0,0,0,0,0
"3720","Erythropitta inspeculata",0,5,0,0,0,5,0,0,0,0,0,0,0,0
"3721","Erythropitta kochi",0,4,0,0,0,4,0,0,0,0,0,0,0,0
"3722","Erythropitta macklotii",0,0,0,0,0,0,0,0,0,0,0,0,0,0
"3723","Erythropitta meeki",0,5,0,0,0,0,0,0,0,0,0,0,0,0
"3724","Erythropitta novaehibernicae",0,0,0,0,0,0,0,0,0,0,0,0,0,0
"3725","Erythropitta palliceps",0,6,0,0,0,0,0,0,0,0,0,0,0,0
"3726","Erythropitta rubrinucha",0,0,0,0,0,0,0,0,0,0,0,0,0,0
"3727","Erythropitta rufiventris",0,0,0,0,0,0,0,0,0,0,0,0,0,0
"3728","Erythropitta splendida",0,0,6,0,0,6,0,0,0,0,0,0,0,0
"3729","Erythropitta ussheri",0,6,0,0,0,6,0,0,4,0,0,0,0,0
"3730","Erythropitta venusta",0,5,0,0,0,5,0,0,0,0,0,0,0,0
"3731","Erythrotriorchis buergersi",0,0,0,0,0,6,0,0,0,0,0,0,0,0
"3732","Erythrotriorchis radiatus",0,5,0,0,5,0,0,0,4,0,6,0,0,0
"3733","Erythrura coloria",0,5,0,0,5,4,0,0,0,0,0,0,6,0
"3734","Erythrura cyaneovirens",5,0,0,0,0,0,5,0,0,0,0,0,6,0
"3735","Erythrura hyperythra",0,0,0,0,0,0,0,0,0,0,0,0,0,0
"3736","Erythrura kleinschmidti",6,6,0,0,0,6,0,0,0,7,0,0,0,0
"3737","Erythrura papuana",0,0,0,0,0,0,0,0,0,0,0,0,0,0
"3738","Erythrura pealii",0,0,0,0,0,0,0,0,0,0,0,0,0,0
"3739","Erythrura prasina",0,0,0,0,0,0,0,0,0,0,0,0,0,0
"3740","Erythrura psittacea",0,0,0,0,0,0,0,0,0,0,0,0,0,0
"3741","Erythrura trichroa",0,0,0,0,0,0,0,0,0,0,0,0,6,0
"3742","Erythrura tricolor",0,0,0,0,0,0,0,0,0,0,0,0,0,0
"3743","Erythrura viridifacies",0,7,0,0,3,6,0,0,0,0,0,0,0,0
"3744","Esacus magnirostris",0,0,0,0,0,0,0,5,0,4,0,0,5,0
"3745","Esacus recurvirostris",0,0,0,0,4,0,0,6,6,0,0,0,0,0
"3746","Estrilda astrild",0,0,0,0,0,0,0,0,0,0,0,0,0,0
"3747","Estrilda atricapilla",0,0,0,0,0,0,0,0,0,0,0,0,0,0
"3748","Estrilda kandti",0,0,0,0,0,0,0,0,0,0,0,0,0,0
"3749","Estrilda melpoda",0,0,0,0,0,0,0,0,0,0,0,0,0,0
"3750","Estrilda nigriloris",0,0,0,0,0,0,0,0,0,0,0,0,0,0
"3751","Estrilda nonnula",0,0,0,0,0,0,0,0,0,0,0,0,0,0
"3752","Estrilda paludicola",0,0,0,0,0,0,0,0,0,0,0,0,0,0
"3753","Estrilda poliopareia",0,0,0,0,0,0,0,0,4,0,0,0,0,0
"3754","Estrilda rhodopyga",0,0,0,0,0,0,0,0,0,0,0,0,0,0
"3755","Estrilda rufibarba",0,7,0,0,0,0,0,0,0,0,0,0,0,0
"3756","Estrilda troglodytes",0,0,0,0,0,0,0,0,0,0,0,0,0,0
"3757","Eubucco aurantiicollis",0,0,0,0,0,0,0,0,0,0,0,0,0,0
"3758","Eubucco bourcierii",0,0,0,0,0,0,0,0,0,0,0,0,0,0
"3759","Eubucco glaucogularis",0,6,0,0,0,0,0,0,0,0,0,0,0,0
"3760","Eubucco richardsoni",0,0,0,0,0,0,0,0,0,0,0,0,0,0
"3761","Eubucco steerii",0,5,0,0,0,0,0,0,0,0,0,0,0,0
"3762","Eubucco tucinkae",0,0,0,0,0,0,0,0,0,0,0,0,0,0
"3763","Eubucco versicolor",0,6,0,0,0,0,0,0,0,0,0,0,0,0
"3764","Euchrepomis callinota",0,0,0,0,0,0,0,0,0,0,0,0,0,0
"3765","Euchrepomis humeralis",0,0,0,0,0,0,0,0,0,0,0,0,0,0
"3766","Euchrepomis sharpei",0,5,0,0,0,0,0,0,0,0,0,0,0,0
"3767","Euchrepomis spodioptila",0,0,0,0,0,0,0,0,0,0,0,0,0,0
"3768","Eucometis penicillata",0,0,0,0,0,0,0,0,0,0,0,0,0,0
"3769","Eudocimus albus",0,0,0,0,0,0,0,0,0,0,0,0,0,0
"3770","Eudocimus ruber",0,0,0,0,0,0,0,0,0,0,0,0,0,0
"3771","Eudromia elegans",0,0,0,0,0,0,0,0,0,0,0,0,0,0
"3772","Eudromia formosa",0,0,0,0,0,0,0,0,0,0,0,0,0,0
"3773","Eudromias morinellus",0,0,0,0,0,0,0,0,0,0,0,0,6,0
"3774","Eudynamys orientalis",0,0,0,0,0,0,0,0,0,0,0,0,0,0
"3775","Eudynamys scolopaceus",0,0,0,0,0,0,0,0,0,0,0,0,0,0
"3776","Eudyptes chrysocome",0,0,0,0,5,0,0,4,6,7,6,0,7,0
"3777","Eudyptes chrysolophus",0,0,0,0,0,0,6,0,0,6,0,0,7,0
"3778","Eudyptes moseleyi",0,0,0,0,6,0,6,0,0,6,6,0,5,0
"3779","Eudyptes pachyrhynchus",0,0,0,4,0,0,7,4,0,6,5,0,7,0
"3780","Eudyptes robustus",0,0,0,0,0,0,6,0,0,6,5,0,7,0
"3781","Eudyptes schlegeli",0,0,0,0,3,0,0,4,0,1,0,5,5,0
"3782","Eudyptes sclateri",0,0,0,0,0,0,8,0,0,0,0,0,8,0
"3783","Eudyptula minor",5,4,4,4,0,0,7,4,6,4,5,0,6,0
"3784","Eugenes fulgens",0,0,0,0,0,0,0,0,0,0,0,0,0,0
"3785","Eugenes spectabilis",0,0,0,0,0,0,0,0,0,0,0,0,0,0
"3786","Eugerygone rubra",0,0,0,0,0,0,0,0,0,0,0,0,0,0
"3787","Eugralla paradoxa",0,0,0,0,0,0,0,0,0,0,0,0,0,0
"3788","Eulabeornis castaneoventris",0,0,0,0,0,0,0,0,0,0,0,0,6,0
"3789","Eulacestoma nigropectus",0,0,0,0,0,0,0,0,0,0,0,0,0,0
"3790","Eulampis holosericeus",0,0,0,0,0,0,0,0,0,0,0,0,0,0
"3791","Eulampis jugularis",0,0,0,0,0,5,0,0,0,0,0,0,7,0
"3792","Eulidia yarrellii",0,7,0,0,0,0,0,0,0,7,7,0,0,0
"3793","Eulipoa wallacei",0,5,5,4,7,5,0,0,0,5,0,0,0,0
"3794","Eumomota superciliosa",0,0,0,0,0,0,0,0,0,0,0,0,0,0
"3795","Eumyias additus",0,4,0,0,0,4,0,0,0,0,0,0,0,0
"3796","Eumyias albicaudatus",5,6,0,5,0,6,0,0,0,0,0,0,0,0
"3797","Eumyias hoevelli",0,0,0,0,0,0,0,0,0,0,0,0,6,0
"3798","Eumyias hyacinthinus",0,0,0,0,0,0,0,0,0,0,0,0,0,0
"3799","Eumyias indigo",0,5,0,0,7,5,0,0,0,0,0,0,0,0
"3800","Eumyias oscillans",0,0,0,0,0,0,0,0,0,0,0,0,0,0
"3801","Eumyias panayensis",0,0,0,0,0,0,0,0,0,0,0,0,0,0
"3802","Eumyias sanfordi",0,4,0,0,0,4,0,0,0,0,0,0,6,0
"3803","Eumyias sordidus",5,5,0,0,0,5,0,0,5,0,0,0,0,0
"3804","Eumyias stresemanni",0,0,0,0,0,0,0,0,0,0,0,0,0,0
"3805","Eumyias thalassinus",0,0,0,0,0,0,0,0,0,0,0,0,0,0
"3806","Euneornis campestris",0,0,0,0,0,0,0,0,0,0,0,0,0,0
"3807","Eunymphicus cornutus",0,0,5,0,0,5,0,0,0,7,0,0,0,0
"3808","Eunymphicus uvaeensis",0,7,0,0,4,4,0,0,0,6,0,0,6,0
"3809","Euodice cantans",0,0,0,0,0,0,0,0,0,0,0,0,0,0
"3810","Euodice malabarica",0,0,0,0,0,0,0,0,0,0,0,0,0,0
"3811","Eupetes macrocerus",0,6,0,0,0,6,0,0,3,0,0,0,0,0
"3812","Eupetomena cirrochloris",0,0,0,0,0,0,0,0,0,0,0,0,0,0
"3813","Eupetomena macroura",0,0,0,0,0,0,0,0,0,0,0,0,0,0
"3814","Euphagus carolinus",4,0,0,4,6,5,0,0,6,0,7,0,6,0
"3815","Euphagus cyanocephalus",0,0,0,0,0,0,0,0,0,0,0,0,0,0
"3816","Eupherusa cyanophrys",0,7,0,0,0,0,0,0,0,0,0,0,6,0
"3817","Eupherusa eximia",0,0,0,0,0,0,0,0,0,0,0,0,0,0
"3818","Eupherusa nigriventris",0,0,0,0,0,0,0,0,0,0,0,0,0,0
"3819","Eupherusa poliocerca",0,6,0,0,0,6,0,0,0,4,0,0,0,0
"3820","Eupherusa ridgwayi",0,6,0,0,0,0,0,0,0,0,0,0,0,0
"3821","Euphonia affinis",0,0,0,0,0,0,0,0,0,0,0,0,0,0
"3822","Euphonia anneae",0,0,0,0,0,0,0,0,0,0,0,0,0,0
"3823","Euphonia cayennensis",0,0,0,0,0,0,0,0,0,0,0,0,0,0
"3824","Euphonia chalybea",6,6,5,5,0,5,0,0,0,0,0,0,0,0
"3825","Euphonia chlorotica",0,0,0,0,0,0,0,0,0,0,0,0,0,0
"3826","Euphonia chrysopasta",0,0,0,0,0,0,0,0,0,0,0,0,0,0
"3827","Euphonia concinna",0,0,0,0,0,0,0,0,0,0,0,0,0,0
"3828","Euphonia cyanocephala",0,0,0,0,0,0,0,0,0,0,0,0,0,0
"3829","Euphonia elegantissima",0,0,0,0,0,0,0,0,0,0,0,0,0,0
"3830","Euphonia finschi",0,0,0,0,0,0,0,0,0,0,0,0,0,0
"3831","Euphonia flavifrons",0,0,0,0,0,0,0,0,0,0,0,0,0,0
"3832","Euphonia fulvicrissa",0,0,0,0,0,0,0,0,0,0,0,0,0,0
"3833","Euphonia gouldi",0,0,0,0,0,0,0,0,0,0,0,0,0,0
"3834","Euphonia hirundinacea",0,0,0,0,0,0,0,0,0,0,0,0,0,0
"3835","Euphonia imitans",0,0,0,0,0,0,0,0,0,0,0,0,0,0
"3836","Euphonia jamaica",0,0,0,0,0,0,0,0,0,0,0,0,0,0
"3837","Euphonia laniirostris",0,0,0,0,0,0,0,0,0,0,0,0,0,0
"3838","Euphonia luteicapilla",0,0,0,0,0,0,0,0,0,0,0,0,0,0
"3839","Euphonia mesochrysa",0,0,0,0,0,0,0,0,0,0,0,0,0,0
"3840","Euphonia minuta",0,0,0,0,0,0,0,0,0,0,0,0,0,0
"3841","Euphonia musica",0,0,0,0,0,0,0,0,0,0,0,0,0,0
"3842","Euphonia pectoralis",0,0,0,0,0,0,0,0,0,0,0,0,0,0
"3843","Euphonia plumbea",0,0,0,0,0,0,0,0,0,0,0,0,0,0
"3844","Euphonia rufiventris",0,0,0,0,0,0,0,0,0,0,0,0,0,0
"3845","Euphonia saturata",0,0,0,0,0,0,0,0,0,0,0,0,0,0
"3846","Euphonia sclateri",0,0,0,0,0,0,0,0,0,0,0,0,0,0
"3847","Euphonia trinitatis",0,0,0,0,0,0,0,0,0,0,0,0,0,0
"3848","Euphonia violacea",0,0,0,0,0,0,0,0,0,0,0,0,0,0
"3849","Euphonia xanthogaster",0,0,0,0,0,0,0,0,0,0,0,0,0,0
"3850","Euplectes afer",0,0,0,0,0,0,0,0,0,0,0,0,0,0
"3851","Euplectes albonotatus",0,0,0,0,0,0,0,0,0,0,0,0,0,0
"3852","Euplectes ardens",0,0,0,0,0,0,0,0,0,0,0,0,0,0
"3853","Euplectes aureus",0,0,0,0,0,0,0,0,0,0,0,0,0,0
"3854","Euplectes axillaris",0,0,0,0,0,0,0,0,0,0,0,0,0,0
"3855","Euplectes capensis",0,0,0,0,0,0,0,0,0,0,0,0,0,0
"3856","Euplectes diadematus",0,0,0,0,0,0,0,0,0,0,0,0,0,0
"3857","Euplectes franciscanus",0,0,0,0,0,0,0,0,0,0,0,0,0,0
"3858","Euplectes gierowii",0,0,0,0,0,0,0,0,0,0,0,0,0,0
"3859","Euplectes hartlaubi",0,0,0,0,0,0,0,0,0,0,0,0,0,0
"3860","Euplectes hordeaceus",0,0,0,0,0,0,0,0,0,0,0,0,0,0
"3861","Euplectes jacksoni",0,6,0,0,0,0,0,0,6,0,0,0,0,0
"3862","Euplectes laticauda",0,0,0,0,0,0,0,0,0,0,0,0,0,0
"3863","Euplectes macroura",0,0,0,0,0,0,0,0,0,0,0,0,0,0
"3864","Euplectes nigroventris",0,0,0,0,0,0,0,0,0,0,0,0,0,0
"3865","Euplectes orix",0,0,0,0,0,0,0,0,0,0,0,0,0,0
"3866","Euplectes progne",0,0,0,0,0,0,0,0,0,0,0,0,0,0
"3867","Euplectes psammacromius",0,0,0,0,0,0,0,0,0,0,0,0,0,0
"3868","Eupodotis caerulescens",5,6,0,0,0,0,0,0,4,0,0,0,6,0
"3869","Eupodotis senegalensis",0,0,0,0,0,0,0,0,0,0,0,0,0,0
"3870","Eupsittula astec",0,0,0,0,0,0,0,0,0,0,0,0,0,0
"3871","Eupsittula aurea",0,0,0,0,0,0,0,0,0,0,0,0,0,0
"3872","Eupsittula cactorum",0,0,0,0,0,0,0,0,0,0,0,0,0,0
"3873","Eupsittula canicularis",0,5,0,0,6,5,0,0,0,0,0,0,0,0
"3874","Eupsittula nana",4,0,0,0,5,0,0,0,0,4,0,0,5,0
"3875","Eupsittula pertinax",0,0,0,0,0,0,0,0,0,0,0,0,0,0
"3876","Euptilotis neoxenus",0,0,0,0,0,4,0,0,0,4,0,0,0,0
"3877","Euptilotus eutilotus",0,6,0,0,0,6,0,0,5,0,0,0,0,0
"3878","Eurillas ansorgei",0,0,0,0,0,0,0,0,0,0,0,0,0,0
"3879","Eurillas curvirostris",0,0,0,0,0,0,0,0,0,0,0,0,0,0
"3880","Eurillas gracilis",0,0,0,0,0,0,0,0,0,0,0,0,0,0
"3881","Eurillas latirostris",0,0,0,0,0,0,0,0,0,0,0,0,0,0
"3882","Eurillas virens",0,0,0,0,0,0,0,0,0,0,0,0,0,0
"3883","Eurocephalus anguitimens",0,0,0,0,0,0,0,0,0,0,0,0,0,0
"3884","Eurocephalus ruppelli",0,0,0,0,0,0,0,0,0,0,0,0,0,0
"3885","Eurochelidon sirintarae",0,7,0,0,5,0,0,7,6,0,0,0,0,0
"3886","Eurostopodus archboldi",0,0,0,0,0,0,0,0,0,0,0,0,0,0
"3887","Eurostopodus argus",0,0,0,0,0,0,0,0,0,0,0,0,0,0
"3888","Eurostopodus diabolicus",0,4,0,0,0,0,0,0,0,0,0,0,0,0
"3889","Eurostopodus exul",0,0,7,0,0,7,0,0,0,7,0,0,0,0
"3890","Eurostopodus mystacalis",0,0,0,0,0,0,0,0,0,0,0,0,0,0
"3891","Eurostopodus nigripennis",0,0,0,0,4,5,0,5,0,5,0,0,0,0
"3892","Eurostopodus papuensis",0,0,0,0,0,0,0,0,0,0,0,0,0,0
"3893","Euryceros prevostii",0,6,0,0,0,5,0,0,0,0,0,0,6,0
"3894","Eurylaimus harterti",0,0,0,0,0,0,0,0,0,0,0,0,0,0
"3895","Eurylaimus javanicus",0,0,0,0,4,5,0,0,0,0,0,0,0,0
"3896","Eurylaimus ochromalus",0,5,0,0,0,6,0,0,5,0,0,0,0,0
"3897","Euryptila subcinnamomea",0,0,0,0,0,0,0,0,0,0,0,0,6,0
"3898","Eurypyga helias",0,0,0,0,0,0,0,0,0,0,0,0,0,0
"3899","Eurystomus azureus",5,6,5,0,0,6,0,0,7,0,0,0,0,0
"3900","Eurystomus glaucurus",0,0,0,0,0,0,0,0,0,0,0,0,0,0
"3901","Eurystomus gularis",0,0,0,0,0,0,0,0,0,0,0,0,0,0
"3902","Eurystomus orientalis",0,0,0,0,0,0,0,0,0,0,0,0,0,0
"3903","Euscarthmus fulviceps",0,0,0,0,0,0,0,0,0,0,0,0,0,0
"3904","Euscarthmus meloryphus",0,0,0,0,0,0,0,0,0,0,0,0,0,0
"3905","Euscarthmus rufomarginatus",0,6,0,0,0,0,0,0,0,0,0,0,0,0
"3906","Euschistospiza cinereovinacea",0,0,0,0,0,0,0,0,0,0,0,0,0,0
"3907","Euschistospiza dybowskii",0,0,0,0,0,0,0,0,0,0,0,0,0,0
"3908","Eutoxeres aquila",0,0,0,0,0,0,0,0,0,0,0,0,0,0
"3909","Eutoxeres condamini",0,0,0,0,0,0,0,0,0,0,0,0,0,0
"3910","Eutrichomyias rowleyi",0,7,0,0,0,5,0,0,0,0,0,0,6,0
"3911","Eutriorchis astur",0,7,5,0,7,5,0,6,6,0,0,0,8,0
"3912","Falcipennis falcipennis",0,0,0,0,6,6,0,0,6,0,0,0,0,0
"3913","Falco alopex",0,4,0,0,0,0,0,0,0,0,4,0,0,0
"3914","Falco amurensis",0,5,4,0,5,5,0,0,4,0,0,0,0,0
"3915","Falco araeus",5,3,0,0,4,3,0,0,2,6,4,0,0,0
"3916","Falco ardosiaceus",0,0,0,0,0,0,0,0,0,0,0,0,0,0
"3917","Falco berigora",0,0,0,0,0,0,0,0,0,0,0,0,0,0
"3918","Falco biarmicus",5,6,5,5,6,5,0,5,5,5,7,0,0,0
"3919","Falco cenchroides",0,0,0,0,0,0,0,0,0,0,0,0,0,0
"3920","Falco cherrug",6,7,0,7,7,0,0,0,5,0,6,0,0,4
"3921","Falco chicquera",7,0,0,0,7,0,0,0,0,0,6,0,0,0
"3922","Falco columbarius",0,5,4,5,4,4,0,4,0,4,6,0,0,0
"3923","Falco concolor",0,6,0,0,6,0,0,6,0,0,6,0,0,0
"3924","Falco cuvierii",0,4,0,0,4,5,0,0,0,0,4,0,0,0
"3925","Falco deiroleucus",0,6,0,0,4,6,0,4,5,6,0,0,0,0
"3926","Falco dickinsoni",0,0,0,0,0,0,0,0,0,0,0,0,0,0
"3927","Falco duboisi",0,0,0,0,5,0,0,0,0,5,0,0,0,0
"3928","Falco eleonorae",0,5,4,0,4,7,0,5,4,5,3,0,4,0
"3929","Falco fasciinucha",0,0,0,0,0,0,0,5,3,5,5,0,0,0
"3930","Falco femoralis",0,0,0,0,0,0,0,0,0,0,0,0,0,0
"3931","Falco hypoleucos",0,3,0,0,7,0,0,0,0,7,2,0,6,0
"3932","Falco jugger",0,5,0,0,5,0,0,0,0,0,6,0,0,0
"3933","Falco longipennis",0,0,0,0,0,0,0,0,0,0,0,0,0,0
"3934","Falco mexicanus",0,0,0,0,0,0,0,0,0,0,0,0,0,0
"3935","Falco moluccensis",0,0,0,0,0,0,0,0,0,0,0,0,0,0
"3936","Falco naumanni",4,5,4,6,4,0,0,0,4,0,5,0,7,0
"3937","Falco newtoni",0,0,0,0,0,0,0,0,0,0,0,0,0,0
"3938","Falco novaeseelandiae",0,0,0,4,5,0,0,0,0,6,0,0,0,0
"3939","Falco peregrinus",0,4,4,4,6,4,0,4,4,0,5,0,6,0
"3940","Falco punctatus",0,2,0,0,0,2,0,0,0,7,3,0,8,0
"3941","Falco ruficollis",0,0,0,0,0,0,0,0,0,0,0,0,0,0
"3942","Falco rufigularis",0,0,0,0,0,0,0,0,0,0,0,0,0,0
"3943","Falco rupicoloides",0,0,0,0,0,0,0,0,0,0,0,0,0,0
"3944","Falco rusticolus",0,0,4,4,5,0,0,4,0,0,6,0,6,0
"3945","Falco severus",0,5,0,0,0,5,0,0,0,0,0,0,0,0
"3946","Falco sparverius",0,0,0,0,0,0,0,0,0,0,0,0,0,0
"3947","Falco subbuteo",0,4,4,4,5,5,0,4,0,4,4,0,0,0
"3948","Falco subniger",0,0,0,0,0,0,0,0,0,0,0,0,0,0
"3949","Falco tinnunculus",0,6,4,4,5,4,0,0,4,4,6,0,0,0
"3950","Falco vespertinus",5,6,6,0,6,5,0,0,0,0,6,0,0,0
"3951","Falco zoniventris",0,0,0,0,0,0,0,0,0,0,0,0,0,0
"3952","Falculea palliata",0,6,0,0,0,6,0,0,0,0,0,0,0,0
"3953","Falcunculus frontatus",0,0,0,0,0,0,0,0,0,0,0,0,5,0
"3954","Falcunculus leucogaster",0,0,0,0,0,0,0,0,0,0,0,0,5,0
"3955","Falcunculus whitei",0,0,0,0,0,0,0,0,0,0,0,0,5,0
"3956","Ferminia cerverai",0,6,0,0,0,0,0,0,6,7,0,0,0,0
"3957","Ficedula albicilla",0,0,0,0,0,0,0,0,0,0,0,0,0,0
"3958","Ficedula albicollis",0,0,0,0,0,0,0,0,0,0,0,0,0,0
"3959","Ficedula basilanica",6,6,6,0,0,6,0,0,0,0,0,0,0,0
"3960","Ficedula bonthaina",6,6,0,0,0,6,0,0,7,0,0,0,6,0
"3961","Ficedula buruensis",0,0,0,0,0,0,0,0,0,0,0,0,0,0
"3962","Ficedula crypta",0,0,0,0,0,0,0,0,0,0,0,0,0,0
"3963","Ficedula disposita",0,5,0,0,0,6,0,0,0,0,0,0,0,0
"3964","Ficedula dumetoria",0,5,0,0,0,5,0,0,5,0,0,0,0,0
"3965","Ficedula elisae",0,0,0,0,0,0,0,0,0,0,0,0,0,0
"3966","Ficedula erithacus",0,0,0,0,0,0,0,0,0,0,0,0,0,0
"3967","Ficedula harterti",0,0,0,0,0,0,0,0,0,0,0,0,0,0
"3968","Ficedula henrici",0,5,0,0,0,4,0,0,0,5,0,5,0,0
"3969","Ficedula hodgsoni",0,0,0,0,0,0,0,0,0,0,0,0,0,0
"3970","Ficedula hyperythra",0,0,0,0,0,0,0,0,0,0,0,0,0,0
"3971","Ficedula hypoleuca",0,0,0,0,0,0,0,0,0,0,0,0,7,0
"3972","Ficedula luzoniensis",0,0,0,0,0,0,0,0,0,0,0,0,0,0
"3973","Ficedula mugimaki",0,0,0,0,0,0,0,0,0,0,0,0,0,0
"3974","Ficedula narcissina",0,0,0,0,0,0,0,0,0,0,0,0,0,0
"3975","Ficedula nigrorufa",0,6,0,5,0,6,0,0,5,0,0,0,6,0
"3976","Ficedula owstoni",0,0,0,0,0,0,0,0,0,0,0,0,0,0
"3977","Ficedula parva",0,0,0,0,0,0,0,0,0,0,0,0,0,0
"3978","Ficedula platenae",0,0,4,0,0,7,0,0,0,0,0,0,0,0
"3979","Ficedula riedeli",0,5,0,0,0,5,0,0,0,0,0,0,0,0
"3980","Ficedula ruficauda",0,0,0,0,0,0,0,0,0,0,0,0,0,0
"3981","Ficedula rufigula",0,5,0,0,0,5,0,0,5,0,0,0,0,0
"3982","Ficedula sapphira",0,0,0,0,0,0,0,0,0,0,0,0,0,0
"3983","Ficedula semitorquata",5,0,0,0,0,7,0,0,5,0,0,0,0,0
"3984","Ficedula strophiata",0,0,0,0,0,0,0,0,0,0,0,0,0,0
"3985","Ficedula subrubra",0,5,0,0,0,5,0,0,0,0,0,0,0,0
"3986","Ficedula superciliaris",0,0,0,0,0,0,0,0,0,0,0,0,0,0
"3987","Ficedula timorensis",0,6,0,0,0,5,0,0,5,0,0,0,0,0
"3988","Ficedula tricolor",0,0,0,0,0,0,0,0,0,0,0,0,0,0
"3989","Ficedula westermanni",0,0,0,0,0,0,0,0,0,0,0,0,0,0
"3990","Ficedula zanthopygia",0,0,0,0,0,0,0,0,0,0,0,0,0,0
"3991","Florisuga fusca",0,0,0,0,0,0,0,0,0,0,0,0,0,0
"3992","Florisuga mellivora",0,0,0,0,0,0,0,0,0,0,0,0,0,0
"3993","Fluvicola albiventer",0,0,0,0,0,0,0,0,0,0,0,0,0,0
"3994","Fluvicola nengeta",0,0,0,0,0,0,0,0,0,0,0,0,0,0
"3995","Fluvicola pica",0,0,0,0,0,0,0,0,0,0,0,0,0,0
"3996","Formicarius analis",0,0,0,0,0,0,0,0,0,0,0,0,0,0
"3997","Formicarius colma",0,0,0,0,0,0,0,0,0,0,0,0,0,0
"3998","Formicarius moniliger",0,0,0,0,0,0,0,0,0,0,0,0,0,0
"3999","Formicarius nigricapillus",0,0,0,0,0,0,0,0,0,0,0,0,0,0
"4000","Formicarius rufifrons",4,5,5,0,0,5,0,0,0,0,0,0,0,0
"4001","Formicarius rufipectus",0,0,0,0,0,0,0,0,0,0,0,0,0,0
"4002","Formicivora acutirostris",6,6,6,0,0,4,0,5,6,6,3,0,6,0
"4003","Formicivora erythronotos",6,6,0,0,0,0,0,0,0,0,0,0,0,0
"4004","Formicivora grantsaui",0,0,3,0,0,6,0,0,7,0,0,0,0,0
"4005","Formicivora grisea",0,0,0,0,0,0,0,0,0,0,0,0,0,0
"4006","Formicivora iheringi",0,5,5,0,0,4,0,0,0,0,0,0,0,0
"4007","Formicivora intermedia",0,0,0,0,0,0,0,0,0,0,0,0,0,0
"4008","Formicivora melanogaster",0,0,0,0,0,0,0,0,0,0,0,0,0,0
"4009","Formicivora paludicola",6,7,0,0,0,0,0,0,0,6,0,0,0,0
"4010","Formicivora rufa",0,0,0,0,0,0,0,0,0,0,0,0,0,0
"4011","Formicivora serrana",0,0,0,0,0,0,0,0,0,0,0,0,0,0
"4012","Forpus coelestis",0,0,0,0,0,0,0,0,0,0,0,0,0,0
"4013","Forpus conspicillatus",0,0,0,0,0,0,0,0,0,0,0,0,0,0
"4014","Forpus cyanopygius",0,0,0,0,6,0,0,0,0,0,0,0,0,0
"4015","Forpus modestus",0,0,0,0,0,0,0,0,0,0,0,0,0,0
"4016","Forpus passerinus",0,0,0,0,0,0,0,0,0,0,0,0,0,0
"4017","Forpus spengeli",0,0,0,0,0,0,0,0,0,0,0,0,0,0
"4018","Forpus xanthops",0,0,0,0,4,0,0,0,0,0,0,0,0,0
"4019","Forpus xanthopterygius",0,0,0,0,0,0,0,0,0,0,0,0,0,0
"4020","Foudia aldabrana",0,0,0,0,0,0,0,0,0,7,0,0,7,0
"4021","Foudia consobrina",0,0,0,0,0,0,0,0,0,5,0,0,0,0
"4022","Foudia delloni",0,0,0,0,0,0,0,0,0,5,0,0,0,0
"4023","Foudia eminentissima",0,0,0,0,0,5,0,0,0,7,0,0,0,8
"4024","Foudia flavicans",0,2,0,0,0,0,0,0,0,7,0,0,6,0
"4025","Foudia madagascariensis",0,0,0,0,0,0,0,0,0,0,0,0,0,0
"4026","Foudia omissa",0,0,0,0,0,0,0,0,0,0,0,0,0,0
"4027","Foudia rubra",0,2,0,0,0,2,0,0,0,8,0,0,6,0
"4028","Foudia sechellarum",0,0,0,0,2,2,0,0,0,4,0,0,6,0
"4029","Foulehaio carunculatus",0,0,0,0,0,0,0,0,0,0,0,0,0,0
"4030","Foulehaio procerior",0,0,0,0,0,0,0,0,0,0,0,0,0,0
"4031","Foulehaio taviunensis",0,0,0,0,0,0,0,0,0,0,0,0,0,0
"4032","Francolinus francolinus",0,0,0,0,0,0,0,0,0,0,0,0,0,0
"4033","Francolinus pictus",0,0,0,0,0,0,0,0,0,0,0,0,0,0
"4034","Francolinus pintadeanus",0,0,0,0,0,0,0,0,0,0,0,0,0,0
"4035","Fraseria caerulescens",0,0,0,0,0,0,0,0,0,0,0,0,0,0
"4036","Fraseria cinerascens",0,0,0,0,0,0,0,0,0,0,0,0,0,0
"4037","Fraseria griseigularis",0,0,0,0,0,0,0,0,0,0,0,0,0,0
"4038","Fraseria lendu",0,6,0,0,0,5,0,0,5,0,0,0,7,0
"4039","Fraseria ocreata",0,0,0,0,0,0,0,0,0,0,0,0,0,0
"4040","Fraseria olivascens",0,0,0,0,0,0,0,0,0,0,0,0,0,0
"4041","Fraseria plumbea",0,0,0,0,0,0,0,0,0,0,0,0,0,0
"4042","Fraseria tessmanni",0,6,0,0,0,6,0,0,0,0,0,0,0,0
"4043","Fratercula arctica",0,0,5,0,5,0,7,4,0,6,6,0,6,0
"4044","Fratercula cirrhata",0,0,0,0,0,0,5,4,0,5,5,0,5,0
"4045","Fratercula corniculata",0,0,0,0,0,0,4,0,0,4,0,0,0,0
"4046","Frederickena unduliger",0,0,0,0,0,0,0,0,0,0,0,0,0,0
"4047","Frederickena viridis",0,0,0,0,0,0,0,0,0,0,0,0,0,0
"4048","Fregata andrewsi",0,4,3,0,8,0,7,0,0,8,8,0,8,0
"4049","Fregata aquila",0,0,0,0,4,0,6,0,0,6,0,0,0,0
"4050","Fregata ariel",0,0,0,0,0,0,0,4,0,5,0,0,4,0
"4051","Fregata magnificens",4,0,0,0,5,0,0,4,0,0,0,0,0,0
"4052","Fregata minor",0,0,0,0,0,0,0,4,0,0,0,0,4,0
"4053","Fregetta grallaria",0,0,0,0,0,0,0,0,0,0,7,0,0,0
"4054","Fregetta lineata",0,0,0,0,0,0,0,0,0,0,0,0,0,0
"4055","Fregetta maoriana",0,0,0,0,0,0,0,0,0,4,0,0,0,0
"4056","Fregetta tropica",0,0,0,0,0,0,0,0,0,0,4,0,0,0
"4057","Fregilupus varius",0,0,0,0,0,4,0,4,4,5,0,0,5,0
"4058","Fringilla coelebs",0,0,0,0,0,0,0,0,0,0,0,0,0,0
"4059","Fringilla montifringilla",0,0,0,0,0,0,0,0,0,0,0,0,0,0
"4060","Fringilla polatzeki",0,0,0,0,4,4,0,4,7,7,0,0,0,0
"4061","Fringilla teydea",0,0,0,0,4,4,0,4,7,6,0,0,0,0
"4062","Fulica alai",4,4,0,0,3,0,0,0,0,6,6,0,4,0
"4063","Fulica americana",0,0,0,0,0,0,0,0,0,0,0,0,0,0
"4064","Fulica ardesiaca",0,0,0,0,0,0,0,0,0,0,0,0,0,0
"4065","Fulica armillata",0,0,0,0,0,0,0,0,0,0,0,0,0,0
"4066","Fulica atra",0,0,0,0,5,0,4,0,4,5,4,0,0,0
"4067","Fulica cornuta",4,5,0,0,5,0,0,0,5,5,0,0,0,0
"4068","Fulica cristata",0,4,0,0,5,0,0,0,4,4,4,0,0,0
"4069","Fulica gigantea",0,0,0,0,0,0,0,0,0,0,0,0,0,0
"4070","Fulica leucoptera",0,0,0,0,0,0,0,0,0,0,0,0,0,0
"4071","Fulica newtonii",0,0,0,0,5,0,0,0,0,0,0,0,0,0
"4072","Fulica rufifrons",0,0,0,0,0,0,0,0,0,0,0,0,0,0
"4073","Fulmarus glacialis",0,0,0,0,0,0,5,0,0,5,7,0,0,0
"4074","Fulmarus glacialoides",0,0,0,0,0,0,0,0,0,0,0,0,5,0
"4075","Fulvetta cinereiceps",0,0,0,0,0,0,0,0,0,0,0,0,0,0
"4076","Fulvetta danisi",0,0,0,0,0,0,0,0,0,0,0,0,0,0
"4077","Fulvetta formosana",0,0,0,0,0,0,0,0,0,0,0,0,0,0
"4078","Fulvetta ludlowi",0,0,0,0,0,0,0,0,0,0,0,0,0,0
"4079","Fulvetta manipurensis",0,0,0,0,0,0,0,0,0,0,0,0,0,0
"4080","Fulvetta ruficapilla",0,0,0,0,0,0,0,0,0,0,0,0,0,0
"4081","Fulvetta striaticollis",0,0,0,0,0,0,0,0,0,0,0,0,0,0
"4082","Fulvetta vinipectus",0,0,0,0,0,0,0,0,0,0,0,0,0,0
"4083","Furnarius cinnamomeus",0,0,0,0,0,0,0,0,0,0,0,0,0,0
"4084","Furnarius cristatus",0,0,0,0,0,0,0,0,0,0,0,0,0,0
"4085","Furnarius figulus",0,0,0,0,0,0,0,0,0,0,0,0,0,0
"4086","Furnarius leucopus",0,0,0,0,0,0,0,0,0,0,0,0,0,0
"4087","Furnarius longirostris",0,0,0,0,0,0,0,0,0,0,0,0,0,0
"4088","Furnarius minor",0,0,0,0,0,0,0,0,0,0,0,0,0,0
"4089","Furnarius rufus",0,0,0,0,0,0,0,0,0,0,0,0,0,0
"4090","Furnarius torridus",0,0,0,0,0,0,0,0,0,0,0,0,0,0
"4091","Gactornis enarratus",0,0,0,0,0,0,0,0,0,0,0,0,0,0
"4092","Galbalcyrhynchus leucotis",0,0,0,0,0,0,0,0,0,0,0,0,0,0
"4093","Galbalcyrhynchus purusianus",0,0,0,0,0,0,0,0,0,0,0,0,0,0
"4094","Galbula albirostris",0,0,0,0,0,0,0,0,0,0,0,0,0,0
"4095","Galbula chalcocephala",0,0,0,0,0,0,0,0,0,0,0,0,0,0
"4096","Galbula chalcothorax",0,0,0,0,0,0,0,0,0,0,0,0,0,0
"4097","Galbula cyanescens",0,0,0,0,0,0,0,0,0,0,0,0,0,0
"4098","Galbula cyanicollis",0,0,0,0,0,0,0,0,0,0,0,0,0,0
"4099","Galbula dea",0,0,0,0,0,0,0,0,0,0,0,0,0,0
"4100","Galbula galbula",0,0,0,0,0,0,0,0,0,0,0,0,0,0
"4101","Galbula leucogastra",0,0,0,0,0,0,0,0,0,0,0,0,0,0
"4102","Galbula pastazae",0,6,0,0,0,6,0,0,0,0,0,0,0,0
"4103","Galbula ruficauda",0,0,0,0,0,0,0,0,0,0,0,0,0,0
"4104","Galbula tombacea",0,0,0,0,0,0,0,0,0,0,0,0,0,0
"4105","Galerida cristata",0,0,0,0,0,0,0,0,0,0,0,0,0,0
"4106","Galerida deva",0,0,0,0,0,0,0,0,0,0,0,0,0,0
"4107","Galerida magnirostris",0,0,0,0,0,0,0,0,0,0,0,0,6,0
"4108","Galerida malabarica",0,0,0,0,0,0,0,0,0,0,0,0,0,0
"4109","Galerida modesta",0,0,0,0,0,0,0,0,0,0,0,0,0,0
"4110","Galerida theklae",0,0,0,0,0,0,0,0,0,0,0,0,0,0
"4111","Gallicolumba crinigera",0,5,0,0,6,6,0,0,0,0,0,0,0,0
"4112","Gallicolumba keayi",5,6,0,0,5,6,0,0,0,7,0,0,0,0
"4113","Gallicolumba luzonica",0,6,0,0,6,6,0,0,0,0,0,0,0,0
"4114","Gallicolumba menagei",0,6,0,0,6,6,0,0,0,0,0,0,0,0
"4115","Gallicolumba platenae",0,5,5,0,6,6,0,0,0,0,0,0,0,0
"4116","Gallicolumba rufigula",0,0,0,0,0,0,0,0,0,0,0,0,0,0
"4117","Gallicolumba tristigmata",0,0,0,0,0,0,0,0,0,0,0,0,0,0
"4118","Gallicrex cinerea",0,0,0,0,0,0,0,0,0,0,0,0,0,0
"4119","Gallinago andina",0,0,0,0,0,0,0,0,0,0,0,0,0,0
"4120","Gallinago delicata",4,5,4,0,0,0,0,0,0,0,0,0,0,0
"4121","Gallinago gallinago",0,0,0,0,0,0,0,0,0,0,0,0,0,0
"4122","Gallinago hardwickii",7,6,0,0,4,0,0,0,7,0,0,0,7,0
"4123","Gallinago imperialis",0,6,0,0,0,0,0,0,5,0,0,0,0,0
"4124","Gallinago jamesoni",0,0,0,0,0,0,0,0,0,0,0,0,0,0
"4125","Gallinago macrodactyla",0,6,0,0,5,0,0,0,0,0,0,0,0,0
"4126","Gallinago magellanica",0,0,0,0,4,0,0,0,5,0,0,0,0,0
"4127","Gallinago media",0,6,0,0,5,0,0,0,6,0,0,0,4,0
"4128","Gallinago megala",0,0,0,0,0,0,0,0,0,0,0,0,0,0
"4129","Gallinago nemoricola",3,6,0,0,6,0,0,4,0,0,4,0,0,0
"4130","Gallinago nigripennis",0,5,0,0,0,0,0,0,5,4,0,0,4,0
"4131","Gallinago nobilis",0,5,0,0,7,0,0,0,5,0,0,0,0,0
"4132","Gallinago paraguaiae",0,0,0,0,0,0,0,0,0,0,0,0,0,0
"4133","Gallinago solitaria",0,0,0,0,0,0,0,0,0,0,0,0,0,0
"4134","Gallinago stenura",0,0,0,0,0,0,0,0,0,0,0,0,6,0
"4135","Gallinago stricklandii",0,6,0,0,0,0,0,0,0,0,0,0,0,0
"4136","Gallinago undulata",0,0,0,0,0,0,0,0,0,0,0,0,0,0
"4137","Gallinula chloropus",0,0,0,0,0,0,0,0,0,0,0,0,0,0
"4138","Gallinula comeri",0,0,0,0,4,0,0,0,0,5,0,0,0,0
"4139","Gallinula galeata",0,0,0,0,0,0,0,0,0,0,0,0,0,0
"4140","Gallinula nesiotis",0,0,0,0,5,0,0,0,5,5,0,0,0,0
"4141","Gallinula tenebrosa",0,0,0,0,0,0,0,0,0,0,0,0,0,0
"4142","Gallirallus australis",0,0,0,5,4,0,0,0,0,6,0,0,6,0
"4143","Gallirallus lafresnayanus",0,0,0,0,0,0,0,0,0,8,0,0,0,0
"4144","Gallirex johnstoni",0,0,0,0,0,0,0,0,0,0,0,0,0,0
"4145","Gallirex porphyreolophus",0,0,0,0,0,0,0,0,0,0,0,0,0,0
"4146","Galloperdix bicalcarata",0,0,0,0,0,0,0,0,0,0,0,0,0,0
"4147","Galloperdix lunulata",0,0,0,0,0,0,0,0,0,0,0,0,0,0
"4148","Galloperdix spadicea",0,0,0,0,0,0,0,0,0,0,0,0,0,0
"4149","Gallus gallus",0,0,0,0,0,0,0,0,0,7,0,0,0,0
"4150","Gallus lafayettii",0,0,0,0,0,0,0,0,0,0,0,0,0,0
"4151","Gallus sonneratii",0,0,0,0,0,0,0,0,0,0,0,0,0,0
"4152","Gallus varius",0,0,0,0,0,0,0,0,0,0,0,0,0,0
"4153","Gampsonyx swainsonii",0,0,0,0,0,0,0,0,0,0,0,0,0,0
"4154","Gampsorhynchus rufulus",0,0,0,0,0,0,0,0,0,0,0,0,0,0
"4155","Gampsorhynchus torquatus",0,0,0,0,0,0,0,0,0,0,0,0,0,0
"4156","Garritornis isidorei",0,0,0,0,0,0,0,0,0,0,0,0,0,0
"4157","Garrodia nereis",0,0,0,0,0,0,0,0,0,5,4,0,0,0
"4158","Garrulax annamensis",0,0,0,0,0,0,0,0,0,0,0,0,0,0
"4159","Garrulax bicolor",0,0,0,0,7,6,0,0,0,0,0,0,0,0
"4160","Garrulax canorus",0,0,0,0,0,0,0,0,0,0,0,0,0,0
"4161","Garrulax castanotis",0,0,0,0,0,0,0,0,0,0,0,0,0,0
"4162","Garrulax ferrarius",0,0,0,0,0,0,0,0,0,0,0,0,0,0
"4163","Garrulax leucolophus",0,0,0,0,0,0,0,0,0,0,0,0,0,0
"4164","Garrulax maesi",0,0,0,0,0,0,0,0,0,0,0,0,0,0
"4165","Garrulax merulinus",0,0,0,0,0,0,0,0,0,0,0,0,0,0
"4166","Garrulax milleti",4,6,0,0,0,6,0,0,0,0,0,0,6,0
"4167","Garrulax monileger",0,0,0,0,0,0,0,0,0,0,0,0,0,0
"4168","Garrulax palliatus",0,0,0,0,7,4,0,0,0,0,0,0,0,0
"4169","Garrulax rufifrons",0,5,0,0,7,5,0,0,0,0,0,0,0,0
"4170","Garrulax strepitans",0,0,0,0,0,0,0,0,0,0,0,0,0,0
"4171","Garrulax taewanus",5,5,0,0,0,0,0,0,0,7,0,0,0,0
"4172","Garrulus bispecularis",0,0,0,0,0,0,0,0,0,0,0,0,0,0
"4173","Garrulus glandarius",0,0,0,0,0,0,0,0,0,0,0,0,0,0
"4174","Garrulus lanceolatus",0,0,0,0,0,0,0,0,0,0,0,0,0,0
"4175","Garrulus leucotis",0,0,0,0,0,0,0,0,0,0,0,0,0,0
"4176","Garrulus lidthi",0,0,0,0,0,4,0,0,0,6,0,0,0,0
"4177","Gavia adamsii",0,0,0,0,6,0,5,0,0,0,5,0,6,0
"4178","Gavia arctica",0,0,0,4,0,0,4,0,0,0,5,0,6,0
"4179","Gavia immer",0,0,0,0,0,0,4,0,0,0,0,0,0,0
"4180","Gavia pacifica",0,0,0,0,0,0,0,0,0,0,4,0,0,0
"4181","Gavia stellata",0,0,6,4,0,0,4,0,0,0,5,0,3,0
"4182","Gavicalis fasciogularis",0,0,0,0,0,0,0,0,0,0,0,0,0,0
"4183","Gavicalis versicolor",0,0,0,0,0,0,0,0,0,0,0,0,0,0
"4184","Gavicalis virescens",0,0,0,0,0,0,0,0,0,0,0,0,0,0
"4185","Gecinulus grantia",0,0,0,0,0,0,0,0,0,0,0,0,0,0
"4186","Gecinulus viridis",0,0,0,0,0,0,0,0,0,0,0,0,0,0
"4187","Gelochelidon macrotarsa",0,0,0,0,0,0,0,0,0,0,0,0,0,0
"4188","Gelochelidon nilotica",0,0,0,0,0,0,0,5,0,0,0,0,0,0
"4189","Gennaeodryas placens",0,0,0,0,0,5,0,0,0,0,0,0,0,0
"4190","Geobiastes squamiger",0,6,0,0,6,5,0,0,0,6,0,0,5,0
"4191","Geocerthia serrana",0,0,0,0,0,0,0,0,0,0,0,0,0,0
"4192","Geococcyx californianus",0,0,0,0,0,0,0,0,0,0,0,0,0,0
"4193","Geococcyx velox",0,0,0,0,0,0,0,0,0,0,0,0,0,0
"4194","Geocolaptes olivaceus",0,6,0,0,0,0,0,0,0,0,0,0,8,0
"4195","Geoffroyus geoffroyi",0,0,0,0,0,0,0,0,0,0,0,0,0,0
"4196","Geoffroyus heteroclitus",0,0,0,0,0,0,0,0,0,0,0,0,0,0
"4197","Geoffroyus hyacinthinus",0,0,0,0,0,0,0,0,0,0,0,0,0,0
"4198","Geoffroyus simplex",0,0,0,0,0,0,0,0,0,0,0,0,0,0
"4199","Geokichla camaronensis",0,0,0,0,0,0,0,0,0,0,0,0,0,0
"4200","Geokichla cinerea",0,0,0,5,6,7,0,0,0,0,0,0,0,0
"4201","Geokichla citrina",0,0,0,0,0,0,0,0,0,0,0,0,0,0
"4202","Geokichla crossleyi",0,5,0,0,0,4,0,0,0,0,0,0,0,0
"4203","Geokichla dohertyi",0,0,0,0,6,5,0,0,0,0,0,0,0,0
"4204","Geokichla dumasi",0,0,0,0,5,0,0,0,0,0,0,0,0,0
"4205","Geokichla erythronota",0,6,0,0,5,6,0,0,6,0,0,0,0,0
"4206","Geokichla gurneyi",0,0,0,0,0,0,0,0,0,0,0,0,0,0
"4207","Geokichla guttata",0,6,5,0,0,6,0,4,5,5,4,0,4,0
"4208","Geokichla interpres",0,7,0,0,7,6,0,0,5,0,0,0,0,0
"4209","Geokichla joiceyi",0,4,0,0,5,0,0,0,0,0,0,0,0,0
"4210","Geokichla leucolaema",0,5,0,0,6,0,0,0,0,0,0,0,0,0
"4211","Geokichla mendeni",0,0,0,0,7,5,0,0,0,0,0,0,0,0
"4212","Geokichla oberlaenderi",0,6,0,0,0,6,0,0,0,0,0,0,0,0
"4213","Geokichla peronii",0,0,0,0,3,5,0,0,5,0,0,0,0,0
"4214","Geokichla piaggiae",0,0,0,0,0,0,0,0,0,0,0,0,0,0
"4215","Geokichla princei",0,0,0,0,0,0,0,0,0,0,0,0,0,0
"4216","Geokichla schistacea",0,0,0,0,0,4,0,0,0,0,0,0,0,0
"4217","Geokichla sibirica",0,0,0,0,0,0,0,0,0,0,0,0,0,0
"4218","Geokichla spiloptera",7,7,0,0,0,7,0,0,7,0,0,0,0,0
"4219","Geokichla wardii",0,0,0,0,0,0,0,0,0,0,0,0,0,0
"4220","Geopelia cuneata",0,0,0,0,0,0,0,0,0,0,0,0,0,0
"4221","Geopelia humeralis",0,0,0,0,0,0,0,0,0,0,0,0,0,0
"4222","Geopelia maugeus",0,0,0,0,0,0,0,0,0,0,0,0,0,0
"4223","Geopelia placida",0,0,0,0,0,0,0,0,0,0,0,0,0,0
"4224","Geopelia striata",0,0,0,0,0,0,0,0,0,0,0,0,0,0
"4225","Geophaps plumifera",0,4,0,0,0,0,0,0,4,0,0,0,0,0
"4226","Geophaps scripta",0,0,0,0,0,0,0,0,0,0,0,0,0,0
"4227","Geophaps smithii",0,5,0,0,0,0,0,0,6,6,0,0,6,0
"4228","Geositta antarctica",0,0,0,0,0,0,0,0,0,0,0,0,6,0
"4229","Geositta crassirostris",0,0,0,0,0,0,0,0,0,0,0,0,0,0
"4230","Geositta cunicularia",0,0,0,0,0,0,0,0,0,0,0,0,0,0
"4231","Geositta isabellina",0,0,0,0,0,0,0,0,0,0,0,0,0,0
"4232","Geositta maritima",0,0,0,0,0,0,0,0,0,0,0,0,0,0
"4233","Geositta peruviana",0,0,0,0,0,0,0,0,0,0,0,0,0,0
"4234","Geositta poeciloptera",0,6,0,0,0,0,0,0,5,0,0,0,0,0
"4235","Geositta punensis",0,0,0,0,0,0,0,0,0,0,0,0,0,0
"4236","Geositta rufipennis",0,0,0,0,0,0,0,0,0,0,0,0,0,0
"4237","Geositta saxicolina",0,0,0,0,0,0,0,0,0,0,0,0,0,0
"4238","Geositta tenuirostris",0,0,0,0,0,0,0,0,0,0,0,0,0,0
"4239","Geospiza acutirostris",0,0,0,0,0,0,0,0,7,6,0,0,6,0
"4240","Geospiza conirostris",0,0,0,0,0,0,0,0,0,7,0,0,0,0
"4241","Geospiza difficilis",0,0,0,0,0,0,0,0,0,0,0,0,0,0
"4242","Geospiza fortis",0,0,0,0,0,0,0,0,0,0,0,0,0,0
"4243","Geospiza fuliginosa",0,0,0,0,0,0,0,0,0,0,0,0,0,0
"4244","Geospiza heliobates",0,0,0,0,0,6,0,0,0,9,0,0,7,0
"4245","Geospiza magnirostris",0,0,0,0,0,0,0,0,0,0,0,0,0,0
"4246","Geospiza pallida",0,6,0,0,0,0,0,0,0,6,0,0,0,0
"4247","Geospiza parvula",0,0,0,0,0,0,0,0,0,0,0,0,0,0
"4248","Geospiza pauper",0,7,0,0,0,0,0,0,0,8,0,0,6,0
"4249","Geospiza propinqua",0,0,0,0,0,0,0,0,7,6,0,0,6,0
"4250","Geospiza psittacula",5,0,0,5,0,0,0,0,0,6,5,0,6,0
"4251","Geospiza scandens",0,0,0,0,0,0,0,0,0,0,0,0,0,0
"4252","Geospiza septentrionalis",0,0,0,0,0,0,0,0,0,6,0,0,0,0
"4253","Geospizopsis plebejus",0,0,0,0,0,0,0,0,0,0,0,0,0,0
"4254","Geospizopsis unicolor",0,0,0,0,0,0,0,0,0,0,0,0,0,0
"4255","Geothlypis aequinoctialis",0,0,0,0,0,0,0,0,0,0,0,0,0,0
"4256","Geothlypis auricularis",0,0,0,0,0,0,0,0,0,0,0,0,0,0
"4257","Geothlypis bairdi",0,0,0,0,0,0,0,0,0,0,0,0,0,0
"4258","Geothlypis beldingi",6,6,0,0,0,0,0,0,6,0,0,0,7,0
"4259","Geothlypis chiriquensis",0,0,0,0,0,0,0,0,0,0,0,0,0,0
"4260","Geothlypis flavovelata",6,6,0,0,0,0,0,0,0,0,5,0,0,0
"4261","Geothlypis formosa",0,0,0,0,0,0,0,0,0,0,0,0,0,0
"4262","Geothlypis nelsoni",0,0,0,0,0,0,0,0,0,0,0,0,0,0
"4263","Geothlypis philadelphia",0,0,0,0,0,0,0,0,0,0,0,0,0,0
"4264","Geothlypis poliocephala",0,0,0,0,0,0,0,0,0,0,0,0,0,0
"4265","Geothlypis rostrata",0,0,0,0,0,0,0,0,0,0,0,0,6,0
"4266","Geothlypis semiflava",0,0,0,0,0,0,0,0,0,0,0,0,0,0
"4267","Geothlypis speciosa",7,8,0,0,0,0,0,0,8,0,0,0,0,0
"4268","Geothlypis tolmiei",0,0,0,0,0,0,0,0,0,0,0,0,7,0
"4269","Geothlypis trichas",0,0,0,0,0,0,0,0,0,0,0,0,0,0
"4270","Geotrygon caniceps",0,7,0,0,5,0,0,0,5,5,0,0,0,0
"4271","Geotrygon chrysia",0,0,0,0,0,0,0,0,0,0,0,0,0,0
"4272","Geotrygon leucometopia",0,7,0,0,5,0,0,0,0,5,0,0,0,0
"4273","Geotrygon montana",0,0,0,0,0,0,0,0,0,0,0,0,0,0
"4274","Geotrygon mystacea",0,0,0,0,0,0,0,0,0,0,0,0,0,0
"4275","Geotrygon purpurata",0,6,4,0,5,0,0,0,0,0,0,0,0,0
"4276","Geotrygon saphirina",0,0,0,0,0,0,0,0,0,0,0,0,0,0
"4277","Geotrygon versicolor",0,7,0,0,7,0,0,0,0,0,0,0,0,0
"4278","Geotrygon violacea",0,0,0,0,0,0,0,0,0,0,0,0,0,0
"4279","Geranoaetus albicaudatus",0,0,0,0,0,0,0,0,0,0,0,0,0,0
"4280","Geranoaetus melanoleucus",0,0,0,0,0,0,0,0,0,0,0,0,0,0
"4281","Geranoaetus polyosoma",0,0,0,0,0,0,0,0,0,0,0,0,0,0
"4282","Geranospiza caerulescens",0,0,0,0,0,0,0,0,0,0,0,0,0,0
"4283","Geronticus calvus",5,5,4,5,4,0,0,4,0,4,5,0,6,0
"4284","Geronticus eremita",6,6,0,0,6,0,0,6,4,4,5,0,5,0
"4285","Gerygone albofrontata",0,0,0,0,0,0,0,0,0,0,0,0,6,0
"4286","Gerygone chloronota",0,0,0,0,0,0,0,0,0,0,0,0,0,0
"4287","Gerygone chrysogaster",0,0,0,0,0,0,0,0,0,0,0,0,0,0
"4288","Gerygone citrina",0,0,0,0,0,0,0,0,0,0,0,0,0,0
"4289","Gerygone dorsalis",0,0,0,0,0,0,0,0,0,0,0,0,0,0
"4290","Gerygone flavolateralis",0,0,0,0,0,0,0,0,0,0,0,0,0,0
"4291","Gerygone fusca",0,0,0,0,0,0,0,0,0,0,0,0,0,0
"4292","Gerygone hypoxantha",0,7,0,0,0,7,0,0,0,0,0,0,0,0
"4293","Gerygone igata",0,0,0,0,0,0,0,0,0,0,0,0,0,0
"4294","Gerygone inornata",0,0,0,0,0,0,0,0,0,0,0,0,0,0
"4295","Gerygone insularis",0,0,0,0,0,0,0,0,0,5,0,0,0,0
"4296","Gerygone levigaster",0,0,0,0,0,0,0,0,0,0,0,0,0,0
"4297","Gerygone magnirostris",0,0,0,0,0,0,0,0,0,0,0,0,0,0
"4298","Gerygone modesta",0,2,0,0,0,2,0,0,0,6,0,0,0,0
"4299","Gerygone mouki",0,0,0,0,0,0,0,0,0,0,0,0,6,0
"4300","Gerygone olivacea",0,0,0,0,0,0,0,0,0,0,0,0,0,0
"4301","Gerygone palpebrosa",0,0,0,0,0,0,0,0,0,0,0,0,0,0
"4302","Gerygone ruficollis",0,0,0,0,0,0,0,0,0,0,0,0,0,0
"4303","Gerygone sulphurea",0,0,0,0,0,0,0,0,0,0,0,0,0,0
"4304","Gerygone tenebrosa",0,0,0,0,0,0,0,0,0,0,0,0,0,0
"4305","Glareola cinerea",0,0,0,0,0,0,0,4,6,0,0,0,0,0
"4306","Glareola lactea",0,0,0,0,0,0,0,0,0,0,0,0,0,0
"4307","Glareola maldivarum",0,0,0,0,0,0,0,0,0,0,0,0,0,0
"4308","Glareola nordmanni",0,6,0,0,7,0,0,0,0,6,7,0,7,0
"4309","Glareola nuchalis",0,0,0,0,0,0,0,0,6,0,0,0,0,0
"4310","Glareola ocularis",5,4,4,0,0,0,0,4,6,0,4,0,0,0
"4311","Glareola pratincola",0,0,0,0,0,0,0,0,0,0,0,0,0,0
"4312","Glaucestrilda coerulescens",0,0,0,0,0,0,0,0,0,0,0,0,0,0
"4313","Glaucestrilda perreini",0,0,0,0,0,0,0,0,0,0,0,0,0,0
"4314","Glaucestrilda thomensis",0,6,0,0,0,3,0,0,4,0,0,0,5,0
"4315","Glaucidium albertinum",5,5,5,0,5,5,0,0,0,0,0,0,0,0
"4316","Glaucidium bolivianum",0,0,0,0,0,0,0,0,0,0,0,0,0,0
"4317","Glaucidium brasilianum",0,0,0,0,4,5,0,0,0,0,0,0,0,0
"4318","Glaucidium brodiei",0,4,0,0,4,4,0,0,0,0,0,0,0,0
"4319","Glaucidium capense",0,0,0,0,0,0,0,0,0,0,0,0,0,0
"4320","Glaucidium castaneum",0,0,0,0,0,0,0,0,0,0,0,0,0,0
"4321","Glaucidium castanopterum",0,0,0,0,0,0,0,0,0,0,0,0,0,0
"4322","Glaucidium castanotum",5,6,0,0,0,5,0,0,6,0,0,0,0,0
"4323","Glaucidium costaricanum",0,0,0,0,0,0,0,0,0,0,0,0,0,0
"4324","Glaucidium cuculoides",0,0,0,0,0,0,0,0,0,0,0,0,0,0
"4325","Glaucidium gnoma",0,0,0,0,4,4,0,0,0,0,0,0,0,0
"4326","Glaucidium griseiceps",0,0,0,0,0,0,0,0,0,0,0,0,0,0
"4327","Glaucidium hardyi",0,0,0,0,0,0,0,0,0,0,0,0,0,0
"4328","Glaucidium jardinii",0,0,0,0,0,0,0,0,0,0,0,0,0,0
"4329","Glaucidium minutissimum",0,0,0,0,0,0,0,0,0,0,0,0,0,0
"4330","Glaucidium mooreorum",0,7,0,0,4,7,0,0,7,0,0,0,0,0
"4331","Glaucidium nana",0,0,0,0,0,0,0,0,0,0,0,0,0,0
"4332","Glaucidium nubicola",5,5,5,4,0,6,0,0,0,0,0,0,0,0
"4333","Glaucidium palmarum",0,0,0,0,0,0,0,0,0,0,0,0,0,0
"4334","Glaucidium parkeri",0,0,0,0,0,0,0,0,0,0,0,0,0,0
"4335","Glaucidium passerinum",0,0,0,0,0,0,0,0,0,0,0,0,0,0
"4336","Glaucidium perlatum",0,0,0,0,0,0,0,0,0,0,0,0,0,0
"4337","Glaucidium peruanum",0,0,0,0,0,0,0,0,0,0,0,0,0,0
"4338","Glaucidium radiatum",0,0,0,0,0,0,0,0,0,0,0,0,0,0
"4339","Glaucidium sanchezi",0,0,0,0,0,6,0,0,0,0,0,0,0,0
"4340","Glaucidium siju",0,0,0,0,0,0,0,0,0,0,0,0,0,0
"4341","Glaucidium sjostedti",0,0,0,0,0,0,0,0,0,0,0,0,0,0
"4342","Glaucidium sylvaticum",0,4,0,4,0,0,4,0,0,0,0,0,0,0
"4343","Glaucidium tephronotum",0,0,0,0,0,0,0,0,0,0,0,0,0,0
"4344","Glaucis aeneus",0,0,0,0,0,0,0,0,0,0,0,0,0,0
"4345","Glaucis dohrnii",6,7,0,6,0,6,0,0,5,0,0,0,0,0
"4346","Glaucis hirsutus",0,0,0,0,0,0,0,0,0,0,0,0,0,0
"4347","Gliciphila melanops",0,0,0,0,0,0,0,0,0,0,0,0,6,0
"4348","Gliciphila notabilis",0,0,0,0,0,0,0,0,0,0,0,0,0,0
"4349","Gliciphila undulata",0,0,0,0,0,0,0,0,0,0,0,0,0,0
"4350","Glossopsitta concinna",0,0,0,0,0,0,0,0,0,0,0,0,6,0
"4351","Glossopsitta porphyrocephala",0,0,0,0,0,0,0,0,0,0,0,0,6,0
"4352","Glossopsitta pusilla",0,0,0,0,0,0,0,0,0,0,0,0,5,0
"4353","Glycichaera fallax",0,0,0,0,0,0,0,0,0,0,0,0,0,0
"4354","Glyphorynchus spirurus",0,0,0,0,0,0,0,0,0,0,0,0,0,0
"4355","Gnorimopsar chopi",0,0,0,0,0,0,0,0,0,0,0,0,0,0
"4356","Goldmania bella",0,0,0,4,0,0,0,0,0,0,0,0,8,0
"4357","Goldmania violiceps",0,5,0,0,0,0,0,0,0,0,0,0,0,0
"4358","Goodfellowia miranda",0,5,0,0,0,5,0,0,0,0,0,0,6,0
"4359","Gorsachius goisagi",5,7,5,0,5,7,0,0,0,6,0,4,0,0
"4360","Gorsachius melanolophus",0,0,0,0,0,0,0,0,0,0,0,0,0,0
"4361","Goura cristata",0,0,5,4,6,6,0,0,0,0,0,0,0,0
"4362","Goura scheepmakeri",0,6,0,0,7,6,0,0,0,0,0,0,0,0
"4363","Goura sclaterii",0,6,5,0,5,5,0,0,0,0,0,0,0,0
"4364","Goura victoria",0,5,0,0,5,5,0,0,0,0,0,0,0,0
"4365","Gracula indica",0,0,0,0,0,0,0,0,0,0,0,0,0,0
"4366","Gracula ptilogenys",5,5,0,0,5,5,0,0,5,0,0,0,0,0
"4367","Gracula religiosa",0,0,0,0,0,0,0,0,0,0,0,0,0,0
"4368","Gracula robusta",0,0,0,0,9,0,0,0,0,5,0,0,0,0
"4369","Gracula venerata",0,0,0,0,8,4,0,0,0,0,0,0,0,0
"4370","Gracupica contra",0,0,0,0,0,0,0,0,0,0,0,0,0,0
"4371","Gracupica floweri",0,0,0,0,0,0,0,0,0,0,0,0,0,0
"4372","Gracupica jalla",0,0,0,0,9,0,0,0,0,0,6,0,0,0
"4373","Gracupica nigricollis",0,0,0,0,0,0,0,0,0,0,0,0,0,0
"4374","Grafisia torquata",0,0,0,0,0,0,0,0,0,0,0,0,0,0
"4375","Grallaria albigula",0,0,0,0,0,0,0,0,0,0,0,0,0,0
"4376","Grallaria alleni",5,5,0,0,0,5,0,0,0,0,0,0,0,0
"4377","Grallaria alticola",0,0,0,0,0,0,0,0,0,0,0,0,0,0
"4378","Grallaria andicolus",0,0,0,0,0,0,0,0,0,0,0,0,0,0
"4379","Grallaria atuensis",0,0,0,0,0,0,0,0,0,0,0,0,0,0
"4380","Grallaria bangsi",0,5,0,0,0,6,0,0,5,0,0,0,0,0
"4381","Grallaria blakei",0,6,0,0,0,6,0,0,0,0,0,0,0,0
"4382","Grallaria capitalis",0,0,0,0,0,0,0,0,0,0,0,0,0,0
"4383","Grallaria carrikeri",0,5,0,0,0,5,0,0,4,0,0,0,0,0
"4384","Grallaria chthonia",0,6,0,0,0,0,0,0,0,0,0,0,0,0
"4385","Grallaria dignissima",0,0,0,0,0,0,0,0,0,0,0,0,0,0
"4386","Grallaria eludens",5,0,6,6,0,5,0,0,0,0,0,0,0,0
"4387","Grallaria erythroleuca",0,0,0,0,0,0,0,0,0,0,0,0,0,0
"4388","Grallaria erythrotis",0,0,0,0,0,0,0,0,0,0,0,0,0,0
"4389","Grallaria excelsa",5,5,5,0,0,0,0,0,0,0,0,0,0,0
"4390","Grallaria fenwickorum",7,6,5,0,6,6,0,0,7,0,0,0,0,0
"4391","Grallaria flavotincta",0,0,0,0,0,0,0,0,0,0,0,0,0,0
"4392","Grallaria gigantea",5,5,0,0,0,5,0,0,0,0,0,0,0,0
"4393","Grallaria griseonucha",0,0,0,0,0,0,0,0,0,0,0,0,0,0
"4394","Grallaria guatimalensis",0,0,0,0,0,0,0,0,0,0,0,0,0,0
"4395","Grallaria haplonota",0,0,0,0,0,0,0,0,0,0,0,0,0,0
"4396","Grallaria hypoleuca",0,0,0,0,0,0,0,0,0,0,0,0,0,0
"4397","Grallaria kaestneri",0,5,0,0,0,5,0,0,0,0,0,0,0,0
"4398","Grallaria milleri",0,5,0,0,0,4,0,0,0,0,0,0,0,0
"4399","Grallaria nuchalis",0,0,0,0,0,0,0,0,0,0,0,0,0,0
"4400","Grallaria przewalskii",0,4,0,0,0,4,0,0,0,0,0,0,0,0
"4401","Grallaria quitensis",0,0,0,0,0,0,0,0,0,0,0,0,0,0
"4402","Grallaria ridgelyi",0,6,6,5,0,6,0,0,0,0,0,0,0,0
"4403","Grallaria ruficapilla",0,0,0,0,0,0,0,0,0,0,0,0,0,0
"4404","Grallaria rufocinerea",4,5,0,4,0,5,0,0,0,0,0,0,0,0
"4405","Grallaria rufula",0,0,0,0,0,0,0,0,0,0,0,0,0,0
"4406","Grallaria saltuensis",4,5,0,4,0,0,0,0,4,0,0,0,0,0
"4407","Grallaria squamigera",0,0,0,0,0,0,0,0,0,0,0,0,0,0
"4408","Grallaria varia",0,0,0,0,0,0,0,0,0,0,0,0,0,0
"4409","Grallaria watkinsi",0,5,0,0,0,0,0,0,0,0,0,0,0,0
"4410","Grallaricula cucullata",5,5,0,4,0,5,0,0,0,0,0,0,0,0
"4411","Grallaricula cumanensis",0,5,0,0,0,0,0,0,0,0,0,0,0,0
"4412","Grallaricula ferrugineipectus",0,0,0,0,0,0,0,0,0,0,0,0,0,0
"4413","Grallaricula flavirostris",0,5,0,0,0,5,0,0,0,0,0,0,0,0
"4414","Grallaricula leymebambae",0,0,0,0,0,0,0,0,0,0,0,0,0,0
"4415","Grallaricula lineifrons",0,5,0,0,0,5,0,0,0,0,0,0,0,0
"4416","Grallaricula loricata",5,5,0,0,0,5,0,0,5,0,0,0,0,0
"4417","Grallaricula nana",0,0,0,0,0,0,0,0,0,0,0,0,0,0
"4418","Grallaricula ochraceifrons",5,5,4,5,0,5,0,0,0,0,0,0,0,0
"4419","Grallaricula peruviana",0,5,5,0,0,5,0,0,0,0,0,0,0,0
"4420","Grallina bruijnii",0,0,0,0,0,0,0,0,0,0,0,0,0,0
"4421","Grallina cyanoleuca",0,0,0,0,0,0,0,0,0,0,0,0,0,0
"4422","Graminicola bengalensis",0,6,0,0,0,0,0,0,6,6,0,0,0,0
"4423","Graminicola striatus",0,6,0,0,0,0,0,0,6,0,0,0,0,0
"4424","Grammatoptila striata",0,0,0,0,0,0,0,0,0,0,0,0,0,0
"4425","Granatellus francescae",4,4,0,0,0,4,0,0,0,4,0,0,8,0
"4426","Granatellus paraensis",0,0,0,0,0,0,0,0,0,0,0,0,0,0
"4427","Granatellus pelzelni",0,0,0,0,0,0,0,0,0,0,0,0,0,0
"4428","Granatellus sallaei",0,0,0,0,0,0,0,0,0,0,0,0,0,0
"4429","Granatellus venustus",0,0,0,0,0,0,0,0,0,0,0,0,0,0
"4430","Granatina granatina",0,0,0,0,0,0,0,0,0,0,0,0,0,0
"4431","Granatina ianthinogaster",0,0,0,0,0,0,0,0,0,0,0,0,0,0
"4432","Grandala coelicolor",0,0,0,0,0,0,0,0,0,0,0,0,0,0
"4433","Grantiella picta",0,5,0,0,0,0,0,0,0,4,0,0,6,0
"4434","Graueria vittata",0,0,0,0,0,0,0,0,0,0,0,0,0,0
"4435","Graydidascalus brachyurus",0,0,0,0,0,0,0,0,0,0,0,0,0,0
"4436","Griseotyrannus aurantioatrocristatus",0,0,0,0,0,0,0,0,0,0,0,0,0,0
"4437","Grus americana",0,4,0,6,5,0,0,5,0,4,3,0,4,0
"4438","Grus antigone",5,6,0,6,6,0,0,6,4,5,6,0,4,0
"4439","Grus canadensis",0,0,0,0,0,0,0,0,0,0,0,0,0,0
"4440","Grus grus",5,5,0,5,6,0,0,4,5,0,6,0,0,0
"4441","Grus japonensis",6,6,0,0,6,0,0,6,5,0,3,0,0,0
"4442","Grus monacha",6,6,0,0,4,0,5,5,5,6,5,0,0,0
"4443","Grus nigricollis",4,5,4,4,4,4,0,4,6,5,6,0,4,0
"4444","Grus rubicunda",0,0,0,0,0,0,0,0,0,0,0,0,4,0
"4445","Grus vipio",6,6,0,0,4,0,0,5,6,3,5,0,5,0
"4446","Guadalcanaria inexpectata",0,0,0,0,0,0,0,0,0,0,0,0,6,0
"4447","Guaruba guarouba",5,0,0,5,2,6,0,0,0,0,0,0,0,0
"4448","Gubernatrix cristata",0,5,0,0,8,5,0,0,0,6,0,0,0,0
"4449","Gubernetes yetapa",0,0,0,0,0,0,0,0,0,0,0,0,0,0
"4450","Guira guira",0,0,0,0,0,0,0,0,0,0,0,0,0,0
"4451","Gulosus aristotelis",4,0,0,0,0,0,5,0,0,5,6,0,6,0
"4452","Guttera edouardi",0,0,0,0,0,0,0,0,0,0,0,0,0,0
"4453","Guttera plumifera",0,0,0,0,0,0,0,0,0,0,0,0,0,0
"4454","Guttera pucherani",0,0,0,0,0,0,0,0,0,0,0,0,0,0
"4455","Guttera verreauxi",0,0,0,0,0,0,0,0,0,0,0,0,0,0
"4456","Guyramemua affinis",4,6,0,0,0,0,0,0,6,0,0,0,0,0
"4457","Gygis alba",0,0,0,0,0,0,0,0,0,0,0,0,0,0
"4458","Gygis candida",0,0,0,0,0,0,0,0,0,0,0,0,0,0
"4459","Gygis microrhyncha",0,0,0,0,6,0,0,0,0,5,0,0,0,0
"4460","Gymnobucco bonapartei",0,0,0,0,0,0,0,0,0,0,0,0,0,0
"4461","Gymnobucco calvus",0,0,0,0,0,0,0,0,0,0,0,0,0,0
"4462","Gymnobucco cinereiceps",0,0,0,0,0,0,0,0,0,0,0,0,0,0
"4463","Gymnobucco peli",0,0,0,0,0,0,0,0,0,0,0,0,0,0
"4464","Gymnobucco sladeni",0,0,0,0,0,0,0,0,0,0,0,0,0,0
"4465","Gymnobucco vernayi",0,6,0,0,0,7,0,0,0,0,0,0,0,0
"4466","Gymnocichla nudiceps",0,0,0,0,0,0,0,0,0,0,0,0,0,0
"4467","Gymnocrex plumbeiventris",0,0,0,0,0,0,0,0,0,0,0,0,0,0
"4468","Gymnocrex rosenbergii",6,6,0,0,5,6,0,0,0,5,0,0,0,0
"4469","Gymnocrex talaudensis",0,7,0,0,7,0,0,0,0,7,0,0,0,0
"4470","Gymnoderus foetidus",0,0,0,0,0,0,0,0,0,0,0,0,0,0
"4471","Gymnogyps californianus",0,0,4,2,5,0,0,0,0,3,4,0,0,0
"4472","Gymnomystax mexicanus",0,0,0,0,0,0,0,0,0,0,0,0,0,0
"4473","Gymnomyza aubryana",0,5,6,0,7,5,0,0,6,6,0,0,0,0
"4474","Gymnomyza brunneirostris",0,6,0,0,0,6,0,0,0,0,0,0,6,0
"4475","Gymnomyza samoensis",0,7,0,0,0,0,0,0,0,6,0,0,6,0
"4476","Gymnomyza viridis",0,6,0,0,0,6,0,0,0,0,0,0,6,0
"4477","Gymnophaps albertisii",0,0,0,0,0,0,0,0,0,0,0,0,0,0
"4478","Gymnophaps mada",0,0,0,0,0,0,0,0,0,0,0,0,0,0
"4479","Gymnophaps solomonensis",0,0,0,0,0,0,0,0,0,0,0,0,0,0
"4480","Gymnophaps stalkeri",0,0,0,0,0,0,0,0,0,0,0,0,0,0
"4481","Gymnopithys bicolor",0,0,0,0,0,0,0,0,0,0,0,0,0,0
"4482","Gymnopithys leucaspis",0,0,0,0,0,0,0,0,0,0,0,0,0,0
"4483","Gymnopithys rufigula",0,0,0,0,0,0,0,0,0,0,0,0,0,0
"4484","Gymnorhina tibicen",0,0,0,0,0,0,0,0,0,0,0,0,0,0
"4485","Gymnorhinus cyanocephalus",0,6,0,0,0,0,0,0,6,0,0,0,6,0
"4486","Gymnoris dentata",0,0,0,0,0,0,0,0,0,0,0,0,0,0
"4487","Gymnoris pyrgita",0,0,0,0,0,0,0,0,0,0,0,0,0,0
"4488","Gymnoris superciliaris",0,0,0,0,0,0,0,0,0,0,0,0,0,0
"4489","Gymnoris xanthocollis",0,0,0,0,0,0,0,0,0,0,0,0,0,0
"4490","Gypaetus barbatus",5,4,6,6,5,0,0,4,0,6,4,0,7,6
"4491","Gypohierax angolensis",0,0,0,0,0,0,0,0,0,0,0,0,0,0
"4492","Gyps africanus",5,6,6,5,7,5,0,6,0,0,5,0,0,7
"4493","Gyps bengalensis",0,5,6,6,6,4,0,0,6,5,4,0,0,8
"4494","Gyps coprotheres",0,0,7,7,7,0,0,5,5,4,0,0,6,0
"4495","Gyps fulvus",0,0,5,5,5,0,0,4,4,0,0,0,0,6
"4496","Gyps himalayensis",0,0,6,7,5,0,0,0,5,0,5,0,0,6
"4497","Gyps indicus",0,0,6,7,5,0,0,4,6,0,0,0,6,8
"4498","Gyps rueppelli",0,6,6,6,7,0,0,5,0,0,0,0,7,7
"4499","Gyps tenuirostris",0,0,7,7,6,4,0,0,6,0,4,0,0,8
"4500","Gypsophila annamensis",0,0,0,0,0,0,0,0,0,0,0,0,0,0
"4501","Gypsophila brevicaudata",0,0,0,0,0,0,0,0,0,0,0,0,0,0
"4502","Gypsophila calcicola",0,4,5,0,0,4,0,0,0,0,0,0,0,0
"4503","Gypsophila crassa",0,0,0,0,0,0,0,0,0,0,0,0,0,0
"4504","Gypsophila crispifrons",0,0,0,0,0,0,0,0,0,0,0,0,0,0
"4505","Gypsophila rufipecta",0,0,0,0,0,0,0,0,0,0,0,0,0,0
"4506","Habia atrimaxillaris",0,3,0,0,0,4,0,0,0,0,0,0,0,0
"4507","Habia carmioli",0,0,0,0,0,0,0,0,0,0,0,0,0,0
"4508","Habia cristata",0,0,0,0,0,0,0,0,0,0,0,0,0,0
"4509","Habia frenata",0,0,0,0,0,0,0,0,0,0,0,0,0,0
"4510","Habia fuscicauda",0,0,0,0,0,0,0,0,0,0,0,0,0,0
"4511","Habia gutturalis",0,5,5,0,0,5,0,0,0,0,0,0,0,0
"4512","Habia olivacea",0,0,0,0,0,0,0,0,0,0,0,0,0,0
"4513","Habia rubica",0,0,0,0,0,0,0,0,0,0,0,0,0,0
"4514","Habia stolzmanni",0,0,0,0,0,0,0,0,0,0,0,0,0,0
"4515","Habroptila wallacii",0,0,0,0,5,5,0,0,5,5,0,0,0,0
"4516","Haematoderus militaris",0,0,0,0,0,0,0,0,0,0,0,0,0,0
"4517","Haematopus ater",0,0,0,0,0,0,0,0,0,0,0,0,0,0
"4518","Haematopus chathamensis",0,0,0,0,3,0,0,5,0,5,0,0,6,0
"4519","Haematopus finschi",7,7,7,0,3,0,0,0,0,7,7,0,7,0
"4520","Haematopus fuliginosus",0,0,0,0,0,0,0,0,0,0,0,0,0,0
"4521","Haematopus leucopodus",0,0,0,0,0,0,0,0,0,0,0,0,0,0
"4522","Haematopus longirostris",0,0,0,0,0,0,0,0,0,0,0,0,0,0
"4523","Haematopus meadewaldoi",0,0,0,0,0,0,5,5,0,4,0,0,0,0
"4524","Haematopus moquini",3,0,0,0,0,0,0,6,0,5,0,0,0,0
"4525","Haematopus ostralegus",6,7,6,0,6,0,6,6,5,7,6,0,6,0
"4526","Haematopus palliatus",0,0,0,0,0,0,0,0,0,0,0,0,0,0
"4527","Haematopus unicolor",0,0,0,0,0,0,0,0,0,0,0,0,0,0
"4528","Haematortyx sanguiniceps",0,0,0,0,0,0,0,0,0,0,0,0,0,0
"4529","Haemorhous cassinii",0,0,0,0,0,5,0,0,3,3,0,0,5,0
"4530","Haemorhous mexicanus",0,0,0,0,0,0,0,0,0,0,0,0,0,0
"4531","Haemorhous purpureus",0,0,0,0,0,0,0,0,0,0,0,0,0,0
"4532","Hafferia fortis",0,0,0,0,0,0,0,0,0,0,0,0,0,0
"4533","Hafferia immaculata",0,0,0,0,0,0,0,0,0,0,0,0,0,0
"4534","Hafferia zeledoni",0,0,0,0,0,0,0,0,0,0,0,0,0,0
"4535","Halcyon albiventris",0,0,0,0,0,0,0,0,0,0,0,0,0,0
"4536","Halcyon badia",0,0,0,0,0,0,0,0,0,0,0,0,0,0
"4537","Halcyon chelicuti",0,0,0,0,0,0,0,0,0,0,0,0,0,0
"4538","Halcyon coromanda",0,0,0,0,0,0,0,0,0,0,0,0,0,0
"4539","Halcyon cyanoventris",0,0,0,0,0,0,0,0,0,0,0,0,0,0
"4540","Halcyon gularis",0,0,0,0,0,0,0,0,0,0,0,0,0,0
"4541","Halcyon leucocephala",0,0,0,0,0,0,0,0,0,0,0,0,0,0
"4542","Halcyon malimbica",0,0,0,0,0,0,0,0,0,0,0,0,0,0
"4543","Halcyon pileata",0,0,0,0,7,0,0,0,7,0,0,0,0,0
"4544","Halcyon senegalensis",0,0,0,0,0,0,0,0,0,0,0,0,0,0
"4545","Halcyon senegaloides",0,0,0,0,0,0,0,0,0,0,0,0,0,0
"4546","Halcyon smyrnensis",0,0,0,0,0,0,0,0,0,0,0,0,0,0
"4547","Haliaeetus albicilla",0,5,4,0,6,0,0,6,0,4,6,0,0,0
"4548","Haliaeetus leucocephalus",0,0,0,0,0,0,0,0,0,0,0,0,0,0
"4549","Haliaeetus leucogaster",5,5,0,0,5,5,0,0,0,0,5,0,5,0
"4550","Haliaeetus leucoryphus",5,6,6,0,6,6,6,6,5,5,6,0,5,0
"4551","Haliaeetus pelagicus",5,0,6,7,5,6,6,0,0,6,5,0,6,0
"4552","Haliaeetus sanfordi",0,5,0,0,5,6,0,0,0,0,4,0,4,0
"4553","Haliaeetus vocifer",7,0,0,0,0,0,7,0,0,0,7,0,0,0
"4554","Haliaeetus vociferoides",0,6,0,0,6,7,6,4,0,0,5,0,0,0
"4555","Haliastur indus",0,0,0,0,0,0,0,0,0,0,0,0,0,0
"4556","Haliastur sphenurus",0,0,0,0,0,0,0,0,0,0,0,0,0,0
"4557","Halobaena caerulea",0,0,0,0,0,0,0,0,0,6,0,0,0,0
"4558","Hamirostra melanosternon",0,4,0,0,4,0,0,0,8,0,0,0,0,0
"4559","Hapalopsittaca amazonina",5,5,4,0,0,5,0,0,4,0,0,0,0,0
"4560","Hapalopsittaca fuertesi",0,3,3,0,2,4,0,0,0,0,0,0,0,0
"4561","Hapalopsittaca melanotis",0,0,0,0,0,0,0,0,0,0,0,0,0,0
"4562","Hapalopsittaca pyrrhops",0,5,3,0,0,5,0,0,4,0,0,0,0,0
"4563","Hapaloptila castanea",0,0,0,0,0,0,0,0,0,0,0,0,0,0
"4564","Haplophaedia assimilis",0,0,0,0,0,0,0,0,0,0,0,0,0,0
"4565","Haplophaedia aureliae",0,0,0,0,0,0,0,0,0,0,0,0,0,0
"4566","Haplophaedia lugens",4,4,4,0,2,0,0,0,0,0,0,0,0,0
"4567","Haplospiza unicolor",0,0,0,0,0,0,0,0,0,0,0,0,0,0
"4568","Harpactes ardens",0,0,0,0,0,0,0,0,0,0,0,0,0,0
"4569","Harpactes diardii",0,6,0,0,0,6,0,0,5,0,0,0,0,0
"4570","Harpactes duvaucelii",0,5,0,0,0,5,0,0,5,0,0,0,0,0
"4571","Harpactes erythrocephalus",0,0,0,0,0,0,0,0,0,0,0,0,0,0
"4572","Harpactes fasciatus",0,0,0,0,0,0,0,0,0,0,0,0,0,0
"4573","Harpactes kasumba",0,6,0,0,0,6,0,0,6,0,0,0,0,0
"4574","Harpactes oreskios",0,0,0,0,0,0,0,0,0,0,0,0,0,0
"4575","Harpactes orrhophaeus",0,7,0,0,0,6,0,0,6,0,0,0,0,0
"4576","Harpactes wardi",0,4,0,0,0,0,0,0,0,4,0,0,0,0
"4577","Harpactes whiteheadi",0,5,0,0,0,5,0,0,0,0,0,0,0,0
"4578","Harpagus bidentatus",0,0,0,0,0,0,0,0,0,0,0,0,0,0
"4579","Harpagus diodon",0,0,0,0,0,0,0,0,0,0,0,0,0,0
"4580","Harpia harpyja",0,6,5,5,7,6,0,0,5,0,0,0,4,0
"4581","Harpyopsis novaeguineae",0,5,0,0,6,5,0,0,0,0,0,0,0,0
"4582","Hartertula flavoviridis",0,5,0,0,0,6,0,0,0,0,0,0,0,0
"4583","Hartlaubius auratus",0,0,0,0,0,0,0,0,0,0,0,0,0,0
"4584","Hedydipna collaris",0,0,0,0,0,0,0,0,0,0,0,0,0,0
"4585","Hedydipna metallica",0,0,0,0,0,0,0,0,0,0,0,0,0,0
"4586","Hedydipna pallidigaster",0,5,0,0,0,5,0,0,0,0,0,0,0,0
"4587","Hedydipna platura",0,0,0,0,0,0,0,0,0,0,0,0,0,0
"4588","Heinrichia calligyna",0,0,0,0,0,0,0,0,0,0,0,0,6,0
"4589","Heinrichia simplex",0,0,0,0,0,0,0,0,0,0,0,0,6,0
"4590","Heleia crassirostris",0,0,0,0,0,0,0,0,0,0,0,0,0,0
"4591","Heleia dohertyi",0,0,0,0,0,0,0,0,0,0,0,0,0,0
"4592","Heleia goodfellowi",0,0,0,0,0,0,0,0,0,0,0,0,6,0
"4593","Heleia javanica",0,0,0,0,0,0,0,0,0,0,0,0,0,0
"4594","Heleia muelleri",0,6,5,0,0,6,0,0,5,0,0,0,0,0
"4595","Heleia pinaiae",0,0,0,0,0,0,0,0,0,0,0,0,6,0
"4596","Heleia squamiceps",0,0,0,0,0,0,0,0,0,0,0,0,0,0
"4597","Heleia squamifrons",0,0,0,0,0,0,0,0,0,0,0,0,0,0
"4598","Heleia superciliaris",0,0,0,0,0,0,0,0,0,0,0,0,0,0
"4599","Heleia wallacei",0,0,0,0,0,0,0,0,0,0,0,0,0,0
"4600","Heliactin bilophus",0,0,0,0,0,0,0,0,0,0,0,0,0,0
"4601","Heliangelus amethysticollis",0,0,0,0,0,0,0,0,0,0,0,0,0,0
"4602","Heliangelus clarisse",0,0,0,0,0,0,0,0,0,0,0,0,0,0
"4603","Heliangelus exortis",0,0,0,0,0,0,0,0,0,0,0,0,0,0
"4604","Heliangelus mavors",0,0,0,0,0,0,0,0,0,0,0,0,0,0
"4605","Heliangelus micraster",0,0,0,0,0,0,0,0,0,0,0,0,0,0
"4606","Heliangelus regalis",0,5,5,5,7,0,0,0,0,0,0,0,0,0
"4607","Heliangelus spencei",0,4,0,0,0,0,0,0,0,0,0,0,0,0
"4608","Heliangelus strophianus",0,0,0,0,0,0,0,0,0,0,0,0,0,0
"4609","Heliangelus viola",0,0,0,0,0,0,0,0,0,0,0,0,0,0
"4610","Helicolestes hamatus",0,0,0,0,0,0,0,0,0,0,0,0,0,0
"4611","Heliobletus contaminatus",0,0,0,0,0,0,0,0,0,0,0,0,0,0
"4612","Heliodoxa aurescens",0,0,0,0,0,0,0,0,0,0,0,0,0,0
"4613","Heliodoxa branickii",0,0,0,0,0,0,0,0,0,0,0,0,0,0
"4614","Heliodoxa gularis",0,5,5,0,7,5,0,0,0,0,0,0,0,0
"4615","Heliodoxa imperatrix",0,0,0,0,0,0,0,0,0,0,0,0,0,0
"4616","Heliodoxa jacula",0,0,0,0,0,0,0,0,0,0,0,0,0,0
"4617","Heliodoxa leadbeateri",0,0,0,0,0,0,0,0,0,0,0,0,0,0
"4618","Heliodoxa rubinoides",0,0,0,0,0,0,0,0,0,0,0,0,0,0
"4619","Heliodoxa schreibersii",0,0,0,0,0,0,0,0,0,0,0,0,0,0
"4620","Heliodoxa whitelyana",0,0,0,0,0,0,0,0,0,0,0,0,0,0
"4621","Heliodoxa xanthogonys",0,0,0,0,0,0,0,0,0,0,0,0,0,0
"4622","Heliomaster constantii",0,0,0,0,0,0,0,0,0,0,0,0,0,0
"4623","Heliomaster furcifer",0,0,0,0,0,0,0,0,0,0,0,0,0,0
"4624","Heliomaster longirostris",0,0,0,0,0,0,0,0,0,0,0,0,0,0
"4625","Heliomaster squamosus",0,0,0,0,0,0,0,0,0,0,0,0,0,0
"4626","Heliopais personatus",6,7,5,5,6,6,0,5,6,0,5,0,5,0
"4627","Heliornis fulica",0,0,0,0,0,0,0,0,0,0,0,0,0,0
"4628","Heliothraupis oneilli",2,2,0,2,0,4,0,0,0,0,0,0,0,0
"4629","Heliothryx auritus",0,0,0,0,0,0,0,0,0,0,0,0,0,0
"4630","Heliothryx barroti",0,0,0,0,0,0,0,0,0,0,0,0,0,0
"4631","Hellmayrea gularis",0,0,0,0,0,0,0,0,0,0,0,0,0,0
"4632","Helmitheros vermivorum",0,0,0,0,0,0,0,0,0,0,0,0,0,0
"4633","Helopsaltes amnicola",0,0,0,0,0,0,0,0,0,0,0,0,0,0
"4634","Helopsaltes certhiola",0,0,0,0,0,0,0,0,0,0,0,0,0,0
"4635","Helopsaltes fasciolatus",0,0,0,0,0,0,0,0,0,0,0,0,0,0
"4636","Helopsaltes ochotensis",0,0,0,0,0,0,0,0,0,0,0,0,0,0
"4637","Helopsaltes pleskei",6,5,0,0,5,0,0,0,0,0,5,5,0,0
"4638","Helopsaltes pryeri",5,6,0,0,6,5,0,0,5,0,0,0,0,0
"4639","Hemicircus canente",0,0,0,0,0,0,0,0,0,0,0,0,0,0
"4640","Hemicircus concretus",0,0,0,0,0,0,0,0,0,0,0,0,0,0
"4641","Hemicircus sordidus",0,0,0,0,0,0,0,0,0,0,0,0,0,0
"4642","Hemignathus affinis",0,3,0,0,0,0,0,0,0,7,0,0,5,0
"4643","Hemignathus hanapepe",0,3,0,0,0,0,0,0,0,7,0,0,5,0
"4644","Hemignathus lucidus",0,5,0,0,0,5,0,0,0,6,0,0,0,0
"4645","Hemignathus wilsoni",0,3,0,0,0,3,0,0,0,7,0,0,7,0
"4646","Hemimacronyx chloris",0,6,7,0,0,0,0,0,6,5,0,0,7,0
"4647","Hemiphaga chathamensis",0,0,0,0,1,4,0,0,0,4,0,0,0,0
"4648","Hemiphaga novaeseelandiae",4,0,0,4,4,4,0,0,0,5,0,0,0,0
"4649","Hemiprocne comata",0,0,0,0,0,0,0,0,0,0,0,0,0,0
"4650","Hemiprocne coronata",0,0,0,0,0,0,0,0,0,0,0,0,0,0
"4651","Hemiprocne longipennis",0,0,0,0,5,6,0,0,0,0,0,0,0,0
"4652","Hemiprocne mystacea",0,0,0,0,0,0,0,0,0,0,0,0,0,0
"4653","Hemipus hirundinaceus",0,0,0,0,0,0,0,0,0,0,0,0,0,0
"4654","Hemipus picatus",0,0,0,0,0,0,0,0,0,0,0,0,0,0
"4655","Hemitesia neumanni",0,0,0,0,0,0,0,0,0,0,0,0,6,0
"4656","Hemitesia pallidipes",0,0,0,0,0,0,0,0,0,0,0,0,0,0
"4657","Hemithraupis flavicollis",0,0,0,0,0,0,0,0,0,0,0,0,0,0
"4658","Hemithraupis guira",0,0,0,0,0,0,0,0,0,0,0,0,0,0
"4659","Hemithraupis ruficapilla",0,0,0,0,0,0,0,0,0,0,0,0,0,0
"4660","Hemitriccus cinnamomeipectus",0,4,4,0,0,0,0,0,0,0,0,0,0,0
"4661","Hemitriccus cohnhafti",0,6,0,0,0,0,0,0,0,0,0,0,0,0
"4662","Hemitriccus diops",0,0,0,0,0,0,0,0,0,0,0,0,0,0
"4663","Hemitriccus flammulatus",0,0,0,0,0,0,0,0,0,0,0,0,0,0
"4664","Hemitriccus furcatus",6,6,0,0,0,6,0,0,0,0,0,0,0,0
"4665","Hemitriccus granadensis",0,0,0,0,0,0,0,0,0,0,0,0,0,0
"4666","Hemitriccus griseipectus",0,0,0,0,0,0,0,0,0,0,0,0,0,0
"4667","Hemitriccus inornatus",0,0,0,0,0,0,0,0,0,0,0,0,0,0
"4668","Hemitriccus iohannis",0,0,0,0,0,0,0,0,0,0,0,0,0,0
"4669","Hemitriccus josephinae",0,0,0,0,0,0,0,0,0,0,0,0,0,0
"4670","Hemitriccus kaempferi",7,8,0,6,0,4,0,0,0,0,0,0,3,0
"4671","Hemitriccus margaritaceiventer",0,0,0,0,0,0,0,0,0,0,0,0,0,0
"4672","Hemitriccus minimus",0,0,0,0,0,0,0,0,0,0,0,0,0,0
"4673","Hemitriccus minor",0,0,0,0,0,0,0,0,0,0,0,0,0,0
"4674","Hemitriccus mirandae",5,7,0,0,0,0,0,0,6,0,0,0,6,0
"4675","Hemitriccus nidipendulus",0,0,0,0,0,0,0,0,0,0,0,0,0,0
"4676","Hemitriccus obsoletus",0,0,0,0,0,0,0,0,0,0,0,0,0,0
"4677","Hemitriccus orbitatus",6,6,3,5,0,0,0,0,0,0,0,0,0,0
"4678","Hemitriccus rufigularis",4,5,0,0,0,4,0,0,0,0,0,0,0,0
"4679","Hemitriccus spodiops",0,0,0,0,0,0,0,0,0,0,0,0,0,0
"4680","Hemitriccus striaticollis",0,0,0,0,0,0,0,0,0,0,0,0,0,0
"4681","Hemitriccus zosterops",0,0,0,0,0,0,0,0,0,0,0,0,0,0
"4682","Hemixos castanonotus",0,0,0,0,0,0,0,0,0,0,0,0,0,0
"4683","Hemixos cinereus",0,0,0,0,0,0,0,0,0,0,0,0,0,0
"4684","Hemixos connectens",0,0,0,0,0,0,0,0,0,0,0,0,0,0
"4685","Hemixos flavala",0,0,0,0,0,0,0,0,0,0,0,0,0,0
"4686","Hemixos leucogrammicus",0,0,0,0,0,0,0,0,0,0,0,0,0,0
"4687","Henicopernis infuscatus",0,5,0,0,4,6,0,0,0,0,0,0,0,0
"4688","Henicopernis longicauda",0,0,0,0,0,0,0,0,0,0,0,0,0,0
"4689","Henicophaps albifrons",0,0,0,0,0,0,0,0,0,0,0,0,0,0
"4690","Henicophaps foersteri",0,7,0,0,0,5,0,0,0,7,0,0,0,0
"4691","Henicorhina anachoreta",0,5,0,0,0,5,0,0,5,0,0,0,0,0
"4692","Henicorhina leucophrys",0,0,0,0,0,0,0,0,0,0,0,0,0,0
"4693","Henicorhina leucoptera",0,5,0,0,0,0,0,0,4,0,0,0,0,0
"4694","Henicorhina leucosticta",0,0,0,0,0,0,0,0,0,0,0,0,0,0
"4695","Henicorhina negreti",0,7,0,0,0,7,0,0,7,6,0,0,5,0
"4696","Herpetotheres cachinnans",0,0,0,0,0,0,0,0,0,0,0,0,0,0
"4697","Herpsilochmus atricapillus",0,0,0,0,0,0,0,0,0,0,0,0,0,0
"4698","Herpsilochmus axillaris",0,5,0,0,0,5,0,0,0,0,0,0,0,0
"4699","Herpsilochmus dorsimaculatus",0,0,0,0,0,0,0,0,0,0,0,0,0,0
"4700","Herpsilochmus dugandi",0,0,0,0,0,0,0,0,0,0,0,0,0,0
"4701","Herpsilochmus gentryi",5,6,0,6,0,6,0,0,0,0,0,0,0,0
"4702","Herpsilochmus longirostris",0,0,0,0,0,0,0,0,0,0,0,0,0,0
"4703","Herpsilochmus motacilloides",0,5,0,0,0,0,0,0,0,0,0,0,0,0
"4704","Herpsilochmus parkeri",5,6,0,4,0,6,0,0,0,0,0,0,0,0
"4705","Herpsilochmus pectoralis",0,6,0,0,0,7,0,0,0,0,0,0,0,0
"4706","Herpsilochmus pileatus",0,5,0,0,0,5,0,0,0,0,0,0,0,0
"4707","Herpsilochmus praedictus",0,0,0,0,0,0,0,0,0,0,0,0,0,0
"4708","Herpsilochmus roraimae",0,0,0,0,0,0,0,0,0,0,0,0,0,0
"4709","Herpsilochmus rufimarginatus",0,0,0,0,0,0,0,0,0,0,0,0,0,0
"4710","Herpsilochmus scapularis",0,0,0,0,0,0,0,0,0,0,0,0,0,0
"4711","Herpsilochmus sellowi",5,6,0,5,0,0,0,0,5,0,0,0,0,0
"4712","Herpsilochmus stictocephalus",0,0,0,0,0,0,0,0,0,0,0,0,0,0
"4713","Herpsilochmus sticturus",0,0,0,0,0,0,0,0,0,0,0,0,0,0
"4714","Herpsilochmus stotzi",0,6,0,0,0,0,0,0,0,0,0,0,0,0
"4715","Hesperiphona abeillei",0,0,0,0,0,0,0,0,0,0,0,0,0,0
"4716","Hesperiphona vespertina",6,0,0,6,0,5,0,0,0,6,5,0,0,0
"4717","Heteralocha acutirostris",0,0,0,0,4,4,0,0,0,4,0,0,0,0
"4718","Heterocercus aurantiivertex",0,0,0,0,0,0,0,0,0,0,0,0,0,0
"4719","Heterocercus flavivertex",0,0,0,0,0,0,0,0,0,0,0,0,0,0
"4720","Heterocercus linteatus",0,0,0,0,0,0,0,0,0,0,0,0,0,0
"4721","Heteromirafra archeri",0,7,0,0,0,0,0,2,6,6,0,0,7,0
"4722","Heteromirafra ruddi",6,6,5,0,0,0,0,0,6,6,0,0,5,0
"4723","Heteromunia pectoralis",0,5,0,0,0,0,0,0,5,5,0,0,0,0
"4724","Heteromyias albispecularis",0,0,0,0,0,0,0,0,0,0,0,0,6,0
"4725","Heteromyias armiti",0,0,0,0,0,0,0,0,0,0,0,0,6,0
"4726","Heteromyias cinereifrons",0,0,0,0,0,0,0,0,0,0,0,0,7,0
"4727","Heteronetta atricapilla",0,0,0,0,0,0,0,0,0,0,0,0,0,0
"4728","Heterophasia auricularis",0,0,0,0,0,0,0,0,0,0,0,0,0,0
"4729","Heterophasia capistrata",0,0,0,0,0,0,0,0,0,0,0,0,0,0
"4730","Heterophasia desgodinsi",0,0,0,0,0,0,0,0,0,0,0,0,0,0
"4731","Heterophasia gracilis",0,0,0,0,0,0,0,0,0,0,0,0,0,0
"4732","Heterophasia melanoleuca",0,0,0,0,0,0,0,0,0,0,0,0,0,0
"4733","Heterophasia picaoides",0,0,0,0,0,0,0,0,0,0,0,0,0,0
"4734","Heterophasia pulchella",0,0,0,0,0,0,0,0,0,0,0,0,0,0
"4735","Heteroscenes pallidus",0,0,0,0,0,0,0,0,0,0,0,0,0,0
"4736","Heterospingus rubrifrons",0,0,0,0,0,0,0,0,0,0,0,0,0,0
"4737","Heterospingus xanthopygius",0,0,0,0,0,0,0,0,0,0,0,0,0,0
"4738","Heterotetrax humilis",0,6,0,0,6,6,0,6,0,0,0,0,6,0
"4739","Heterotetrax rueppelii",0,0,0,0,0,0,0,0,0,0,0,0,0,0
"4740","Heterotetrax vigorsii",0,0,0,0,0,0,0,0,0,0,0,0,6,0
"4741","Heteroxenicus stellatus",0,0,0,0,0,0,0,0,0,0,0,0,0,0
"4742","Hieraaetus ayresii",0,0,0,0,4,5,0,0,0,0,7,0,0,0
"4743","Hieraaetus morphnoides",0,0,0,0,0,0,0,0,0,0,0,0,0,0
"4744","Hieraaetus pennatus",4,5,4,5,5,5,0,4,5,0,4,0,0,0
"4745","Hieraaetus wahlbergi",0,0,0,0,4,4,0,4,0,0,0,0,0,0
"4746","Hieraaetus weiskei",0,0,0,0,0,0,0,0,0,0,0,0,0,0
"4747","Hierococcyx bocki",0,0,0,0,0,0,0,0,0,0,0,0,0,0
"4748","Hierococcyx fugax",0,0,0,0,0,0,0,0,0,0,0,0,0,0
"4749","Hierococcyx hyperythrus",0,0,0,0,0,0,0,0,0,0,0,0,0,0
"4750","Hierococcyx nisicolor",0,0,0,0,0,0,0,0,0,0,0,0,0,0
"4751","Hierococcyx pectoralis",0,0,0,0,0,0,0,0,0,0,0,0,0,0
"4752","Hierococcyx sparverioides",0,0,0,0,0,0,0,0,0,0,0,0,0,0
"4753","Hierococcyx vagans",0,5,0,0,0,5,0,0,3,0,0,0,0,0
"4754","Hierococcyx varius",0,0,0,0,0,0,0,0,0,0,0,0,0,0
"4755","Himalayapsitta cyanocephala",0,0,0,0,0,0,0,0,0,0,0,0,0,0
"4756","Himalayapsitta finschii",0,5,0,0,6,6,0,0,0,0,0,0,0,0
"4757","Himalayapsitta himalayana",0,0,0,0,0,0,0,0,0,0,0,0,0,0
"4758","Himalayapsitta roseata",0,6,0,0,6,6,0,0,0,0,0,0,0,0
"4759","Himantopus himantopus",0,0,0,0,0,0,0,0,0,0,0,0,0,0
"4760","Himantopus novaezelandiae",3,0,0,0,0,0,0,5,3,7,0,0,0,0
"4761","Himantornis haematopus",0,0,0,0,0,6,0,0,0,0,0,0,0,0
"4762","Himatione fraithii",0,0,0,0,0,0,0,0,0,5,0,0,0,0
"4763","Himatione sanguinea",0,0,0,0,0,0,0,0,0,5,0,0,0,0
"4764","Hippolais icterina",0,0,0,0,0,0,0,0,0,0,0,0,0,0
"4765","Hippolais languida",0,0,0,0,0,0,0,0,0,0,0,0,0,0
"4766","Hippolais olivetorum",0,0,0,0,0,0,0,0,0,0,0,0,0,0
"4767","Hippolais polyglotta",0,0,0,0,0,0,0,0,0,0,0,0,0,0
"4768","Hirundapus caudacutus",0,0,0,0,0,0,0,0,0,0,0,0,0,0
"4769","Hirundapus celebensis",0,0,0,0,0,0,0,0,0,0,0,0,0,0
"4770","Hirundapus cochinchinensis",0,0,0,0,0,0,0,0,0,0,0,0,0,0
"4771","Hirundapus giganteus",0,0,0,0,0,0,0,0,0,0,0,0,0,0
"4772","Hirundinea bellicosa",0,0,0,0,0,0,0,0,0,0,0,0,0,0
"4773","Hirundinea ferruginea",0,0,0,0,0,0,0,0,0,0,0,0,0,0
"4774","Hirundo aethiopica",0,0,0,0,0,0,0,0,0,0,0,0,0,0
"4775","Hirundo albigularis",0,0,0,0,0,0,0,0,0,0,0,0,0,0
"4776","Hirundo angolensis",0,0,0,0,0,0,0,0,0,0,0,0,0,0
"4777","Hirundo atrocaerulea",5,6,3,0,4,0,0,5,6,6,4,0,3,0
"4778","Hirundo dimidiata",0,0,0,0,0,0,0,0,0,0,0,0,0,0
"4779","Hirundo javanica",0,0,0,0,0,0,0,0,0,0,0,0,0,0
"4780","Hirundo leucosoma",0,0,0,0,0,0,0,0,0,0,0,0,0,0
"4781","Hirundo lucida",0,0,0,0,0,0,0,0,0,0,0,0,0,0
"4782","Hirundo megaensis",0,6,0,0,0,0,0,0,7,0,0,0,8,0
"4783","Hirundo neoxena",0,0,0,0,0,0,0,0,0,0,0,0,0,0
"4784","Hirundo nigrita",0,0,0,0,0,0,0,0,0,0,0,0,0,0
"4785","Hirundo nigrorufa",0,0,0,0,0,0,0,0,0,0,0,0,0,0
"4786","Hirundo rustica",0,5,0,0,4,0,0,0,5,5,5,0,6,0
"4787","Hirundo smithii",0,0,0,0,0,0,0,0,0,0,0,0,0,0
"4788","Hirundo tahitica",0,0,0,0,0,0,0,0,0,0,0,0,0,0
"4789","Histrionicus histrionicus",0,0,0,0,4,0,0,0,4,0,3,0,0,0
"4790","Histurgops ruficauda",0,0,0,0,0,0,0,0,0,0,0,0,0,0
"4791","Hoploxypterus cayanus",0,0,0,0,0,0,0,0,0,0,0,0,0,0
"4792","Horizocerus albocristatus",0,0,0,0,0,0,0,0,0,0,0,0,0,0
"4793","Horizocerus cassini",0,0,0,0,0,0,0,0,0,0,0,0,0,0
"4794","Horizocerus granti",0,0,0,0,0,0,0,0,0,0,0,0,0,0
"4795","Horizocerus hartlaubi",0,0,0,0,0,0,0,0,0,0,0,0,0,0
"4796","Horornis acanthizoides",0,0,0,0,0,0,0,0,0,0,0,0,0,0
"4797","Horornis annae",0,0,0,0,0,0,0,0,0,0,0,0,0,0
"4798","Horornis brunnescens",0,0,0,0,0,0,0,0,0,0,0,0,0,0
"4799","Horornis canturians",0,0,0,0,0,0,0,0,0,0,0,0,0,0
"4800","Horornis carolinae",0,5,0,0,0,5,0,0,0,0,0,0,0,0
"4801","Horornis diphone",0,0,0,0,0,0,0,0,0,0,0,0,0,0
"4802","Horornis flavolivaceus",0,0,0,0,0,0,0,0,0,0,0,0,0,0
"4803","Horornis fortipes",0,0,0,0,0,0,0,0,0,0,0,0,0,0
"4804","Horornis haddeni",0,5,0,0,0,0,0,0,0,5,0,0,0,0
"4805","Horornis parens",0,0,0,0,0,0,0,0,0,0,0,0,6,0
"4806","Horornis ruficapilla",0,0,0,0,0,0,0,0,0,0,0,0,0,0
"4807","Horornis seebohmi",0,0,0,0,0,0,0,0,0,0,0,0,0,0
"4808","Houbaropsis bengalensis",0,7,0,3,6,5,0,5,0,0,0,0,0,0
"4809","Humblotia flavirostris",0,5,0,6,0,4,0,0,4,8,0,0,6,0
"4810","Hydrobates castro",0,0,0,0,3,0,0,0,0,5,4,0,0,0
"4811","Hydrobates cheimomnestes",0,0,0,0,0,0,0,3,0,4,0,0,0,0
"4812","Hydrobates furcatus",0,0,0,0,0,0,0,0,0,6,0,0,0,0
"4813","Hydrobates homochroa",0,0,0,0,0,0,0,4,0,6,6,0,3,0
"4814","Hydrobates hornbyi",0,0,6,6,0,0,0,0,0,0,7,0,0,0
"4815","Hydrobates jabejabe",3,0,0,0,0,0,0,5,0,7,7,0,0,0
"4816","Hydrobates leucorhous",0,0,0,0,0,0,0,5,0,6,7,0,0,0
"4817","Hydrobates macrodactylus",0,0,0,0,0,0,0,0,0,9,0,0,0,0
"4818","Hydrobates markhami",0,0,5,4,0,0,0,4,0,0,6,0,0,0
"4819","Hydrobates matsudairae",0,0,0,0,0,0,0,0,0,7,0,0,0,0
"4820","Hydrobates melania",0,0,0,0,0,0,0,0,0,6,0,0,5,0
"4821","Hydrobates microsoma",0,0,0,0,0,0,0,0,0,2,0,0,0,0
"4822","Hydrobates monorhis",4,0,5,0,0,0,0,0,0,7,4,0,0,0
"4823","Hydrobates monteiroi",4,0,0,5,4,0,0,0,0,7,4,0,0,0
"4824","Hydrobates pelagicus",0,0,0,0,0,0,0,0,0,5,0,0,0,0
"4825","Hydrobates socorroensis",0,0,0,0,0,0,0,3,0,5,0,0,0,0
"4826","Hydrobates tethys",0,0,0,0,0,0,0,0,0,5,0,0,0,0
"4827","Hydrobates tristrami",0,0,0,0,0,0,0,0,0,6,0,0,5,0
"4828","Hydrochous gigas",0,5,0,5,0,6,0,0,0,0,0,0,0,0
"4829","Hydrocoloeus minutus",0,0,0,0,0,0,0,0,0,0,0,0,0,0
"4830","Hydrophasianus chirurgus",0,0,0,0,0,0,0,0,0,0,0,0,0,0
"4831","Hydroprogne caspia",0,0,0,0,4,0,0,4,0,0,0,0,0,0
"4832","Hydropsalis cayennensis",0,0,0,0,0,0,0,0,0,0,0,0,0,0
"4833","Hydropsalis climacocerca",0,0,0,0,0,0,0,0,0,0,0,0,0,0
"4834","Hydropsalis maculicaudus",0,0,0,0,0,0,0,0,0,0,0,0,0,0
"4835","Hydropsalis torquata",0,0,0,0,0,0,0,0,0,0,0,0,0,0
"4836","Hydrornis baudii",0,6,0,0,0,6,0,0,5,0,0,0,0,0
"4837","Hydrornis caeruleus",0,6,0,0,0,6,0,0,5,0,0,0,0,0
"4838","Hydrornis cyaneus",0,0,0,0,0,0,0,0,0,0,0,0,0,0
"4839","Hydrornis elliotii",0,0,0,0,0,0,0,0,0,0,0,0,0,0
"4840","Hydrornis guajanus",0,0,0,0,0,0,0,0,0,0,0,0,0,0
"4841","Hydrornis gurneyi",0,7,0,0,6,7,0,5,0,5,0,0,0,0
"4842","Hydrornis irena",0,6,0,0,6,6,0,0,3,0,0,0,0,0
"4843","Hydrornis nipalensis",0,0,0,0,0,0,0,0,0,0,0,0,0,0
"4844","Hydrornis oatesi",0,0,0,0,0,0,0,0,0,0,0,0,0,0
"4845","Hydrornis phayrei",0,0,0,0,0,0,0,0,0,0,0,0,0,0
"4846","Hydrornis schneideri",0,5,0,0,0,5,0,0,0,0,0,0,0,0
"4847","Hydrornis schwaneri",0,0,0,0,0,0,0,0,0,0,0,0,0,0
"4848","Hydrornis soror",0,0,0,0,0,0,0,0,0,0,0,0,0,0
"4849","Hylacola cauta",0,0,0,0,0,0,0,0,0,0,0,0,6,0
"4850","Hylacola pyrrhopygia",0,0,0,0,0,0,0,0,0,0,0,0,6,0
"4851","Hylatomus fuscipennis",0,0,0,0,0,0,0,0,0,0,0,0,0,0
"4852","Hylatomus lineatus",0,0,0,0,0,0,0,0,0,0,0,0,0,0
"4853","Hylatomus pileatus",0,0,0,0,0,0,0,0,0,0,0,0,0,0
"4854","Hylatomus schulzii",0,6,0,0,0,6,0,0,0,0,0,0,0,0
"4855","Hylexetastes perrotii",0,5,0,0,0,5,0,0,0,0,0,0,0,0
"4856","Hylexetastes stresemanni",0,0,0,0,0,0,0,0,0,0,0,0,0,0
"4857","Hylexetastes uniformis",0,7,0,0,0,0,0,0,0,0,0,0,0,0
"4858","Hylia prasina",0,0,0,0,0,0,0,0,0,0,0,0,0,0
"4859","Hyliota australis",0,0,0,0,0,0,0,0,0,0,0,0,0,0
"4860","Hyliota flavigaster",0,0,0,0,0,0,0,0,0,0,0,0,0,0
"4861","Hyliota usambara",0,6,0,0,0,6,0,0,0,0,0,0,0,0
"4862","Hyliota violacea",0,0,0,0,0,0,0,0,0,0,0,0,0,0
"4863","Hylocharis chrysura",0,0,0,0,0,0,0,0,0,0,0,0,0,0
"4864","Hylocharis sapphirina",0,0,0,0,0,0,0,0,0,0,0,0,0,0
"4865","Hylocichla mustelina",5,6,0,0,0,6,0,0,0,0,6,0,0,0
"4866","Hylocitrea bonensis",0,0,0,0,0,0,0,0,0,0,0,0,6,0
"4867","Hylocitrea bonthaina",6,6,0,0,0,6,0,0,0,0,0,0,6,0
"4868","Hylomanes momotula",0,0,0,0,0,0,0,0,0,0,0,0,0,0
"4869","Hylonympha macrocerca",0,5,0,0,0,4,0,0,5,0,0,0,7,0
"4870","Hylopezus auricularis",0,0,0,0,0,0,0,0,7,0,0,0,0,0
"4871","Hylopezus macularius",0,0,0,0,0,0,0,0,0,0,0,0,0,0
"4872","Hylopezus ochroleucus",0,6,0,4,0,6,0,0,0,0,0,0,0,0
"4873","Hylopezus perspicillatus",0,0,0,0,0,0,0,0,0,0,0,0,0,0
"4874","Hylophilus amaurocephalus",0,0,0,0,0,0,0,0,0,0,0,0,0,0
"4875","Hylophilus brunneiceps",0,0,0,0,0,0,0,0,0,0,0,0,0,0
"4876","Hylophilus flavipes",0,0,0,0,0,0,0,0,0,0,0,0,0,0
"4877","Hylophilus griseiventris",0,0,0,0,0,0,0,0,0,0,0,0,0,0
"4878","Hylophilus insularis",0,0,0,0,0,0,0,0,0,0,0,0,0,0
"4879","Hylophilus olivaceus",0,4,0,0,0,0,0,0,0,0,0,0,0,0
"4880","Hylophilus pectoralis",0,0,0,0,0,0,0,0,0,0,0,0,0,0
"4881","Hylophilus poicilotis",0,0,0,0,0,0,0,0,0,0,0,0,0,0
"4882","Hylophilus semicinereus",0,0,0,0,0,0,0,0,0,0,0,0,0,0
"4883","Hylophilus thoracicus",0,0,0,0,0,0,0,0,0,0,0,0,0,0
"4884","Hylophilus viridiflavus",0,0,0,0,0,0,0,0,0,0,0,0,0,0
"4885","Hylophylax naevioides",0,0,0,0,0,0,0,0,0,0,0,0,0,0
"4886","Hylophylax naevius",0,0,0,0,0,0,0,0,0,0,0,0,0,0
"4887","Hylophylax punctulatus",0,0,0,0,0,0,0,0,0,0,0,0,0,0
"4888","Hylopsar cupreocauda",0,6,0,0,0,7,0,0,0,0,0,0,0,0
"4889","Hylopsar purpureiceps",0,0,0,0,0,0,0,0,0,0,0,0,0,0
"4890","Hylorchilus navai",0,6,0,5,0,6,0,0,0,0,0,0,0,0
"4891","Hylorchilus sumichrasti",0,5,6,0,0,0,0,0,5,0,0,0,0,0
"4892","Hymenolaimus malacorhynchos",0,5,0,0,0,0,0,5,2,7,0,0,6,0
"4893","Hymenops perspicillatus",0,0,0,0,0,0,0,0,0,0,0,0,0,0
"4894","Hypargos margaritatus",0,0,0,0,0,0,0,0,0,0,0,0,5,0
"4895","Hypargos niveoguttatus",0,0,0,0,0,0,0,0,0,0,0,0,0,0
"4896","Hypergerus atriceps",0,0,0,0,0,0,0,0,0,0,0,0,0,0
"4897","Hypnelus bicinctus",0,0,0,0,0,0,0,0,0,0,0,0,0,0
"4898","Hypnelus ruficollis",0,0,0,0,0,0,0,0,0,0,0,0,0,0
"4899","Hypocnemis cantator",0,4,0,0,0,0,0,0,0,0,0,0,0,0
"4900","Hypocnemis flavescens",0,0,0,0,0,0,0,0,0,0,0,0,0,0
"4901","Hypocnemis hypoxantha",0,0,0,0,0,0,0,0,0,0,0,0,0,0
"4902","Hypocnemis ochrogyna",0,6,0,5,0,0,0,0,0,0,0,0,0,0
"4903","Hypocnemis peruviana",0,0,0,0,0,0,0,0,0,0,0,0,0,0
"4904","Hypocnemis rondoni",0,6,0,0,0,0,0,0,5,0,0,0,0,0
"4905","Hypocnemis striata",0,6,0,0,0,6,0,0,0,0,0,0,0,0
"4906","Hypocnemis subflava",0,0,0,0,0,0,0,0,0,0,0,0,0,0
"4907","Hypocnemoides maculicauda",0,0,0,0,0,0,0,0,0,0,0,0,0,0
"4908","Hypocnemoides melanopogon",0,0,0,0,0,0,0,0,0,0,0,0,0,0
"4909","Hypocolius ampelinus",0,0,0,0,0,0,0,0,0,0,0,0,0,0
"4910","Hypocryptadius cinnamomeus",0,0,0,0,0,0,0,0,0,0,0,0,0,0
"4911","Hypoedaleus guttatus",0,0,0,0,0,0,0,0,0,0,0,0,0,0
"4912","Hypopyrrhus pyrohypogaster",0,5,0,0,5,5,0,0,0,5,0,0,0,0
"4913","Hypositta corallirostris",0,0,0,0,0,0,0,0,0,0,0,0,0,0
"4914","Hypotaenidia dieffenbachii",0,0,0,0,0,0,0,0,5,5,0,0,0,0
"4915","Hypotaenidia immaculata",0,0,0,0,6,0,0,0,0,5,0,0,0,0
"4916","Hypotaenidia insignis",0,5,0,0,5,5,0,0,0,0,0,0,0,0
"4917","Hypotaenidia okinawae",5,5,0,6,0,5,0,0,5,7,0,0,6,0
"4918","Hypotaenidia owstoni",5,5,0,0,0,0,0,0,4,6,0,0,6,0
"4919","Hypotaenidia pacifica",0,0,0,0,0,0,0,0,0,5,0,0,0,0
"4920","Hypotaenidia philippensis",0,0,0,0,0,0,0,0,0,0,0,0,0,0
"4921","Hypotaenidia poeciloptera",0,0,0,0,0,0,0,0,0,6,0,0,0,0
"4922","Hypotaenidia rovianae",0,0,0,0,0,0,0,0,0,4,0,0,0,0
"4923","Hypotaenidia sylvestris",0,0,0,0,3,0,0,0,0,6,0,0,6,0
"4924","Hypotaenidia tertia",7,0,0,0,6,0,0,0,0,7,0,0,0,0
"4925","Hypotaenidia torquata",0,0,0,0,0,0,0,0,0,0,0,0,0,0
"4926","Hypotaenidia wakensis",0,0,0,0,6,0,0,0,0,0,0,0,2,0
"4927","Hypotaenidia woodfordi",0,0,0,0,6,0,0,0,0,5,0,0,0,0
"4928","Hypothymis azurea",0,0,0,0,0,0,0,0,0,0,0,0,0,0
"4929","Hypothymis coelestis",5,5,4,5,0,6,0,0,0,0,0,0,0,0
"4930","Hypothymis helenae",0,6,0,0,0,6,0,0,5,0,0,0,0,0
"4931","Hypothymis puella",0,0,0,0,0,0,0,0,0,0,0,0,0,0
"4932","Hypsipetes affinis",0,0,0,0,0,0,0,0,0,0,0,0,0,0
"4933","Hypsipetes amaurotis",0,0,0,0,0,0,0,0,0,0,0,0,0,0
"4934","Hypsipetes aureus",0,0,0,0,0,0,0,0,0,0,0,0,0,0
"4935","Hypsipetes borbonicus",0,4,0,0,4,4,0,0,0,6,0,0,0,0
"4936","Hypsipetes catarmanensis",0,0,0,0,0,0,0,0,0,0,0,0,0,0
"4937","Hypsipetes chloris",0,0,0,0,0,0,0,0,0,0,0,0,0,0
"4938","Hypsipetes crassirostris",0,0,0,0,0,0,0,0,0,0,0,0,0,0
"4939","Hypsipetes everetti",0,0,0,0,0,0,0,0,0,0,0,0,0,0
"4940","Hypsipetes ganeesa",0,0,0,0,0,0,0,0,0,0,0,0,0,0
"4941","Hypsipetes harterti",0,0,0,0,0,0,0,0,0,0,0,0,0,0
"4942","Hypsipetes haynaldi",0,6,0,0,0,0,0,0,0,0,0,0,0,0
"4943","Hypsipetes leucocephalus",0,0,0,0,0,0,0,0,0,0,0,0,0,0
"4944","Hypsipetes longirostris",0,0,0,0,0,0,0,0,0,0,0,0,0,0
"4945","Hypsipetes lucasi",0,0,0,0,0,0,0,0,0,0,0,0,0,0
"4946","Hypsipetes madagascariensis",0,0,0,0,0,0,0,0,0,0,0,0,0,0
"4947","Hypsipetes moheliensis",0,5,0,0,0,5,0,0,0,0,0,0,6,0
"4948","Hypsipetes mysticalis",0,0,0,0,0,0,0,0,0,0,0,0,0,0
"4949","Hypsipetes olivaceus",0,0,0,0,0,0,0,0,0,6,0,0,0,0
"4950","Hypsipetes parvirostris",0,4,0,0,0,0,0,0,0,0,0,0,0,0
"4951","Hypsipetes philippinus",0,0,0,0,0,0,0,0,0,0,0,0,0,0
"4952","Hypsipetes platenae",0,6,0,0,0,6,0,0,0,0,0,0,0,0
"4953","Hypsipetes rufigularis",0,6,0,0,0,6,0,0,5,0,0,0,0,0
"4954","Hypsipetes siquijorensis",0,6,0,0,0,8,0,0,0,5,0,0,0,0
"4955","Hypsipetes thompsoni",0,0,0,0,0,0,0,0,0,0,0,0,0,0
"4956","Ianthocincla bieti",5,6,0,0,5,6,0,0,0,0,0,0,0,0
"4957","Ianthocincla cineracea",0,0,0,0,0,0,0,0,0,0,0,0,0,0
"4958","Ianthocincla cinereiceps",0,0,0,0,0,0,0,0,0,0,0,0,0,0
"4959","Ianthocincla konkakinhensis",0,6,0,4,0,6,0,0,0,0,0,0,0,0
"4960","Ianthocincla lunulata",0,0,0,0,0,0,0,0,0,0,0,0,0,0
"4961","Ianthocincla maxima",0,0,0,0,0,0,0,0,0,0,0,0,0,0
"4962","Ianthocincla ocellata",0,0,0,0,0,0,0,0,0,0,0,0,0,0
"4963","Ianthocincla rufogularis",0,0,0,0,0,0,0,0,0,0,0,0,0,0
"4964","Ianthocincla sukatschewi",0,6,0,0,0,6,0,0,0,0,0,0,0,0
"4965","Ibidorhyncha struthersii",0,0,0,0,0,0,0,0,0,0,0,0,0,0
"4966","Ibycter americanus",0,0,0,0,0,0,0,0,0,0,0,0,0,0
"4967","Icteria virens",0,0,0,0,0,0,0,0,0,0,0,0,0,0
"4968","Icterus abeillei",0,0,0,0,0,0,0,0,0,0,0,0,0,0
"4969","Icterus auratus",0,0,0,0,0,0,0,0,0,0,0,0,0,0
"4970","Icterus auricapillus",0,0,0,0,0,0,0,0,0,0,0,0,0,0
"4971","Icterus bonana",0,5,0,0,0,0,0,0,0,7,0,0,0,0
"4972","Icterus bullockiorum",0,0,0,0,0,0,0,0,0,0,0,0,0,0
"4973","Icterus cayanensis",0,0,0,0,0,0,0,0,0,0,0,0,0,0
"4974","Icterus chrysater",0,0,0,0,0,0,0,0,0,0,0,0,0,0
"4975","Icterus chrysocephalus",0,0,0,0,0,0,0,0,0,0,0,0,0,0
"4976","Icterus croconotus",0,0,0,0,0,0,0,0,0,0,0,0,0,0
"4977","Icterus cucullatus",0,0,0,0,0,0,0,0,0,0,0,0,0,0
"4978","Icterus dominicensis",0,0,0,0,0,0,0,0,0,0,0,0,0,0
"4979","Icterus fuertesi",0,0,0,0,0,0,0,0,0,0,0,0,0,0
"4980","Icterus galbula",0,0,0,0,0,0,0,0,0,0,0,0,0,0
"4981","Icterus graceannae",0,0,0,0,0,0,0,0,0,0,0,0,0,0
"4982","Icterus graduacauda",0,0,0,0,0,0,0,0,0,0,0,0,0,0
"4983","Icterus gularis",0,0,0,0,0,0,0,0,0,0,0,0,0,0
"4984","Icterus icterus",0,0,0,0,0,0,0,0,0,0,0,0,0,0
"4985","Icterus jamacaii",0,0,0,0,0,0,0,0,0,0,0,0,0,0
"4986","Icterus laudabilis",5,7,0,0,0,0,0,0,0,7,6,0,0,0
"4987","Icterus leucopteryx",0,0,0,0,0,0,0,0,0,0,0,0,0,0
"4988","Icterus maculialatus",0,0,0,0,0,0,0,0,0,0,0,0,0,0
"4989","Icterus melanopsis",0,0,0,0,0,0,0,0,0,0,0,0,0,0
"4990","Icterus mesomelas",0,0,0,0,0,0,0,0,0,0,0,0,0,0
"4991","Icterus nigrogularis",0,0,0,0,0,0,0,0,0,0,0,0,0,0
"4992","Icterus northropi",0,6,0,0,0,0,0,0,6,6,0,0,5,0
"4993","Icterus oberi",6,6,0,0,0,0,0,0,0,9,0,7,7,0
"4994","Icterus parisorum",0,0,0,0,0,0,0,0,0,0,0,0,0,0
"4995","Icterus pectoralis",0,0,0,0,0,0,0,0,0,0,0,0,0,0
"4996","Icterus portoricensis",0,0,0,0,0,0,0,0,0,0,0,0,0,0
"4997","Icterus prosthemelas",0,0,0,0,0,0,0,0,0,0,0,0,0,0
"4998","Icterus pustulatus",0,0,0,0,0,0,0,0,0,0,0,0,0,0
"4999","Icterus pyrrhopterus",0,0,0,0,0,0,0,0,0,0,0,0,0,0
"5000","Icterus spurius",0,0,0,0,0,0,0,0,0,0,0,0,0,0
"5001","Icterus wagleri",0,0,0,0,0,0,0,0,0,0,0,0,0,0
"5002","Icthyophaga humilis",0,0,0,0,0,0,0,0,0,0,5,0,0,0
"5003","Icthyophaga ichthyaetus",0,0,0,0,6,0,6,0,6,0,6,0,0,0
"5004","Ictinaetus malaiensis",0,0,0,0,0,0,0,0,0,0,0,0,0,0
"5005","Ictinia mississippiensis",0,0,0,0,0,0,0,0,0,0,0,0,0,0
"5006","Ictinia plumbea",0,0,0,0,0,0,0,0,0,0,0,0,0,0
"5007","Idiopsar brachyurus",0,0,0,0,0,0,0,0,0,0,0,0,0,0
"5008","Iduna caligata",0,0,0,0,0,0,0,0,0,0,0,0,0,0
"5009","Iduna natalensis",0,0,0,0,0,0,0,0,0,0,0,0,0,0
"5010","Iduna opaca",0,0,0,0,0,0,0,0,0,0,0,0,0,0
"5011","Iduna pallida",0,0,0,0,0,0,0,0,0,0,0,0,0,0
"5012","Iduna rama",0,0,0,0,0,0,0,0,0,0,0,0,0,0
"5013","Iduna similis",0,0,0,0,0,0,0,0,0,0,0,0,0,0
"5014","Ifrita kowaldi",0,0,0,0,0,0,0,0,0,0,0,0,0,0
"5015","Ilicura militaris",0,0,0,0,0,0,0,0,0,0,0,0,0,0
"5016","Illadopsis albipectus",0,0,0,0,0,0,0,0,0,0,0,0,0,0
"5017","Illadopsis cleaveri",0,0,0,0,0,0,0,0,0,0,0,0,0,0
"5018","Illadopsis distans",0,0,0,0,0,0,0,0,0,0,0,0,0,0
"5019","Illadopsis fulvescens",0,0,0,0,0,0,0,0,0,0,0,0,0,0
"5020","Illadopsis puveli",0,0,0,0,0,0,0,0,0,0,0,0,0,0
"5021","Illadopsis pyrrhoptera",0,0,0,0,0,0,0,0,0,0,0,0,0,0
"5022","Illadopsis rufescens",0,6,0,0,0,6,0,0,0,0,0,0,0,0
"5023","Illadopsis rufipennis",0,0,0,0,0,0,0,0,0,0,0,0,0,0
"5024","Illadopsis turdina",0,0,0,0,0,0,0,0,0,0,0,0,0,0
"5025","Incana incana",0,8,0,0,0,8,0,0,0,0,0,0,0,0
"5026","Incaspiza laeta",0,0,0,0,0,0,0,0,0,0,0,0,0,0
"5027","Incaspiza ortizi",0,1,0,0,0,0,0,0,4,0,0,0,0,0
"5028","Incaspiza personata",0,0,0,0,0,0,0,0,0,0,0,0,0,0
"5029","Incaspiza pulchra",0,0,0,0,0,0,0,0,0,0,0,0,0,0
"5030","Incaspiza watkinsi",0,6,3,0,0,4,0,0,0,0,0,0,0,0
"5031","Indicator archipelagicus",0,6,0,0,0,6,0,0,6,0,0,0,0,0
"5032","Indicator exilis",0,0,0,0,0,0,0,0,0,0,0,0,0,0
"5033","Indicator indicator",0,0,0,0,0,0,0,0,0,0,0,0,0,0
"5034","Indicator maculatus",0,0,0,0,0,0,0,0,0,0,0,0,0,0
"5035","Indicator meliphilus",0,0,0,0,0,0,0,0,0,0,0,0,0,0
"5036","Indicator minor",0,0,0,0,0,0,0,0,0,0,0,0,0,0
"5037","Indicator pumilio",0,5,4,0,0,5,0,0,0,0,0,0,0,0
"5038","Indicator variegatus",0,0,0,0,0,0,0,0,0,0,0,0,0,0
"5039","Indicator willcocksi",0,0,0,0,0,0,0,0,0,0,0,0,0,0
"5040","Indicator xanthonotus",0,6,0,0,7,5,0,0,0,0,0,0,0,0
"5041","Inezia caudata",0,0,0,0,0,0,0,0,0,0,0,0,0,0
"5042","Inezia inornata",0,0,0,0,0,0,0,0,0,0,0,0,0,0
"5043","Inezia subflava",0,0,0,0,0,0,0,0,0,0,0,0,0,0
"5044","Inezia tenuirostris",0,0,0,0,0,0,0,0,0,0,0,0,0,0
"5045","Iodopleura fusca",0,0,0,0,0,0,0,0,0,0,0,0,0,0
"5046","Iodopleura isabellae",0,0,0,0,0,0,0,0,0,0,0,0,0,0
"5047","Iodopleura pipra",6,6,0,0,0,6,0,0,0,0,0,0,0,0
"5048","Iole charlottae",0,6,0,0,0,6,0,0,5,0,0,0,0,0
"5049","Iole finschii",0,6,0,0,0,6,0,0,5,0,0,0,0,0
"5050","Iole palawanensis",0,0,0,0,0,0,0,0,0,0,0,0,0,0
"5051","Iole propinqua",0,0,0,0,0,0,0,0,0,0,0,0,0,0
"5052","Iole viridescens",0,0,0,0,0,0,0,0,0,0,0,0,0,0
"5053","Irania gutturalis",0,0,0,0,0,0,0,0,0,0,0,0,0,0
"5054","Irediparra gallinacea",0,0,0,0,0,0,0,0,0,0,0,0,0,0
"5055","Irena cyanogastra",0,6,5,5,0,6,0,0,0,0,0,0,0,0
"5056","Irena puella",0,0,0,0,0,0,0,0,0,0,0,0,0,0
"5057","Irena tweeddalii",6,0,5,5,6,5,0,0,0,0,0,0,0,0
"5058","Iridophanes pulcherrimus",0,0,0,0,0,0,0,0,0,0,0,0,0,0
"5059","Iridosornis analis",0,0,0,0,0,0,0,0,0,0,0,0,0,0
"5060","Iridosornis jelskii",0,0,0,0,0,0,0,0,0,0,0,0,0,0
"5061","Iridosornis porphyrocephalus",6,6,6,0,0,6,0,0,0,0,0,0,0,0
"5062","Iridosornis reinhardti",0,0,0,0,0,0,0,0,0,0,0,0,0,0
"5063","Iridosornis rufivertex",0,0,0,0,0,0,0,0,0,0,0,0,0,0
"5064","Isleria guttata",0,0,0,0,0,0,0,0,0,0,0,0,0,0
"5065","Isleria hauxwelli",0,0,0,0,0,0,0,0,0,0,0,0,0,0
"5066","Islerothraupis cristata",0,0,0,0,0,0,0,0,0,0,0,0,0,0
"5067","Islerothraupis luctuosa",0,0,0,0,0,0,0,0,0,0,0,0,0,0
"5068","Islerothraupis rufiventer",0,0,0,0,0,0,0,0,0,0,0,0,0,0
"5069","Ispidina lecontei",0,0,0,0,0,0,0,0,0,0,0,0,0,0
"5070","Ispidina picta",0,0,0,0,0,0,0,0,0,0,0,0,0,0
"5071","Ithaginis cruentus",0,0,0,0,0,0,0,0,0,0,0,0,0,0
"5072","Ixidia cyaniventris",0,6,0,0,0,6,0,0,5,0,0,0,0,0
"5073","Ixidia erythropthalmos",0,0,0,0,0,0,0,0,0,0,0,0,0,0
"5074","Ixidia squamata",0,6,0,0,0,6,0,0,0,0,0,0,0,0
"5075","Ixobrychus cinnamomeus",0,0,0,0,0,0,0,0,0,0,0,0,0,0
"5076","Ixobrychus dubius",0,0,0,0,0,0,0,0,0,0,0,0,0,0
"5077","Ixobrychus eurhythmus",0,0,0,0,0,0,0,0,0,0,0,0,0,0
"5078","Ixobrychus exilis",0,0,0,0,0,0,0,0,0,0,0,0,0,0
"5079","Ixobrychus flavicollis",0,0,0,0,0,0,0,0,0,0,0,0,0,0
"5080","Ixobrychus involucris",0,0,0,0,0,0,0,0,0,0,0,0,0,0
"5081","Ixobrychus minutus",0,0,0,0,0,0,0,0,0,0,0,0,0,0
"5082","Ixobrychus novaezelandiae",0,0,0,0,0,0,0,0,0,0,0,0,0,0
"5083","Ixobrychus sinensis",0,0,0,0,0,0,0,0,0,0,0,0,0,0
"5084","Ixobrychus sturmii",0,0,0,0,0,0,0,0,0,0,0,0,0,0
"5085","Ixonotus guttatus",0,0,0,0,0,0,0,0,0,0,0,0,0,0
"5086","Ixoreus naevius",0,0,0,0,0,0,0,0,0,0,0,0,0,0
"5087","Ixos malaccensis",0,6,0,0,0,6,0,0,5,0,0,0,0,0
"5088","Ixos mcclellandii",0,0,0,0,0,0,0,0,0,0,0,0,0,0
"5089","Ixos nicobariensis",5,5,0,5,4,0,0,0,0,8,0,0,0,0
"5090","Ixos sumatranus",0,0,0,0,0,0,0,0,0,0,0,0,0,0
"5091","Ixos virescens",0,0,0,0,0,0,0,0,0,0,0,0,0,0
"5092","Jabiru mycteria",0,0,0,0,0,0,0,0,0,0,0,0,0,0
"5093","Jacamaralcyon tridactyla",5,6,0,0,0,0,0,0,0,0,0,0,0,0
"5094","Jacamerops aureus",0,0,0,0,0,0,0,0,0,0,0,0,0,0
"5095","Jacana jacana",0,0,0,0,0,0,0,0,0,0,0,0,0,0
"5096","Jacana spinosa",0,0,0,0,0,0,0,0,0,0,0,0,0,0
"5097","Jubula lettii",0,0,0,0,0,6,0,0,0,0,0,0,0,0
"5098","Junco bairdi",7,7,0,0,0,0,0,0,0,0,0,0,0,0
"5099","Junco hyemalis",0,0,0,0,0,0,0,0,0,0,0,0,0,0
"5100","Junco insularis",0,0,0,0,0,0,0,0,0,7,0,0,0,0
"5101","Junco phaeonotus",0,0,0,0,0,0,0,0,0,0,0,0,0,0
"5102","Junco vulcani",0,0,0,0,0,0,0,0,0,0,0,0,6,0
"5103","Jynx ruficollis",0,0,0,0,0,0,0,0,0,0,0,0,0,0
"5104","Jynx torquilla",0,0,0,0,0,0,0,0,0,0,0,0,0,0
"5105","Kakamega poliothorax",0,0,0,0,0,0,0,0,0,0,0,0,0,0
"5106","Kaupifalco monogrammicus",0,0,0,0,0,0,0,0,0,0,0,0,0,0
"5107","Kempiella flavovirescens",0,0,0,0,0,0,0,0,0,0,0,0,0,0
"5108","Kempiella griseoceps",0,0,0,0,0,0,0,0,0,0,0,0,0,0
"5109","Kenopia striata",0,6,0,0,0,6,0,0,5,0,0,0,0,0
"5110","Ketupa flavipes",0,0,0,0,0,0,0,0,0,0,0,0,0,0
"5111","Ketupa ketupu",0,0,0,0,0,0,0,0,0,0,0,0,0,0
"5112","Ketupa zeylonensis",0,0,0,0,0,0,0,0,0,0,0,0,0,0
"5113","Klais guimeti",0,0,0,0,0,0,0,0,0,0,0,0,0,0
"5114","Kleinothraupis atropileus",0,0,0,0,0,0,0,0,0,0,0,0,0,0
"5115","Kleinothraupis auricularis",0,0,0,0,0,0,0,0,0,0,0,0,0,0
"5116","Kleinothraupis calophrys",0,0,0,0,0,0,0,0,0,0,0,0,0,0
"5117","Kleinothraupis parodii",0,6,0,0,0,0,0,0,0,0,0,0,0,0
"5118","Kleinothraupis reyi",2,2,0,0,0,2,0,0,0,0,0,0,0,0
"5119","Knipolegus aterrimus",0,0,0,0,0,0,0,0,0,0,0,0,0,0
"5120","Knipolegus cabanisi",0,0,0,0,0,0,0,0,0,0,0,0,0,0
"5121","Knipolegus cyanirostris",0,0,0,0,0,0,0,0,0,0,0,0,0,0
"5122","Knipolegus franciscanus",0,6,5,0,0,6,0,0,0,0,0,0,6,0
"5123","Knipolegus heterogyna",0,0,0,0,0,0,0,0,0,0,0,0,0,0
"5124","Knipolegus hudsoni",0,0,0,0,0,0,0,0,0,0,0,0,0,0
"5125","Knipolegus lophotes",0,0,0,0,0,0,0,0,0,0,0,0,0,0
"5126","Knipolegus nigerrimus",0,0,0,0,0,0,0,0,0,0,0,0,0,0
"5127","Knipolegus orenocensis",0,0,0,0,0,0,0,0,0,0,0,0,0,0
"5128","Knipolegus poecilocercus",0,0,0,0,0,0,0,0,0,0,0,0,0,0
"5129","Knipolegus poecilurus",0,0,0,0,0,0,0,0,0,0,0,0,0,0
"5130","Knipolegus sclateri",0,0,0,0,0,0,0,0,0,0,0,0,0,0
"5131","Knipolegus signatus",0,0,0,0,0,0,0,0,0,0,0,0,0,0
"5132","Knipolegus striaticeps",0,0,0,0,0,0,0,0,0,0,0,0,0,0
"5133","Kupeornis chapini",0,6,0,0,0,0,0,0,0,0,0,0,0,0
"5134","Kupeornis gilberti",0,6,0,0,0,6,0,0,5,0,0,0,0,0
"5135","Kupeornis rufocinctus",0,5,0,0,0,0,0,0,0,0,0,0,7,0
"5136","Kurochkinegramma hypogrammica",0,0,0,0,0,0,0,0,0,0,0,0,0,0
"5137","Lacedo melanops",0,0,0,0,0,0,0,0,0,0,0,0,0,0
"5138","Lacedo pulchella",0,0,0,0,0,0,0,0,0,0,0,0,0,0
"5139","Lafresnaya lafresnayi",0,0,0,0,0,0,0,0,0,0,0,0,0,0
"5140","Lagonosticta larvata",0,0,0,0,0,0,0,0,0,0,0,0,0,0
"5141","Lagonosticta nigricollis",0,0,0,0,0,0,0,0,0,0,0,0,0,0
"5142","Lagonosticta nitidula",0,0,0,0,0,0,0,0,0,0,0,0,0,0
"5143","Lagonosticta rara",0,0,0,0,0,0,0,0,0,0,0,0,0,0
"5144","Lagonosticta rhodopareia",0,0,0,0,0,0,0,0,0,0,0,0,0,0
"5145","Lagonosticta rubricata",0,0,0,0,0,0,0,0,0,0,0,0,0,0
"5146","Lagonosticta rufopicta",0,0,0,0,0,0,0,0,0,0,0,0,0,0
"5147","Lagonosticta sanguinodorsalis",0,0,0,0,0,7,0,0,0,0,0,0,0,0
"5148","Lagonosticta senegala",0,0,0,0,0,0,0,0,0,0,0,0,0,0
"5149","Lagonosticta umbrinodorsalis",0,0,0,0,0,0,0,0,0,0,0,0,0,0
"5150","Lagonosticta vinacea",0,0,0,0,0,0,0,0,0,0,0,0,0,0
"5151","Lagonosticta virata",0,0,0,0,0,0,0,0,0,0,0,0,0,0
"5152","Lagopus lagopus",0,0,0,0,0,0,0,0,0,0,0,0,6,0
"5153","Lagopus leucura",0,0,0,0,0,0,0,0,0,0,0,0,0,0
"5154","Lagopus muta",0,0,0,0,0,0,0,0,0,0,0,0,6,0
"5155","Lalage atrovirens",0,0,0,0,0,0,0,0,0,0,0,0,0,0
"5156","Lalage aurea",0,0,0,0,0,0,0,0,0,0,0,0,0,0
"5157","Lalage conjuncta",0,0,0,0,0,6,0,0,0,7,0,0,0,0
"5158","Lalage fimbriata",0,0,0,0,0,0,0,0,0,0,0,0,0,0
"5159","Lalage leucomela",0,0,0,0,0,0,0,0,0,0,0,0,0,0
"5160","Lalage leucoptera",0,5,0,0,0,5,0,0,0,0,0,0,0,0
"5161","Lalage leucopyga",0,0,0,0,0,0,0,0,0,0,0,0,0,0
"5162","Lalage leucopygialis",0,0,0,0,0,0,0,0,0,0,0,0,0,0
"5163","Lalage maculosa",0,0,0,0,0,0,0,0,0,0,0,0,0,0
"5164","Lalage melanoleuca",0,0,0,0,0,0,0,0,0,0,0,0,0,0
"5165","Lalage melanoptera",0,0,0,0,0,0,0,0,0,0,0,0,0,0
"5166","Lalage melaschistos",0,0,0,0,0,0,0,0,0,0,0,0,0,0
"5167","Lalage minor",0,0,0,0,0,0,0,0,0,0,0,0,0,0
"5168","Lalage moesta",0,0,0,0,0,0,0,0,0,0,0,0,0,0
"5169","Lalage newtoni",2,2,0,0,6,1,0,5,4,8,0,0,6,0
"5170","Lalage nigra",0,0,0,0,0,0,0,0,0,0,0,0,0,0
"5171","Lalage polioptera",0,0,0,0,0,0,0,0,0,0,0,0,0,0
"5172","Lalage sharpei",0,6,0,0,0,6,0,0,0,0,0,0,7,0
"5173","Lalage sueurii",0,0,0,0,0,0,0,0,0,0,0,0,0,0
"5174","Lalage tricolor",0,0,0,0,0,0,0,0,0,0,0,0,0,0
"5175","Lalage typica",0,0,0,0,0,0,0,0,0,5,5,0,6,0
"5176","Lampornis amethystinus",0,0,0,0,0,0,0,0,0,0,0,0,0,0
"5177","Lampornis calolaemus",0,0,0,0,0,0,0,0,0,0,0,0,0,0
"5178","Lampornis castaneoventris",0,0,0,0,0,0,0,0,0,0,0,0,0,0
"5179","Lampornis cinereicauda",0,0,0,0,0,0,0,0,0,0,0,0,0,0
"5180","Lampornis clemenciae",0,0,0,0,0,0,0,0,0,0,0,0,0,0
"5181","Lampornis hemileucus",0,0,0,0,0,0,0,0,0,0,0,0,0,0
"5182","Lampornis sybillae",0,0,0,0,0,0,0,0,0,0,0,0,0,0
"5183","Lampornis viridipallens",0,0,0,0,0,0,0,0,0,0,0,0,0,0
"5184","Lamprolaima rhami",0,0,0,0,0,0,0,0,0,0,0,0,0,0
"5185","Lamprolia klinesmithi",0,6,0,0,0,5,0,0,0,7,0,0,0,0
"5186","Lamprolia victoriae",0,5,0,0,0,5,0,0,0,6,0,0,6,0
"5187","Lampropsar tanagrinus",0,0,0,0,0,0,0,0,0,0,0,0,0,0
"5188","Lamprospiza melanoleuca",0,0,0,0,0,0,0,0,0,0,0,0,0,0
"5189","Lamprotornis acuticaudus",0,0,0,0,0,0,0,0,0,0,0,0,0,0
"5190","Lamprotornis albicapillus",0,0,0,0,0,0,0,0,0,0,0,0,0,0
"5191","Lamprotornis australis",0,0,0,0,0,0,0,0,0,0,0,0,0,0
"5192","Lamprotornis benguelensis",0,0,0,0,0,0,0,0,0,0,0,0,0,0
"5193","Lamprotornis bicolor",0,0,0,0,0,0,0,0,0,0,0,0,6,0
"5194","Lamprotornis caudatus",0,0,0,0,0,0,0,0,0,0,0,0,0,0
"5195","Lamprotornis chalcurus",0,0,0,0,0,0,0,0,0,0,0,0,0,0
"5196","Lamprotornis chalybaeus",0,0,0,0,0,0,0,0,0,0,0,0,0,0
"5197","Lamprotornis chloropterus",0,0,0,0,0,0,0,0,0,0,0,0,0,0
"5198","Lamprotornis fischeri",0,0,0,0,0,0,0,0,0,0,0,0,0,0
"5199","Lamprotornis hildebrandti",0,0,0,0,0,0,0,0,0,0,0,0,0,0
"5200","Lamprotornis iris",0,6,5,0,7,0,0,0,0,0,0,0,0,0
"5201","Lamprotornis mevesii",0,0,0,0,0,0,0,0,0,0,0,0,0,0
"5202","Lamprotornis nitens",0,0,0,0,0,0,0,0,0,0,0,0,0,0
"5203","Lamprotornis ornatus",0,0,0,0,0,0,0,0,0,0,0,0,0,0
"5204","Lamprotornis pulcher",0,0,0,0,0,0,0,0,0,0,0,0,0,0
"5205","Lamprotornis purpureus",0,0,0,0,0,0,0,0,0,0,0,0,0,0
"5206","Lamprotornis purpuroptera",0,0,0,0,0,0,0,0,0,0,0,0,0,0
"5207","Lamprotornis regius",0,0,0,0,0,0,0,0,0,0,0,0,0,0
"5208","Lamprotornis shelleyi",0,0,0,0,0,0,0,0,0,0,0,0,0,0
"5209","Lamprotornis splendidus",0,0,0,0,0,0,0,0,0,0,0,0,0,0
"5210","Lamprotornis superbus",0,0,0,0,0,0,0,0,0,0,0,0,0,0
"5211","Lamprotornis unicolor",0,0,0,0,0,0,0,0,0,0,0,0,0,0
"5212","Lamprotornis violacior",0,0,0,0,0,0,0,0,0,0,0,0,0,0
"5213","Laniarius aethiopicus",0,0,0,0,0,0,0,0,0,0,0,0,0,0
"5214","Laniarius amboimensis",0,7,0,4,0,4,0,0,0,0,0,0,6,0
"5215","Laniarius atrococcineus",0,0,0,0,0,0,0,0,0,0,0,0,0,0
"5216","Laniarius atroflavus",0,0,0,0,0,0,0,0,0,0,0,0,0,0
"5217","Laniarius barbarus",0,0,0,0,0,0,0,0,0,0,0,0,0,0
"5218","Laniarius bicolor",0,0,0,0,0,0,0,0,0,0,0,0,0,0
"5219","Laniarius brauni",0,4,0,0,0,4,0,0,0,0,0,0,6,0
"5220","Laniarius erythrogaster",0,0,0,0,0,0,0,0,0,0,0,0,0,0
"5221","Laniarius ferrugineus",0,0,0,0,0,0,0,0,0,0,0,0,6,0
"5222","Laniarius fuelleborni",0,0,0,0,0,0,0,0,0,0,0,0,0,0
"5223","Laniarius funebris",0,0,0,0,0,0,0,0,0,0,0,0,0,0
"5224","Laniarius holomelas",0,0,0,0,0,0,0,0,0,0,0,0,0,0
"5225","Laniarius leucorhynchus",0,0,0,0,0,0,0,0,0,0,0,0,0,0
"5226","Laniarius luehderi",0,0,0,0,0,0,0,0,0,0,0,0,0,0
"5227","Laniarius mufumbiri",0,6,0,0,0,6,0,0,6,0,4,0,0,0
"5228","Laniarius nigerrimus",0,0,0,0,0,0,0,0,0,0,0,0,0,0
"5229","Laniarius poensis",0,0,0,0,0,0,0,0,0,0,0,0,0,0
"5230","Laniarius ruficeps",0,0,0,0,0,0,0,0,0,0,0,0,0,0
"5231","Laniarius sublacteus",0,0,0,0,0,0,0,0,0,0,0,0,0,0
"5232","Laniarius turatii",0,0,0,0,0,0,0,0,0,0,0,0,0,0
"5233","Laniellus albonotatus",0,5,0,0,4,5,0,0,4,0,0,0,0,0
"5234","Laniellus langbianis",0,7,0,5,0,7,0,0,6,0,0,0,6,0
"5235","Laniisoma buckleyi",4,5,4,4,0,5,0,0,0,0,0,0,0,0
"5236","Laniisoma elegans",0,6,0,0,0,0,5,0,0,0,0,0,0,0
"5237","Lanio aurantius",0,0,0,0,0,0,0,0,0,0,0,0,0,0
"5238","Lanio fulvus",0,0,0,0,0,0,0,0,0,0,0,0,0,0
"5239","Lanio leucothorax",0,0,0,0,0,6,0,0,0,0,0,0,0,0
"5240","Lanio versicolor",0,0,0,0,0,0,0,0,0,0,0,0,0,0
"5241","Laniocera hypopyrra",0,0,0,0,0,0,0,0,0,0,0,0,0,0
"5242","Laniocera rufescens",0,0,0,0,0,0,0,0,0,0,0,0,0,0
"5243","Lanioturdus torquatus",0,0,0,0,0,0,0,0,0,0,0,0,0,0
"5244","Lanius borealis",0,0,0,0,0,0,0,0,0,0,0,0,0,0
"5245","Lanius bucephalus",0,0,0,0,0,0,0,0,0,0,0,0,0,0
"5246","Lanius cabanisi",0,0,0,0,0,0,0,0,0,0,0,0,0,0
"5247","Lanius collaris",0,0,0,0,0,0,0,0,0,0,0,0,0,0
"5248","Lanius collurio",0,0,0,0,0,0,0,0,0,0,0,0,0,0
"5249","Lanius collurioides",0,0,0,0,0,0,0,0,0,0,0,0,0,0
"5250","Lanius corvinus",0,0,0,0,0,0,0,0,0,0,0,0,0,0
"5251","Lanius cristatus",0,0,0,0,0,0,0,0,0,0,0,0,0,0
"5252","Lanius dorsalis",0,0,0,0,0,0,0,0,0,0,0,0,0,0
"5253","Lanius excubitor",0,0,0,0,0,0,0,0,0,0,0,0,0,0
"5254","Lanius excubitoroides",0,0,0,0,0,0,0,0,0,0,0,0,0,0
"5255","Lanius giganteus",0,0,0,0,0,0,0,0,0,0,0,0,0,0
"5256","Lanius gubernator",0,0,0,0,0,0,0,0,0,0,0,0,0,0
"5257","Lanius isabellinus",0,0,0,0,0,0,0,0,0,0,0,0,0,0
"5258","Lanius ludovicianus",0,6,0,6,4,0,0,0,0,7,5,0,6,0
"5259","Lanius mackinnoni",0,0,0,0,0,0,0,0,0,0,0,0,0,0
"5260","Lanius melanoleucus",0,0,0,0,0,0,0,0,0,0,0,0,0,0
"5261","Lanius meridionalis",0,6,0,0,0,0,0,0,6,0,6,0,0,0
"5262","Lanius minor",0,0,0,0,0,0,0,0,0,0,0,0,6,0
"5263","Lanius newtoni",0,7,0,4,0,6,0,0,5,6,0,0,0,0
"5264","Lanius nubicus",0,0,0,0,0,0,0,0,0,0,0,0,0,0
"5265","Lanius phoenicuroides",0,0,0,0,0,0,0,0,0,0,0,0,0,0
"5266","Lanius schach",0,0,0,0,0,0,0,0,0,0,0,0,0,0
"5267","Lanius senator",0,6,0,6,6,0,0,0,6,0,6,0,6,0
"5268","Lanius somalicus",0,0,0,0,0,0,0,0,0,0,0,0,0,0
"5269","Lanius souzae",0,0,0,0,0,0,0,0,0,0,0,0,0,0
"5270","Lanius sphenocercus",0,0,0,0,0,0,0,0,0,0,0,0,0,0
"5271","Lanius tephronotus",0,0,0,0,0,0,0,0,0,0,0,0,0,0
"5272","Lanius tigrinus",0,0,0,0,0,0,0,0,0,0,0,0,0,0
"5273","Lanius validirostris",0,0,0,0,0,0,0,0,0,0,0,0,6,0
"5274","Lanius vittatus",0,0,0,0,0,0,0,0,0,0,0,0,0,0
"5275","Larosterna inca",0,0,4,0,0,0,5,0,0,6,0,0,6,0
"5276","Larus argentatus",0,0,4,0,4,0,5,0,0,7,7,0,5,0
"5277","Larus armenicus",0,0,0,0,5,0,0,0,6,0,6,0,0,0
"5278","Larus atlanticus",6,0,0,0,4,0,6,0,0,0,7,0,0,0
"5279","Larus atricilla",0,0,0,0,0,0,0,0,0,0,0,0,0,0
"5280","Larus audouinii",0,0,0,0,0,0,7,0,0,5,0,0,0,0
"5281","Larus belcheri",4,0,0,0,0,0,0,4,0,0,0,0,0,0
"5282","Larus brunnicephalus",0,0,0,0,0,0,0,0,0,0,0,0,0,0
"5283","Larus bulleri",0,0,3,0,4,0,0,4,4,6,7,0,5,0
"5284","Larus cachinnans",0,0,0,0,4,0,0,0,0,0,4,0,0,0
"5285","Larus californicus",0,0,0,0,0,0,0,0,0,0,0,0,5,0
"5286","Larus canus",0,0,0,0,0,0,0,0,0,0,0,0,0,0
"5287","Larus cirrocephalus",0,0,0,0,5,0,0,0,0,0,0,0,0,0
"5288","Larus crassirostris",0,0,0,0,0,0,0,0,0,0,0,0,0,0
"5289","Larus delawarensis",0,0,0,0,0,0,0,0,0,0,0,0,0,0
"5290","Larus dominicanus",0,0,0,0,0,0,0,0,0,0,0,0,0,0
"5291","Larus fuliginosus",0,0,0,0,0,0,6,0,0,4,0,0,0,0
"5292","Larus fuscus",0,0,0,0,4,0,0,0,0,0,5,0,0,0
"5293","Larus genei",0,0,0,0,0,0,0,0,0,0,4,0,0,0
"5294","Larus glaucescens",0,0,0,0,0,0,0,0,0,0,0,0,0,0
"5295","Larus glaucoides",0,0,0,0,6,0,0,0,0,0,0,0,0,0
"5296","Larus hartlaubii",0,0,0,0,0,0,0,0,0,0,0,0,0,0
"5297","Larus heermanni",0,0,0,0,4,0,6,6,0,5,4,0,6,0
"5298","Larus hemprichii",0,0,3,0,5,0,0,0,0,0,4,0,0,0
"5299","Larus hyperboreus",0,0,0,0,0,0,0,0,0,0,0,0,0,0
"5300","Larus ichthyaetus",5,0,0,0,0,0,0,5,0,4,0,0,0,0
"5301","Larus leucophthalmus",5,0,4,0,5,0,6,6,0,7,5,0,0,0
"5302","Larus livens",0,0,0,0,0,0,0,0,0,0,0,0,0,0
"5303","Larus maculipennis",0,0,0,0,0,0,0,0,0,0,0,0,0,0
"5304","Larus marinus",0,0,0,0,0,0,5,0,0,0,0,0,0,0
"5305","Larus melanocephalus",4,0,0,0,5,0,0,5,0,0,0,0,0,0
"5306","Larus michahellis",0,0,0,0,4,0,0,0,0,0,0,0,0,0
"5307","Larus modestus",0,0,5,0,5,0,0,0,0,5,0,0,6,0
"5308","Larus novaehollandiae",0,0,0,0,0,0,0,0,0,6,0,0,0,0
"5309","Larus occidentalis",0,0,0,0,0,0,0,0,0,0,0,0,0,0
"5310","Larus pacificus",0,0,0,0,0,0,0,0,0,4,0,0,5,0
"5311","Larus philadelphia",0,0,0,0,0,0,0,0,0,0,0,0,6,0
"5312","Larus pipixcan",0,0,0,0,0,0,0,0,0,0,0,0,0,0
"5313","Larus relictus",6,6,0,5,0,0,0,6,0,5,7,0,6,0
"5314","Larus ridibundus",0,0,0,0,0,0,0,0,0,0,0,0,0,0
"5315","Larus schistisagus",0,0,0,0,0,0,0,0,0,0,0,0,0,0
"5316","Larus scoresbii",0,0,0,0,0,0,0,0,0,0,0,0,0,0
"5317","Larus serranus",0,0,0,0,0,0,0,0,0,0,0,0,0,0
"5318","Larus smithsonianus",0,0,4,0,4,0,5,0,0,0,0,0,6,0
"5319","Larvivora akahige",0,0,0,0,0,0,0,0,0,0,0,0,0,0
"5320","Larvivora brunnea",0,0,0,0,0,0,0,0,0,0,0,0,0,0
"5321","Larvivora cyane",0,0,0,0,0,0,0,0,0,0,0,0,0,0
"5322","Larvivora komadori",0,0,0,0,0,0,0,0,0,5,0,0,0,0
"5323","Larvivora namiyei",5,0,0,5,0,6,0,0,5,5,0,0,0,0
"5324","Larvivora ruficeps",0,6,0,0,7,6,0,0,6,0,0,0,6,0
"5325","Larvivora sibilans",0,0,0,0,0,0,0,0,0,0,0,0,0,0
"5326","Larvivora tanensis",6,6,0,6,0,0,0,0,0,7,0,5,0,0
"5327","Laterallus albigularis",0,0,0,0,0,0,0,0,0,0,0,0,0,0
"5328","Laterallus exilis",0,0,0,0,0,0,0,0,0,0,0,0,0,0
"5329","Laterallus flaviventer",0,0,0,0,0,0,0,0,0,0,0,0,0,0
"5330","Laterallus jamaicensis",0,6,0,0,0,0,0,0,6,0,5,0,7,0
"5331","Laterallus leucopyrrhus",0,0,0,0,0,0,0,0,0,0,0,0,0,0
"5332","Laterallus levraudi",5,5,0,0,0,0,0,0,0,0,7,0,0,0
"5333","Laterallus melanophaius",0,0,0,0,0,0,0,0,0,0,0,0,0,0
"5334","Laterallus podarces",0,0,0,0,4,0,0,0,0,0,0,0,0,0
"5335","Laterallus rogersi",0,0,0,0,0,0,0,0,0,6,0,0,0,0
"5336","Laterallus ruber",0,0,0,0,0,0,0,0,0,0,0,0,0,0
"5337","Laterallus spilonota",0,6,0,4,0,0,0,0,0,6,0,0,5,0
"5338","Laterallus spilopterus",5,7,0,0,0,0,0,0,0,0,0,0,5,0
"5339","Laterallus tuerosi",0,7,0,0,0,0,0,0,7,7,7,0,7,0
"5340","Laterallus xenopterus",0,7,0,0,0,0,0,0,0,0,6,0,0,0
"5341","Lathamus discolor",6,6,0,6,4,6,0,4,0,7,0,0,5,0
"5342","Lathrotriccus euleri",0,0,0,0,0,0,0,0,0,0,0,0,0,0
"5343","Lathrotriccus griseipectus",7,7,0,0,0,5,0,0,5,0,0,0,0,0
"5344","Laticilla burnesii",5,6,0,0,0,0,0,0,0,0,0,0,6,0
"5345","Laticilla cinerascens",5,6,0,0,0,6,0,0,5,0,0,0,6,0
"5346","Legatus leucophaius",0,0,0,0,0,0,0,0,0,0,0,0,0,0
"5347","Leiopicus auriceps",0,0,0,0,0,0,0,0,0,0,0,0,0,0
"5348","Leiopicus mahrattensis",0,0,0,0,0,0,0,0,0,0,0,0,0,0
"5349","Leiopicus medius",0,0,0,0,0,0,0,0,0,0,0,0,0,0
"5350","Leioptila annectens",0,0,0,0,0,0,0,0,0,0,0,0,0,0
"5351","Leiothlypis celata",0,0,0,0,0,0,0,0,0,0,0,0,7,0
"5352","Leiothlypis crissalis",0,5,0,0,0,0,0,0,0,7,0,0,0,0
"5353","Leiothlypis luciae",0,0,0,0,0,0,0,0,0,0,0,0,0,0
"5354","Leiothlypis peregrina",0,0,0,0,0,0,0,0,0,0,0,0,0,0
"5355","Leiothlypis ruficapilla",0,0,0,0,0,0,0,0,0,0,0,0,0,0
"5356","Leiothlypis virginiae",0,0,0,0,0,0,0,0,0,0,0,0,7,0
"5357","Leiothrix argentauris",0,0,0,0,0,0,0,0,0,0,0,0,0,0
"5358","Leiothrix laurinae",0,0,0,0,8,4,0,0,0,0,0,0,0,0
"5359","Leiothrix lutea",0,0,0,0,0,0,0,0,0,0,0,0,0,0
"5360","Leipoa ocellata",0,5,0,5,0,0,0,0,6,7,5,0,7,0
"5361","Leistes bellicosus",0,0,0,0,0,0,0,0,0,0,0,0,0,0
"5362","Leistes defilippii",4,8,0,0,0,0,0,0,0,0,0,0,0,0
"5363","Leistes loyca",0,0,0,0,0,0,0,0,0,0,0,0,0,0
"5364","Leistes militaris",0,0,0,0,0,0,0,0,0,0,0,0,0,0
"5365","Leistes superciliaris",0,0,0,0,0,0,0,0,0,0,0,0,0,0
"5366","Leonardina woodi",0,0,0,0,0,0,0,0,0,0,0,0,6,0
"5367","Lepidocolaptes affinis",0,0,0,0,0,0,0,0,0,0,0,0,0,0
"5368","Lepidocolaptes albolineatus",0,0,0,0,0,0,0,0,0,0,0,0,0,0
"5369","Lepidocolaptes angustirostris",0,0,0,0,0,0,0,0,0,0,0,0,0,0
"5370","Lepidocolaptes duidae",0,0,0,0,0,0,0,0,0,0,0,0,0,0
"5371","Lepidocolaptes falcinellus",0,0,0,0,0,0,0,0,0,0,0,0,0,0
"5372","Lepidocolaptes fatimalimae",0,0,0,0,0,0,0,0,0,0,0,0,0,0
"5373","Lepidocolaptes fuscicapillus",0,0,0,0,0,0,0,0,0,0,0,0,0,0
"5374","Lepidocolaptes lacrymiger",0,0,0,0,0,0,0,0,0,0,0,0,0,0
"5375","Lepidocolaptes leucogaster",0,0,0,0,0,0,0,0,0,0,0,0,0,0
"5376","Lepidocolaptes neglectus",0,0,0,0,0,0,0,0,0,0,0,0,0,0
"5377","Lepidocolaptes souleyetii",0,0,0,0,0,0,0,0,0,0,0,0,0,0
"5378","Lepidocolaptes squamatus",0,0,0,0,0,0,0,0,0,0,0,0,0,0
"5379","Lepidogrammus cumingi",0,0,0,0,0,0,0,0,0,0,0,0,0,0
"5380","Lepidopygia nana",0,0,0,0,0,0,0,0,0,0,0,0,0,0
"5381","Lepidothrix coeruleocapilla",0,0,0,0,0,0,0,0,0,0,0,0,0,0
"5382","Lepidothrix coronata",0,0,0,0,0,0,0,0,0,0,0,0,0,0
"5383","Lepidothrix iris",0,6,0,0,0,6,0,0,0,0,0,0,0,0
"5384","Lepidothrix isidorei",0,5,0,4,0,0,0,0,0,0,0,0,0,0
"5385","Lepidothrix nattereri",0,0,0,0,0,0,0,0,0,0,0,0,0,0
"5386","Lepidothrix serena",0,0,0,0,0,0,0,0,0,0,0,0,0,0
"5387","Lepidothrix suavissima",0,0,0,0,0,0,0,0,0,0,0,0,0,0
"5388","Lepidothrix vilasboasi",0,6,0,4,0,5,0,0,0,0,0,0,0,0
"5389","Leptasthenura aegithaloides",0,0,0,0,0,0,0,0,0,0,0,0,0,0
"5390","Leptasthenura andicola",0,0,0,0,0,0,0,0,0,0,0,0,0,0
"5391","Leptasthenura berlepschi",0,0,0,0,0,0,0,0,0,0,0,0,0,0
"5392","Leptasthenura fuliginiceps",0,0,0,0,0,0,0,0,0,0,0,0,0,0
"5393","Leptasthenura pallida",0,0,0,0,0,0,0,0,0,0,0,0,0,0
"5394","Leptasthenura pileata",0,0,0,0,0,0,0,0,0,0,0,0,0,0
"5395","Leptasthenura platensis",0,0,0,0,0,0,0,0,0,0,0,0,0,0
"5396","Leptasthenura setaria",0,6,0,0,0,7,0,0,0,0,0,0,0,0
"5397","Leptasthenura striata",0,0,0,0,0,0,0,0,0,0,0,0,0,0
"5398","Leptasthenura striolata",0,0,0,0,0,0,0,0,0,0,0,0,0,0
"5399","Leptasthenura xenothorax",0,7,0,0,0,6,0,0,6,0,0,0,0,0
"5400","Leptocoma aspasia",0,0,0,0,0,0,0,0,0,0,0,0,0,0
"5401","Leptocoma brasiliana",0,0,0,0,0,0,0,0,0,0,0,0,0,0
"5402","Leptocoma calcostetha",0,0,0,0,0,0,0,0,0,0,0,0,0,0
"5403","Leptocoma juliae",0,0,0,0,0,0,0,0,0,0,0,0,0,0
"5404","Leptocoma minima",0,0,0,0,0,0,0,0,0,0,0,0,0,0
"5405","Leptocoma sperata",0,0,0,0,0,0,0,0,0,0,0,0,0,0
"5406","Leptocoma zeylonica",0,0,0,0,0,0,0,0,0,0,0,0,0,0
"5407","Leptodon cayanensis",0,0,0,0,0,0,0,0,0,0,0,0,0,0
"5408","Leptodon forbesi",0,7,0,0,0,7,0,0,0,0,0,0,0,0
"5409","Leptopoecile elegans",0,0,0,0,0,0,0,0,0,0,0,0,0,0
"5410","Leptopoecile sophiae",0,0,0,0,0,0,0,0,0,0,0,0,0,0
"5411","Leptopogon albidiventer",0,0,0,0,0,0,0,0,0,0,0,0,0,0
"5412","Leptopogon amaurocephalus",0,0,0,0,0,0,0,0,0,0,0,0,0,0
"5413","Leptopogon rufipectus",0,0,0,0,0,0,0,0,0,0,0,0,0,0
"5414","Leptopogon superciliaris",0,0,0,0,0,0,0,0,0,0,0,0,0,0
"5415","Leptopogon taczanowskii",0,5,0,0,0,5,0,0,0,0,0,0,0,0
"5416","Leptopterus chabert",0,0,0,0,0,0,0,0,0,0,0,0,0,0
"5417","Leptoptilos crumenifer",0,0,0,0,0,0,0,0,0,0,0,0,0,0
"5418","Leptoptilos dubius",4,4,0,0,4,4,0,4,6,7,4,0,0,0
"5419","Leptoptilos javanicus",6,6,0,0,4,6,6,4,6,6,7,0,0,0
"5420","Leptosittaca branickii",6,6,0,0,5,0,0,0,0,4,0,0,0,0
"5421","Leptosomus discolor",0,0,0,0,0,0,0,0,0,0,0,0,0,0
"5422","Leptotila battyi",0,6,0,0,6,0,0,0,0,0,0,0,0,0
"5423","Leptotila cassinii",0,0,0,0,0,0,0,0,0,0,0,0,0,0
"5424","Leptotila conoveri",5,6,0,0,5,6,0,0,0,0,0,0,0,0
"5425","Leptotila jamaicensis",0,0,0,0,0,0,0,0,0,0,0,0,0,0
"5426","Leptotila megalura",0,0,0,0,0,0,0,0,0,0,0,0,0,0
"5427","Leptotila ochraceiventris",0,7,0,0,4,6,0,0,0,0,0,0,0,0
"5428","Leptotila pallida",0,0,0,0,0,0,0,0,0,0,0,0,0,0
"5429","Leptotila plumbeiceps",0,0,0,0,0,0,0,0,0,0,0,0,0,0
"5430","Leptotila rufaxilla",0,0,0,0,0,0,0,0,0,0,0,0,0,0
"5431","Leptotila verreauxi",0,0,0,0,0,0,0,0,0,0,0,0,0,0
"5432","Leptotila wellsi",6,5,0,0,0,0,0,0,7,7,6,0,9,0
"5433","Leptotrygon veraguensis",0,0,0,0,0,0,0,0,0,0,0,0,0,0
"5434","Lerwa lerwa",0,0,0,0,0,0,0,0,0,0,0,0,0,0
"5435","Lesbia nuna",0,0,0,0,0,0,0,0,0,0,0,0,0,0
"5436","Lesbia victoriae",0,0,0,0,0,0,0,0,0,0,0,0,0,0
"5437","Lessonia oreas",0,0,0,0,0,0,0,0,0,0,0,0,0,0
"5438","Lessonia rufa",0,0,0,0,0,0,0,0,0,0,0,0,0,0
"5439","Leucippus fallax",0,0,0,0,0,0,0,0,0,0,0,0,0,0
"5440","Leucocarbo atriceps",0,0,0,0,4,0,6,4,0,5,0,0,0,0
"5441","Leucocarbo bougainvilliorum",0,0,3,0,5,0,6,0,0,6,0,0,6,0
"5442","Leucocarbo campbelli",0,0,0,0,0,0,0,0,0,5,0,0,0,0
"5443","Leucocarbo carunculatus",0,0,0,0,5,0,7,5,0,0,5,0,4,0
"5444","Leucocarbo chalconotus",0,0,0,0,4,0,6,4,0,0,0,0,0,0
"5445","Leucocarbo colensoi",0,0,0,0,0,0,0,0,0,4,0,0,0,0
"5446","Leucocarbo magellanicus",0,0,0,0,0,0,5,4,0,0,0,0,0,0
"5447","Leucocarbo onslowi",0,0,0,0,4,0,4,5,0,5,0,0,6,0
"5448","Leucocarbo ranfurlyi",0,0,0,0,0,0,0,0,0,6,0,0,6,0
"5449","Leucocarbo verrucosus",0,0,0,0,0,0,0,0,0,0,0,0,0,0
"5450","Leucochloris albicollis",0,0,0,0,0,0,0,0,0,0,0,0,0,0
"5451","Leucogeranus leucogeranus",6,6,0,0,5,0,5,5,6,0,6,0,6,0
"5452","Leucolia violiceps",0,0,0,0,0,0,0,0,0,0,0,0,0,0
"5453","Leucolia viridifrons",0,0,0,0,0,0,0,0,0,0,0,0,0,0
"5454","Leucolia wagneri",0,0,0,0,0,0,0,0,0,0,0,0,0,0
"5455","Leuconotopicus albolarvatus",0,0,0,0,0,0,0,0,0,0,0,0,0,0
"5456","Leuconotopicus arizonae",0,0,0,0,0,0,0,0,0,0,0,0,0,0
"5457","Leuconotopicus borealis",0,5,0,0,0,6,0,6,5,5,0,0,6,0
"5458","Leuconotopicus fumigatus",0,0,0,0,0,0,0,0,0,0,0,0,0,0
"5459","Leuconotopicus stricklandi",0,0,0,0,0,0,0,0,0,0,0,0,0,0
"5460","Leuconotopicus villosus",0,0,0,0,0,0,0,0,0,0,0,0,0,0
"5461","Leucopeza semperi",0,7,0,0,0,7,0,0,0,7,0,0,6,0
"5462","Leucopsar rothschildi",6,7,0,0,8,0,0,0,0,7,0,0,0,0
"5463","Leucopternis kuhli",0,0,0,0,0,0,0,0,0,0,0,0,0,0
"5464","Leucopternis melanops",0,0,0,0,0,0,0,0,0,0,0,0,0,0
"5465","Leucopternis semiplumbeus",0,0,0,0,0,0,0,0,0,0,0,0,0,0
"5466","Leucosarcia melanoleuca",0,0,0,0,0,0,0,0,0,0,0,0,6,0
"5467","Leucosticte arctoa",0,0,0,0,0,0,0,0,0,0,0,0,0,0
"5468","Leucosticte atrata",0,0,0,0,0,0,0,0,0,0,0,0,7,0
"5469","Leucosticte australis",0,0,0,0,0,0,0,0,0,0,0,0,7,0
"5470","Leucosticte brandti",0,0,0,0,0,0,0,0,0,0,0,0,0,0
"5471","Leucosticte nemoricola",0,0,0,0,0,0,0,0,0,0,0,0,0,0
"5472","Leucosticte tephrocotis",0,0,0,0,0,0,0,0,0,0,0,0,0,0
"5473","Lewinia mirifica",0,0,0,0,7,0,0,0,0,0,0,0,0,0
"5474","Lewinia muelleri",0,0,0,0,0,0,0,0,0,5,0,0,0,0
"5475","Lewinia pectoralis",0,0,0,0,0,0,0,0,0,0,0,0,0,0
"5476","Lewinia striata",0,0,0,0,0,0,0,0,0,0,0,0,0,0
"5477","Lichenostomus cratitius",0,0,0,0,0,0,0,0,0,0,0,0,6,0
"5478","Lichenostomus melanops",0,0,0,0,0,0,0,0,0,0,0,0,6,0
"5479","Lichmera alboauricularis",0,0,0,0,0,0,0,0,0,0,0,0,0,0
"5480","Lichmera argentauris",0,0,0,0,0,0,0,0,0,0,0,0,0,0
"5481","Lichmera deningeri",0,0,0,0,0,0,0,0,0,0,0,0,6,0
"5482","Lichmera flavicans",0,0,0,0,0,0,0,0,0,0,0,0,0,0
"5483","Lichmera incana",0,0,0,0,0,0,0,0,0,0,0,0,0,0
"5484","Lichmera indistincta",0,0,0,0,0,0,0,0,0,0,0,0,0,0
"5485","Lichmera lombokia",0,0,0,0,0,0,0,0,0,0,0,0,0,0
"5486","Lichmera monticola",0,0,0,0,0,0,0,0,0,0,0,0,6,0
"5487","Lichmera notabilis",0,5,4,0,0,5,0,0,0,0,0,0,0,0
"5488","Lichmera squamata",0,0,0,0,0,0,0,0,0,0,0,0,0,0
"5489","Limnoctites rectirostris",5,5,0,0,0,0,0,0,0,0,4,0,0,0
"5490","Limnoctites sulphuriferus",0,0,0,0,0,0,0,0,0,0,0,0,0,0
"5491","Limnodromus griseus",0,0,0,0,0,0,0,0,0,0,0,0,0,0
"5492","Limnodromus scolopaceus",0,0,0,0,0,0,0,0,0,0,0,0,6,0
"5493","Limnodromus semipalmatus",5,5,0,0,5,0,0,0,0,0,5,0,4,0
"5494","Limnornis curvirostris",0,0,0,0,0,0,0,0,0,0,0,0,0,0
"5495","Limnothlypis swainsonii",0,0,0,0,0,0,0,0,0,0,0,0,0,0
"5496","Limosa fedoa",0,0,0,0,0,0,0,0,0,0,0,0,0,0
"5497","Limosa haemastica",0,5,4,0,0,0,4,0,0,0,6,0,6,0
"5498","Limosa lapponica",6,6,3,0,4,0,0,7,7,5,7,0,5,0
"5499","Limosa limosa",5,6,5,5,6,0,0,6,5,5,5,0,5,0
"5500","Linaria cannabina",0,0,0,0,0,0,0,0,0,0,0,0,0,0
"5501","Linaria flavirostris",0,0,0,0,0,0,0,0,0,0,0,0,0,0
"5502","Linaria johannis",0,7,0,0,0,5,0,0,0,0,0,0,6,0
"5503","Linaria yemenensis",0,0,0,0,0,0,0,0,0,0,0,0,6,0
"5504","Linurgus olivaceus",0,0,0,0,0,0,0,0,0,0,0,0,0,0
"5505","Liocichla bugunorum",0,0,0,7,0,6,0,4,7,0,0,0,0,0
"5506","Liocichla omeiensis",0,6,0,0,5,6,0,5,0,0,0,0,0,0
"5507","Liocichla phoenicea",0,0,0,0,0,0,0,0,0,0,0,0,0,0
"5508","Liocichla ripponi",0,0,0,0,0,0,0,0,0,0,0,0,0,0
"5509","Liocichla steerii",0,0,0,0,0,0,0,0,0,0,0,0,0,0
"5510","Lioparus chrysotis",0,0,0,0,0,0,0,0,0,0,0,0,0,0
"5511","Liosceles thoracicus",0,5,0,0,0,5,0,0,0,0,0,0,0,0
"5512","Lipaugus ater",0,0,0,0,4,5,0,0,0,0,0,0,0,0
"5513","Lipaugus conditus",0,3,0,0,0,3,0,5,5,0,0,0,6,0
"5514","Lipaugus fuscocinereus",0,0,0,0,0,0,0,0,0,0,0,0,0,0
"5515","Lipaugus lanioides",5,6,0,0,0,6,0,0,0,0,0,0,0,0
"5516","Lipaugus streptophorus",0,0,0,0,0,0,0,0,0,0,0,0,0,0
"5517","Lipaugus unirufus",0,0,0,0,0,0,0,0,0,0,0,0,0,0
"5518","Lipaugus uropygialis",0,5,0,5,0,6,0,0,0,0,0,0,8,0
"5519","Lipaugus vociferans",0,0,0,0,0,0,0,0,0,0,0,0,0,0
"5520","Lipaugus weberi",0,6,6,6,0,0,0,0,6,0,0,0,7,0
"5521","Lissotis hartlaubii",0,0,0,0,0,0,0,0,0,0,0,0,0,0
"5522","Lissotis melanogaster",0,0,0,0,0,0,0,0,0,0,0,0,0,0
"5523","Loboparadisea sericea",0,0,4,0,0,4,0,0,0,0,0,0,0,0
"5524","Lobotos lobatus",0,6,0,0,0,6,0,0,0,0,0,0,0,0
"5525","Lobotos oriolinus",0,0,0,0,0,4,0,0,0,0,0,0,4,0
"5526","Lochmias nematura",0,0,0,0,0,0,0,0,0,0,0,0,0,0
"5527","Locustella accentor",0,0,0,0,0,0,0,0,0,0,0,0,6,0
"5528","Locustella alfredi",0,0,0,0,0,0,0,0,0,0,0,0,0,0
"5529","Locustella alishanensis",0,0,0,0,0,0,0,0,0,0,0,0,0,0
"5530","Locustella castanea",0,0,0,0,0,4,0,0,0,0,0,0,0,0
"5531","Locustella caudata",0,0,0,0,0,0,0,0,0,0,0,0,0,0
"5532","Locustella chengi",0,0,0,0,0,0,0,0,0,0,0,0,0,0
"5533","Locustella davidi",0,0,0,0,0,0,0,0,0,0,0,0,0,0
"5534","Locustella disturbans",0,0,0,0,0,4,0,0,0,0,0,0,0,0
"5535","Locustella fluviatilis",0,0,0,0,0,0,0,0,0,0,0,0,0,0
"5536","Locustella kashmirensis",0,0,0,0,0,0,0,0,0,0,0,0,0,0
"5537","Locustella lanceolata",0,0,0,0,0,0,0,0,0,0,0,0,0,0
"5538","Locustella luscinioides",0,0,0,0,0,0,0,0,0,0,0,0,0,0
"5539","Locustella luteoventris",0,0,0,0,0,0,0,0,0,0,0,0,0,0
"5540","Locustella major",0,6,0,0,0,6,0,0,0,0,0,0,0,0
"5541","Locustella mandelli",0,0,0,0,0,0,0,0,0,0,0,0,0,0
"5542","Locustella montis",0,0,0,0,0,0,0,0,0,0,0,0,0,0
"5543","Locustella musculus",0,0,0,0,0,4,0,0,0,0,0,0,0,0
"5544","Locustella naevia",0,0,0,0,0,0,0,0,0,0,0,0,0,0
"5545","Locustella portenta",0,5,0,0,0,0,0,0,7,0,0,0,6,0
"5546","Locustella seebohmi",0,7,0,0,0,6,0,0,7,0,0,0,0,0
"5547","Locustella tacsanowskia",0,0,0,0,0,0,0,0,0,0,0,0,0,0
"5548","Locustella thoracica",0,0,0,0,0,0,0,0,0,0,0,0,0,0
"5549","Loddigesia mirabilis",5,5,5,0,5,4,0,5,0,0,0,0,0,0
"5550","Lonchura atricapilla",0,0,0,0,0,0,0,0,0,0,0,0,0,0
"5551","Lonchura caniceps",0,0,0,0,0,0,0,0,0,0,0,0,0,0
"5552","Lonchura castaneothorax",0,0,0,0,0,0,0,0,0,0,0,0,0,0
"5553","Lonchura ferruginosa",0,0,0,0,0,0,0,0,0,0,0,0,0,0
"5554","Lonchura flaviprymna",0,0,0,0,0,0,0,0,0,0,0,0,0,0
"5555","Lonchura forbesi",0,0,0,0,0,0,0,0,0,0,0,0,0,0
"5556","Lonchura fuscans",0,0,0,0,0,0,0,0,0,0,0,0,0,0
"5557","Lonchura grandis",0,0,0,0,0,0,0,0,0,0,0,0,0,0
"5558","Lonchura hunsteini",0,0,0,0,0,0,0,0,0,0,0,0,0,0
"5559","Lonchura kelaarti",0,0,0,0,0,0,0,0,0,0,0,0,0,0
"5560","Lonchura leucogastra",0,0,0,0,0,0,0,0,0,0,0,0,0,0
"5561","Lonchura leucogastroides",0,0,0,0,0,0,0,0,0,0,0,0,0,0
"5562","Lonchura leucosticta",0,0,0,0,0,0,0,0,0,0,0,0,0,0
"5563","Lonchura maja",0,0,0,0,0,0,0,0,0,0,0,0,0,0
"5564","Lonchura malacca",0,0,0,0,0,0,0,0,0,0,0,0,0,0
"5565","Lonchura melaena",0,0,0,0,0,0,0,0,0,0,0,0,0,0
"5566","Lonchura molucca",0,0,0,0,0,0,0,0,0,0,0,0,0,0
"5567","Lonchura montana",0,0,0,0,0,0,0,0,0,0,0,0,0,0
"5568","Lonchura monticola",0,0,0,0,0,0,0,0,0,0,0,0,6,0
"5569","Lonchura nevermanni",0,0,0,0,0,0,0,0,0,0,0,0,0,0
"5570","Lonchura pallida",0,0,0,0,0,0,0,0,0,0,0,0,0,0
"5571","Lonchura punctulata",0,0,0,0,0,0,0,0,0,0,0,0,0,0
"5572","Lonchura quinticolor",0,0,0,0,0,0,0,0,0,0,0,0,0,0
"5573","Lonchura spectabilis",0,0,0,0,0,0,0,0,0,0,0,0,0,0
"5574","Lonchura striata",0,0,0,0,0,0,0,0,0,0,0,0,0,0
"5575","Lonchura stygia",0,0,0,0,5,0,0,0,0,6,0,0,0,0
"5576","Lonchura teerinki",0,0,0,0,0,0,0,0,0,0,0,0,0,0
"5577","Lonchura tristissima",0,0,0,0,0,0,0,0,0,0,0,0,0,0
"5578","Lonchura vana",0,4,0,0,4,0,0,0,0,0,0,0,6,0
"5579","Lophaetus occipitalis",0,0,0,0,0,0,0,0,0,0,0,0,0,0
"5580","Lophoceros alboterminatus",0,0,0,0,0,0,0,0,0,0,0,0,0,0
"5581","Lophoceros bradfieldi",0,0,0,0,0,0,0,0,0,0,0,0,0,0
"5582","Lophoceros camurus",0,0,0,0,0,0,0,0,0,0,0,0,0,0
"5583","Lophoceros fasciatus",0,0,0,0,0,0,0,0,0,0,0,0,0,0
"5584","Lophoceros hemprichii",0,0,0,0,0,0,0,0,0,0,0,0,0,0
"5585","Lophoceros nasutus",0,0,0,0,0,0,0,0,0,0,0,0,0,0
"5586","Lophoceros pallidirostris",0,0,0,0,0,0,0,0,0,0,0,0,0,0
"5587","Lophoceros semifasciatus",0,0,0,0,0,0,0,0,0,0,0,0,0,0
"5588","Lophodytes cucullatus",0,0,0,0,0,0,0,0,0,0,0,0,0,0
"5589","Lophoictinia isura",0,0,0,0,0,0,0,0,0,0,0,0,0,0
"5590","Lopholaimus antarcticus",0,0,0,0,0,0,0,0,0,0,0,0,0,0
"5591","Lophonetta specularioides",0,0,0,0,0,0,0,0,0,0,0,0,0,0
"5592","Lophophanes cristatus",0,0,0,0,0,0,0,0,0,0,0,0,0,0
"5593","Lophophanes dichrous",0,0,0,0,0,0,0,0,0,0,0,0,0,0
"5594","Lophophorus impejanus",0,0,0,0,0,0,0,0,0,0,0,0,0,0
"5595","Lophophorus lhuysii",0,5,0,0,5,5,0,0,0,0,0,0,0,0
"5596","Lophophorus sclateri",0,0,0,0,5,4,0,0,0,0,0,0,6,0
"5597","Lophopsittacus bensoni",0,0,0,0,5,0,0,0,0,0,0,0,0,0
"5598","Lophopsittacus mauritianus",0,0,0,0,5,0,0,0,0,0,0,0,0,0
"5599","Lophorina intercedens",0,0,0,0,0,0,0,0,0,0,0,0,0,0
"5600","Lophorina latipennis",0,0,0,0,0,4,0,0,0,0,0,0,0,0
"5601","Lophorina magnifica",0,0,0,0,0,0,0,0,0,0,0,0,0,0
"5602","Lophorina minor",0,0,0,0,0,4,0,0,0,0,0,0,0,0
"5603","Lophorina paradisea",0,0,0,0,0,0,0,0,0,0,0,0,6,0
"5604","Lophorina superba",0,0,0,0,0,4,0,0,0,0,0,0,0,0
"5605","Lophorina victoriae",0,0,0,0,0,0,0,0,0,0,0,0,8,0
"5606","Lophornis adorabilis",0,0,0,0,0,0,0,0,0,0,0,0,0,0
"5607","Lophornis brachylophus",0,7,0,0,0,0,0,0,0,0,0,0,0,0
"5608","Lophornis chalybeus",0,4,0,0,0,4,0,0,0,0,0,0,0,0
"5609","Lophornis delattrei",0,0,0,0,0,0,0,0,0,0,0,0,0,0
"5610","Lophornis gouldii",0,7,6,6,0,0,0,0,0,0,0,0,0,0
"5611","Lophornis helenae",0,0,0,0,0,0,0,0,0,0,0,0,0,0
"5612","Lophornis magnificus",0,0,0,0,0,0,0,0,0,0,0,0,0,0
"5613","Lophornis ornatus",0,0,0,0,0,0,0,0,0,0,0,0,0,0
"5614","Lophornis pavoninus",0,0,0,0,0,0,0,0,0,0,0,0,0,0
"5615","Lophornis stictolophus",0,0,0,0,0,0,0,0,0,0,0,0,0,0
"5616","Lophornis verreauxii",0,0,0,0,0,0,0,0,0,0,0,0,0,0
"5617","Lophospingus griseocristatus",0,0,0,0,0,0,0,0,0,0,0,0,0,0
"5618","Lophospingus pusillus",0,0,0,0,0,0,0,0,0,0,0,0,0,0
"5619","Lophostrix cristata",0,0,0,0,0,0,0,0,0,0,0,0,0,0
"5620","Lophotibis cristata",0,0,0,0,6,6,0,0,0,0,0,0,0,0
"5621","Lophotis gindiana",0,0,0,0,0,0,0,0,0,0,0,0,0,0
"5622","Lophotis ruficrista",0,0,0,0,0,0,0,0,0,0,0,0,0,0
"5623","Lophotis savilei",0,0,0,0,0,0,0,0,0,0,0,0,0,0
"5624","Lophotriccus eulophotes",0,0,0,0,0,0,0,0,0,0,0,0,0,0
"5625","Lophotriccus galeatus",0,0,0,0,0,0,0,0,0,0,0,0,0,0
"5626","Lophotriccus pileatus",0,0,0,0,0,0,0,0,0,0,0,0,0,0
"5627","Lophotriccus vitiosus",0,0,0,0,0,0,0,0,0,0,0,0,0,0
"5628","Lophotriorchis kienerii",0,0,0,0,0,6,0,0,0,0,0,0,0,0
"5629","Lophura bulweri",0,6,0,0,6,5,0,0,0,0,0,0,0,0
"5630","Lophura diardi",0,6,0,0,6,6,0,0,0,0,0,0,0,0
"5631","Lophura edwardsi",0,6,0,0,7,6,0,4,0,0,0,0,0,0
"5632","Lophura erythrophthalma",6,8,0,0,7,8,0,0,0,0,0,0,0,0
"5633","Lophura ignita",0,6,0,0,7,6,0,0,6,0,0,0,0,0
"5634","Lophura inornata",0,5,0,0,5,0,0,0,0,0,0,0,0,0
"5635","Lophura leucomelanos",0,0,0,0,0,0,0,0,0,0,0,0,0,0
"5636","Lophura nycthemera",0,0,0,0,0,0,0,0,0,0,0,0,7,0
"5637","Lophura pyronota",0,7,0,0,6,7,0,0,0,0,0,0,0,0
"5638","Lophura rufa",0,6,0,0,7,6,0,0,6,0,0,0,0,0
"5639","Lophura swinhoii",0,0,0,0,4,5,0,0,0,0,0,0,0,0
"5640","Loriculus amabilis",0,0,0,0,0,0,0,0,0,0,0,0,0,0
"5641","Loriculus aurantiifrons",0,0,0,0,0,0,0,0,0,0,0,0,0,0
"5642","Loriculus beryllinus",0,0,0,0,0,0,0,0,0,0,0,0,0,0
"5643","Loriculus catamene",0,5,0,0,0,5,0,0,0,5,0,7,0,0
"5644","Loriculus exilis",0,6,0,0,4,6,0,0,0,0,0,0,0,0
"5645","Loriculus flosculus",5,5,0,0,0,5,0,0,0,0,0,0,0,0
"5646","Loriculus galgulus",0,0,0,0,0,0,0,0,0,0,0,0,0,0
"5647","Loriculus philippensis",0,0,0,0,0,0,0,0,0,0,0,0,0,0
"5648","Loriculus pusillus",0,2,0,0,6,2,0,0,0,0,0,0,0,0
"5649","Loriculus sclateri",0,0,0,0,0,0,0,0,0,0,0,0,0,0
"5650","Loriculus stigmatus",0,0,0,0,0,0,0,0,0,0,0,0,0,0
"5651","Loriculus tener",0,6,0,0,0,6,0,0,0,0,0,0,0,0
"5652","Loriculus vernalis",0,0,0,0,0,0,0,0,0,0,0,0,0,0
"5653","Lorius albidinucha",0,0,0,0,0,5,0,0,0,0,0,0,6,0
"5654","Lorius chlorocercus",0,6,0,0,6,6,0,0,0,0,0,0,0,0
"5655","Lorius domicella",0,0,5,0,7,5,0,0,6,0,0,0,0,0
"5656","Lorius garrulus",5,0,0,0,7,6,0,0,0,0,0,0,0,0
"5657","Lorius hypoinochrous",0,0,0,0,0,0,0,0,0,0,0,0,0,0
"5658","Lorius lory",0,0,0,0,0,0,0,0,0,0,0,0,0,0
"5659","Loxia curvirostra",0,0,0,0,0,0,0,0,0,0,0,0,0,0
"5660","Loxia leucoptera",0,0,0,0,0,0,0,0,0,0,0,0,0,0
"5661","Loxia megaplaga",0,7,0,0,0,6,0,0,6,4,0,0,0,0
"5662","Loxia pytyopsittacus",0,0,0,0,0,0,0,0,0,0,0,0,0,0
"5663","Loxia scotica",0,7,0,0,0,0,0,0,0,0,0,0,0,0
"5664","Loxigilla barbadensis",0,0,0,0,0,0,0,0,0,0,0,0,0,0
"5665","Loxigilla noctis",0,0,0,0,0,0,0,0,0,0,0,0,0,0
"5666","Loxioides bailleui",0,3,0,0,0,0,0,6,6,7,0,0,8,0
"5667","Loxipasser anoxanthus",0,0,0,0,0,0,0,0,0,0,0,0,0,0
"5668","Loxops caeruleirostris",1,0,0,0,0,3,0,0,0,7,0,0,6,0
"5669","Loxops coccineus",0,2,0,0,0,3,0,0,0,6,0,0,7,0
"5670","Loxops ochraceus",0,5,0,0,0,5,0,0,0,7,0,0,0,0
"5671","Loxops wolstenholmei",0,3,0,0,0,0,0,0,0,5,0,0,0,0
"5672","Lullula arborea",0,0,0,0,0,0,0,0,0,0,0,0,0,0
"5673","Lurocalis rufiventris",0,0,0,0,0,0,0,0,0,0,0,0,0,0
"5674","Lurocalis semitorquatus",0,0,0,0,0,0,0,0,0,0,0,0,0,0
"5675","Luscinia luscinia",0,0,0,0,0,0,0,0,0,0,0,0,0,0
"5676","Luscinia megarhynchos",0,0,0,0,0,0,0,0,0,0,0,0,0,0
"5677","Luscinia phaenicuroides",0,0,0,0,0,0,0,0,0,0,0,0,0,0
"5678","Luscinia svecica",0,5,0,0,0,5,0,0,5,4,0,0,0,0
"5679","Lybius chaplini",5,6,0,0,0,6,0,0,0,5,0,0,0,0
"5680","Lybius guifsobalito",0,0,0,0,0,0,0,0,0,0,0,0,0,0
"5681","Lybius leucocephalus",0,0,0,0,0,0,0,0,0,0,0,0,0,0
"5682","Lybius leucogaster",0,6,0,0,0,0,0,0,0,0,0,0,0,0
"5683","Lybius rubrifacies",3,3,0,0,0,3,0,0,0,0,0,0,0,0
"5684","Lybius senex",0,0,0,0,0,0,0,0,0,0,0,0,0,0
"5685","Lybius torquatus",0,0,0,0,0,0,0,0,0,0,0,0,0,0
"5686","Lybius undatus",0,0,0,0,0,0,0,0,0,0,0,0,0,0
"5687","Lybius vieilloti",0,0,0,0,0,0,0,0,0,0,0,0,0,0
"5688","Lycocorax obiensis",0,0,0,0,0,0,0,0,0,0,0,0,0,0
"5689","Lycocorax pyrrhopterus",0,0,0,0,0,0,0,0,0,0,0,0,0,0
"5690","Lymnocryptes minimus",0,0,0,0,0,0,0,0,0,0,0,0,6,0
"5691","Lyncornis macrotis",0,0,0,0,0,0,0,0,0,0,0,0,0,0
"5692","Lyncornis temminckii",0,0,0,0,0,0,0,0,0,0,0,0,0,0
"5693","Lyrurus mlokosiewiczi",6,6,5,6,5,5,0,0,0,0,0,0,6,0
"5694","Lyrurus tetrix",0,0,0,0,0,0,0,0,0,0,0,0,0,0
"5695","Macgregoria pulchra",0,0,0,5,5,0,0,0,0,0,0,0,6,0
"5696","Machaerirhynchus flaviventer",0,0,0,0,0,0,0,0,0,0,0,0,0,0
"5697","Machaerirhynchus nigripectus",0,0,0,0,0,0,0,0,0,0,0,0,0,0
"5698","Machaeropterus deliciosus",0,0,0,0,0,0,0,0,0,0,0,0,0,0
"5699","Machaeropterus eckelberryi",0,2,0,0,0,0,0,0,0,0,0,0,0,0
"5700","Machaeropterus pyrocephalus",0,0,0,0,0,0,0,0,0,0,0,0,0,0
"5701","Machaeropterus regulus",0,0,0,0,0,0,0,0,0,0,0,0,0,0
"5702","Machaeropterus striolatus",0,0,0,0,0,0,0,0,0,0,0,0,0,0
"5703","Macheiramphus alcinus",0,0,0,0,0,0,0,0,0,0,0,0,0,0
"5704","Machetornis rixosa",0,0,0,0,0,0,0,0,0,0,0,0,0,0
"5705","Machlolophus holsti",0,0,0,0,3,2,0,0,0,0,0,0,0,0
"5706","Machlolophus nuchalis",5,6,6,0,0,6,0,0,4,6,0,0,0,0
"5707","Machlolophus spilonotus",0,0,0,0,0,0,0,0,0,0,0,0,0,0
"5708","Machlolophus xanthogenys",0,0,0,0,0,0,0,0,0,0,0,0,0,0
"5709","Mackenziaena leachii",0,0,0,0,0,0,0,0,0,0,0,0,0,0
"5710","Mackenziaena severa",0,0,0,0,0,0,0,0,0,0,0,0,0,0
"5711","Macroagelaius imthurni",0,0,0,0,0,0,0,0,0,0,0,0,0,0
"5712","Macroagelaius subalaris",5,7,0,0,0,7,0,0,6,0,0,0,0,0
"5713","Macrocephalon maleo",4,5,5,4,8,5,0,4,7,5,0,0,0,0
"5714","Macronectes giganteus",0,0,0,0,0,0,5,0,0,0,0,2,0,0
"5715","Macronectes halli",0,0,0,0,0,0,7,0,0,0,0,0,0,0
"5716","Macronus ptilosus",0,6,0,0,0,5,0,0,4,0,0,0,0,0
"5717","Macronus striaticeps",0,0,0,0,0,0,0,0,0,0,0,0,0,0
"5718","Macronyx ameliae",0,0,0,0,0,0,0,0,0,0,0,0,0,0
"5719","Macronyx aurantiigula",0,0,0,0,0,0,0,0,0,0,0,0,0,0
"5720","Macronyx capensis",0,0,0,0,0,0,0,0,0,0,0,0,0,0
"5721","Macronyx croceus",0,0,0,0,0,0,0,0,0,0,0,0,0,0
"5722","Macronyx flavicollis",6,6,0,5,0,0,0,0,0,0,0,0,0,0
"5723","Macronyx fuelleborni",0,0,0,0,0,0,0,0,0,0,0,0,0,0
"5724","Macronyx grimwoodi",0,6,0,0,0,0,0,0,6,0,0,0,0,0
"5725","Macronyx sharpei",5,6,5,0,0,0,0,0,5,0,0,0,5,0
"5726","Macropsalis forcipata",0,0,0,0,0,0,0,0,0,0,0,0,0,0
"5727","Macropygia amboinensis",0,0,0,0,0,0,0,0,0,0,0,0,0,0
"5728","Macropygia cinnamomea",0,6,0,0,5,0,0,0,0,0,0,0,0,0
"5729","Macropygia emiliana",0,0,0,0,0,0,0,0,0,0,0,0,0,0
"5730","Macropygia macassariensis",0,0,0,0,0,0,0,0,0,0,0,0,0,0
"5731","Macropygia mackinlayi",0,0,0,0,0,0,0,0,0,0,0,0,0,0
"5732","Macropygia magna",0,0,0,0,0,0,0,0,0,0,0,0,0,0
"5733","Macropygia nigrirostris",0,0,0,0,0,0,0,0,0,0,0,0,0,0
"5734","Macropygia phasianella",0,0,0,0,0,0,0,0,0,0,0,0,0,0
"5735","Macropygia ruficeps",0,0,0,0,0,0,0,0,0,0,0,0,0,0
"5736","Macropygia rufipennis",4,7,0,0,7,7,0,0,0,0,0,0,0,0
"5737","Macropygia tenuirostris",0,0,0,0,0,0,0,0,0,0,0,0,0,0
"5738","Macropygia timorlaoensis",0,0,0,0,0,0,0,0,0,0,0,0,0,0
"5739","Macropygia unchall",0,0,0,0,0,0,0,0,0,0,0,0,0,0
"5740","Macrosphenus concolor",0,0,0,0,0,0,0,0,0,0,0,0,0,0
"5741","Macrosphenus flavicans",0,0,0,0,0,0,0,0,0,0,0,0,0,0
"5742","Macrosphenus kempi",0,0,0,0,0,0,0,0,0,0,0,0,0,0
"5743","Macrosphenus kretschmeri",0,0,0,0,0,0,0,0,0,0,0,0,0,0
"5744","Macrosphenus pulitzeri",0,6,0,0,0,0,0,0,6,0,0,0,0,0
"5745","Madanga ruficollis",5,5,0,0,0,4,0,0,0,0,0,0,6,0
"5746","Magumma parva",5,3,0,0,0,3,0,0,0,7,0,0,7,0
"5747","Malacocincla abbotti",0,0,0,0,0,0,0,0,0,0,0,0,0,0
"5748","Malacocincla perspicillata",0,7,0,0,0,7,0,0,7,0,0,0,0,0
"5749","Malacocincla sepiaria",0,0,0,0,0,0,0,0,0,0,0,0,0,0
"5750","Malaconotus alius",0,5,0,0,0,7,0,0,0,7,0,0,6,0
"5751","Malaconotus blanchoti",0,0,0,0,0,0,0,0,0,0,0,0,0,0
"5752","Malaconotus cruentus",0,0,0,0,0,0,0,0,0,0,0,0,0,0
"5753","Malaconotus gladiator",0,6,0,0,0,6,0,0,0,0,0,0,0,0
"5754","Malaconotus lagdeni",0,6,5,0,0,6,0,0,0,0,0,0,0,0
"5755","Malaconotus monteiri",0,6,0,0,0,0,0,0,0,0,0,0,0,0
"5756","Malacopteron affine",0,6,0,0,0,6,0,0,5,0,0,0,0,0
"5757","Malacopteron albogulare",0,5,0,0,0,6,0,0,6,0,0,0,0,0
"5758","Malacopteron cinereum",0,0,0,0,0,0,0,0,0,0,0,0,0,0
"5759","Malacopteron magnirostre",0,0,0,0,0,0,0,0,0,0,0,0,0,0
"5760","Malacopteron magnum",0,5,0,0,0,5,0,0,5,0,0,0,0,0
"5761","Malacopteron palawanense",0,6,6,0,0,6,0,0,0,0,0,0,0,0
"5762","Malacoptila fulvogularis",0,0,0,0,0,0,0,0,0,0,0,0,0,0
"5763","Malacoptila fusca",0,0,0,0,0,0,0,0,0,0,0,0,0,0
"5764","Malacoptila minor",0,7,0,6,0,7,0,0,0,0,0,0,0,0
"5765","Malacoptila mystacalis",0,0,0,0,0,0,0,0,0,0,0,0,0,0
"5766","Malacoptila panamensis",0,0,0,0,0,0,0,0,0,0,0,0,0,0
"5767","Malacoptila rufa",0,0,0,0,0,0,0,0,0,0,0,0,0,0
"5768","Malacoptila semicincta",0,0,0,0,0,0,0,0,0,0,0,0,0,0
"5769","Malacoptila striata",0,6,0,6,0,6,0,0,0,0,0,0,0,0
"5770","Malacorhynchus membranaceus",0,0,0,0,0,0,0,0,0,0,0,0,0,0
"5771","Malcorus pectoralis",0,0,0,0,0,0,0,0,0,0,0,0,6,0
"5772","Malia grata",0,0,0,0,0,0,0,0,0,0,0,0,6,0
"5773","Malimbus ballmanni",0,6,3,0,0,6,0,0,0,0,0,0,0,0
"5774","Malimbus cassini",0,0,0,0,0,0,0,0,0,0,0,0,0,0
"5775","Malimbus coronatus",0,0,0,0,0,0,0,0,0,0,0,0,0,0
"5776","Malimbus erythrogaster",0,0,0,0,0,0,0,0,0,0,0,0,0,0
"5777","Malimbus ibadanensis",0,6,0,0,4,6,0,0,0,6,0,0,0,0
"5778","Malimbus malimbicus",0,0,0,0,0,0,0,0,0,0,0,0,0,0
"5779","Malimbus nitens",0,0,0,0,0,0,0,0,0,0,0,0,0,0
"5780","Malimbus racheliae",0,0,0,0,0,0,0,0,0,0,0,0,0,0
"5781","Malimbus rubricollis",0,0,0,0,0,0,0,0,0,0,0,0,0,0
"5782","Malimbus scutatus",0,0,0,0,0,0,0,0,0,0,0,0,0,0
"5783","Malindangia mcgregori",0,5,0,0,0,5,0,0,0,0,0,0,6,0
"5784","Malurus alboscapulatus",0,0,0,0,0,0,0,0,0,0,0,0,0,0
"5785","Malurus amabilis",0,0,0,0,0,0,0,0,0,0,0,0,0,0
"5786","Malurus assimilis",0,0,0,0,0,0,0,0,0,0,0,0,0,0
"5787","Malurus coronatus",0,0,0,0,0,0,0,0,0,0,0,0,0,0
"5788","Malurus cyaneus",0,0,0,0,0,0,0,0,0,0,0,0,0,0
"5789","Malurus cyanocephalus",0,0,0,0,0,0,0,0,0,0,0,0,0,0
"5790","Malurus elegans",0,0,0,0,0,0,0,0,0,0,0,0,6,0
"5791","Malurus lamberti",0,0,0,0,0,0,0,0,0,0,0,0,0,0
"5792","Malurus leucopterus",0,0,0,0,0,0,0,0,0,0,0,0,0,0
"5793","Malurus melanocephalus",0,0,0,0,0,0,0,0,0,0,0,0,0,0
"5794","Malurus pulcherrimus",0,0,0,0,0,0,0,0,0,0,0,0,6,0
"5795","Malurus splendens",0,0,0,0,0,0,0,0,0,0,0,0,0,0
"5796","Manacus aurantiacus",0,0,0,0,0,0,0,0,0,0,0,0,0,0
"5797","Manacus candei",0,0,0,0,0,0,0,0,0,0,0,0,0,0
"5798","Manacus manacus",0,0,0,0,0,0,0,0,0,0,0,0,0,0
"5799","Manacus vitellinus",0,0,0,0,0,0,0,0,0,0,0,0,0,0
"5800","Mandingoa nitidula",0,0,0,0,0,0,0,0,0,0,0,0,0,0
"5801","Manorina flavigula",0,0,0,0,0,0,0,0,0,0,0,0,0,0
"5802","Manorina melanocephala",0,0,0,0,0,0,0,0,0,0,0,0,0,0
"5803","Manorina melanophrys",0,0,0,0,0,0,0,0,0,0,0,0,6,0
"5804","Manorina melanotis",0,6,0,0,0,0,0,0,6,7,0,0,7,0
"5805","Manucerthia mana",0,3,0,0,0,3,0,0,0,7,0,0,7,0
"5806","Manucodia ater",0,0,0,0,0,0,0,0,0,0,0,0,0,0
"5807","Manucodia chalybatus",0,0,0,0,0,0,0,0,0,0,0,0,0,0
"5808","Manucodia comrii",0,0,0,0,0,0,0,0,0,0,0,0,0,0
"5809","Manucodia jobiensis",0,0,0,0,0,0,0,0,0,0,0,0,0,0
"5810","Mareca americana",0,0,0,0,0,0,0,0,0,0,0,0,0,0
"5811","Mareca falcata",0,0,0,0,7,0,0,0,0,0,0,0,0,0
"5812","Mareca penelope",0,0,0,0,0,0,0,4,5,4,6,0,6,0
"5813","Mareca sibilatrix",0,0,0,0,0,0,0,0,0,0,0,0,0,0
"5814","Mareca strepera",0,0,0,0,0,0,0,0,0,0,0,0,0,0
"5815","Margarobyas lawrencii",0,0,0,0,0,0,0,0,0,0,0,0,0,0
"5816","Margaroperdix madagarensis",0,0,0,0,0,0,0,0,0,0,0,0,0,0
"5817","Margarops fuscatus",0,0,0,0,0,0,0,0,0,0,0,0,0,0
"5818","Margarornis bellulus",0,5,5,5,0,0,0,0,0,0,0,0,6,0
"5819","Margarornis rubiginosus",0,0,0,0,0,0,0,0,0,0,0,0,0,0
"5820","Margarornis squamiger",0,0,0,0,0,0,0,0,0,0,0,0,0,0
"5821","Margarornis stellatus",5,6,5,0,0,6,0,0,0,0,0,0,0,0
"5822","Marmaronetta angustirostris",0,6,0,0,6,5,6,6,6,5,5,0,6,0
"5823","Mascarenotus grucheti",0,0,0,0,4,4,0,0,0,6,0,0,0,0
"5824","Mascarenotus murivorus",0,0,0,0,0,4,0,0,0,0,0,0,0,0
"5825","Mascarenotus sauzieri",0,0,0,0,0,4,0,0,0,0,0,0,0,0
"5826","Mascarinus mascarin",0,0,0,0,5,0,0,0,0,0,0,0,0,0
"5827","Maschalethraupis surinama",0,5,0,0,0,0,0,0,0,0,0,0,0,0
"5828","Masius chrysopterus",0,0,0,0,0,0,0,0,0,0,0,0,0,0
"5829","Mayrornis lessoni",0,0,0,0,0,0,0,0,0,0,0,0,0,0
"5830","Mayrornis schistaceus",0,4,0,0,0,5,0,0,0,0,0,0,0,0
"5831","Mayrornis versicolor",0,0,0,0,0,0,0,0,0,5,0,0,4,0
"5832","Mazaria propinqua",0,0,0,0,0,0,0,0,0,0,0,0,0,0
"5833","Mearnsia novaeguineae",0,0,0,0,0,0,0,0,0,0,0,0,0,0
"5834","Mearnsia picina",4,5,4,0,0,5,0,0,0,0,0,0,0,0
"5835","Mecocerculus calopterus",0,0,0,0,0,0,0,0,0,0,0,0,0,0
"5836","Mecocerculus hellmayri",0,0,0,0,0,0,0,0,0,0,0,0,0,0
"5837","Mecocerculus leucophrys",0,0,0,0,0,0,0,0,0,0,0,0,0,0
"5838","Mecocerculus minor",0,0,0,0,0,0,0,0,0,0,0,0,0,0
"5839","Mecocerculus poecilocercus",0,0,0,0,0,0,0,0,0,0,0,0,0,0
"5840","Mecocerculus stictopterus",0,0,0,0,0,0,0,0,0,0,0,0,0,0
"5841","Megabyas flammulatus",0,0,0,0,0,0,0,0,0,0,0,0,0,0
"5842","Megaceryle alcyon",0,0,0,0,0,0,0,0,0,0,0,0,0,0
"5843","Megaceryle lugubris",0,0,0,0,0,0,0,0,0,0,0,0,0,0
"5844","Megaceryle maxima",0,0,0,0,0,0,0,0,0,0,0,0,0,0
"5845","Megaceryle torquata",0,0,0,0,0,0,0,0,0,0,0,0,0,0
"5846","Megacrex inepta",0,0,0,0,4,5,0,0,0,5,0,0,0,0
"5847","Megadyptes antipodes",0,4,3,0,0,2,7,5,2,6,0,0,6,0
"5848","Megalampitta gigantea",0,0,0,0,0,0,0,0,0,0,0,0,0,0
"5849","Megaloprepia formosa",0,0,0,0,0,0,0,0,0,0,0,0,0,0
"5850","Megaloprepia magnifica",0,0,0,0,0,0,0,0,0,0,0,0,0,0
"5851","Megalurus palustris",0,0,0,0,0,0,0,0,0,0,0,0,0,0
"5852","Megapodius bernsteinii",0,6,0,0,6,5,0,0,0,6,0,0,0,0
"5853","Megapodius cumingii",0,4,0,0,5,0,0,0,0,0,0,0,0,0
"5854","Megapodius decollatus",0,0,0,0,0,0,0,0,0,0,0,0,0,0
"5855","Megapodius eremita",0,0,0,0,0,0,0,0,0,0,0,0,0,0
"5856","Megapodius freycinet",0,5,0,0,5,0,0,0,0,0,0,0,0,0
"5857","Megapodius geelvinkianus",4,5,0,0,5,5,0,0,0,6,0,0,5,0
"5858","Megapodius laperouse",6,3,0,0,4,0,0,5,0,6,0,4,6,0
"5859","Megapodius layardi",0,5,0,0,5,6,0,0,0,0,0,0,6,0
"5860","Megapodius nicobariensis",5,5,0,5,4,0,0,0,0,7,0,0,6,0
"5861","Megapodius pritchardii",0,0,0,0,5,0,0,0,0,5,0,5,8,0
"5862","Megapodius reinwardt",0,0,0,0,0,0,0,0,0,0,0,0,0,0
"5863","Megapodius tenimberensis",0,0,0,0,6,6,0,0,0,5,0,0,0,0
"5864","Megarynchus pitangua",0,0,0,0,0,0,0,0,0,0,0,0,0,0
"5865","Megascops albogularis",0,0,0,0,0,0,0,0,0,0,0,0,0,0
"5866","Megascops asio",0,0,0,0,0,0,0,0,0,0,0,0,0,0
"5867","Megascops atricapilla",0,0,0,0,0,0,0,0,0,0,0,0,0,0
"5868","Megascops barbarus",5,6,0,0,4,6,0,0,0,4,0,0,0,0
"5869","Megascops choliba",0,0,0,0,0,0,0,0,0,0,0,0,0,0
"5870","Megascops clarkii",0,0,0,0,0,0,0,0,0,0,0,0,0,0
"5871","Megascops cooperi",0,0,0,0,0,5,0,0,0,0,0,0,0,0
"5872","Megascops gilesi",0,4,0,0,0,0,0,0,0,0,0,0,0,0
"5873","Megascops guatemalae",0,0,0,0,0,0,0,0,0,0,0,0,0,0
"5874","Megascops hoyi",0,0,0,0,0,0,0,0,0,0,0,0,0,0
"5875","Megascops ingens",0,4,4,0,0,4,0,0,0,0,0,0,0,0
"5876","Megascops kennicottii",0,0,0,0,0,0,0,0,0,0,0,0,0,0
"5877","Megascops koepckeae",0,0,0,0,0,0,0,0,0,0,0,0,0,0
"5878","Megascops marshalli",0,4,0,0,0,5,0,0,0,0,0,0,0,0
"5879","Megascops nudipes",0,0,0,0,0,0,0,0,0,0,0,0,0,0
"5880","Megascops petersoni",0,0,0,0,0,0,0,0,0,0,0,0,0,0
"5881","Megascops roboratus",0,0,0,0,0,0,0,0,0,0,0,0,0,0
"5882","Megascops sanctaecatarinae",0,0,0,0,0,0,0,0,0,0,0,0,0,0
"5883","Megascops seductus",0,4,0,0,0,0,0,0,0,0,0,0,0,0
"5884","Megascops trichopsis",0,0,0,0,0,0,0,0,0,0,0,0,0,0
"5885","Megascops vermiculatus",0,0,0,0,0,0,0,0,0,0,0,0,0,0
"5886","Megascops watsonii",0,0,0,0,0,0,0,0,0,0,0,0,0,0
"5887","Megastictus margaritatus",0,0,0,0,0,0,0,0,0,0,0,0,0,0
"5888","Megatriorchis doriae",0,0,0,0,0,5,0,0,0,0,0,0,0,0
"5889","Megaxenops parnaguae",0,7,0,0,0,7,0,0,0,0,0,0,0,0
"5890","Megazosterops palauensis",0,0,0,0,0,6,0,0,0,6,0,0,6,0
"5891","Meiglyptes grammithorax",0,0,0,0,0,0,0,0,0,0,0,0,0,0
"5892","Meiglyptes jugularis",0,0,0,0,0,0,0,0,0,0,0,0,0,0
"5893","Meiglyptes tristis",5,5,5,0,0,6,0,0,5,0,0,0,0,0
"5894","Meiglyptes tukki",0,6,0,0,0,6,0,0,5,0,0,0,0,0
"5895","Melaenornis annamarulae",0,6,3,0,0,6,0,0,0,0,0,0,0,0
"5896","Melaenornis ardesiacus",0,0,0,0,0,0,0,0,0,0,0,0,0,0
"5897","Melaenornis brunneus",0,0,0,0,0,0,0,0,0,0,0,0,0,0
"5898","Melaenornis chocolatinus",0,0,0,0,0,0,0,0,0,0,0,0,0,0
"5899","Melaenornis edolioides",0,0,0,0,0,0,0,0,0,0,0,0,0,0
"5900","Melaenornis fischeri",0,0,0,0,0,0,0,0,0,0,0,0,0,0
"5901","Melaenornis pammelaina",0,0,0,0,0,0,0,0,0,0,0,0,0,0
"5902","Melampitta lugubris",0,0,0,0,0,0,0,0,0,0,0,0,0,0
"5903","Melamprosops phaeosoma",0,0,0,0,0,4,0,5,0,5,0,0,0,0
"5904","Melanerpes aurifrons",0,0,0,0,0,0,0,0,0,0,0,0,0,0
"5905","Melanerpes cactorum",0,0,0,0,0,0,0,0,0,0,0,0,0,0
"5906","Melanerpes candidus",0,0,0,0,0,0,0,0,0,0,0,0,0,0
"5907","Melanerpes carolinus",0,0,0,0,0,0,0,0,0,0,0,0,0,0
"5908","Melanerpes chrysauchen",0,0,0,0,0,0,0,0,0,0,0,0,0,0
"5909","Melanerpes chrysogenys",0,0,0,0,0,0,0,0,0,0,0,0,0,0
"5910","Melanerpes cruentatus",0,0,0,0,0,0,0,0,0,0,0,0,0,0
"5911","Melanerpes erythrocephalus",0,6,0,6,3,0,0,7,5,6,6,0,6,0
"5912","Melanerpes flavifrons",0,0,0,0,0,0,0,0,0,0,0,0,0,0
"5913","Melanerpes formicivorus",0,0,0,0,0,0,0,0,0,0,0,0,0,0
"5914","Melanerpes herminieri",4,0,0,4,5,4,0,0,0,4,4,0,5,0
"5915","Melanerpes hoffmannii",0,0,0,0,0,0,0,0,0,0,0,0,0,0
"5916","Melanerpes hypopolius",0,0,0,0,0,0,0,0,0,0,0,0,0,0
"5917","Melanerpes lewis",0,0,0,0,0,0,0,0,0,0,0,0,0,0
"5918","Melanerpes portoricensis",0,0,0,0,0,0,0,0,0,0,0,0,0,0
"5919","Melanerpes pucherani",0,0,0,0,0,0,0,0,0,0,0,0,0,0
"5920","Melanerpes pulcher",0,0,0,0,0,0,0,0,0,0,0,0,0,0
"5921","Melanerpes pygmaeus",0,0,0,0,0,0,0,0,0,0,0,0,0,0
"5922","Melanerpes radiolatus",0,0,0,0,0,0,0,0,0,0,0,0,0,0
"5923","Melanerpes rubricapillus",0,0,0,0,0,0,0,0,0,0,0,0,0,0
"5924","Melanerpes striatus",0,0,0,0,0,0,0,0,0,0,0,0,0,0
"5925","Melanerpes superciliaris",0,0,0,0,0,0,0,0,0,0,0,0,0,0
"5926","Melanerpes uropygialis",0,0,0,0,0,0,0,0,0,0,0,0,0,0
"5927","Melaniparus afer",0,0,0,0,0,0,0,0,0,0,0,0,6,0
"5928","Melaniparus albiventris",0,0,0,0,0,0,0,0,0,0,0,0,0,0
"5929","Melaniparus carpi",0,0,0,0,0,0,0,0,0,0,0,0,0,0
"5930","Melaniparus cinerascens",0,0,0,0,0,0,0,0,0,0,0,0,0,0
"5931","Melaniparus fasciiventer",0,0,0,0,0,0,0,0,0,0,0,0,0,0
"5932","Melaniparus fringillinus",0,0,0,0,0,0,0,0,0,0,0,0,0,0
"5933","Melaniparus funereus",0,0,0,0,0,0,0,0,0,0,0,0,0,0
"5934","Melaniparus griseiventris",0,0,0,0,0,0,0,0,0,0,0,0,0,0
"5935","Melaniparus guineensis",0,0,0,0,0,0,0,0,0,0,0,0,0,0
"5936","Melaniparus leucomelas",0,0,0,0,0,0,0,0,0,0,0,0,0,0
"5937","Melaniparus leuconotus",0,0,0,0,0,0,0,0,0,0,0,0,0,0
"5938","Melaniparus niger",0,0,0,0,0,0,0,0,0,0,0,0,0,0
"5939","Melaniparus pallidiventris",0,0,0,0,0,0,0,0,0,0,0,0,0,0
"5940","Melaniparus rufiventris",0,0,0,0,0,0,0,0,0,0,0,0,0,0
"5941","Melaniparus thruppi",0,0,0,0,0,0,0,0,0,0,0,0,0,0
"5942","Melanitta americana",0,0,4,4,4,0,6,0,0,4,5,0,6,0
"5943","Melanitta deglandi",0,0,4,0,5,0,5,4,0,0,6,0,8,0
"5944","Melanitta fusca",0,0,4,0,4,0,6,0,0,6,6,0,8,0
"5945","Melanitta nigra",0,0,4,4,4,0,6,0,0,4,4,0,5,0
"5946","Melanitta perspicillata",0,0,7,0,6,0,4,0,0,0,6,0,8,0
"5947","Melanitta stejnegeri",0,0,4,0,0,0,5,4,0,2,4,0,8,0
"5948","Melanocharis arfakiana",0,6,0,0,0,6,0,0,0,0,0,0,0,0
"5949","Melanocharis citreola",0,0,0,0,0,0,0,0,0,0,0,0,8,0
"5950","Melanocharis longicauda",0,0,0,0,0,0,0,0,0,0,0,0,0,0
"5951","Melanocharis nigra",0,0,0,0,0,0,0,0,0,0,0,0,0,0
"5952","Melanocharis striativentris",0,0,0,0,0,0,0,0,0,0,0,0,0,0
"5953","Melanocharis versteri",0,0,0,0,0,0,0,0,0,0,0,0,0,0
"5954","Melanochlora sultanea",0,0,0,0,0,0,0,0,0,0,0,0,0,0
"5955","Melanocichla calva",0,0,0,0,0,0,0,0,0,0,0,0,0,0
"5956","Melanocichla lugubris",0,0,0,0,0,0,0,0,0,0,0,0,0,0
"5957","Melanocorypha bimaculata",0,0,0,0,0,0,0,0,0,0,0,0,0,0
"5958","Melanocorypha calandra",0,0,0,0,0,0,0,0,0,0,0,0,0,0
"5959","Melanocorypha maxima",0,0,0,0,0,0,0,0,0,0,0,0,0,0
"5960","Melanocorypha mongolica",0,0,0,0,0,0,0,0,0,0,0,0,0,0
"5961","Melanocorypha yeltoniensis",0,4,0,0,0,0,0,0,0,0,0,0,0,0
"5962","Melanodera melanodera",0,0,0,0,0,0,0,0,0,0,0,0,6,0
"5963","Melanodera xanthogramma",0,0,0,0,0,0,0,0,0,0,0,0,0,0
"5964","Melanodryas cucullata",0,0,0,0,0,0,0,0,0,0,0,0,0,0
"5965","Melanodryas vittata",0,6,0,0,0,0,0,0,6,6,0,0,7,0
"5966","Melanopareia elegans",0,0,0,0,0,0,0,0,0,0,0,0,0,0
"5967","Melanopareia maranonica",0,6,6,0,0,6,0,0,0,0,0,0,0,0
"5968","Melanopareia maximiliani",0,0,0,0,0,0,0,0,0,0,0,0,0,0
"5969","Melanopareia torquata",0,0,0,0,0,0,0,0,0,0,0,0,0,0
"5970","Melanoperdix niger",0,7,0,0,5,5,0,0,5,0,0,0,0,0
"5971","Melanoptila glabrirostris",6,6,0,0,0,0,0,0,0,4,0,0,5,0
"5972","Melanorectes nigrescens",0,0,0,0,0,0,0,0,0,0,0,0,0,0
"5973","Melanospiza bicolor",0,0,0,0,0,0,0,0,0,0,0,0,0,0
"5974","Melanospiza richardsoni",0,6,0,0,0,0,0,0,0,7,0,0,0,0
"5975","Melanotis caerulescens",0,0,0,0,0,0,0,0,0,0,0,0,0,0
"5976","Melanotis hypoleucus",0,0,0,0,0,0,0,0,0,0,0,0,0,0
"5977","Meleagris gallopavo",0,0,0,0,0,0,0,0,0,0,0,0,0,0
"5978","Meleagris ocellata",0,6,0,0,6,6,0,0,0,6,0,0,0,0
"5979","Meliarchus sclateri",0,0,0,0,0,0,0,0,0,0,0,0,0,0
"5980","Melichneutes robustus",0,0,0,0,0,0,0,0,0,0,0,0,0,0
"5981","Melidectes belfordi",0,0,0,0,0,0,0,0,0,0,0,0,0,0
"5982","Melidectes foersteri",0,0,0,0,0,0,0,0,0,0,0,0,0,0
"5983","Melidectes leucostephes",0,0,0,0,0,0,0,0,0,0,0,0,0,0
"5984","Melidectes ochromelas",0,0,0,0,0,0,0,0,0,0,0,0,0,0
"5985","Melidectes rufocrissalis",0,0,0,0,0,0,0,0,0,0,0,0,0,0
"5986","Melidectes torquatus",0,0,0,0,0,0,0,0,0,0,0,0,0,0
"5987","Melidora macrorrhina",0,0,0,0,0,0,0,0,0,0,0,0,0,0
"5988","Melierax canorus",0,0,0,0,0,0,0,0,0,0,0,0,0,0
"5989","Melierax metabates",0,0,0,0,0,0,0,0,0,0,0,0,0,0
"5990","Melierax poliopterus",0,0,0,0,0,0,0,0,0,0,0,0,0,0
"5991","Melignomon eisentrauti",0,7,5,0,0,8,0,0,0,0,0,0,0,0
"5992","Melignomon zenkeri",0,0,0,0,0,0,0,0,0,0,0,0,0,0
"5993","Melilestes megarhynchus",0,0,0,0,0,0,0,0,0,0,0,0,0,0
"5994","Melionyx fuscus",0,0,0,0,0,0,0,0,0,0,0,0,0,0
"5995","Melionyx nouhuysi",0,0,0,0,0,0,0,0,0,0,0,0,6,0
"5996","Melionyx princeps",0,5,0,0,0,0,0,0,5,0,0,0,6,0
"5997","Meliphacator provocator",0,0,0,0,0,0,0,0,0,0,0,0,0,0
"5998","Meliphaga aruensis",0,0,0,0,0,0,0,0,0,0,0,0,0,0
"5999","Meliphaga lewinii",0,0,0,0,0,0,0,0,0,0,0,0,6,0
"6000","Meliphaga notata",0,0,0,0,0,0,0,0,0,0,0,0,0,0
"6001","Melipotes ater",0,0,0,0,0,0,0,0,0,0,0,0,0,0
"6002","Melipotes carolae",0,0,0,0,0,0,0,0,0,0,0,0,0,0
"6003","Melipotes fumigatus",0,0,0,0,0,0,0,0,0,0,0,0,0,0
"6004","Melipotes gymnops",0,0,0,0,0,0,0,0,0,0,0,0,0,0
"6005","Melithreptus affinis",0,0,0,0,0,0,0,0,0,0,0,0,0,0
"6006","Melithreptus albogularis",0,0,0,0,0,0,0,0,0,0,0,0,0,0
"6007","Melithreptus brevirostris",0,0,0,0,0,0,0,0,0,0,0,0,0,0
"6008","Melithreptus chloropsis",0,0,0,0,0,0,0,0,0,0,0,0,5,0
"6009","Melithreptus gularis",0,0,0,0,0,0,0,0,0,0,0,0,5,0
"6010","Melithreptus laetior",0,0,0,0,0,0,0,0,0,0,0,0,5,0
"6011","Melithreptus lunatus",0,0,0,0,0,0,0,0,0,0,0,0,5,0
"6012","Melithreptus validirostris",0,6,0,0,0,6,0,0,6,0,0,0,7,0
"6013","Melitograis gilolensis",0,0,0,0,0,0,0,0,0,0,0,0,0,0
"6014","Mellisuga helenae",0,6,0,0,0,6,0,0,0,0,0,0,0,0
"6015","Mellisuga minima",0,0,0,0,0,0,0,0,0,0,0,0,0,0
"6016","Melloria quoyi",0,0,0,0,0,0,0,0,0,0,0,0,0,0
"6017","Melocichla mentalis",0,0,0,0,0,0,0,0,0,0,0,0,0,0
"6018","Melopsittacus undulatus",0,0,0,0,0,0,0,0,0,0,0,0,0,0
"6019","Melopyrrha grandis",0,8,0,0,0,0,0,0,0,8,0,0,8,0
"6020","Melopyrrha nigra",6,6,0,0,6,0,0,0,0,0,0,0,0,0
"6021","Melopyrrha portoricensis",0,0,0,0,0,5,0,0,0,0,0,0,7,0
"6022","Melopyrrha taylori",6,0,0,0,0,0,0,0,0,6,0,0,0,0
"6023","Melopyrrha violacea",0,0,0,0,0,0,0,0,0,0,0,0,0,0
"6024","Melospiza georgiana",0,0,0,0,0,0,0,0,0,0,0,0,0,0
"6025","Melospiza lincolnii",0,0,0,0,0,0,0,0,0,0,0,0,0,0
"6026","Melospiza melodia",0,0,0,0,0,0,0,0,0,0,0,0,0,0
"6027","Melozone aberti",0,0,0,0,0,0,0,0,0,0,0,0,0,0
"6028","Melozone albicollis",0,0,0,0,0,0,0,0,0,0,0,0,0,0
"6029","Melozone biarcuata",0,0,0,0,0,0,0,0,0,0,0,0,0,0
"6030","Melozone cabanisi",6,0,0,0,0,0,0,0,0,5,0,0,0,0
"6031","Melozone crissalis",0,0,0,0,0,0,0,0,0,0,0,0,0,0
"6032","Melozone fusca",0,0,0,0,0,0,0,0,0,0,0,0,0,0
"6033","Melozone kieneri",0,0,0,0,0,0,0,0,0,0,0,0,0,0
"6034","Melozone leucotis",0,0,0,0,0,0,0,0,0,0,0,0,0,0
"6035","Melozone occipitalis",0,0,0,0,0,0,0,0,0,0,0,0,0,0
"6036","Mentocrex beankaensis",0,5,0,0,6,5,0,0,5,0,0,0,0,0
"6037","Mentocrex kioloides",0,5,0,0,0,5,0,0,0,0,0,0,0,0
"6038","Menura alberti",0,2,0,0,0,4,0,0,6,5,0,0,6,0
"6039","Menura novaehollandiae",0,0,0,0,0,0,0,0,0,0,0,0,6,0
"6040","Merganetta armata",0,0,0,0,0,0,0,0,0,0,0,0,0,0
"6041","Mergellus albellus",0,0,0,0,0,0,0,0,0,0,0,0,6,0
"6042","Mergus australis",0,0,0,0,5,0,0,0,0,5,0,0,0,0
"6043","Mergus merganser",0,0,0,0,4,0,0,0,0,0,0,0,0,0
"6044","Mergus octosetaceus",0,7,6,0,5,6,0,6,7,0,5,0,0,0
"6045","Mergus serrator",0,0,0,0,4,0,0,0,0,0,0,0,0,0
"6046","Mergus squamatus",4,0,0,6,6,6,5,5,3,0,5,0,0,0
"6047","Meropogon forsteni",0,0,0,0,0,0,0,0,0,0,0,0,0,0
"6048","Merops albicollis",0,0,0,0,0,0,0,0,0,0,0,0,0,0
"6049","Merops americanus",0,0,0,0,0,0,0,0,0,0,0,0,0,0
"6050","Merops apiaster",0,0,0,0,0,0,0,0,0,0,0,0,0,0
"6051","Merops boehmi",0,0,0,0,0,0,0,0,0,0,0,0,0,0
"6052","Merops breweri",0,0,0,0,0,0,0,0,0,0,0,0,0,0
"6053","Merops bullockoides",0,0,0,0,0,0,0,0,0,0,0,0,0,0
"6054","Merops bulocki",0,0,0,0,0,0,0,0,0,0,0,0,0,0
"6055","Merops cyanophrys",0,0,0,0,0,0,0,0,0,0,0,0,0,0
"6056","Merops gularis",0,0,0,0,0,0,0,0,0,0,0,0,0,0
"6057","Merops hirundineus",0,0,0,0,0,0,0,0,0,0,0,0,0,0
"6058","Merops lafresnayii",0,0,0,0,0,0,0,0,0,0,0,0,0,0
"6059","Merops leschenaulti",0,0,0,0,0,0,0,0,0,0,0,0,0,0
"6060","Merops malimbicus",0,0,0,0,0,0,0,0,0,0,0,0,0,0
"6061","Merops mentalis",4,6,0,0,0,6,0,0,0,0,0,0,0,0
"6062","Merops muelleri",0,0,0,0,0,0,0,0,0,0,0,0,0,0
"6063","Merops nubicoides",0,0,0,0,0,0,0,0,0,0,0,0,0,0
"6064","Merops nubicus",0,0,0,0,0,0,0,0,0,0,0,0,0,0
"6065","Merops oreobates",0,0,0,0,0,0,0,0,0,0,0,0,0,0
"6066","Merops orientalis",0,0,0,0,0,0,0,0,0,0,0,0,0,0
"6067","Merops ornatus",0,0,0,0,0,0,0,0,0,0,0,0,0,0
"6068","Merops persicus",0,0,0,0,0,0,0,0,0,0,0,0,0,0
"6069","Merops philippinus",0,0,0,0,0,0,0,0,0,0,0,0,0,0
"6070","Merops pusillus",0,0,0,0,0,0,0,0,0,0,0,0,0,0
"6071","Merops revoilii",0,0,0,0,0,0,0,0,0,0,0,0,0,0
"6072","Merops superciliosus",0,0,0,0,0,0,0,0,0,0,0,0,0,0
"6073","Merops variegatus",0,0,0,0,0,0,0,0,0,0,0,0,0,0
"6074","Merops viridis",0,0,0,0,0,0,0,0,0,0,0,0,0,0
"6075","Merops viridissimus",0,0,0,0,0,0,0,0,0,0,0,0,0,0
"6076","Merulaxis ater",5,6,2,5,0,0,0,0,5,0,0,0,0,0
"6077","Merulaxis stresemanni",0,7,0,0,0,7,0,0,6,7,0,0,8,0
"6078","Mesembrinibis cayennensis",0,0,0,0,0,0,0,0,0,0,0,0,0,0
"6079","Mesitornis unicolor",0,6,0,0,5,5,0,0,0,6,0,0,5,0
"6080","Mesitornis variegatus",0,7,0,0,5,6,0,0,7,0,0,0,4,0
"6081","Metabolus godeffroyi",0,0,0,0,0,0,0,0,0,6,0,0,6,0
"6082","Metabolus rugensis",0,5,0,5,0,0,0,0,0,0,0,0,0,0
"6083","Metabolus takatsukasae",3,3,0,0,0,3,0,0,0,6,0,0,5,0
"6084","Metallura aeneocauda",0,0,0,0,0,0,0,0,0,0,0,0,0,0
"6085","Metallura baroni",0,6,0,4,0,0,0,0,6,0,0,0,0,0
"6086","Metallura eupogon",0,0,0,0,0,0,0,0,0,0,0,0,0,0
"6087","Metallura iracunda",4,4,4,0,0,0,0,0,4,0,0,0,0,0
"6088","Metallura odomae",0,6,0,0,0,0,0,0,6,0,0,0,0,0
"6089","Metallura phoebe",0,0,0,0,0,0,0,0,0,0,0,0,0,0
"6090","Metallura theresiae",0,0,0,0,0,0,0,0,0,0,0,0,0,0
"6091","Metallura tyrianthina",0,0,0,0,0,0,0,0,0,0,0,0,0,0
"6092","Metallura williami",0,0,0,0,0,0,0,0,0,0,0,0,0,0
"6093","Metopidius indicus",0,0,0,0,0,0,0,0,0,0,0,0,0,0
"6094","Metopothrix aurantiaca",0,0,0,0,0,0,0,0,0,0,0,0,0,0
"6095","Metriopelia aymara",0,0,0,0,0,0,0,0,0,0,0,0,0,0
"6096","Metriopelia ceciliae",0,0,0,0,0,0,0,0,0,0,0,0,0,0
"6097","Metriopelia melanoptera",0,0,0,0,0,0,0,0,0,0,0,0,0,0
"6098","Metriopelia morenoi",0,0,0,0,0,0,0,0,0,0,0,0,0,0
"6099","Micrastur buckleyi",0,0,0,0,0,0,0,0,0,0,0,0,0,0
"6100","Micrastur gilvicollis",0,0,0,0,0,0,0,0,0,0,0,0,0,0
"6101","Micrastur mintoni",0,0,0,0,0,0,0,0,0,0,0,0,0,0
"6102","Micrastur mirandollei",0,0,0,0,0,0,0,0,0,0,0,0,0,0
"6103","Micrastur plumbeus",0,5,5,5,0,5,0,0,0,0,6,0,0,0
"6104","Micrastur ruficollis",0,0,0,0,0,0,0,0,0,0,0,0,0,0
"6105","Micrastur semitorquatus",0,0,0,0,0,0,0,0,0,0,0,0,0,0
"6106","Micrathene whitneyi",0,0,0,0,0,0,0,0,0,0,0,0,0,0
"6107","Microbates cinereiventris",0,0,0,0,0,0,0,0,0,0,0,0,0,0
"6108","Microbates collaris",0,0,0,0,0,0,0,0,0,0,0,0,0,0
"6109","Microcarbo africanus",0,0,0,0,4,0,5,0,0,0,0,0,0,0
"6110","Microcarbo coronatus",0,0,0,0,0,0,0,5,0,6,5,0,0,0
"6111","Microcarbo melanoleucos",4,4,0,0,0,0,0,0,0,0,0,0,0,0
"6112","Microcarbo niger",0,0,0,0,0,0,0,0,0,0,0,0,0,0
"6113","Microcarbo pygmaeus",0,4,0,0,6,0,0,0,6,0,7,0,0,0
"6114","Microcerculus bambla",0,0,0,0,0,0,0,0,0,0,0,0,0,0
"6115","Microcerculus marginatus",0,0,0,0,0,0,0,0,0,0,0,0,0,0
"6116","Microcerculus philomela",0,0,0,0,0,0,0,0,0,0,0,0,0,0
"6117","Microcerculus ustulatus",0,0,0,0,0,0,0,0,0,0,0,0,0,0
"6118","Microchera albocoronata",0,0,0,0,0,0,0,0,0,0,0,0,0,0
"6119","Microchera chionura",0,0,0,0,0,0,0,0,0,0,0,0,0,0
"6120","Microchera cupreiceps",0,0,0,0,0,0,0,0,0,0,0,0,0,0
"6121","Microdynamis parva",0,0,0,0,0,0,0,0,0,0,0,0,0,0
"6122","Microeca fascinans",0,0,0,0,0,0,0,0,0,0,0,0,0,0
"6123","Microeca flavigaster",0,0,0,0,0,0,0,0,0,0,0,0,0,0
"6124","Microeca hemixantha",0,0,0,0,0,5,0,0,0,0,0,0,0,0
"6125","Microeca tormenti",0,0,0,0,0,0,0,0,0,0,0,0,0,0
"6126","Microgoura meeki",0,0,0,0,3,0,0,0,0,5,0,0,0,0
"6127","Microhierax caerulescens",0,0,0,0,0,0,0,0,0,0,0,0,0,0
"6128","Microhierax erythrogenys",0,0,0,0,0,0,0,0,0,0,0,0,0,0
"6129","Microhierax fringillarius",0,0,0,0,0,0,0,0,0,0,0,0,0,0
"6130","Microhierax latifrons",0,5,0,0,5,5,0,0,5,0,0,0,0,0
"6131","Microhierax melanoleucos",0,0,0,0,0,0,0,0,0,0,0,0,0,0
"6132","Microligea palustris",0,0,0,0,0,0,0,0,0,0,0,0,0,0
"6133","Micromacronus leytensis",0,6,0,0,0,6,0,0,0,0,0,0,0,0
"6134","Micromacronus sordidus",0,7,0,0,0,7,0,0,0,0,0,0,0,0
"6135","Micromonacha lanceolata",0,0,0,0,0,0,0,0,0,0,0,0,0,0
"6136","Micronisus gabar",0,0,0,0,0,0,0,0,0,0,0,0,0,0
"6137","Microparra capensis",0,0,0,0,0,0,0,0,0,0,0,0,0,0
"6138","Micropsitta bruijnii",0,0,0,0,0,0,0,0,0,0,0,0,0,0
"6139","Micropsitta finschii",0,0,0,0,0,0,0,0,0,0,0,0,0,0
"6140","Micropsitta geelvinkiana",2,5,0,0,4,4,0,0,0,0,0,0,0,0
"6141","Micropsitta keiensis",0,0,0,0,0,0,0,0,0,0,0,0,0,0
"6142","Micropsitta meeki",0,0,0,0,0,0,0,0,0,0,0,0,0,0
"6143","Micropsitta pusio",0,0,0,0,0,0,0,0,0,0,0,0,0,0
"6144","Micropternus brachyurus",0,0,0,0,0,0,0,0,0,0,0,0,0,0
"6145","Microptilotis albilineatus",0,0,0,0,0,0,0,0,0,0,0,0,0,0
"6146","Microptilotis albonotatus",0,0,0,0,0,0,0,0,0,0,0,0,0,0
"6147","Microptilotis analogus",0,0,0,0,0,0,0,0,0,0,0,0,0,0
"6148","Microptilotis cinereifrons",0,0,0,0,0,0,0,0,0,0,0,0,0,0
"6149","Microptilotis flavirictus",0,0,0,0,0,0,0,0,0,0,0,0,0,0
"6150","Microptilotis fordianus",0,0,0,0,0,0,0,0,0,0,0,0,0,0
"6151","Microptilotis gracilis",0,0,0,0,0,0,0,0,0,0,0,0,0,0
"6152","Microptilotis imitatrix",0,0,0,0,0,0,0,0,0,0,0,0,0,0
"6153","Microptilotis mimikae",0,0,0,0,0,0,0,0,0,0,0,0,0,0
"6154","Microptilotis montanus",0,0,0,0,0,0,0,0,0,0,0,0,0,0
"6155","Microptilotis orientalis",0,0,0,0,0,0,0,0,0,0,0,0,0,0
"6156","Microptilotis reticulatus",0,0,0,0,0,0,0,0,0,0,0,0,0,0
"6157","Microptilotis vicina",0,4,0,2,0,5,0,0,0,6,0,0,6,0
"6158","Micropygia schomburgkii",0,0,0,0,0,0,0,0,5,4,0,0,0,0
"6159","Microrhopias quixensis",0,0,0,0,0,0,0,0,0,0,0,0,0,0
"6160","Microspingus alticola",0,6,0,5,0,6,0,0,6,0,6,0,0,0
"6161","Microspingus cabanisi",0,0,0,0,0,0,0,0,0,0,0,0,0,0
"6162","Microspingus cinereus",0,7,5,0,0,0,0,0,0,5,0,0,6,0
"6163","Microspingus erythrophrys",0,0,0,0,0,0,0,0,0,0,0,0,0,0
"6164","Microspingus lateralis",0,0,0,0,0,0,0,0,0,0,0,0,0,0
"6165","Microspingus melanoleucus",0,0,0,0,0,0,0,0,0,0,0,0,0,0
"6166","Microspingus pectoralis",0,0,0,0,0,0,0,0,0,0,0,0,0,0
"6167","Microspingus torquatus",0,0,0,0,0,0,0,0,0,0,0,0,0,0
"6168","Microspingus trifasciatus",0,0,0,0,0,0,0,0,0,0,0,0,0,0
"6169","Microstilbon burmeisteri",0,0,0,0,0,0,0,0,0,0,0,0,0,0
"6170","Microtarsus melanoleucos",0,6,0,0,0,6,0,0,4,0,0,0,0,0
"6171","Microxenops milleri",0,0,0,0,0,0,0,0,0,0,0,0,0,0
"6172","Milvago chimachima",0,0,0,0,0,0,0,0,0,0,0,0,0,0
"6173","Milvus aegyptius",0,0,4,0,5,0,0,0,0,0,7,0,0,0
"6174","Milvus migrans",4,4,5,5,6,4,0,0,0,0,7,0,0,0
"6175","Milvus milvus",0,4,4,5,5,5,0,0,0,0,5,0,0,0
"6176","Mimus dorsalis",0,0,0,0,0,0,0,0,0,0,0,0,0,0
"6177","Mimus gilvus",0,0,0,0,0,0,0,0,0,0,0,0,0,0
"6178","Mimus graysoni",3,0,0,0,0,0,0,0,0,6,0,0,0,0
"6179","Mimus gundlachii",0,0,0,0,0,0,0,0,0,0,0,0,0,0
"6180","Mimus longicaudatus",0,0,0,0,0,0,0,0,0,0,0,0,0,0
"6181","Mimus macdonaldi",0,0,0,0,0,0,0,0,0,7,0,0,7,0
"6182","Mimus melanotis",4,0,0,0,0,0,0,0,0,5,0,0,6,0
"6183","Mimus parvulus",0,0,0,0,0,0,0,0,0,0,0,0,0,0
"6184","Mimus patagonicus",0,0,0,0,0,0,0,0,0,0,0,0,0,0
"6185","Mimus polyglottos",0,0,0,0,0,0,0,0,0,0,0,0,0,0
"6186","Mimus saturninus",0,0,0,0,0,0,0,0,0,0,0,0,0,0
"6187","Mimus thenca",0,0,0,0,0,0,0,0,0,0,0,0,0,0
"6188","Mimus trifasciatus",0,0,0,0,0,0,0,0,0,8,0,0,7,0
"6189","Mimus triurus",0,0,0,0,0,0,0,0,0,0,0,0,0,0
"6190","Minla ignotincta",0,0,0,0,0,0,0,0,0,0,0,0,0,0
"6191","Mino anais",0,0,0,0,0,0,0,0,0,0,0,0,0,0
"6192","Mino dumontii",0,0,0,0,0,0,0,0,0,0,0,0,0,0
"6193","Mino kreffti",0,0,0,0,0,0,0,0,0,0,0,0,0,0
"6194","Mionectes galbinus",0,0,0,0,0,0,0,0,0,0,0,0,0,0
"6195","Mionectes macconnelli",0,0,0,0,0,0,0,0,0,0,0,0,0,0
"6196","Mionectes oleagineus",0,0,0,0,0,0,0,0,0,0,0,0,0,0
"6197","Mionectes olivaceus",0,0,0,0,0,0,0,0,0,0,0,0,0,0
"6198","Mionectes roraimae",0,0,0,0,0,0,0,0,0,0,0,0,0,0
"6199","Mionectes rufiventris",0,0,0,0,0,0,0,0,0,0,0,0,0,0
"6200","Mionectes striaticollis",0,0,0,0,0,0,0,0,0,0,0,0,0,0
"6201","Mirafra affinis",0,0,0,0,0,0,0,0,0,0,0,0,0,0
"6202","Mirafra africana",0,0,0,0,0,0,0,0,0,0,0,0,0,0
"6203","Mirafra albicauda",0,0,0,0,0,0,0,0,0,0,0,0,0,0
"6204","Mirafra angolensis",0,0,0,0,0,0,0,0,0,0,0,0,0,0
"6205","Mirafra apiata",0,0,0,0,0,0,0,0,0,0,0,0,0,0
"6206","Mirafra assamica",0,0,0,0,0,0,0,0,0,0,0,0,0,0
"6207","Mirafra cheniana",6,6,0,0,0,0,0,0,0,4,0,0,4,0
"6208","Mirafra collaris",0,0,0,0,0,0,0,0,0,0,0,0,0,0
"6209","Mirafra cordofanica",0,0,0,0,0,0,0,0,0,0,0,0,0,0
"6210","Mirafra erythrocephala",0,0,0,0,0,0,0,0,0,0,0,0,0,0
"6211","Mirafra erythroptera",0,0,0,0,0,0,0,0,0,0,0,0,0,0
"6212","Mirafra fasciolata",0,0,0,0,0,0,0,0,0,0,0,0,0,0
"6213","Mirafra hypermetra",0,0,0,0,0,0,0,0,0,0,0,0,0,0
"6214","Mirafra javanica",0,0,0,0,0,0,0,0,0,0,0,0,0,0
"6215","Mirafra microptera",0,0,0,0,0,0,0,0,0,0,0,0,0,0
"6216","Mirafra passerina",0,0,0,0,0,0,0,0,0,0,0,0,0,0
"6217","Mirafra pulpa",0,0,0,0,0,0,0,0,0,0,0,0,0,0
"6218","Mirafra rufocinnamomea",0,0,0,0,0,0,0,0,0,0,0,0,0,0
"6219","Mirafra sharpii",0,6,0,0,0,0,0,0,0,0,0,0,0,0
"6220","Mirafra somalica",0,0,0,0,0,0,0,0,0,0,0,0,0,0
"6221","Mirafra williamsi",0,6,0,0,0,0,0,0,0,0,0,0,0,0
"6222","Mitrephanes olivaceus",0,0,0,0,0,0,0,0,0,0,0,0,0,0
"6223","Mitrephanes phaeocercus",0,0,0,0,0,0,0,0,0,0,0,0,0,0
"6224","Mitrospingus cassinii",0,0,0,0,0,0,0,0,0,0,0,0,0,0
"6225","Mitrospingus oleagineus",0,0,0,0,0,0,0,0,0,0,0,0,0,0
"6226","Mitu mitu",0,3,0,0,3,0,0,0,0,0,0,0,0,0
"6227","Mitu salvini",0,0,0,0,0,0,0,0,0,0,0,0,0,0
"6228","Mitu tomentosum",0,5,0,0,5,5,0,0,0,0,0,0,0,0
"6229","Mitu tuberosum",0,6,0,4,6,0,0,0,6,0,0,0,0,0
"6230","Mixornis bornensis",0,0,0,0,0,0,0,0,0,0,0,0,0,0
"6231","Mixornis flavicollis",0,0,0,0,0,0,0,0,0,0,0,0,0,0
"6232","Mixornis gularis",0,0,0,0,0,0,0,0,0,0,0,0,0,0
"6233","Mixornis kelleyi",0,0,0,0,0,0,0,0,0,0,0,0,0,0
"6234","Mixornis prillwitzi",0,7,0,0,0,0,0,0,0,0,0,0,0,0
"6235","Mniotilta varia",0,0,0,0,0,0,0,0,0,0,0,0,7,0
"6236","Modulatrix stictigula",0,0,0,0,0,0,0,0,0,0,0,0,0,0
"6237","Moho apicalis",0,0,0,0,4,4,0,0,0,5,0,0,0,0
"6238","Moho bishopi",0,5,0,0,0,0,0,0,0,5,0,0,0,0
"6239","Moho braccatus",0,0,0,0,0,5,0,0,0,5,0,0,0,0
"6240","Moho nobilis",0,5,0,0,5,5,0,0,0,5,0,0,0,0
"6241","Mohoua albicilla",0,0,0,0,0,0,0,0,0,0,0,0,0,0
"6242","Mohoua novaeseelandiae",0,0,0,0,0,0,0,0,0,0,0,0,0,0
"6243","Mohoua ochrocephala",0,2,0,0,0,0,0,0,0,7,0,0,0,0
"6244","Molothrus aeneus",0,0,0,0,0,0,0,0,0,0,0,0,0,0
"6245","Molothrus armenti",6,5,0,0,0,0,0,0,0,0,0,0,0,0
"6246","Molothrus ater",0,0,0,0,0,0,0,0,0,0,0,0,0,0
"6247","Molothrus bonariensis",0,0,0,0,0,0,0,0,0,0,0,0,0,0
"6248","Molothrus oryzivorus",0,0,0,0,0,0,0,0,0,0,0,0,0,0
"6249","Molothrus rufoaxillaris",0,0,0,0,0,0,0,0,0,0,0,0,0,0
"6250","Momotus aequatorialis",0,0,0,0,0,0,0,0,0,0,0,0,0,0
"6251","Momotus bahamensis",0,0,0,0,0,0,0,0,0,0,0,0,0,0
"6252","Momotus coeruliceps",0,0,0,0,0,0,0,0,0,0,0,0,0,0
"6253","Momotus lessonii",0,0,0,0,0,0,0,0,0,0,0,0,0,0
"6254","Momotus mexicanus",0,0,0,0,0,0,0,0,0,0,0,0,0,0
"6255","Momotus momota",0,0,0,0,0,0,0,0,0,0,0,0,0,0
"6256","Momotus subrufescens",0,0,0,0,0,0,0,0,0,0,0,0,0,0
"6257","Monachella coultasi",0,0,0,0,0,0,0,0,0,0,0,0,0,0
"6258","Monachella muelleriana",0,0,0,0,0,0,0,0,0,0,0,0,0,0
"6259","Monarcha castaneiventris",0,0,0,0,0,0,0,0,0,0,0,0,0,0
"6260","Monarcha cinerascens",0,0,0,0,0,0,0,0,0,0,0,0,0,0
"6261","Monarcha frater",0,0,0,0,0,0,0,0,0,0,0,0,0,0
"6262","Monarcha megarhynchus",0,0,0,0,0,0,0,0,0,0,0,0,0,0
"6263","Monarcha melanopsis",0,0,0,0,0,0,0,0,0,0,0,0,0,0
"6264","Monarcha richardsii",0,0,0,0,0,6,0,0,0,0,0,0,0,0
"6265","Monarcha ugiensis",0,0,0,0,0,0,0,0,0,0,0,0,0,0
"6266","Monasa atra",0,0,0,0,0,0,0,0,0,0,0,0,0,0
"6267","Monasa flavirostris",0,0,0,0,0,0,0,0,0,0,0,0,0,0
"6268","Monasa morphoeus",0,0,0,0,0,0,0,0,0,0,0,0,0,0
"6269","Monasa nigrifrons",0,0,0,0,0,0,0,0,0,0,0,0,0,0
"6270","Monias benschi",0,6,0,0,5,5,0,0,0,6,0,0,4,0
"6271","Montecincla cachinnans",5,6,0,0,0,0,0,0,6,0,6,0,5,0
"6272","Montecincla fairbanki",0,5,0,5,0,6,0,0,6,0,0,0,6,0
"6273","Montecincla jerdoni",5,6,0,0,0,0,0,0,6,0,6,0,5,0
"6274","Montecincla meridionalis",0,5,0,5,0,6,0,0,6,0,0,0,6,0
"6275","Monticola angolensis",0,0,0,0,0,0,0,0,0,0,0,0,0,0
"6276","Monticola brevipes",0,0,0,0,0,0,0,0,0,0,0,0,0,0
"6277","Monticola cinclorhyncha",0,0,0,0,0,0,0,0,0,0,0,0,0,0
"6278","Monticola erythronotus",0,5,0,0,0,5,0,0,0,0,0,0,5,0
"6279","Monticola explorator",0,6,0,0,0,0,0,0,0,0,0,0,8,0
"6280","Monticola gularis",0,0,0,0,0,0,0,0,0,0,0,0,0,0
"6281","Monticola imerina",0,0,0,0,0,0,0,0,0,0,0,0,0,0
"6282","Monticola rufiventris",0,0,0,0,0,0,0,0,0,0,0,0,0,0
"6283","Monticola rufocinereus",0,0,0,0,0,0,0,0,0,0,0,0,0,0
"6284","Monticola rupestris",0,0,0,0,0,0,0,0,0,0,0,0,6,0
"6285","Monticola saxatilis",0,0,0,0,0,0,0,0,0,0,0,0,0,0
"6286","Monticola semirufus",0,0,0,0,0,0,0,0,0,0,0,0,0,0
"6287","Monticola sharpei",0,7,7,0,0,7,0,0,7,0,0,0,0,0
"6288","Monticola solitarius",0,0,0,0,0,0,0,0,0,0,0,0,0,0
"6289","Montifringilla adamsi",0,0,0,0,0,0,0,0,0,0,0,0,0,0
"6290","Montifringilla henrici",0,0,0,0,0,0,0,0,0,0,0,0,0,0
"6291","Montifringilla nivalis",0,0,0,0,0,0,0,0,0,0,0,0,0,0
"6292","Morococcyx erythropygus",0,0,0,0,0,0,0,0,0,0,0,0,0,0
"6293","Morphnarchus princeps",0,0,0,0,0,0,0,0,0,0,0,0,0,0
"6294","Morphnus guianensis",0,0,0,0,5,6,0,0,0,5,0,0,0,0
"6295","Morus bassanus",0,0,5,0,0,0,6,0,0,0,5,0,0,0
"6296","Morus capensis",0,0,4,0,4,0,7,6,0,6,5,0,6,0
"6297","Morus serrator",0,0,0,0,0,0,5,0,0,0,0,0,0,0
"6298","Motacilla aguimp",0,0,0,0,0,0,0,0,0,0,0,0,0,0
"6299","Motacilla alba",0,0,0,0,0,0,0,0,0,0,0,0,7,0
"6300","Motacilla capensis",0,0,0,0,0,0,0,0,0,0,0,0,0,0
"6301","Motacilla cinerea",0,0,0,0,0,0,0,0,0,0,0,0,0,0
"6302","Motacilla citreola",0,0,0,0,0,0,0,0,0,0,0,0,0,0
"6303","Motacilla clara",0,0,0,0,0,0,0,0,0,0,0,0,0,0
"6304","Motacilla flava",0,0,0,0,0,0,0,0,0,0,0,0,0,0
"6305","Motacilla flaviventris",0,0,0,0,0,0,0,0,0,0,0,0,0,0
"6306","Motacilla grandis",0,0,0,0,0,0,0,0,0,0,0,0,0,0
"6307","Motacilla maderaspatensis",0,0,0,0,0,0,0,0,0,0,0,0,0,0
"6308","Motacilla samveasnae",5,0,0,0,0,0,0,0,5,0,0,0,0,0
"6309","Motacilla tschutschensis",0,0,0,0,0,0,0,0,0,0,0,0,0,0
"6310","Moupinia poecilotis",0,0,0,0,0,0,0,0,0,0,0,0,0,0
"6311","Mulleripicus fuliginosus",0,6,5,0,0,6,0,0,0,0,0,0,0,0
"6312","Mulleripicus fulvus",0,0,0,0,0,0,0,0,0,0,0,0,0,0
"6313","Mulleripicus funebris",5,6,5,5,0,6,0,0,0,0,0,0,0,0
"6314","Mulleripicus pulverulentus",0,6,5,0,4,7,0,0,0,0,0,0,0,0
"6315","Mundia elpenor",0,0,0,0,0,0,0,0,0,5,0,0,0,0
"6316","Muscicapa adusta",0,0,0,0,0,0,0,0,0,0,0,0,0,0
"6317","Muscicapa aquatica",0,0,0,0,0,0,0,0,0,0,0,0,0,0
"6318","Muscicapa cassini",0,0,0,0,0,0,0,0,0,0,0,0,0,0
"6319","Muscicapa dauurica",0,0,0,0,0,0,0,0,0,0,0,0,0,0
"6320","Muscicapa epulata",0,0,0,0,0,0,0,0,0,0,0,0,0,0
"6321","Muscicapa ferruginea",0,0,0,0,0,0,0,0,0,0,0,0,0,0
"6322","Muscicapa gambagae",0,0,0,0,0,0,0,0,0,0,0,0,0,0
"6323","Muscicapa griseisticta",0,0,0,0,0,0,0,0,0,0,0,0,0,0
"6324","Muscicapa muttui",0,0,0,0,0,0,0,0,0,0,0,0,0,0
"6325","Muscicapa randi",0,7,0,4,0,7,0,0,0,0,0,0,0,0
"6326","Muscicapa segregata",0,5,0,0,0,5,0,0,0,0,0,0,0,0
"6327","Muscicapa sethsmithi",0,0,0,0,0,0,0,0,0,0,0,0,0,0
"6328","Muscicapa sibirica",0,0,0,0,0,0,0,0,0,0,0,0,0,0
"6329","Muscicapa striata",0,0,0,0,0,0,0,0,0,0,0,0,0,0
"6330","Muscigralla brevicauda",0,0,0,0,0,0,0,0,0,0,0,0,0,0
"6331","Muscipipra vetula",0,0,0,0,0,0,0,0,0,0,0,0,0,0
"6332","Muscisaxicola albifrons",0,0,0,0,0,0,0,0,0,0,0,0,0,0
"6333","Muscisaxicola albilora",0,0,0,0,0,0,0,0,0,0,0,0,0,0
"6334","Muscisaxicola alpinus",0,0,0,0,0,0,0,0,0,0,0,0,0,0
"6335","Muscisaxicola capistratus",0,0,0,0,0,0,0,0,0,0,0,0,0,0
"6336","Muscisaxicola cinereus",0,0,0,0,0,0,0,0,0,0,0,0,0,0
"6337","Muscisaxicola flavinucha",0,0,0,0,0,0,0,0,0,0,0,0,0,0
"6338","Muscisaxicola fluviatilis",0,0,0,0,0,0,0,0,0,0,0,0,0,0
"6339","Muscisaxicola frontalis",0,0,0,0,0,0,0,0,0,0,0,0,0,0
"6340","Muscisaxicola griseus",0,0,0,0,0,0,0,0,0,0,0,0,0,0
"6341","Muscisaxicola juninensis",0,0,0,0,0,0,0,0,0,0,0,0,0,0
"6342","Muscisaxicola maclovianus",0,0,0,0,0,0,0,0,0,0,0,0,0,0
"6343","Muscisaxicola maculirostris",0,0,0,0,0,0,0,0,0,0,0,0,0,0
"6344","Muscisaxicola occipitalis",0,0,0,0,0,0,0,0,0,0,0,0,0,0
"6345","Muscisaxicola rufivertex",0,0,0,0,0,0,0,0,0,0,0,0,0,0
"6346","Musophaga rossae",0,0,0,0,0,0,0,0,0,0,0,0,0,0
"6347","Musophaga violacea",0,0,0,0,0,0,0,0,0,0,0,0,0,0
"6348","Myadestes coloratus",0,0,0,0,0,5,0,0,0,0,0,0,0,0
"6349","Myadestes elisabeth",0,5,0,0,0,0,0,0,0,0,0,0,0,0
"6350","Myadestes genibarbis",0,0,0,0,0,0,0,0,0,0,0,0,0,0
"6351","Myadestes lanaiensis",0,0,0,0,0,0,0,0,0,9,0,0,0,0
"6352","Myadestes melanops",0,5,0,0,5,0,0,0,0,0,0,0,0,0
"6353","Myadestes myadestinus",0,4,0,0,0,0,0,0,0,4,0,0,5,0
"6354","Myadestes obscurus",3,3,0,0,0,3,0,0,0,6,0,0,0,0
"6355","Myadestes occidentalis",0,0,0,0,0,0,0,0,0,0,0,0,0,0
"6356","Myadestes palmeri",0,0,0,0,0,0,0,0,0,6,0,0,6,0
"6357","Myadestes ralloides",0,0,0,0,0,0,0,0,0,0,0,0,0,0
"6358","Myadestes townsendi",0,0,0,0,0,0,0,0,0,0,0,0,0,0
"6359","Myadestes unicolor",0,0,0,0,0,0,0,0,0,0,0,0,0,0
"6360","Myadestes woahensis",0,0,0,0,0,4,0,0,0,0,0,0,0,0
"6361","Mycerobas affinis",0,0,0,0,0,0,0,0,0,0,0,0,0,0
"6362","Mycerobas carnipes",0,0,0,0,0,0,0,0,0,0,0,0,0,0
"6363","Mycerobas icterioides",0,0,0,0,0,0,0,0,0,0,0,0,0,0
"6364","Mycerobas melanozanthos",0,0,0,0,0,0,0,0,0,0,0,0,0,0
"6365","Mycteria americana",0,0,0,0,0,0,0,0,0,0,0,0,0,0
"6366","Mycteria cinerea",6,6,0,0,7,6,0,6,0,5,0,0,0,0
"6367","Mycteria ibis",0,0,0,0,0,0,0,0,0,0,0,0,0,0
"6368","Mycteria leucocephala",0,0,0,0,3,0,0,4,5,0,5,0,0,0
"6369","Myiagra albiventris",0,6,0,0,0,0,0,0,0,6,0,0,6,0
"6370","Myiagra alecto",0,0,0,0,0,0,0,0,0,0,0,0,0,0
"6371","Myiagra atra",0,5,0,0,0,5,0,0,0,0,0,0,0,0
"6372","Myiagra azureocapilla",0,5,0,0,0,0,0,0,0,5,0,0,6,0
"6373","Myiagra caledonica",0,0,0,0,0,0,0,0,0,0,0,0,0,0
"6374","Myiagra castaneigularis",0,0,0,0,0,0,0,0,0,0,0,0,6,0
"6375","Myiagra cervinicauda",0,0,0,0,0,6,0,0,0,0,0,0,0,0
"6376","Myiagra cervinicolor",0,0,0,0,0,7,0,0,0,0,0,0,0,0
"6377","Myiagra cyanoleuca",0,0,0,0,0,0,0,0,0,0,0,0,0,0
"6378","Myiagra eichhorni",0,0,0,0,0,0,0,0,0,0,0,0,0,0
"6379","Myiagra erythrops",0,0,0,0,0,0,0,0,0,0,0,0,6,0
"6380","Myiagra ferrocyanea",0,0,0,0,0,0,0,0,0,0,0,0,0,0
"6381","Myiagra freycineti",0,0,0,0,0,0,0,0,0,5,0,0,0,0
"6382","Myiagra galeata",0,0,0,0,0,0,0,0,0,0,0,0,0,0
"6383","Myiagra hebetior",0,0,0,0,0,7,0,0,0,0,0,0,0,0
"6384","Myiagra inquieta",0,0,0,0,0,0,0,0,0,0,0,0,0,0
"6385","Myiagra nana",0,0,0,0,0,0,0,0,0,0,0,0,0,0
"6386","Myiagra oceanica",0,0,0,0,0,0,0,0,0,0,0,0,0,0
"6387","Myiagra pluto",0,0,0,0,0,0,0,0,0,0,0,0,0,0
"6388","Myiagra rubecula",0,0,0,0,0,0,0,0,0,0,0,0,0,0
"6389","Myiagra ruficollis",0,0,0,0,0,0,0,0,0,0,0,0,0,0
"6390","Myiagra vanikorensis",0,0,0,0,0,0,0,0,0,0,0,0,0,0
"6391","Myiarchus antillarum",0,0,0,0,0,0,0,0,0,0,0,0,0,0
"6392","Myiarchus apicalis",0,0,0,0,0,0,0,0,0,0,0,0,0,0
"6393","Myiarchus barbirostris",0,0,0,0,0,0,0,0,0,0,0,0,0,0
"6394","Myiarchus cephalotes",0,0,0,0,0,0,0,0,0,0,0,0,0,0
"6395","Myiarchus cinerascens",0,0,0,0,0,0,0,0,0,0,0,0,0,0
"6396","Myiarchus crinitus",0,0,0,0,0,0,0,0,0,0,0,0,0,0
"6397","Myiarchus ferox",0,0,0,0,0,0,0,0,0,0,0,0,0,0
"6398","Myiarchus magnirostris",0,0,0,0,0,0,0,0,0,0,0,0,0,0
"6399","Myiarchus nugator",0,0,0,0,0,0,0,0,0,0,0,0,0,0
"6400","Myiarchus nuttingi",0,0,0,0,0,0,0,0,0,0,0,0,0,0
"6401","Myiarchus oberi",0,0,0,0,0,0,0,0,0,0,0,0,0,0
"6402","Myiarchus panamensis",0,0,0,0,0,0,0,0,0,0,0,0,0,0
"6403","Myiarchus phaeocephalus",0,0,0,0,0,0,0,0,0,0,0,0,0,0
"6404","Myiarchus sagrae",0,0,0,0,0,0,0,0,0,0,0,0,0,0
"6405","Myiarchus semirufus",0,6,0,0,4,6,0,0,0,6,0,0,0,0
"6406","Myiarchus stolidus",0,0,0,0,0,0,0,0,0,0,0,0,0,0
"6407","Myiarchus swainsoni",0,0,0,0,0,0,0,0,0,0,0,0,0,0
"6408","Myiarchus tuberculifer",0,0,0,0,0,0,0,0,0,0,0,0,0,0
"6409","Myiarchus tyrannulus",0,0,0,0,0,0,0,0,0,0,0,0,0,0
"6410","Myiarchus validus",0,0,0,0,0,0,0,0,0,0,0,0,0,0
"6411","Myiarchus venezuelensis",0,0,0,0,0,0,0,0,0,0,0,0,0,0
"6412","Myiarchus yucatanensis",0,0,0,0,0,0,0,0,0,0,0,0,0,0
"6413","Myiobius atricaudus",0,0,0,0,0,0,0,0,0,0,0,0,0,0
"6414","Myiobius barbatus",0,0,0,0,0,0,0,0,0,0,0,0,0,0
"6415","Myiobius sulphureipygius",0,0,0,0,0,0,0,0,0,0,0,0,0,0
"6416","Myiobius villosus",0,0,0,0,0,0,0,0,0,0,0,0,0,0
"6417","Myioborus albifacies",0,0,0,0,0,0,0,0,0,0,0,0,0,0
"6418","Myioborus albifrons",4,4,4,4,0,4,0,0,0,0,0,0,0,0
"6419","Myioborus brunniceps",0,0,0,0,0,0,0,0,0,0,0,0,0,0
"6420","Myioborus cardonai",0,6,5,0,0,0,0,0,0,0,0,0,6,0
"6421","Myioborus castaneocapilla",0,0,0,0,0,0,0,0,0,0,0,0,6,0
"6422","Myioborus chrysops",0,5,0,0,0,5,0,0,0,0,0,0,0,0
"6423","Myioborus flavivertex",0,6,0,0,0,6,0,0,0,0,0,0,0,0
"6424","Myioborus melanocephalus",0,0,0,0,0,0,0,0,0,0,0,0,0,0
"6425","Myioborus miniatus",0,0,0,0,0,0,0,0,0,0,0,0,0,0
"6426","Myioborus ornatus",0,4,0,0,0,4,0,0,0,0,0,0,0,0
"6427","Myioborus pariae",0,7,0,5,4,0,0,0,6,0,0,0,6,0
"6428","Myioborus pictus",0,0,0,0,0,0,0,0,0,0,0,0,0,0
"6429","Myioborus torquatus",0,0,0,0,0,0,0,0,0,0,0,0,0,0
"6430","Myiodynastes bairdii",0,0,0,0,0,0,0,0,0,0,0,0,0,0
"6431","Myiodynastes chrysocephalus",0,0,0,0,0,0,0,0,0,0,0,0,0,0
"6432","Myiodynastes hemichrysus",0,0,0,0,0,0,0,0,0,0,0,0,0,0
"6433","Myiodynastes luteiventris",0,0,0,0,0,0,0,0,0,0,0,0,0,0
"6434","Myiodynastes maculatus",0,0,0,0,0,0,0,0,0,0,0,0,0,0
"6435","Myiodynastes solitarius",0,0,0,0,0,0,0,0,0,0,0,0,0,0
"6436","Myiomela cambodiana",0,0,0,0,0,0,0,0,0,0,0,0,0,0
"6437","Myiomela diana",0,0,0,0,0,0,0,0,0,0,0,0,0,0
"6438","Myiomela leucura",0,0,0,0,0,0,0,0,0,0,0,0,0,0
"6439","Myiopagis caniceps",0,0,0,0,0,0,0,0,0,0,0,0,0,0
"6440","Myiopagis cinerea",0,0,0,0,0,0,0,0,0,0,0,0,0,0
"6441","Myiopagis cotta",0,0,0,0,0,0,0,0,0,0,0,0,0,0
"6442","Myiopagis flavivertex",0,0,0,0,0,0,0,0,0,0,0,0,0,0
"6443","Myiopagis gaimardii",0,0,0,0,0,0,0,0,0,0,0,0,0,0
"6444","Myiopagis olallai",3,6,0,0,0,6,0,0,0,0,0,0,0,0
"6445","Myiopagis parambae",0,0,0,0,0,0,0,0,0,0,0,0,0,0
"6446","Myiopagis subplacens",0,0,0,0,0,0,0,0,0,0,0,0,0,0
"6447","Myiopagis viridicata",0,0,0,0,0,0,0,0,0,0,0,0,0,0
"6448","Myiophobus crypterythrus",0,0,0,0,0,0,0,0,0,0,0,0,0,0
"6449","Myiophobus cryptoxanthus",0,0,0,0,0,0,0,0,0,0,0,0,0,0
"6450","Myiophobus fasciatus",0,0,0,0,0,0,0,0,0,0,0,0,0,0
"6451","Myiophobus flavicans",0,0,0,0,0,0,0,0,0,0,0,0,0,0
"6452","Myiophobus inornatus",0,0,0,0,0,0,0,0,0,0,0,0,0,0
"6453","Myiophobus phoenicomitra",0,0,0,0,0,0,0,0,0,0,0,0,0,0
"6454","Myiophobus roraimae",0,0,0,0,0,0,0,0,0,0,0,0,0,0
"6455","Myiophobus rufescens",0,0,0,0,0,0,0,0,0,0,0,0,0,0
"6456","Myiopsitta luchsi",0,0,0,0,6,0,0,0,0,0,0,0,0,0
"6457","Myiopsitta monachus",0,0,0,0,0,0,0,0,0,0,0,0,0,0
"6458","Myiornis albiventris",0,0,0,0,0,0,0,0,0,0,0,0,0,0
"6459","Myiornis atricapillus",0,0,0,0,0,0,0,0,0,0,0,0,0,0
"6460","Myiornis auricularis",0,0,0,0,0,0,0,0,0,0,0,0,0,0
"6461","Myiornis ecaudatus",0,0,0,0,0,0,0,0,0,0,0,0,0,0
"6462","Myiotheretes fumigatus",0,0,0,0,0,0,0,0,0,0,0,0,0,0
"6463","Myiotheretes fuscorufus",0,0,0,0,0,0,0,0,0,0,0,0,0,0
"6464","Myiotheretes pernix",5,6,0,0,0,5,0,0,0,0,3,0,0,0
"6465","Myiotheretes striaticollis",0,0,0,0,0,0,0,0,0,0,0,0,0,0
"6466","Myiothlypis basilica",0,5,0,0,0,4,0,0,4,0,0,0,0,0
"6467","Myiothlypis bivittata",0,0,0,0,0,0,0,0,0,0,0,0,0,0
"6468","Myiothlypis chlorophrys",0,0,0,0,0,0,0,0,0,0,0,0,0,0
"6469","Myiothlypis chrysogaster",0,0,0,0,0,0,0,0,0,0,0,0,0,0
"6470","Myiothlypis cinereicollis",4,5,0,0,0,0,0,0,0,0,0,0,0,0
"6471","Myiothlypis conspicillata",0,5,0,0,0,5,0,0,5,0,0,0,0,0
"6472","Myiothlypis coronata",0,0,0,0,0,0,0,0,0,0,0,0,0,0
"6473","Myiothlypis euophrys",0,0,0,0,0,0,0,0,0,0,0,0,0,0
"6474","Myiothlypis flaveola",0,0,0,0,0,0,0,0,0,0,0,0,0,0
"6475","Myiothlypis fraseri",0,0,0,0,0,0,0,0,0,0,0,0,0,0
"6476","Myiothlypis fulvicauda",0,0,0,0,0,0,0,0,0,0,0,0,0,0
"6477","Myiothlypis leucoblephara",0,0,0,0,0,0,0,0,0,0,0,0,0,0
"6478","Myiothlypis leucophrys",0,0,0,0,0,0,0,0,0,0,0,0,0,0
"6479","Myiothlypis luteoviridis",0,0,0,0,0,0,0,0,0,0,0,0,0,0
"6480","Myiothlypis mesoleuca",0,0,0,0,0,0,0,0,0,0,0,0,0,0
"6481","Myiothlypis nigrocristata",0,0,0,0,0,0,0,0,0,0,0,0,0,0
"6482","Myiothlypis rivularis",0,0,0,0,0,0,0,0,0,0,0,0,0,0
"6483","Myiothlypis roraimae",0,0,0,0,0,0,0,0,0,0,0,0,0,0
"6484","Myiothlypis signata",0,0,0,0,0,0,0,0,0,0,0,0,0,0
"6485","Myiothlypis striaticeps",0,0,0,0,0,0,0,0,0,0,0,0,0,0
"6486","Myiotriccus ornatus",0,0,0,0,0,0,0,0,0,0,0,0,0,0
"6487","Myiotriccus phoenicurus",0,0,0,0,0,0,0,0,0,0,0,0,0,0
"6488","Myiozetetes cayanensis",0,0,0,0,0,0,0,0,0,0,0,0,0,0
"6489","Myiozetetes granadensis",0,0,0,0,0,0,0,0,0,0,0,0,0,0
"6490","Myiozetetes luteiventris",0,0,0,0,0,0,0,0,0,0,0,0,0,0
"6491","Myiozetetes similis",0,0,0,0,0,0,0,0,0,0,0,0,0,0
"6492","Myophonus blighi",0,6,7,0,0,5,0,6,0,0,5,0,6,0
"6493","Myophonus borneensis",0,0,0,0,0,0,0,0,0,0,0,0,0,0
"6494","Myophonus caeruleus",0,0,0,0,0,0,0,0,0,0,0,0,0,0
"6495","Myophonus castaneus",0,5,0,0,0,5,0,0,0,0,0,0,0,0
"6496","Myophonus glaucinus",0,0,0,0,0,0,0,0,0,0,0,0,0,0
"6497","Myophonus horsfieldii",0,0,0,0,0,0,0,0,0,0,0,0,0,0
"6498","Myophonus insularis",0,0,0,0,0,0,0,0,0,0,0,0,0,0
"6499","Myophonus melanurus",0,0,0,0,0,0,0,0,0,0,0,0,0,0
"6500","Myophonus robinsoni",6,5,0,5,0,0,0,0,0,0,6,0,6,0
"6501","Myopornis boehmi",0,0,0,0,0,0,0,0,0,0,0,0,0,0
"6502","Myornis senilis",0,0,0,0,0,0,0,0,0,0,0,0,0,0
"6503","Myrmeciza longipes",0,0,0,0,0,0,0,0,0,0,0,0,0,0
"6504","Myrmecocichla aethiops",0,0,0,0,0,0,0,0,0,0,0,0,0,0
"6505","Myrmecocichla arnotti",0,0,0,0,0,0,0,0,0,0,0,0,0,0
"6506","Myrmecocichla formicivora",0,0,0,0,0,0,0,0,0,0,0,0,0,0
"6507","Myrmecocichla melaena",0,0,0,0,0,0,0,0,0,0,0,0,0,0
"6508","Myrmecocichla monticola",0,0,0,0,0,0,0,0,0,0,0,0,0,0
"6509","Myrmecocichla nigra",0,0,0,0,0,0,0,0,0,0,0,0,0,0
"6510","Myrmecocichla tholloni",0,0,0,0,0,0,0,0,0,0,0,0,0,0
"6511","Myrmelastes brunneiceps",0,0,0,0,0,0,0,0,0,0,0,0,0,0
"6512","Myrmelastes caurensis",0,0,0,0,0,0,0,0,0,0,0,0,0,0
"6513","Myrmelastes humaythae",0,0,0,0,0,0,0,0,0,0,0,0,0,0
"6514","Myrmelastes hyperythrus",0,0,0,0,0,0,0,0,0,0,0,0,0,0
"6515","Myrmelastes leucostigma",0,0,0,0,0,0,0,0,0,0,0,0,0,0
"6516","Myrmelastes rufifacies",0,0,0,0,0,0,0,0,0,0,0,0,0,0
"6517","Myrmelastes saturatus",0,0,0,0,0,0,0,0,0,0,0,0,0,0
"6518","Myrmelastes schistaceus",0,0,0,0,0,0,0,0,0,0,0,0,0,0
"6519","Myrmia micrura",0,0,0,0,0,0,0,0,0,0,0,0,0,0
"6520","Myrmoborus leucophrys",0,0,0,0,0,0,0,0,0,0,0,0,0,0
"6521","Myrmoborus lophotes",0,0,0,0,0,5,0,0,0,0,0,0,0,0
"6522","Myrmoborus lugubris",0,5,0,0,0,5,0,0,4,0,0,0,4,0
"6523","Myrmoborus melanurus",6,0,6,0,0,6,0,0,0,0,0,0,0,0
"6524","Myrmoborus myotherinus",0,0,0,0,0,0,0,0,0,0,0,0,0,0
"6525","Myrmochanes hemileucus",0,0,0,0,0,0,0,0,0,0,0,0,0,0
"6526","Myrmoderus eowilsoni",0,5,0,0,0,5,0,0,0,0,0,0,0,0
"6527","Myrmoderus ferrugineus",0,0,0,0,0,0,0,0,0,0,0,0,0,0
"6528","Myrmoderus loricatus",0,0,0,0,0,0,0,0,0,0,0,0,0,0
"6529","Myrmoderus ruficauda",0,7,0,0,0,7,0,0,6,0,0,0,0,0
"6530","Myrmoderus squamosus",0,0,0,0,0,0,0,0,0,0,0,0,0,0
"6531","Myrmophylax atrothorax",0,0,0,0,0,0,0,0,0,0,0,0,0,0
"6532","Myrmorchilus strigilatus",0,0,0,0,0,0,0,0,0,0,0,0,0,0
"6533","Myrmornis stictoptera",0,6,0,0,0,0,0,0,0,0,0,0,0,0
"6534","Myrmornis torquata",0,0,0,0,0,0,0,0,0,0,0,0,0,0
"6535","Myrmothera berlepschi",0,0,0,0,0,0,0,0,0,0,0,0,0,0
"6536","Myrmothera campanisona",0,5,0,0,0,5,0,0,0,0,0,0,0,0
"6537","Myrmothera dives",0,0,0,0,0,0,0,0,0,0,0,0,0,0
"6538","Myrmothera fulviventris",0,0,0,0,0,0,0,0,0,0,0,0,0,0
"6539","Myrmothera simplex",0,0,0,0,0,0,0,0,0,0,0,0,0,0
"6540","Myrmothera subcanescens",0,6,0,0,0,6,0,0,0,0,0,0,0,0
"6541","Myrmotherula ambigua",0,0,0,0,0,0,0,0,0,0,0,0,0,0
"6542","Myrmotherula assimilis",0,0,0,0,0,0,0,0,0,0,0,0,0,0
"6543","Myrmotherula axillaris",0,0,0,0,0,0,0,0,0,0,0,0,0,0
"6544","Myrmotherula behni",0,0,0,0,0,0,0,0,0,0,0,0,0,0
"6545","Myrmotherula brachyura",0,0,0,0,0,0,0,0,0,0,0,0,0,0
"6546","Myrmotherula cherriei",0,0,0,0,0,0,0,0,0,0,0,0,0,0
"6547","Myrmotherula grisea",5,6,4,0,0,0,0,0,0,0,0,0,0,0
"6548","Myrmotherula ignota",0,0,0,0,0,0,0,0,0,0,0,0,0,0
"6549","Myrmotherula iheringi",0,0,0,0,0,0,0,0,0,0,0,0,0,0
"6550","Myrmotherula klagesi",0,5,6,0,0,6,0,0,6,0,0,0,0,0
"6551","Myrmotherula longicauda",0,0,0,0,0,0,0,0,0,0,0,0,0,0
"6552","Myrmotherula longipennis",0,0,0,0,0,0,0,0,0,0,0,0,0,0
"6553","Myrmotherula luctuosa",0,0,0,0,0,0,0,0,0,0,0,0,0,0
"6554","Myrmotherula menetriesii",0,0,0,0,0,0,0,0,0,0,0,0,0,0
"6555","Myrmotherula minor",7,7,0,0,0,6,0,0,0,0,0,0,0,0
"6556","Myrmotherula multostriata",0,0,0,0,0,0,0,0,0,0,0,0,0,0
"6557","Myrmotherula pacifica",0,0,0,0,0,0,0,0,0,0,0,0,0,0
"6558","Myrmotherula schisticolor",0,0,0,0,0,0,0,0,0,0,0,0,0,0
"6559","Myrmotherula sclateri",0,0,0,0,0,0,0,0,0,0,0,0,0,0
"6560","Myrmotherula snowi",0,4,0,0,4,5,0,0,0,0,0,0,6,0
"6561","Myrmotherula sunensis",0,0,0,0,0,0,0,0,0,0,0,0,0,0
"6562","Myrmotherula surinamensis",0,4,4,0,0,4,0,0,0,0,0,0,0,0
"6563","Myrmotherula unicolor",5,5,0,0,0,5,0,0,0,0,0,0,0,0
"6564","Myrmotherula urosticta",5,6,0,0,0,6,0,0,0,0,0,0,0,0
"6565","Myrtis fanny",0,0,0,0,0,0,0,0,0,0,0,0,0,0
"6566","Mystacornis crossleyi",0,0,0,0,0,0,0,0,0,0,0,0,0,0
"6567","Myza celebensis",0,0,0,0,0,0,0,0,0,0,0,0,6,0
"6568","Myza sarasinorum",0,0,0,0,0,0,0,0,0,0,0,0,6,0
"6569","Myzomela adolphinae",0,0,0,0,0,0,0,0,0,0,0,0,0,0
"6570","Myzomela albigula",0,6,0,0,0,0,0,0,0,0,0,0,8,0
"6571","Myzomela batjanensis",0,5,0,0,0,5,0,0,0,0,0,0,0,0
"6572","Myzomela blasii",0,0,0,0,0,0,0,0,0,0,0,0,0,0
"6573","Myzomela boiei",0,0,0,0,0,0,0,0,0,0,0,0,0,0
"6574","Myzomela caledonica",0,0,0,0,0,0,0,0,0,0,0,0,0,0
"6575","Myzomela cardinalis",0,0,0,0,0,0,0,0,0,0,0,0,0,0
"6576","Myzomela chermesina",0,0,0,0,0,0,0,0,0,7,0,0,6,0
"6577","Myzomela chloroptera",0,0,0,0,0,0,0,0,0,0,0,0,0,0
"6578","Myzomela cineracea",0,0,0,0,0,0,0,0,0,0,0,0,0,0
"6579","Myzomela cruentata",0,0,0,0,0,0,0,0,0,0,0,0,0,0
"6580","Myzomela dammermani",0,0,0,0,0,0,0,0,0,0,0,0,0,0
"6581","Myzomela eichhorni",0,0,0,0,0,0,0,0,0,0,0,0,0,0
"6582","Myzomela eques",0,0,0,0,0,0,0,0,0,0,0,0,0,0
"6583","Myzomela erythrina",0,0,0,0,0,0,0,0,0,0,0,0,0,0
"6584","Myzomela erythrocephala",0,0,0,0,0,0,0,0,0,0,0,0,0,0
"6585","Myzomela erythromelas",0,0,0,0,0,0,0,0,0,0,0,0,0,0
"6586","Myzomela jugularis",0,0,0,0,0,0,0,0,0,0,0,0,0,0
"6587","Myzomela kuehni",0,0,0,0,0,0,0,0,0,0,0,0,0,0
"6588","Myzomela lafargei",0,0,0,0,0,0,0,0,0,0,0,0,0,0
"6589","Myzomela longirostris",0,0,0,0,0,0,0,0,0,0,0,0,0,0
"6590","Myzomela malaitae",0,6,0,0,0,6,0,0,0,0,0,0,0,0
"6591","Myzomela melanocephala",0,0,0,0,0,0,0,0,0,0,0,0,0,0
"6592","Myzomela nigrita",0,0,0,0,0,0,0,0,0,0,0,0,0,0
"6593","Myzomela obscura",0,0,0,0,0,0,0,0,0,0,0,0,0,0
"6594","Myzomela pammelaena",0,0,0,0,0,0,0,0,0,0,0,0,0,0
"6595","Myzomela prawiradilagae",0,5,0,0,0,0,0,0,0,0,0,0,0,0
"6596","Myzomela pulchella",0,0,0,0,0,0,0,0,0,0,0,0,0,0
"6597","Myzomela rosenbergii",0,0,0,0,0,0,0,0,0,0,0,0,0,0
"6598","Myzomela rubratra",0,0,0,0,0,0,0,0,0,0,0,0,0,0
"6599","Myzomela rubrobrunnea",0,0,0,0,0,0,0,0,0,0,0,0,0,0
"6600","Myzomela rubrotincta",0,0,0,0,0,0,0,0,0,0,0,0,0,0
"6601","Myzomela sanguinolenta",0,0,0,0,0,0,0,0,0,0,0,0,0,0
"6602","Myzomela sclateri",0,0,0,0,0,0,0,0,0,0,0,0,0,0
"6603","Myzomela simplex",0,0,0,0,0,0,0,0,0,0,0,0,0,0
"6604","Myzomela tristrami",0,0,0,0,0,0,0,0,0,0,0,0,0,0
"6605","Myzomela vulnerata",0,0,0,0,0,0,0,0,0,0,0,0,0,0
"6606","Myzomela wakoloensis",0,0,0,0,0,0,0,0,0,0,0,0,0,0
"6607","Myzornis pyrrhoura",0,0,0,0,0,0,0,0,0,0,0,0,0,0
"6608","Namibornis herero",0,0,0,0,0,0,0,0,0,0,0,0,6,0
"6609","Nannococcyx psix",0,0,0,0,0,5,0,0,0,0,0,0,0,0
"6610","Nannopsittaca dachilleae",4,0,4,4,0,4,0,0,0,0,0,0,0,0
"6611","Nannopsittaca panychlora",0,0,0,0,0,0,0,0,0,0,0,0,0,0
"6612","Nannopterum auritum",0,0,0,0,0,0,0,0,0,0,3,0,0,0
"6613","Nannopterum brasilianum",0,0,0,0,4,0,0,0,0,0,0,0,0,0
"6614","Nannopterum harrisi",0,0,0,0,0,0,6,4,0,6,5,5,7,0
"6615","Napothera albostriata",0,0,0,0,0,0,0,0,0,0,0,0,0,0
"6616","Napothera danjoui",0,5,0,0,0,6,0,0,0,0,0,0,6,0
"6617","Napothera epilepidota",0,0,0,0,0,0,0,0,0,0,0,0,0,0
"6618","Napothera malacoptila",0,0,0,0,0,0,0,0,0,0,0,0,0,0
"6619","Napothera naungmungensis",0,4,0,0,0,5,0,0,0,0,0,0,0,0
"6620","Napothera pasquieri",6,6,0,5,0,0,0,0,3,0,0,0,0,0
"6621","Nasica longirostris",0,0,0,0,0,0,0,0,0,0,0,0,0,0
"6622","Neafrapus boehmi",0,0,0,0,0,0,0,0,0,0,0,0,0,0
"6623","Neafrapus cassini",0,0,0,0,0,0,0,0,0,0,0,0,0,0
"6624","Necropsar rodericanus",0,5,0,0,5,0,0,0,0,5,0,0,0,0
"6625","Necropsittacus rodricanus",0,0,0,0,5,0,0,0,0,0,0,0,0,0
"6626","Necrosyrtes monachus",4,5,0,5,7,5,0,4,5,6,0,0,0,7
"6627","Nectarinia bocagii",0,0,0,0,0,0,0,0,0,0,0,0,0,0
"6628","Nectarinia famosa",0,0,0,0,0,0,0,0,0,0,0,0,0,0
"6629","Nectarinia johnstoni",0,0,0,0,0,0,0,0,0,0,0,0,0,0
"6630","Nectarinia kilimensis",0,0,0,0,0,0,0,0,0,0,0,0,0,0
"6631","Nectarinia purpureiventris",0,0,0,0,0,0,0,0,0,0,0,0,0,0
"6632","Nectarinia tacazze",0,0,0,0,0,0,0,0,0,0,0,0,0,0
"6633","Nemosia pileata",0,0,0,0,0,0,0,0,0,0,0,0,0,0
"6634","Nemosia rourei",6,6,6,0,0,6,0,0,0,0,0,0,6,0
"6635","Neochen jubata",0,5,0,0,6,0,0,0,0,0,0,0,0,0
"6636","Neochmia evangelinae",0,0,0,0,0,0,0,0,0,0,0,0,0,0
"6637","Neochmia modesta",0,0,0,0,0,0,0,0,0,0,0,0,0,0
"6638","Neochmia phaeton",0,0,0,0,0,0,0,0,0,0,0,0,0,0
"6639","Neochmia ruficauda",0,5,0,0,5,0,0,0,5,5,0,0,4,0
"6640","Neochmia temporalis",0,0,0,0,0,0,0,0,0,0,0,0,0,0
"6641","Neocichla gutturalis",0,0,0,0,0,0,0,0,0,0,0,0,0,0
"6642","Neocossyphus poensis",0,0,0,0,0,0,0,0,0,0,0,0,0,0
"6643","Neocossyphus rufus",0,0,0,0,0,0,0,0,0,0,0,0,0,0
"6644","Neocrex colombiana",0,0,0,0,0,0,0,0,0,0,0,0,0,0
"6645","Neocrex erythrops",0,0,0,0,0,0,0,0,0,0,0,0,0,0
"6646","Neoctantes niger",0,0,0,0,0,0,0,0,0,0,0,0,0,0
"6647","Neodrepanis coruscans",0,0,0,0,0,0,0,0,0,0,0,0,0,0
"6648","Neodrepanis hypoxantha",0,6,0,0,0,0,0,0,5,0,0,0,6,0
"6649","Neohierax insignis",0,0,0,0,5,6,0,0,6,0,0,0,0,0
"6650","Neolalage banksiana",0,0,0,0,0,0,0,0,0,0,0,0,0,0
"6651","Neolestes torquatus",0,0,0,0,0,0,0,0,0,0,0,0,0,0
"6652","Neomixis pallidior",0,0,0,0,0,0,0,0,0,0,0,0,0,0
"6653","Neomixis striatigula",0,0,0,0,0,0,0,0,0,0,0,0,0,0
"6654","Neomixis tenella",0,0,0,0,0,0,0,0,0,0,0,0,0,0
"6655","Neomixis viridis",0,0,0,0,0,0,0,0,0,0,0,0,0,0
"6656","Neomorphus geoffroyi",0,7,4,5,4,6,0,0,0,0,0,0,0,0
"6657","Neomorphus pucheranii",0,0,0,0,0,0,0,0,0,0,0,0,0,0
"6658","Neomorphus radiolosus",6,7,5,5,6,7,0,0,0,0,0,0,0,0
"6659","Neomorphus rufipennis",0,0,0,0,0,0,0,0,0,0,0,0,0,0
"6660","Neopelma aurifrons",6,6,6,0,0,6,0,0,5,0,0,0,7,0
"6661","Neopelma chrysocephalum",0,0,0,0,0,0,0,0,0,0,0,0,0,0
"6662","Neopelma chrysolophum",0,0,0,0,0,0,0,0,0,0,0,0,0,0
"6663","Neopelma pallescens",0,0,0,0,0,0,0,0,0,0,0,0,0,0
"6664","Neopelma sulphureiventer",0,0,0,0,0,0,0,0,0,0,0,0,0,0
"6665","Neophedina cincta",0,0,0,0,0,0,0,0,0,0,0,0,0,0
"6666","Neophema chrysogaster",7,6,6,0,0,0,0,0,7,8,0,0,5,0
"6667","Neophema chrysostoma",0,6,0,0,0,0,0,0,7,5,0,0,0,0
"6668","Neophema elegans",0,0,0,0,0,0,0,0,0,0,0,0,6,0
"6669","Neophema petrophila",0,0,0,0,0,0,0,0,0,0,0,0,6,0
"6670","Neophema pulchella",0,0,0,0,0,0,0,0,0,0,0,0,6,0
"6671","Neophema splendida",0,5,0,0,0,0,0,0,5,5,0,0,0,0
"6672","Neophron percnopterus",5,5,5,6,7,0,0,6,6,4,5,0,0,6
"6673","Neopipo cinnamomea",0,0,0,0,0,0,0,0,0,0,0,0,0,0
"6674","Neopsephotus bourkii",0,0,0,0,0,0,0,0,0,0,0,0,0,0
"6675","Neopsittacus musschenbroekii",0,0,0,0,0,0,0,0,0,0,0,0,0,0
"6676","Neopsittacus pullicauda",0,0,0,0,0,0,0,0,0,0,0,0,0,0
"6677","Neosericornis citreogularis",0,0,0,0,0,0,0,0,0,0,0,0,6,0
"6678","Neothraupis fasciata",0,6,0,0,0,0,0,0,0,0,0,0,0,0
"6679","Neotis denhami",0,5,0,5,6,0,0,0,0,0,5,0,4,0
"6680","Neotis heuglinii",0,0,0,0,0,0,0,0,0,0,0,0,0,0
"6681","Neotis ludwigii",0,0,5,8,6,0,0,5,0,0,0,0,0,0
"6682","Neotis nuba",0,6,5,0,7,5,0,4,0,0,0,0,0,0
"6683","Neoxolmis rufiventris",0,0,0,0,0,0,0,0,0,0,0,0,0,0
"6684","Nephelomyias lintoni",0,3,0,0,0,0,0,0,0,0,0,0,0,0
"6685","Nephelomyias ochraceiventris",0,0,0,0,0,0,0,0,0,0,0,0,0,0
"6686","Nephelomyias pulcher",0,0,0,0,0,0,0,0,0,0,0,0,0,0
"6687","Nephelornis oneilli",0,0,0,0,0,0,0,0,0,0,0,0,0,0
"6688","Nesasio solomonensis",0,5,0,0,0,5,0,0,0,0,0,0,0,0
"6689","Nesillas aldabrana",0,0,0,0,0,0,0,0,0,5,0,0,0,0
"6690","Nesillas brevicaudata",0,0,0,0,0,0,0,0,0,0,0,0,6,0
"6691","Nesillas lantzii",0,0,0,0,0,0,0,0,0,0,0,0,0,0
"6692","Nesillas mariae",0,6,0,0,0,6,0,0,0,0,0,0,0,0
"6693","Nesillas typica",0,0,0,0,0,0,0,0,0,0,0,0,0,0
"6694","Nesocharis ansorgei",0,0,0,0,0,0,0,0,0,0,0,0,0,0
"6695","Nesocharis shelleyi",0,0,0,0,0,0,0,0,0,0,0,0,0,0
"6696","Nesoctites micromegas",0,0,0,0,0,0,0,0,0,0,0,0,0,0
"6697","Nesoenas cicur",0,4,0,0,4,0,0,0,0,4,0,0,0,0
"6698","Nesoenas duboisi",0,0,0,0,0,0,0,0,0,4,0,0,0,0
"6699","Nesoenas mayeri",0,4,0,0,0,4,0,0,0,6,0,0,5,0
"6700","Nesoenas picturatus",0,0,0,0,0,0,0,0,0,0,0,0,0,0
"6701","Nesoenas rodericanus",0,0,0,0,4,0,0,0,0,5,0,0,0,0
"6702","Nesofregetta fuliginosa",0,0,0,0,2,0,0,0,0,6,0,0,0,0
"6703","Nesophlox evelynae",0,0,0,0,0,0,0,0,0,0,0,0,0,0
"6704","Nesophlox lyrura",0,0,0,0,0,0,0,0,0,0,0,0,0,0
"6705","Nesopsar nigerrimus",5,6,6,0,0,5,0,0,0,5,0,0,6,0
"6706","Nesoptilotis flavicollis",0,0,0,0,0,0,0,0,0,0,0,0,0,0
"6707","Nesoptilotis leucotis",0,0,0,0,0,0,0,0,0,0,0,0,0,0
"6708","Nesospingus speculiferus",0,0,0,0,0,5,0,0,0,0,0,0,7,0
"6709","Nesospiza acunhae",0,0,0,0,0,0,0,0,0,7,0,0,0,0
"6710","Nesospiza questi",0,0,0,0,0,0,0,0,0,7,0,0,0,0
"6711","Nesospiza wilkinsi",0,0,0,0,0,0,0,0,0,8,0,0,9,0
"6712","Nesotriccus ridgwayi",0,0,0,0,0,0,0,4,0,4,0,0,0,0
"6713","Nestor meridionalis",0,0,0,0,2,5,0,0,0,6,0,0,0,0
"6714","Nestor notabilis",0,6,0,6,6,0,0,7,0,7,0,0,5,6
"6715","Nestor productus",0,0,0,0,5,0,0,0,0,0,0,0,0,0
"6716","Netta erythrophthalma",0,4,0,0,0,0,4,0,5,4,0,0,0,0
"6717","Netta peposaca",0,0,0,0,0,0,0,0,0,0,0,0,0,0
"6718","Netta rufina",0,0,0,0,0,0,0,0,0,0,0,0,0,0
"6719","Nettapus auritus",0,0,0,0,0,0,0,0,0,0,0,0,0,0
"6720","Nettapus coromandelianus",0,0,0,0,0,0,0,0,0,0,0,0,0,0
"6721","Nettapus pulchellus",0,0,0,0,0,0,0,0,0,0,0,0,0,0
"6722","Newtonia amphichroa",0,0,0,0,0,0,0,0,0,0,0,0,0,0
"6723","Newtonia archboldi",0,0,0,0,0,0,0,0,0,0,0,0,0,0
"6724","Newtonia brunneicauda",0,0,0,0,0,0,0,0,0,0,0,0,0,0
"6725","Newtonia fanovanae",0,7,0,0,0,7,0,0,0,0,0,0,5,0
"6726","Nicator chloris",0,0,0,0,0,0,0,0,0,0,0,0,0,0
"6727","Nicator gularis",0,0,0,0,0,0,0,0,0,0,0,0,0,0
"6728","Nicator vireo",0,0,0,0,0,0,0,0,0,0,0,0,0,0
"6729","Nicopsitta calthrapae",0,0,0,0,0,0,0,0,0,0,0,0,0,0
"6730","Nicopsitta columboides",0,0,0,0,0,0,0,0,0,0,0,0,0,0
"6731","Nigrita bicolor",0,0,0,0,0,0,0,0,0,0,0,0,0,0
"6732","Nigrita canicapillus",0,0,0,0,0,0,0,0,0,0,0,0,0,0
"6733","Nigrita fusconotus",0,0,0,0,0,0,0,0,0,0,0,0,0,0
"6734","Nigrita luteifrons",0,0,0,0,0,0,0,0,0,0,0,0,0,0
"6735","Nilaus afer",0,0,0,0,0,0,0,0,0,0,0,0,0,0
"6736","Niltava davidi",0,0,0,0,0,0,0,0,0,0,0,0,0,0
"6737","Niltava grandis",0,0,0,0,0,0,0,0,0,0,0,0,0,0
"6738","Niltava macgrigoriae",0,0,0,0,0,0,0,0,0,0,0,0,0,0
"6739","Niltava oatesi",0,0,0,0,0,0,0,0,0,0,0,0,0,0
"6740","Niltava sumatrana",0,0,0,0,0,0,0,0,0,0,0,0,0,0
"6741","Niltava sundara",0,0,0,0,0,0,0,0,0,0,0,0,0,0
"6742","Niltava vivida",0,0,0,0,0,0,0,0,0,0,0,0,0,0
"6743","Ninox affinis",0,7,0,0,0,7,0,0,0,0,6,0,0,0
"6744","Ninox albifacies",0,4,0,0,0,0,0,0,4,4,0,0,0,0
"6745","Ninox boobook",0,0,0,0,0,5,0,0,5,6,5,0,0,0
"6746","Ninox burhani",0,6,0,0,0,6,0,0,0,0,0,0,0,0
"6747","Ninox connivens",0,0,0,0,0,0,0,0,0,0,0,0,0,0
"6748","Ninox forbesi",0,0,0,0,0,4,0,0,0,0,0,0,0,0
"6749","Ninox fusca",5,5,0,0,4,5,0,0,6,0,0,0,0,0
"6750","Ninox granti",0,5,0,0,0,5,0,0,0,0,0,0,0,0
"6751","Ninox hantu",0,7,0,7,0,4,0,0,0,0,0,0,0,0
"6752","Ninox hypogramma",0,7,0,7,0,4,0,0,0,0,0,0,0,0
"6753","Ninox ios",0,5,0,0,0,5,0,0,0,0,0,0,6,0
"6754","Ninox jacquinoti",0,0,0,0,0,0,0,0,0,0,0,0,0,0
"6755","Ninox japonica",0,0,0,0,0,0,0,0,0,0,0,0,0,0
"6756","Ninox leucopsis",0,0,0,0,0,0,0,0,0,0,0,0,0,0
"6757","Ninox leventisi",3,4,0,0,0,4,0,0,0,0,0,0,0,0
"6758","Ninox malaitae",0,5,0,0,0,5,0,0,0,0,0,0,0,0
"6759","Ninox meeki",0,0,0,0,0,0,0,0,0,0,0,0,0,0
"6760","Ninox mindorensis",0,6,5,0,0,6,0,0,0,0,0,0,0,0
"6761","Ninox natalis",0,0,4,0,0,0,0,0,0,7,0,0,6,0
"6762","Ninox novaeseelandiae",0,0,0,0,0,0,0,0,0,0,0,0,0,0
"6763","Ninox obscura",0,0,0,0,0,0,0,0,0,0,0,0,0,0
"6764","Ninox ochracea",0,6,0,0,0,6,0,0,5,0,0,0,0,0
"6765","Ninox odiosa",0,5,0,0,0,6,0,0,0,0,0,0,0,0
"6766","Ninox philippensis",0,0,0,0,0,0,0,0,0,0,0,0,0,0
"6767","Ninox plesseni",0,0,0,0,0,0,0,0,0,0,0,0,0,0
"6768","Ninox punctulata",0,0,0,0,0,0,0,0,0,0,0,0,0,0
"6769","Ninox randi",5,6,5,5,0,6,0,0,0,0,0,0,0,0
"6770","Ninox reyi",0,6,5,0,0,6,0,0,0,0,0,0,0,0
"6771","Ninox roseoaxillaris",0,5,0,0,0,5,0,0,0,0,0,0,0,0
"6772","Ninox rotiensis",0,5,0,0,0,0,0,0,0,0,0,0,0,0
"6773","Ninox rudolfi",0,6,0,0,0,5,0,0,0,0,0,0,0,0
"6774","Ninox rufa",0,0,0,0,0,0,0,0,0,0,0,0,0,0
"6775","Ninox rumseyi",3,2,0,0,0,2,0,0,0,0,0,0,0,0
"6776","Ninox scutulata",0,0,0,0,0,5,0,0,0,0,0,0,0,0
"6777","Ninox spilocephala",0,5,0,0,0,6,0,0,0,0,0,0,0,0
"6778","Ninox spilonotus",0,6,6,0,0,6,0,0,0,0,0,0,0,0
"6779","Ninox squamipila",0,7,0,7,0,4,0,0,0,0,0,0,0,0
"6780","Ninox strenua",0,0,0,0,0,0,0,0,0,0,0,0,6,0
"6781","Ninox sumbaensis",0,5,0,0,0,5,0,0,5,0,0,0,0,0
"6782","Ninox theomacha",0,0,0,0,0,0,0,0,0,0,0,0,0,0
"6783","Ninox variegata",0,0,0,0,0,0,0,0,0,0,0,0,0,0
"6784","Nipponia nippon",0,0,0,0,4,3,0,0,4,0,4,0,0,0
"6785","Nisaetus alboniger",0,0,0,0,0,0,0,0,0,0,0,0,0,0
"6786","Nisaetus bartelsi",5,5,0,0,6,6,0,0,5,0,0,0,0,0
"6787","Nisaetus cirrhatus",0,0,0,0,0,0,0,0,0,0,0,0,0,0
"6788","Nisaetus floris",0,6,0,0,5,0,0,0,0,0,0,0,0,0
"6789","Nisaetus lanceolatus",0,0,0,0,0,0,0,0,0,0,0,0,0,0
"6790","Nisaetus nanus",0,7,0,0,5,7,0,0,5,0,0,0,3,0
"6791","Nisaetus nipalensis",0,6,0,5,5,6,0,0,0,4,0,0,0,0
"6792","Nisaetus philippensis",0,7,0,0,6,7,0,0,0,0,0,0,0,0
"6793","Nisaetus pinskeri",0,7,0,0,6,7,0,0,0,0,0,0,0,0
"6794","Nok hualon",0,5,5,0,5,5,0,0,0,0,0,0,0,0
"6795","Nomonyx dominicus",0,0,0,0,0,0,0,0,0,0,0,0,0,0
"6796","Nonnula amaurocephala",0,0,0,0,0,0,0,0,0,0,0,0,0,0
"6797","Nonnula brunnea",0,0,0,0,0,0,0,0,0,0,0,0,0,0
"6798","Nonnula frontalis",0,0,0,0,0,0,0,0,0,0,0,0,0,0
"6799","Nonnula rubecula",0,0,0,0,0,0,0,0,0,0,0,0,0,0
"6800","Nonnula ruficapilla",0,0,0,0,0,0,0,0,0,0,0,0,0,0
"6801","Nonnula sclateri",0,0,0,0,0,0,0,0,0,0,0,0,0,0
"6802","Northiella haematogaster",0,0,0,0,0,0,0,0,0,0,0,0,0,0
"6803","Notharchus hyperrhynchus",0,0,0,0,0,0,0,0,0,0,0,0,0,0
"6804","Notharchus macrorhynchos",0,0,0,0,0,0,0,0,0,0,0,0,0,0
"6805","Notharchus ordii",0,0,0,0,0,0,0,0,0,0,0,0,0,0
"6806","Notharchus pectoralis",0,0,0,0,0,0,0,0,0,0,0,0,0,0
"6807","Notharchus subtectus",0,0,0,0,0,0,0,0,0,0,0,0,0,0
"6808","Notharchus swainsoni",0,0,0,0,0,0,0,0,0,0,0,0,0,0
"6809","Notharchus tectus",0,0,0,0,0,0,0,0,0,0,0,0,0,0
"6810","Nothocercus bonapartei",0,0,0,0,5,5,0,0,0,0,0,0,0,0
"6811","Nothocercus julius",0,0,0,0,0,0,0,0,0,0,0,0,0,0
"6812","Nothocercus nigrocapillus",0,4,0,0,0,0,0,0,0,0,0,0,0,0
"6813","Nothocrax urumutum",0,0,0,0,0,0,0,0,0,0,0,0,0,0
"6814","Nothoprocta cinerascens",0,0,0,0,0,0,0,0,0,0,0,0,0,0
"6815","Nothoprocta curvirostris",0,0,0,0,0,0,0,0,0,0,0,0,0,0
"6816","Nothoprocta ornata",0,0,0,0,0,0,0,0,0,0,0,0,0,0
"6817","Nothoprocta pentlandii",0,0,0,0,0,0,0,0,0,0,0,0,0,0
"6818","Nothoprocta perdicaria",0,0,0,0,0,0,0,0,0,0,0,0,0,0
"6819","Nothoprocta taczanowskii",0,6,0,0,6,6,0,0,6,0,0,0,0,0
"6820","Nothura boraquira",0,0,0,0,0,0,0,0,0,0,0,0,0,0
"6821","Nothura darwinii",0,0,0,0,0,0,0,0,0,0,0,0,0,0
"6822","Nothura maculosa",0,4,0,0,5,0,0,0,0,0,0,0,0,0
"6823","Nothura minor",0,6,0,0,0,0,0,6,6,5,6,0,6,0
"6824","Notiomystis cincta",0,3,0,0,0,0,0,0,0,5,0,0,0,0
"6825","Notopholia corusca",0,0,0,0,0,0,0,0,0,0,0,0,0,0
"6826","Nucifraga caryocatactes",0,0,0,0,0,0,0,0,0,0,0,0,0,0
"6827","Nucifraga columbiana",0,0,0,0,0,0,0,0,0,0,0,0,0,0
"6828","Nucifraga hemispila",0,0,0,0,0,0,0,0,0,0,0,0,0,0
"6829","Nucifraga multipunctata",0,0,0,0,0,0,0,0,0,0,0,0,0,0
"6830","Numenius americanus",5,6,0,0,5,0,0,0,0,0,0,0,0,0
"6831","Numenius arquata",6,6,4,0,5,0,0,4,6,5,5,0,5,0
"6832","Numenius borealis",0,7,7,0,4,0,0,0,0,0,0,0,6,0
"6833","Numenius madagascariensis",8,6,0,0,5,5,0,0,0,0,3,0,6,0
"6834","Numenius minutus",0,0,0,0,0,0,0,0,0,0,0,0,6,0
"6835","Numenius phaeopus",0,0,0,0,0,0,0,0,0,0,0,0,6,0
"6836","Numenius tahitiensis",0,5,5,0,2,0,0,0,0,6,6,0,6,0
"6837","Numenius tenuirostris",0,7,0,0,5,0,0,0,7,0,0,0,0,0
"6838","Numida meleagris",0,0,0,0,0,0,0,0,0,0,0,0,0,0
"6839","Nyctanassa carcinocatactes",0,0,0,0,4,0,0,0,0,4,0,0,0,0
"6840","Nyctanassa violacea",0,0,0,0,0,0,0,0,0,0,0,0,0,0
"6841","Nyctibius aethereus",0,0,0,0,0,0,0,0,0,0,0,0,0,0
"6842","Nyctibius grandis",0,0,0,0,0,0,0,0,0,0,0,0,0,0
"6843","Nyctibius griseus",0,0,0,0,0,0,0,0,0,0,0,0,0,0
"6844","Nyctibius jamaicensis",0,0,0,0,0,0,0,0,0,0,0,0,0,0
"6845","Nyctibius leucopterus",0,0,0,0,0,0,0,0,0,0,0,0,0,0
"6846","Nyctibius maculosus",0,0,0,0,0,0,0,0,0,0,0,0,0,0
"6847","Nycticorax caledonicus",0,0,0,0,0,0,0,0,0,0,0,0,0,0
"6848","Nycticorax duboisi",0,0,0,0,5,0,0,0,0,0,0,0,0,0
"6849","Nycticorax mauritianus",0,0,0,0,5,0,0,0,0,0,0,0,0,0
"6850","Nycticorax megacephalus",0,0,0,0,5,0,0,0,0,0,0,0,0,0
"6851","Nycticorax nycticorax",0,0,0,0,0,0,0,0,0,0,0,0,0,0
"6852","Nycticryphes semicollaris",0,0,0,0,0,0,0,0,0,0,0,0,0,0
"6853","Nyctidromus albicollis",0,0,0,0,0,0,0,0,0,0,0,0,0,0
"6854","Nyctidromus anthonyi",0,0,0,0,0,0,0,0,0,0,0,0,0,0
"6855","Nyctiphrynus mcleodii",0,0,0,0,0,0,0,0,0,0,0,0,0,0
"6856","Nyctiphrynus ocellatus",0,0,0,0,0,0,0,0,0,0,0,0,0,0
"6857","Nyctiphrynus rosenbergi",4,4,4,4,0,4,0,0,0,0,0,0,0,0
"6858","Nyctiphrynus yucatanicus",0,0,0,0,0,0,0,0,0,0,0,0,0,0
"6859","Nyctipolus hirundinaceus",0,0,0,0,0,0,0,0,0,0,0,0,0,0
"6860","Nyctipolus nigrescens",0,0,0,0,0,0,0,0,0,0,0,0,0,0
"6861","Nyctiprogne leucopyga",0,0,0,0,0,0,0,0,0,0,0,0,0,0
"6862","Nyctiprogne vielliardi",0,6,0,0,0,5,0,0,0,0,0,0,0,0
"6863","Nyctyornis amictus",0,0,0,0,0,0,0,0,0,0,0,0,0,0
"6864","Nyctyornis athertoni",0,0,0,0,0,0,0,0,0,0,0,0,0,0
"6865","Nymphicus hollandicus",0,0,0,0,0,0,0,0,0,0,0,0,0,0
"6866","Nystactes noanamae",0,5,0,4,0,5,0,0,0,0,0,0,0,0
"6867","Nystactes tamatia",0,0,0,0,0,0,0,0,0,0,0,0,0,0
"6868","Nystalus chacuru",0,0,0,0,0,0,0,0,0,0,0,0,0,0
"6869","Nystalus maculatus",0,0,0,0,0,0,0,0,0,0,0,0,0,0
"6870","Nystalus radiatus",0,0,0,0,0,0,0,0,0,0,0,0,0,0
"6871","Nystalus striolatus",0,0,0,0,0,0,0,0,0,0,0,0,0,0
"6872","Oceanites gracilis",0,0,0,0,0,0,0,0,0,7,0,0,0,0
"6873","Oceanites oceanicus",0,0,0,0,0,0,0,0,0,4,0,0,0,0
"6874","Oceanites pincoyae",0,0,0,0,0,0,0,0,0,0,7,0,0,0
"6875","Ochetorhynchus andaecola",0,0,0,0,0,0,0,0,0,0,0,0,0,0
"6876","Ochetorhynchus melanurus",0,0,0,0,0,0,0,0,0,0,0,0,0,0
"6877","Ochetorhynchus phoenicurus",0,0,0,0,0,0,0,0,0,0,0,0,0,0
"6878","Ochetorhynchus ruficaudus",0,0,0,0,0,0,0,0,0,0,0,0,0,0
"6879","Ochthoeca cinnamomeiventris",0,0,0,0,0,0,0,0,0,0,0,0,0,0
"6880","Ochthoeca fumicolor",0,0,0,0,0,0,0,0,0,0,0,0,0,0
"6881","Ochthoeca leucophrys",0,0,0,0,0,0,0,0,0,0,0,0,0,0
"6882","Ochthoeca nigrita",0,0,0,0,0,0,0,0,0,0,0,0,0,0
"6883","Ochthoeca oenanthoides",0,0,0,0,0,0,0,0,0,0,0,0,0,0
"6884","Ochthoeca piurae",0,6,0,0,0,0,0,0,0,0,0,0,0,0
"6885","Ochthoeca rufipectoralis",0,0,0,0,0,0,0,0,0,0,0,0,0,0
"6886","Ochthoeca salvini",0,6,4,0,0,6,0,0,0,6,0,0,0,0
"6887","Ochthoeca superciliosa",0,0,0,0,0,0,0,0,0,0,0,0,0,0
"6888","Ochthoeca thoracica",0,0,0,0,0,0,0,0,0,0,0,0,0,0
"6889","Ochthornis littoralis",0,0,0,0,0,0,0,0,0,0,0,0,0,0
"6890","Ocreatus underwoodii",0,0,0,0,0,0,0,0,0,0,0,0,0,0
"6891","Ocyceros birostris",0,5,0,0,5,5,0,0,0,0,0,0,0,0
"6892","Ocyceros gingalensis",0,0,0,0,0,0,0,0,0,0,0,0,0,0
"6893","Ocyceros griseus",0,5,0,0,0,0,0,0,0,0,0,0,0,0
"6894","Ocyphaps lophotes",0,0,0,0,0,0,0,0,0,0,0,0,0,0
"6895","Odontophorus atrifrons",0,5,0,0,5,4,0,0,0,0,3,0,0,0
"6896","Odontophorus balliviani",0,0,0,0,0,0,0,0,0,0,0,0,0,0
"6897","Odontophorus capueira",0,0,0,0,0,0,0,0,0,0,0,0,0,0
"6898","Odontophorus columbianus",0,5,0,0,5,5,0,0,0,0,0,0,0,0
"6899","Odontophorus dialeucos",0,4,4,0,3,5,0,0,0,0,0,0,0,0
"6900","Odontophorus erythrops",0,0,0,0,0,0,0,0,0,0,0,0,0,0
"6901","Odontophorus gujanensis",0,6,0,0,6,0,0,0,0,0,0,0,0,0
"6902","Odontophorus guttatus",0,0,0,0,0,0,0,0,0,0,0,0,0,0
"6903","Odontophorus hyperythrus",4,5,0,0,5,0,0,0,0,4,0,0,0,0
"6904","Odontophorus leucolaemus",0,0,0,0,4,4,0,0,0,0,0,0,0,0
"6905","Odontophorus melanonotus",4,4,0,0,7,4,0,0,0,0,0,0,0,0
"6906","Odontophorus melanotis",0,6,0,0,7,0,0,0,0,0,0,0,0,0
"6907","Odontophorus speciosus",0,5,0,5,7,0,0,0,0,6,0,0,0,0
"6908","Odontophorus stellatus",0,0,0,0,0,0,0,0,0,0,0,0,0,0
"6909","Odontophorus strophium",5,5,0,4,6,6,0,0,0,4,0,0,0,0
"6910","Odontorchilus branickii",0,0,0,0,0,0,0,0,0,0,0,0,0,0
"6911","Odontorchilus cinereus",0,6,0,4,0,6,0,0,7,0,0,0,0,0
"6912","Oedistoma iliolophus",0,0,0,0,0,0,0,0,0,0,0,0,0,0
"6913","Oedistoma pygmaeum",0,0,0,0,0,0,0,0,0,0,0,0,0,0
"6914","Oena capensis",0,0,0,0,0,0,0,0,0,0,0,0,0,0
"6915","Oenanthe albifrons",0,0,0,0,0,0,0,0,0,0,0,0,0,0
"6916","Oenanthe albonigra",0,0,0,0,0,0,0,0,0,0,0,0,0,0
"6917","Oenanthe bottae",0,0,0,0,0,0,0,0,0,0,0,0,0,0
"6918","Oenanthe chrysopygia",0,0,0,0,0,0,0,0,0,0,0,0,0,0
"6919","Oenanthe cypriaca",0,0,0,0,0,0,0,0,0,0,0,0,0,0
"6920","Oenanthe deserti",0,0,0,0,0,0,0,0,0,0,0,0,0,0
"6921","Oenanthe dubia",0,0,0,0,0,0,0,0,0,0,0,0,0,0
"6922","Oenanthe familiaris",0,0,0,0,0,0,0,0,0,0,0,0,0,0
"6923","Oenanthe finschii",0,0,0,0,0,0,0,0,0,0,0,0,0,0
"6924","Oenanthe frenata",0,0,0,0,0,0,0,0,0,0,0,0,0,0
"6925","Oenanthe fusca",0,0,0,0,0,0,0,0,0,0,0,0,0,0
"6926","Oenanthe heuglinii",0,0,0,0,0,0,0,0,0,0,0,0,0,0
"6927","Oenanthe hispanica",0,0,0,0,0,0,0,0,0,0,0,0,0,0
"6928","Oenanthe isabellina",0,0,0,0,0,0,0,0,0,0,0,0,0,0
"6929","Oenanthe leucopyga",0,0,0,0,0,0,0,0,0,0,0,0,0,0
"6930","Oenanthe leucura",0,0,0,0,0,0,0,0,0,0,0,0,0,0
"6931","Oenanthe lugens",0,0,0,0,0,0,0,0,0,0,0,0,0,0
"6932","Oenanthe lugentoides",0,0,0,0,0,0,0,0,0,0,0,0,0,0
"6933","Oenanthe lugubris",0,0,0,0,0,0,0,0,0,0,0,0,0,0
"6934","Oenanthe melanura",0,0,0,0,0,0,0,0,0,0,0,0,0,0
"6935","Oenanthe moesta",0,0,0,0,0,0,0,0,0,0,0,0,0,0
"6936","Oenanthe monacha",0,0,0,0,0,0,0,0,0,0,0,0,0,0
"6937","Oenanthe oenanthe",5,5,0,0,5,0,0,0,0,0,0,0,3,0
"6938","Oenanthe phillipsi",0,0,0,0,0,0,0,0,0,0,0,0,0,0
"6939","Oenanthe picata",0,0,0,0,0,0,0,0,0,0,0,0,0,0
"6940","Oenanthe pileata",0,0,0,0,0,0,0,0,0,0,0,0,0,0
"6941","Oenanthe pleschanka",0,0,0,0,0,0,0,0,0,0,0,0,0,0
"6942","Oenanthe scotocerca",0,0,0,0,0,0,0,0,0,0,0,0,0,0
"6943","Oenanthe seebohmi",0,0,0,0,0,0,0,0,0,0,0,0,0,0
"6944","Oenanthe xanthoprymna",0,0,0,0,0,0,0,0,0,0,0,0,0,0
"6945","Ognorhynchus icterotis",3,5,0,0,3,4,0,0,0,0,0,0,0,0
"6946","Oncostoma cinereigulare",0,0,0,0,0,0,0,0,0,0,0,0,0,0
"6947","Oncostoma olivaceum",0,0,0,0,0,0,0,0,0,0,0,0,0,0
"6948","Oneillornis lunulatus",0,0,0,0,0,0,0,0,0,0,0,0,0,0
"6949","Oneillornis salvini",0,0,0,0,0,0,0,0,0,0,0,0,0,0
"6950","Onychognathus albirostris",0,0,0,0,0,0,0,0,0,0,0,0,0,0
"6951","Onychognathus blythii",0,0,0,0,0,0,0,0,0,0,0,0,0,0
"6952","Onychognathus frater",0,7,0,0,0,7,0,0,0,0,0,0,0,0
"6953","Onychognathus fulgidus",0,0,0,0,0,0,0,0,0,0,0,0,0,0
"6954","Onychognathus morio",0,0,0,0,0,0,0,0,0,0,0,0,0,0
"6955","Onychognathus nabouroup",0,0,0,0,0,0,0,0,0,0,0,0,0,0
"6956","Onychognathus neumanni",0,0,0,0,0,0,0,0,0,0,0,0,0,0
"6957","Onychognathus salvadorii",0,0,0,0,0,0,0,0,0,0,0,0,0,0
"6958","Onychognathus tenuirostris",0,0,0,0,0,0,0,0,0,0,0,0,0,0
"6959","Onychognathus tristramii",0,0,0,0,0,0,0,0,0,0,0,0,0,0
"6960","Onychognathus walleri",0,0,0,0,0,0,0,0,0,0,0,0,0,0
"6961","Onychoprion aleuticus",0,0,0,0,5,0,0,5,0,6,0,0,8,0
"6962","Onychoprion anaethetus",0,0,0,0,4,0,0,4,0,0,0,0,0,0
"6963","Onychoprion fuscatus",0,0,0,0,6,0,0,0,0,6,0,0,5,0
"6964","Onychoprion lunatus",0,0,0,0,0,0,0,0,0,6,0,0,0,0
"6965","Onychorhynchus coronatus",0,0,0,0,0,0,0,0,0,0,0,0,0,0
"6966","Onychorhynchus mexicanus",0,0,0,0,0,0,0,0,0,0,0,0,0,0
"6967","Onychorhynchus occidentalis",7,7,0,0,0,5,0,0,5,0,0,0,0,0
"6968","Onychorhynchus swainsoni",7,7,0,0,0,6,0,0,0,0,0,0,0,0
"6969","Onychostruthus taczanowskii",0,0,0,0,0,0,0,0,0,0,0,0,0,0
"6970","Ophrysia superciliosa",0,0,5,0,7,0,0,0,0,0,0,0,3,0
"6971","Opisthocomus hoazin",0,0,0,0,0,0,0,0,0,0,0,0,0,0
"6972","Opisthoprora euryptera",0,0,0,0,0,0,0,0,0,0,0,0,0,0
"6973","Oporornis agilis",0,0,0,0,0,0,0,0,0,0,0,0,0,0
"6974","Orchesticus abeillei",0,6,0,0,0,6,0,0,6,0,0,0,0,0
"6975","Oreocharis arfaki",0,0,0,0,0,0,0,0,0,0,0,0,0,0
"6976","Oreoica gutturalis",0,0,0,0,0,0,0,0,0,0,0,0,0,0
"6977","Oreolais pulcher",0,0,0,0,0,0,0,0,0,0,0,0,0,0
"6978","Oreolais ruwenzorii",0,0,0,0,0,0,0,0,0,0,0,0,0,0
"6979","Oreomystis bairdi",0,7,0,0,0,4,0,0,0,7,0,0,6,0
"6980","Oreonympha albolimbata",0,0,0,0,0,0,0,0,0,0,0,0,0,0
"6981","Oreonympha nobilis",0,0,0,0,0,0,0,0,0,0,0,0,0,0
"6982","Oreophasis derbianus",0,6,0,5,6,6,0,0,0,4,0,0,6,0
"6983","Oreophilais robertsi",0,0,0,0,0,0,0,0,0,0,0,0,6,0
"6984","Oreopholus ruficollis",0,0,0,0,0,0,0,0,0,0,0,0,0,0
"6985","Oreopsar bolivianus",0,0,0,0,0,0,0,0,0,0,0,0,0,0
"6986","Oreopsittacus arfaki",0,0,0,0,0,0,0,0,0,0,0,0,0,0
"6987","Oreornis chrysogenys",0,0,0,0,0,0,0,0,0,0,0,0,6,0
"6988","Oreortyx pictus",0,0,0,0,0,0,0,0,0,0,0,0,0,0
"6989","Oreoscoptes montanus",0,0,0,0,0,0,0,0,0,0,0,0,0,0
"6990","Oreoscopus gutturalis",0,0,0,0,0,0,0,0,0,0,0,0,8,0
"6991","Oreostruthus fuliginosus",0,0,0,0,0,0,0,0,0,0,0,0,0,0
"6992","Oreothlypis gutturalis",0,0,0,0,0,0,0,0,0,0,0,0,0,0
"6993","Oreothlypis superciliosa",0,0,0,0,0,0,0,0,0,0,0,0,0,0
"6994","Oreothraupis arremonops",6,6,0,4,0,5,0,0,2,0,0,0,0,0
"6995","Oreotrochilus adela",0,6,0,0,0,5,0,0,6,0,0,0,0,0
"6996","Oreotrochilus chimborazo",0,0,0,0,0,0,0,0,0,0,0,0,0,0
"6997","Oreotrochilus cyanolaemus",0,6,5,0,0,0,0,5,6,5,0,0,7,0
"6998","Oreotrochilus estella",0,0,0,0,0,0,0,0,0,0,0,0,0,0
"6999","Oreotrochilus leucopleurus",0,0,0,0,0,0,0,0,0,0,0,0,0,0
"7000","Oreotrochilus melanogaster",0,0,0,0,0,0,0,0,0,0,0,0,0,0
"7001","Oreotrochilus stolzmanni",0,0,0,0,0,0,0,0,0,0,0,0,0,0
"7002","Origma murina",0,0,0,0,0,0,0,0,0,0,0,0,0,0
"7003","Origma robusta",0,0,0,0,0,0,0,0,0,0,0,0,0,0
"7004","Origma solitaria",0,0,0,0,0,0,0,0,0,0,0,0,6,0
"7005","Oriolia bernieri",0,6,0,0,0,5,0,0,0,0,0,0,6,0
"7006","Oriolus albiloris",0,0,0,0,0,0,0,0,0,0,0,0,0,0
"7007","Oriolus auratus",0,0,0,0,0,0,0,0,0,0,0,0,0,0
"7008","Oriolus bouroensis",0,0,0,0,0,0,0,0,0,0,0,0,0,0
"7009","Oriolus brachyrynchus",0,0,0,0,0,0,0,0,0,0,0,0,0,0
"7010","Oriolus chinensis",0,0,0,0,0,0,0,0,0,0,0,0,0,0
"7011","Oriolus chlorocephalus",0,0,0,0,0,0,0,0,0,0,0,0,0,0
"7012","Oriolus consanguineus",0,0,0,0,0,0,0,0,0,0,0,0,0,0
"7013","Oriolus consobrinus",0,6,0,0,0,5,0,0,0,0,0,0,0,0
"7014","Oriolus crassirostris",2,5,0,4,0,4,0,0,0,0,0,0,0,0
"7015","Oriolus cruentus",0,6,0,0,7,0,0,0,0,0,0,0,0,0
"7016","Oriolus decipiens",0,0,0,0,0,0,0,0,0,0,0,0,0,0
"7017","Oriolus finschi",0,0,0,0,0,0,0,0,0,0,0,0,0,0
"7018","Oriolus flavocinctus",0,0,0,0,0,0,0,0,0,0,0,0,0,0
"7019","Oriolus forsteni",0,0,0,0,0,0,0,0,0,0,0,0,0,0
"7020","Oriolus hosii",0,5,0,0,0,6,0,0,0,0,0,0,0,0
"7021","Oriolus isabellae",0,5,0,0,0,7,0,0,0,7,0,0,6,0
"7022","Oriolus kundoo",0,0,0,0,6,0,0,0,0,0,0,0,6,0
"7023","Oriolus larvatus",0,0,0,0,0,0,0,0,0,0,0,0,0,0
"7024","Oriolus melanotis",0,0,0,0,0,0,0,0,0,0,0,0,0,0
"7025","Oriolus mellianus",0,6,0,0,6,6,0,0,6,0,0,0,0,0
"7026","Oriolus monacha",0,0,0,0,0,0,0,0,0,0,0,0,0,0
"7027","Oriolus nigripennis",0,0,0,0,0,0,0,0,0,0,0,0,0,0
"7028","Oriolus oriolus",0,0,0,0,0,0,0,0,0,0,0,0,0,0
"7029","Oriolus percivali",0,0,0,0,0,0,0,0,0,0,0,0,0,0
"7030","Oriolus phaeochromus",0,0,0,0,0,0,0,0,0,0,0,0,0,0
"7031","Oriolus sagittatus",0,0,0,0,0,0,0,0,0,0,0,0,0,0
"7032","Oriolus steerii",0,0,0,0,0,0,0,0,0,0,0,0,0,0
"7033","Oriolus szalayi",0,0,0,0,0,0,0,0,0,0,0,0,0,0
"7034","Oriolus tenuirostris",0,0,0,0,0,0,0,0,0,0,0,0,0,0
"7035","Oriolus traillii",0,0,0,0,0,0,0,0,0,0,0,0,0,0
"7036","Oriolus xanthonotus",0,5,0,0,0,5,0,0,0,0,0,0,0,0
"7037","Oriolus xanthornus",0,0,0,0,0,0,0,0,0,0,0,0,0,0
"7038","Oriturus superciliosus",0,0,0,0,0,0,0,0,0,0,0,0,0,0
"7039","Ornithion brunneicapillus",0,0,0,0,0,0,0,0,0,0,0,0,0,0
"7040","Ornithion inerme",0,0,0,0,0,0,0,0,0,0,0,0,0,0
"7041","Ornithion semiflavum",0,0,0,0,0,0,0,0,0,0,0,0,0,0
"7042","Ornorectes cristatus",0,0,0,0,0,0,0,0,0,0,0,0,0,0
"7043","Oroanassa magnifica",0,7,0,5,5,7,0,5,5,0,7,0,0,0
"7044","Orochelidon andecola",0,0,0,0,0,0,0,0,0,0,0,0,0,0
"7045","Orochelidon flavipes",0,0,0,0,0,0,0,0,0,0,0,0,0,0
"7046","Orochelidon murina",0,0,0,0,0,0,0,0,0,0,0,0,0,0
"7047","Ortalis araucuan",0,0,0,0,0,0,0,0,0,0,0,0,0,0
"7048","Ortalis canicollis",0,0,0,0,0,0,0,0,0,0,0,0,0,0
"7049","Ortalis cinereiceps",0,0,0,0,0,0,0,0,0,0,0,0,0,0
"7050","Ortalis columbiana",0,0,0,0,0,0,0,0,0,0,0,0,0,0
"7051","Ortalis erythroptera",0,7,5,0,6,5,0,0,0,0,0,0,0,0
"7052","Ortalis garrula",0,0,0,0,0,0,0,0,0,0,0,0,0,0
"7053","Ortalis guttata",0,0,0,0,0,0,0,0,0,0,0,0,0,0
"7054","Ortalis leucogastra",0,0,0,0,0,0,0,0,0,0,0,0,0,0
"7055","Ortalis motmot",0,0,0,0,0,0,0,0,0,0,0,0,0,0
"7056","Ortalis poliocephala",0,0,0,0,0,0,0,0,0,0,0,0,0,0
"7057","Ortalis ruficauda",0,0,0,0,0,0,0,0,0,0,0,0,0,0
"7058","Ortalis squamata",0,0,0,0,5,5,0,0,0,0,0,0,0,0
"7059","Ortalis superciliaris",0,4,0,0,4,4,0,0,0,0,0,0,0,0
"7060","Ortalis vetula",0,0,0,0,0,0,0,0,0,0,0,0,0,0
"7061","Ortalis wagleri",4,0,0,0,4,0,0,0,0,0,0,0,0,0
"7062","Orthogonys chloricterus",0,0,0,0,0,0,0,0,0,0,0,0,0,0
"7063","Orthonyx novaeguineae",0,0,0,0,0,0,0,0,0,0,0,0,0,0
"7064","Orthonyx spaldingii",0,0,0,0,0,0,0,0,0,0,0,0,6,0
"7065","Orthonyx temminckii",0,0,0,0,0,0,0,0,0,0,0,0,0,0
"7066","Orthopsittaca manilatus",0,0,0,0,0,0,0,0,0,0,0,0,0,0
"7067","Orthorhyncus cristatus",0,0,0,0,0,0,0,0,0,0,0,0,0,0
"7068","Orthotomus atrogularis",0,0,0,0,0,0,0,0,0,0,0,0,0,0
"7069","Orthotomus castaneiceps",0,0,0,0,0,0,0,0,0,0,0,0,0,0
"7070","Orthotomus chaktomuk",5,7,7,0,0,0,0,0,4,0,0,0,0,0
"7071","Orthotomus chloronotus",0,0,0,0,0,0,0,0,0,0,0,0,0,0
"7072","Orthotomus cinereiceps",0,0,0,0,0,0,0,0,0,0,0,0,0,0
"7073","Orthotomus derbianus",0,0,0,0,0,0,0,0,0,0,0,0,0,0
"7074","Orthotomus frontalis",0,0,0,0,0,0,0,0,0,0,0,0,0,0
"7075","Orthotomus nigriceps",0,0,0,0,0,0,0,0,0,0,0,0,0,0
"7076","Orthotomus ruficeps",0,0,0,0,0,0,0,0,0,0,0,0,0,0
"7077","Orthotomus samarensis",0,6,0,0,0,5,0,0,0,0,0,0,0,0
"7078","Orthotomus sepium",0,0,0,0,0,0,0,0,0,0,0,0,0,0
"7079","Orthotomus sericeus",0,0,0,0,0,0,0,0,0,0,0,0,0,0
"7080","Orthotomus sutorius",0,0,0,0,0,0,0,0,0,0,0,0,0,0
"7081","Ortygornis gularis",0,7,0,0,5,5,0,0,7,0,0,0,0,0
"7082","Ortygornis pondicerianus",0,0,0,0,0,0,0,0,0,0,0,0,0,0
"7083","Ortygornis sephaena",0,0,0,0,0,0,0,0,0,0,0,0,0,0
"7084","Ortygospiza atricollis",0,0,0,0,0,0,0,0,0,0,0,0,0,0
"7085","Ortyxelos meiffrenii",0,0,0,0,0,0,0,0,0,0,0,0,0,0
"7086","Otidiphaps aruensis",0,6,0,0,0,5,0,0,0,0,0,0,0,0
"7087","Otidiphaps cervicalis",0,0,0,0,0,0,0,0,0,0,0,0,0,0
"7088","Otidiphaps insularis",0,5,0,0,8,5,0,0,0,8,0,0,0,0
"7089","Otidiphaps nobilis",0,0,0,0,0,0,0,0,0,0,0,0,0,0
"7090","Otis tarda",6,6,6,6,6,5,0,5,5,6,6,0,7,0
"7091","Otocichla mupinensis",0,0,0,0,0,0,0,0,0,0,0,0,0,0
"7092","Otus alfredi",0,6,0,5,0,6,0,0,5,0,0,0,6,0
"7093","Otus alius",7,7,0,7,4,0,0,0,0,0,4,4,0,0
"7094","Otus angelinae",4,6,4,0,0,0,0,0,0,0,0,0,0,0
"7095","Otus bakkamoena",0,0,0,0,0,0,0,0,0,0,0,0,0,0
"7096","Otus balli",5,5,0,0,0,5,0,0,0,0,0,0,0,0
"7097","Otus beccarii",0,5,0,0,0,5,0,0,0,0,0,0,0,0
"7098","Otus bikegila",4,0,0,0,0,4,0,0,0,8,0,0,0,0
"7099","Otus brookii",0,0,0,0,0,0,0,0,0,0,0,0,0,0
"7100","Otus brucei",0,0,0,0,0,0,0,0,0,0,7,0,0,0
"7101","Otus capnodes",0,6,0,0,4,4,0,0,0,8,0,0,4,0
"7102","Otus collari",0,0,0,0,0,0,0,0,0,0,0,0,0,0
"7103","Otus cyprius",0,6,0,0,0,0,0,0,0,0,0,0,0,0
"7104","Otus elegans",4,6,0,0,0,5,0,0,0,0,0,0,0,0
"7105","Otus enganensis",0,0,0,0,0,0,0,0,0,0,0,0,0,0
"7106","Otus everetti",0,0,0,0,0,0,0,0,0,0,0,0,0,0
"7107","Otus feae",3,5,0,4,0,0,0,0,0,0,0,0,0,0
"7108","Otus fuliginosus",0,5,0,0,0,5,0,0,0,0,0,0,0,0
"7109","Otus gurneyi",0,6,6,0,0,7,0,0,6,0,0,0,4,0
"7110","Otus hartlaubi",2,4,0,4,0,5,0,0,0,0,0,0,0,0
"7111","Otus icterorhynchus",0,0,0,0,0,0,0,0,0,0,0,0,0,0
"7112","Otus insularis",4,4,0,0,0,4,0,6,5,7,0,0,6,0
"7113","Otus ireneae",0,5,6,0,0,6,0,0,0,0,0,0,6,0
"7114","Otus jolandae",4,5,0,0,0,4,0,0,0,0,0,0,0,0
"7115","Otus lempiji",0,0,0,0,0,0,0,0,0,0,0,0,0,0
"7116","Otus lettia",0,0,0,0,0,0,0,0,0,0,0,0,0,0
"7117","Otus longicornis",0,4,0,0,0,0,0,0,0,0,0,0,0,0
"7118","Otus magicus",0,0,0,0,0,0,0,0,0,0,0,0,0,0
"7119","Otus manadensis",0,0,0,0,0,0,0,0,0,0,0,0,0,0
"7120","Otus mantananensis",0,0,0,0,0,0,0,0,0,0,0,0,0,0
"7121","Otus mayottensis",0,0,0,0,0,0,0,0,0,0,0,0,0,0
"7122","Otus megalotis",0,0,0,0,0,0,0,0,0,0,0,0,0,0
"7123","Otus mendeni",0,6,0,0,0,6,0,0,0,0,0,0,0,0
"7124","Otus mentawi",0,0,0,0,0,0,0,0,0,0,0,0,0,0
"7125","Otus mindorensis",0,5,0,0,0,4,0,0,0,0,0,0,0,0
"7126","Otus mirus",0,4,0,0,0,0,0,0,0,0,0,0,0,0
"7127","Otus moheliensis",0,6,0,0,4,6,0,0,0,8,0,0,6,0
"7128","Otus nigrorum",0,6,0,0,0,7,0,0,0,0,0,0,0,0
"7129","Otus pamelae",0,0,0,0,0,0,0,0,0,0,0,0,0,0
"7130","Otus pauliani",0,6,0,3,0,4,0,0,0,5,0,0,6,0
"7131","Otus pembaensis",3,5,0,0,0,5,0,0,0,8,0,0,6,0
"7132","Otus rufescens",0,6,0,0,0,6,0,0,5,0,0,0,0,0
"7133","Otus rutilus",0,0,0,0,0,0,0,0,0,0,0,0,0,0
"7134","Otus sagittatus",0,6,0,0,0,6,0,0,0,0,0,0,0,0
"7135","Otus scops",4,6,6,6,6,4,0,0,5,5,5,0,0,0
"7136","Otus semitorques",0,0,0,0,0,0,0,0,0,0,0,0,0,0
"7137","Otus senegalensis",0,0,0,0,0,0,0,0,0,0,0,0,0,0
"7138","Otus siaoensis",0,7,0,0,0,7,0,0,0,0,0,0,0,0
"7139","Otus silvicola",0,0,0,0,0,0,0,0,0,0,0,0,0,0
"7140","Otus socotranus",0,0,0,0,0,0,0,0,0,0,0,0,0,0
"7141","Otus spilocephalus",0,0,0,0,0,0,0,0,0,0,0,0,0,0
"7142","Otus sulaensis",0,6,0,0,0,6,0,0,7,0,0,0,0,0
"7143","Otus sunia",0,5,0,0,5,0,0,0,0,0,6,0,0,0
"7144","Otus tempestatis",0,0,0,0,0,0,0,0,0,0,0,0,0,0
"7145","Otus thilohoffmanni",5,6,5,0,0,6,0,0,0,0,0,0,0,0
"7146","Otus umbra",0,4,0,0,0,4,0,0,0,0,0,0,0,0
"7147","Oxylabes madagascariensis",0,0,0,0,0,0,0,0,0,0,0,0,0,0
"7148","Oxypogon cyanolaemus",0,6,0,0,0,6,0,0,0,0,0,0,0,0
"7149","Oxypogon guerinii",0,0,0,0,0,0,0,0,0,0,0,0,0,0
"7150","Oxypogon lindenii",0,0,0,0,0,0,0,0,0,0,0,0,0,0
"7151","Oxypogon stuebelii",0,7,0,0,0,0,0,0,5,0,0,0,0,0
"7152","Oxyruncus cristatus",0,0,0,0,0,0,0,0,0,0,0,0,0,0
"7153","Oxyura australis",4,0,0,0,4,0,0,0,5,4,0,0,4,0
"7154","Oxyura ferruginea",0,0,0,0,0,0,0,0,0,0,0,0,0,0
"7155","Oxyura jamaicensis",0,0,0,0,0,0,0,0,0,0,0,0,0,0
"7156","Oxyura leucocephala",0,8,0,0,6,4,5,0,5,6,7,0,5,0
"7157","Oxyura maccoa",0,7,0,0,4,0,7,0,0,7,7,0,0,0
"7158","Oxyura vittata",0,0,0,0,0,0,0,0,0,0,0,0,0,0
"7159","Pachycare flavogriseum",0,0,0,0,0,0,0,0,0,0,0,0,0,0
"7160","Pachycephala albiventris",0,0,0,0,0,0,0,0,0,0,0,0,0,0
"7161","Pachycephala arctitorquis",0,0,0,0,0,0,0,0,0,0,0,0,0,0
"7162","Pachycephala aurea",0,0,0,0,0,0,0,0,0,0,0,0,0,0
"7163","Pachycephala caledonica",0,0,0,0,0,0,0,0,0,0,0,0,0,0
"7164","Pachycephala cinerea",0,0,0,0,0,0,0,0,0,0,0,0,0,0
"7165","Pachycephala feminina",0,0,5,0,0,6,0,0,0,0,0,0,0,0
"7166","Pachycephala flavifrons",0,0,0,0,0,0,0,0,0,0,0,0,0,0
"7167","Pachycephala fulvotincta",0,0,0,0,0,0,0,0,0,0,0,0,6,0
"7168","Pachycephala griseiceps",0,0,0,0,0,0,0,0,0,0,0,0,0,0
"7169","Pachycephala griseonota",0,0,0,0,0,0,0,0,0,0,0,0,0,0
"7170","Pachycephala homeyeri",0,0,0,0,0,0,0,0,0,0,0,0,0,0
"7171","Pachycephala hyperythra",0,0,0,0,0,0,0,0,0,0,0,0,0,0
"7172","Pachycephala hypoxantha",0,0,0,0,0,0,0,0,0,0,0,0,0,0
"7173","Pachycephala implicata",0,0,0,0,0,0,0,0,0,0,0,0,6,0
"7174","Pachycephala inornata",0,0,0,0,0,0,0,0,0,0,0,0,0,0
"7175","Pachycephala jacquinoti",0,6,0,0,0,4,0,0,0,7,0,0,0,0
"7176","Pachycephala lanioides",0,0,0,0,0,0,0,0,0,0,0,0,0,0
"7177","Pachycephala leucogastra",0,0,0,0,0,0,0,0,0,0,0,0,0,0
"7178","Pachycephala lorentzi",0,0,0,0,0,0,0,0,0,0,0,0,0,0
"7179","Pachycephala melanura",0,0,0,0,0,0,0,0,0,0,0,0,0,0
"7180","Pachycephala mentalis",0,0,0,0,0,0,0,0,0,0,0,0,6,0
"7181","Pachycephala meyeri",0,0,0,0,0,0,0,0,0,0,0,0,0,0
"7182","Pachycephala modesta",0,0,0,0,0,0,0,0,0,0,0,0,0,0
"7183","Pachycephala monacha",0,0,0,0,0,0,0,0,0,0,0,0,0,0
"7184","Pachycephala nudigula",0,0,0,0,0,0,0,0,0,0,0,0,0,0
"7185","Pachycephala olivacea",0,0,0,0,0,0,0,0,0,0,0,0,6,0
"7186","Pachycephala orioloides",0,0,0,0,0,0,0,0,0,0,0,0,6,0
"7187","Pachycephala orpheus",0,0,0,0,0,0,0,0,0,0,0,0,0,0
"7188","Pachycephala par",0,0,0,0,0,0,0,0,0,0,0,0,6,0
"7189","Pachycephala pectoralis",0,0,0,0,0,0,0,0,0,0,0,0,6,0
"7190","Pachycephala phaionota",0,0,0,0,0,0,0,0,0,0,0,0,0,0
"7191","Pachycephala philippinensis",0,0,0,0,0,0,0,0,0,0,0,0,0,0
"7192","Pachycephala richardsi",0,0,0,0,0,0,0,0,0,0,0,0,6,0
"7193","Pachycephala rufiventris",0,0,0,0,0,0,0,0,0,0,0,0,0,0
"7194","Pachycephala rufogularis",0,5,0,0,0,4,0,0,7,7,0,0,7,0
"7195","Pachycephala schlegelii",0,0,0,0,0,0,0,0,0,0,0,0,0,0
"7196","Pachycephala simplex",0,0,0,0,0,0,0,0,0,0,0,0,0,0
"7197","Pachycephala soror",0,0,0,0,0,0,0,0,0,0,0,0,0,0
"7198","Pachycephala sulfuriventer",0,0,0,0,0,0,0,0,0,0,0,0,0,0
"7199","Pachycephala tenebrosa",0,0,0,0,0,0,0,0,0,0,0,0,6,0
"7200","Pachycephala teysmanni",0,0,0,0,0,0,0,0,0,0,0,0,6,0
"7201","Pachycephala vitiensis",0,0,0,0,0,0,0,0,0,0,0,0,6,0
"7202","Pachycephalopsis hattamensis",0,0,0,0,0,0,0,0,0,0,0,0,0,0
"7203","Pachycephalopsis poliosoma",0,0,0,0,0,0,0,0,0,0,0,0,0,0
"7204","Pachycoccyx audeberti",0,0,0,0,0,0,0,0,0,0,0,0,0,0
"7205","Pachyptila belcheri",0,0,0,0,0,0,0,0,0,5,0,0,0,0
"7206","Pachyptila crassirostris",0,0,0,0,0,0,0,0,0,6,0,0,0,0
"7207","Pachyptila desolata",0,0,0,0,0,0,0,0,0,6,0,0,0,0
"7208","Pachyptila macgillivrayi",0,0,0,0,0,0,0,0,0,8,0,0,0,0
"7209","Pachyptila salvini",0,0,0,0,0,0,0,0,0,6,0,0,0,0
"7210","Pachyptila turtur",0,0,0,0,0,0,0,0,0,6,0,0,0,0
"7211","Pachyptila vittata",0,0,0,0,0,0,0,0,0,7,0,0,4,0
"7212","Pachyramphus aglaiae",0,0,0,0,0,0,0,0,0,0,0,0,0,0
"7213","Pachyramphus albogriseus",0,0,0,0,0,0,0,0,0,0,0,0,0,0
"7214","Pachyramphus castaneus",0,0,0,0,0,0,0,0,0,0,0,0,0,0
"7215","Pachyramphus cinnamomeus",0,0,0,0,0,0,0,0,0,0,0,0,0,0
"7216","Pachyramphus griseigularis",0,0,0,0,0,0,0,0,0,0,0,0,0,0
"7217","Pachyramphus homochrous",0,0,0,0,0,0,0,0,0,0,0,0,0,0
"7218","Pachyramphus major",0,0,0,0,0,0,0,0,0,0,0,0,0,0
"7219","Pachyramphus marginatus",0,0,0,0,0,0,0,0,0,0,0,0,0,0
"7220","Pachyramphus minor",0,0,0,0,0,0,0,0,0,0,0,0,0,0
"7221","Pachyramphus niger",0,0,0,0,0,0,0,0,0,0,0,0,0,0
"7222","Pachyramphus polychopterus",0,0,0,0,0,0,0,0,0,0,0,0,0,0
"7223","Pachyramphus rufus",0,0,0,0,0,0,0,0,0,0,0,0,0,0
"7224","Pachyramphus spodiurus",0,6,0,0,0,5,0,0,0,0,4,4,0,0
"7225","Pachyramphus surinamus",0,0,0,0,0,0,0,0,0,0,0,0,0,0
"7226","Pachyramphus uropygialis",0,0,0,0,0,0,0,0,0,0,0,0,0,0
"7227","Pachyramphus validus",0,0,0,0,0,0,0,0,0,0,0,0,0,0
"7228","Pachyramphus versicolor",0,0,0,0,0,0,0,0,0,0,0,0,0,0
"7229","Pachyramphus viridis",0,0,0,0,0,0,0,0,0,0,0,0,0,0
"7230","Pachyramphus xanthogenys",0,0,0,0,0,0,0,0,0,0,0,0,0,0
"7231","Pachysylvia aurantiifrons",0,0,0,0,0,0,0,0,0,0,0,0,0,0
"7232","Pachysylvia decurtata",0,0,0,0,0,0,0,0,0,0,0,0,0,0
"7233","Pachysylvia hypochrysea",0,0,0,0,0,0,0,0,0,0,0,0,0,0
"7234","Pachysylvia hypoxantha",0,0,0,0,0,0,0,0,0,0,0,0,0,0
"7235","Pachysylvia muscicapina",0,0,0,0,0,0,0,0,0,0,0,0,0,0
"7236","Pachysylvia semibrunnea",0,0,0,0,0,0,0,0,0,0,0,0,0,0
"7237","Padda fuscata",0,6,0,0,6,0,0,0,0,0,0,0,0,0
"7238","Padda oryzivora",5,0,0,0,6,0,0,0,0,5,5,0,0,0
"7239","Pagodroma nivea",0,0,0,0,0,0,0,0,0,0,0,0,5,0
"7240","Pagophila eburnea",0,0,5,0,4,0,0,0,0,0,7,0,7,0
"7241","Palaeornis eupatria",0,6,0,0,7,6,0,0,0,0,0,0,0,0
"7242","Palaeornis wardi",0,4,0,0,4,0,0,0,0,0,0,0,0,0
"7243","Palmeria dolei",0,3,0,0,0,3,0,0,0,7,0,0,8,0
"7244","Paludipasser locustella",0,6,0,0,5,0,0,0,0,0,0,0,4,0
"7245","Pampa curvipennis",0,0,0,0,0,0,0,0,0,0,0,0,0,0
"7246","Pampa rufa",0,0,0,0,0,0,0,0,0,0,0,0,0,0
"7247","Pampusana beccarii",0,0,0,0,0,0,0,0,0,0,0,0,0,0
"7248","Pampusana canifrons",5,5,0,5,0,0,0,6,0,6,0,0,0,0
"7249","Pampusana erythroptera",0,0,0,0,3,0,0,0,0,6,0,0,6,0
"7250","Pampusana ferruginea",0,0,0,0,5,0,0,0,0,5,0,0,0,0
"7251","Pampusana hoedtii",0,7,4,0,7,6,0,0,0,0,0,0,0,0
"7252","Pampusana jobiensis",0,0,0,0,0,0,0,0,0,0,0,0,0,0
"7253","Pampusana johannae",0,0,0,0,0,0,0,0,0,0,0,0,0,0
"7254","Pampusana kubaryi",0,6,0,0,5,0,0,0,0,7,0,0,0,0
"7255","Pampusana rubescens",0,0,0,0,0,0,0,0,0,6,0,0,6,0
"7256","Pampusana salamonis",0,2,0,0,2,2,0,0,0,3,0,0,0,0
"7257","Pampusana sanctaecrucis",0,5,0,0,7,5,0,0,0,6,0,7,0,0
"7258","Pampusana stairi",0,0,0,0,5,6,0,0,0,5,0,0,0,0
"7259","Pampusana xanthonura",0,0,0,0,6,0,0,0,0,5,0,0,0,0
"7260","Pandion haliaetus",0,5,5,0,5,0,0,4,0,0,1,0,0,0
"7261","Panterpe insignis",0,0,0,0,0,0,0,0,0,0,0,0,0,0
"7262","Panurus biarmicus",0,0,0,0,0,0,0,0,0,0,0,0,0,0
"7263","Panyptila cayennensis",0,0,0,0,0,0,0,0,0,0,0,0,0,0
"7264","Panyptila sanctihieronymi",0,0,0,0,0,0,0,0,0,0,0,0,0,0
"7265","Papasula abbotti",4,0,6,6,4,0,8,0,0,7,8,0,8,0
"7266","Parabuteo leucorrhous",0,0,0,0,0,0,0,0,0,0,0,0,0,0
"7267","Parabuteo unicinctus",0,0,0,0,0,0,0,0,0,0,0,0,0,0
"7268","Paraclaravis geoffroyi",6,6,0,0,5,0,0,0,0,0,0,0,0,0
"7269","Paraclaravis mondetoura",0,0,0,0,0,0,0,0,0,0,0,0,0,0
"7270","Paradigalla brevicauda",0,0,0,0,0,0,0,0,0,0,0,0,0,0
"7271","Paradigalla carunculata",0,5,0,0,0,5,0,0,0,0,0,0,0,0
"7272","Paradisaea apoda",0,0,0,0,0,0,0,0,0,0,0,0,0,0
"7273","Paradisaea decora",0,6,5,0,0,6,0,0,0,0,0,0,0,0
"7274","Paradisaea guilielmi",0,5,0,0,4,5,0,0,0,0,0,0,0,0
"7275","Paradisaea minor",0,0,0,0,0,0,0,0,0,0,0,0,0,0
"7276","Paradisaea raggiana",0,0,0,0,0,0,0,0,0,0,0,0,0,0
"7277","Paradisaea rubra",0,0,0,0,4,5,0,0,4,0,0,0,0,0
"7278","Paradisornis rudolphi",0,6,6,0,5,6,0,0,0,0,0,0,7,0
"7279","Paradoxornis aemodium",0,0,0,0,0,0,0,0,0,0,0,0,0,0
"7280","Paradoxornis bakeri",0,0,0,0,0,0,0,0,0,0,0,0,0,0
"7281","Paradoxornis flavirostris",0,7,0,0,0,6,0,0,6,0,0,0,6,0
"7282","Paradoxornis gularis",0,0,0,0,0,0,0,0,0,0,0,0,0,0
"7283","Paradoxornis guttaticollis",0,0,0,0,0,0,0,0,0,0,0,0,0,0
"7284","Paradoxornis heudei",6,6,0,0,0,6,0,0,0,0,0,0,0,0
"7285","Paradoxornis margaritae",0,6,0,0,0,5,0,0,0,0,0,0,0,0
"7286","Paradoxornis paradoxus",0,0,0,0,0,0,0,0,0,0,0,0,0,0
"7287","Paradoxornis ruficeps",0,0,0,0,0,0,0,0,0,0,0,0,0,0
"7288","Paradoxornis unicolor",0,0,0,0,0,0,0,0,0,0,0,0,0,0
"7289","Paragallinula angulata",0,6,0,0,0,0,0,0,6,0,0,0,0,0
"7290","Paramythia montium",0,0,0,0,0,0,0,0,0,0,0,0,0,0
"7291","Paramythia olivacea",0,0,0,0,0,0,0,0,0,0,0,0,0,0
"7292","Parayuhina diademata",0,0,0,0,0,0,0,0,0,0,0,0,0,0
"7293","Pardaliparus amabilis",0,6,0,0,0,5,0,0,0,0,0,0,0,0
"7294","Pardaliparus elegans",0,0,0,0,0,0,0,0,0,0,0,0,0,0
"7295","Pardaliparus venustulus",0,0,0,0,0,0,0,0,0,0,0,0,0,0
"7296","Pardalotus punctatus",0,0,0,0,0,0,0,0,0,0,0,0,5,0
"7297","Pardalotus quadragintus",4,4,0,0,0,5,0,0,6,7,0,0,7,0
"7298","Pardalotus rubricatus",0,0,0,0,0,0,0,0,0,0,0,0,0,0
"7299","Pardalotus striatus",0,0,0,0,0,0,0,0,0,0,0,0,0,0
"7300","Pardipicus caroli",0,0,0,0,0,0,0,0,0,0,0,0,0,0
"7301","Pardipicus nivosus",0,0,0,0,0,0,0,0,0,0,0,0,0,0
"7302","Pardirallus maculatus",0,0,0,0,0,0,0,0,0,0,0,0,0,0
"7303","Pardirallus nigricans",0,0,0,0,0,0,0,0,0,0,0,0,0,0
"7304","Pardirallus sanguinolentus",0,0,0,0,0,0,0,0,0,0,0,0,0,0
"7305","Pareudiastes pacificus",0,7,0,0,3,0,0,0,0,8,0,0,6,0
"7306","Pareudiastes silvestris",0,0,0,0,4,4,0,0,0,7,0,0,6,0
"7307","Parkerthraustes humeralis",0,0,0,0,0,0,0,0,0,0,0,0,0,0
"7308","Parkesia motacilla",0,0,0,0,0,0,0,0,0,0,0,0,0,0
"7309","Parkesia noveboracensis",0,0,0,0,0,0,0,0,0,0,0,0,0,0
"7310","Parmoptila jamesoni",0,0,0,0,0,0,0,0,0,0,0,0,0,0
"7311","Parmoptila rubrifrons",0,5,0,0,0,6,0,0,0,0,0,0,0,0
"7312","Parmoptila woodhousei",0,0,0,0,0,0,0,0,0,0,0,0,0,0
"7313","Paroaria baeri",0,0,0,0,0,0,0,0,0,0,0,0,0,0
"7314","Paroaria capitata",0,0,0,0,0,0,0,0,0,0,0,0,0,0
"7315","Paroaria coronata",0,0,0,0,0,0,0,0,0,0,0,0,0,0
"7316","Paroaria dominicana",0,0,0,0,0,0,0,0,0,0,0,0,0,0
"7317","Paroaria gularis",0,0,0,0,0,0,0,0,0,0,0,0,0,0
"7318","Paroaria nigrogenis",0,0,0,0,0,0,0,0,0,0,0,0,0,0
"7319","Paroreomyza flammea",0,0,0,0,0,5,0,0,0,5,0,0,0,0
"7320","Paroreomyza maculata",2,4,0,5,0,0,0,0,0,8,0,0,6,0
"7321","Paroreomyza montana",0,3,0,0,0,3,0,0,5,7,0,0,6,0
"7322","Parotia berlepschi",0,0,0,0,0,0,0,0,0,0,0,0,0,0
"7323","Parotia carolae",0,0,0,0,0,0,0,0,0,0,0,0,0,0
"7324","Parotia lawesii",0,0,0,0,0,0,0,0,0,0,0,0,0,0
"7325","Parotia sefilata",0,0,0,0,0,0,0,0,0,0,0,0,0,0
"7326","Parotia wahnesi",0,5,0,0,4,0,0,0,0,0,0,0,8,0
"7327","Parus major",0,0,0,0,0,0,0,0,0,0,0,0,7,0
"7328","Parus monticolus",0,0,0,0,0,0,0,0,0,0,0,0,0,0
"7329","Passer ammodendri",0,0,0,0,0,0,0,0,0,0,0,0,0,0
"7330","Passer castanopterus",0,0,0,0,0,0,0,0,0,0,0,0,0,0
"7331","Passer cinnamomeus",0,0,0,0,0,0,0,0,0,0,0,0,0,0
"7332","Passer cordofanicus",0,0,0,0,0,0,0,0,0,0,0,0,0,0
"7333","Passer diffusus",0,0,0,0,0,0,0,0,0,0,0,0,0,0
"7334","Passer domesticus",0,0,0,0,0,0,0,0,0,0,0,0,0,0
"7335","Passer eminibey",0,0,0,0,0,0,0,0,0,0,0,0,0,0
"7336","Passer euchlorus",0,0,0,0,0,0,0,0,0,0,0,0,0,0
"7337","Passer flaveolus",0,0,0,0,0,0,0,0,0,0,0,0,0,0
"7338","Passer gongonensis",0,0,0,0,0,0,0,0,0,0,0,0,0,0
"7339","Passer griseus",0,0,0,0,0,0,0,0,0,0,0,0,0,0
"7340","Passer hemileucus",0,0,0,0,6,0,0,0,0,0,0,0,5,0
"7341","Passer hispaniolensis",0,0,0,0,0,0,0,0,0,0,5,0,0,0
"7342","Passer iagoensis",0,0,0,0,0,0,0,0,0,0,0,0,0,0
"7343","Passer insularis",0,0,0,0,0,0,0,0,0,0,0,0,0,0
"7344","Passer italiae",0,5,0,0,0,0,0,0,0,7,5,0,0,0
"7345","Passer luteus",0,0,0,0,0,0,0,0,0,0,0,0,0,0
"7346","Passer melanurus",0,0,0,0,0,0,0,0,0,0,0,0,0,0
"7347","Passer moabiticus",0,0,0,0,0,0,0,0,0,0,0,0,0,0
"7348","Passer montanus",0,0,0,0,0,0,0,0,0,0,0,0,0,0
"7349","Passer motitensis",0,0,0,0,0,0,0,0,0,0,0,0,0,0
"7350","Passer pyrrhonotus",0,0,0,0,0,0,0,0,0,0,0,0,0,0
"7351","Passer rufocinctus",0,0,0,0,0,0,0,0,0,0,0,0,0,0
"7352","Passer shelleyi",0,0,0,0,0,0,0,0,0,0,0,0,0,0
"7353","Passer simplex",0,0,0,0,0,0,0,0,0,0,0,0,0,0
"7354","Passer suahelicus",0,0,0,0,0,0,0,0,0,0,0,0,0,0
"7355","Passer swainsonii",0,0,0,0,0,0,0,0,0,0,0,0,0,0
"7356","Passer zarudnyi",0,0,0,0,0,0,0,0,0,0,0,0,0,0
"7357","Passerculus bairdii",0,0,0,0,0,0,0,0,0,0,0,0,0,0
"7358","Passerculus guttatus",0,0,0,0,0,0,0,0,0,0,0,0,0,0
"7359","Passerculus henslowii",6,7,0,6,0,0,0,0,6,0,7,0,0,0
"7360","Passerculus rostratus",0,0,0,0,0,0,0,0,0,0,0,0,0,0
"7361","Passerculus sanctorum",0,0,0,0,0,0,0,0,0,5,0,0,0,0
"7362","Passerculus sandwichensis",0,0,0,0,0,0,0,0,0,0,0,0,0,0
"7363","Passerella arborea",0,0,0,0,0,0,0,0,0,0,0,0,6,0
"7364","Passerella iliaca",0,0,0,0,0,0,0,0,0,0,0,0,0,0
"7365","Passerella megarhyncha",0,0,0,0,0,0,0,0,0,0,0,0,0,0
"7366","Passerella schistacea",0,0,0,0,0,0,0,0,0,0,0,0,0,0
"7367","Passerella unalaschcensis",0,0,0,0,0,0,0,0,0,0,0,0,0,0
"7368","Passerina amoena",0,0,0,0,0,0,0,0,0,0,0,0,0,0
"7369","Passerina caerulea",0,0,0,0,0,0,0,0,0,0,0,0,0,0
"7370","Passerina ciris",5,0,0,4,5,0,0,0,0,7,0,0,0,0
"7371","Passerina cyanea",0,0,0,0,0,0,0,0,0,0,0,0,0,0
"7372","Passerina leclancherii",0,0,0,0,0,0,0,0,0,0,0,0,0,0
"7373","Passerina rositae",0,0,7,4,0,7,0,0,0,0,0,0,7,0
"7374","Passerina versicolor",0,0,0,0,0,0,0,0,0,0,0,0,0,0
"7375","Pastor roseus",0,0,0,0,0,0,0,0,0,0,0,0,0,0
"7376","Patagioenas albilinea",0,0,0,0,0,0,0,0,0,0,0,0,0,0
"7377","Patagioenas albipennis",0,0,0,0,0,0,0,0,0,0,0,0,0,0
"7378","Patagioenas araucana",0,0,0,0,0,0,0,0,0,0,0,0,0,0
"7379","Patagioenas caribaea",0,7,5,0,7,7,0,0,0,0,0,0,0,0
"7380","Patagioenas cayennensis",0,0,0,0,0,0,0,0,0,0,0,0,0,0
"7381","Patagioenas corensis",0,0,0,0,0,0,0,0,0,0,0,0,0,0
"7382","Patagioenas fasciata",0,0,0,0,0,0,0,0,0,0,0,0,0,0
"7383","Patagioenas flavirostris",0,0,0,0,0,0,0,0,0,0,0,0,0,0
"7384","Patagioenas goodsoni",0,0,0,0,0,0,0,0,0,0,0,0,0,0
"7385","Patagioenas inornata",0,6,0,0,6,6,0,0,0,6,0,0,5,0
"7386","Patagioenas leucocephala",5,0,0,0,5,6,0,4,0,0,5,0,0,0
"7387","Patagioenas maculosa",0,0,0,0,0,0,0,0,0,0,0,0,0,0
"7388","Patagioenas nigrirostris",0,0,0,0,0,0,0,0,0,0,0,0,0,0
"7389","Patagioenas oenops",0,5,5,0,5,6,0,0,5,0,0,0,0,0
"7390","Patagioenas picazuro",0,0,0,0,0,0,0,0,0,0,0,0,0,0
"7391","Patagioenas plumbea",0,0,0,0,0,0,0,0,0,0,0,0,0,0
"7392","Patagioenas speciosa",0,0,0,0,0,0,0,0,0,0,0,0,0,0
"7393","Patagioenas squamosa",0,0,0,0,0,0,0,0,0,0,0,0,0,0
"7394","Patagioenas subvinacea",0,6,4,5,5,5,0,0,0,0,0,0,0,0
"7395","Patagona gigas",0,0,0,0,0,0,0,0,0,0,0,0,0,0
"7396","Pauxi koepckeae",0,6,5,6,7,5,0,0,0,0,0,0,0,0
"7397","Pauxi pauxi",0,5,0,0,7,5,0,0,0,0,0,0,0,0
"7398","Pauxi unicornis",0,7,5,6,9,5,0,0,0,0,0,0,4,0
"7399","Pavo cristatus",0,0,0,0,0,0,0,0,0,0,0,0,0,0
"7400","Pavo muticus",5,6,0,0,7,5,0,6,0,0,0,0,0,0
"7401","Pedionomus torquatus",0,6,0,0,4,0,0,0,4,5,6,0,6,0
"7402","Pelagodroma marina",0,0,0,0,0,0,0,0,0,4,7,0,0,0
"7403","Pelargopsis amauroptera",0,6,0,0,0,6,0,0,0,0,0,0,0,0
"7404","Pelargopsis capensis",0,0,0,0,0,0,0,0,0,0,0,0,0,0
"7405","Pelargopsis melanorhyncha",0,0,0,0,0,0,0,0,0,0,0,0,0,0
"7406","Pelecanoides garnotii",0,0,5,0,5,0,6,5,0,6,5,0,7,0
"7407","Pelecanoides georgicus",0,0,0,0,5,0,0,0,0,6,0,0,0,0
"7408","Pelecanoides magellani",0,0,4,0,0,0,0,0,0,5,0,0,0,0
"7409","Pelecanoides urinatrix",0,0,0,0,0,0,0,0,0,5,0,0,0,0
"7410","Pelecanoides whenuahouensis",0,0,0,0,0,0,0,0,0,6,0,0,7,0
"7411","Pelecanus conspicillatus",0,0,0,0,0,0,0,0,0,0,0,0,0,0
"7412","Pelecanus crispus",0,5,4,4,4,0,5,4,4,5,4,0,0,0
"7413","Pelecanus erythrorhynchos",0,0,0,0,0,0,0,0,0,0,0,0,0,0
"7414","Pelecanus occidentalis",0,0,0,0,0,0,5,4,0,0,3,0,0,0
"7415","Pelecanus onocrotalus",0,5,0,0,5,0,0,4,0,0,6,0,0,0
"7416","Pelecanus philippensis",6,6,6,0,6,5,6,6,0,5,6,0,0,0
"7417","Pelecanus rufescens",0,5,0,0,0,4,0,4,5,0,5,0,0,0
"7418","Pelecanus thagus",0,0,0,0,0,0,7,0,0,0,0,0,6,0
"7419","Peliperdix lathami",0,0,0,0,0,0,0,0,0,0,0,0,0,0
"7420","Pellorneum albiventre",0,0,0,0,0,0,0,0,0,0,0,0,0,0
"7421","Pellorneum bicolor",0,0,0,0,0,0,0,0,0,0,0,0,0,0
"7422","Pellorneum buettikoferi",0,6,0,0,0,6,0,0,5,0,0,0,0,0
"7423","Pellorneum capistratum",0,0,0,0,0,0,0,0,0,0,0,0,0,0
"7424","Pellorneum celebense",0,0,0,0,0,0,0,0,0,0,0,0,0,0
"7425","Pellorneum cinereiceps",0,0,0,0,0,0,0,0,0,0,0,0,0,0
"7426","Pellorneum fuscocapillus",0,0,0,0,0,0,0,0,0,0,0,0,0,0
"7427","Pellorneum malaccense",0,6,0,0,0,6,0,0,5,0,0,0,0,0
"7428","Pellorneum nigrocapitatum",0,0,0,0,0,0,0,0,0,0,0,0,0,0
"7429","Pellorneum palustre",0,7,0,0,0,5,0,0,5,0,0,0,5,0
"7430","Pellorneum pyrrogenys",0,0,0,0,0,0,0,0,0,0,0,0,0,0
"7431","Pellorneum rostratum",0,6,0,0,0,6,0,0,5,0,0,0,0,0
"7432","Pellorneum ruficeps",0,0,0,0,0,0,0,0,0,0,0,0,0,0
"7433","Pellorneum tickelli",0,0,0,0,0,0,0,0,0,0,0,0,0,0
"7434","Peltohyas australis",0,0,0,0,0,0,0,0,0,0,0,0,0,0
"7435","Peltops blainvillii",0,0,0,0,0,0,0,0,0,0,0,0,0,0
"7436","Peltops montanus",0,0,0,0,0,0,0,0,0,0,0,0,0,0
"7437","Penelope albipennis",0,7,4,0,7,7,0,0,0,0,0,0,0,0
"7438","Penelope argyrotis",0,6,0,0,6,6,0,0,5,0,0,0,0,0
"7439","Penelope barbata",0,6,4,5,5,0,0,0,0,0,0,0,0,0
"7440","Penelope dabbenei",0,0,0,0,0,0,0,0,0,0,0,0,0,0
"7441","Penelope jacquacu",0,0,0,0,0,0,0,0,0,0,0,0,0,0
"7442","Penelope jacucaca",0,6,0,0,7,6,0,0,0,0,0,0,0,0
"7443","Penelope marail",0,0,0,0,0,0,0,0,0,0,0,0,0,0
"7444","Penelope montagnii",0,0,0,0,0,0,0,0,0,0,0,0,0,0
"7445","Penelope obscura",0,0,0,0,0,0,0,0,0,0,0,0,0,0
"7446","Penelope ochrogaster",0,7,6,0,6,6,0,0,0,0,0,0,6,0
"7447","Penelope ortoni",6,7,5,6,7,7,0,0,0,0,0,0,0,0
"7448","Penelope perspicax",5,5,0,0,6,5,0,0,0,0,0,0,0,0
"7449","Penelope pileata",0,7,0,0,6,5,0,0,0,0,0,0,0,0
"7450","Penelope purpurascens",0,5,0,0,7,0,0,0,0,0,0,0,0,0
"7451","Penelope superciliaris",0,6,0,5,6,0,0,0,0,0,0,0,0,0
"7452","Penelopides affinis",0,0,0,0,0,0,0,0,0,0,0,0,0,0
"7453","Penelopides manillae",0,0,0,0,4,7,0,0,0,0,0,0,0,0
"7454","Penelopides mindorensis",0,5,5,0,6,7,0,0,0,0,0,0,3,0
"7455","Penelopides panini",0,5,0,0,7,3,0,0,0,0,0,0,0,0
"7456","Penelopina nigra",0,6,4,0,6,0,0,0,0,0,0,0,4,0
"7457","Peneoenanthe pulverulenta",0,0,0,0,0,0,0,0,0,0,0,0,0,0
"7458","Peneothello bimaculata",0,0,0,0,0,0,0,0,0,0,0,0,0,0
"7459","Peneothello cryptoleuca",0,0,0,0,0,0,0,0,0,0,0,0,0,0
"7460","Peneothello cyanus",0,0,0,0,0,0,0,0,0,0,0,0,0,0
"7461","Peneothello sigillata",0,0,0,0,0,0,0,0,0,0,0,0,0,0
"7462","Percnostola arenarum",6,0,0,0,0,6,0,0,0,0,0,0,0,0
"7463","Percnostola rufifrons",0,0,0,0,0,0,0,0,0,0,0,0,0,0
"7464","Perdicula argoondah",0,0,0,0,0,0,0,0,0,0,0,0,0,0
"7465","Perdicula asiatica",0,0,0,0,0,0,0,0,0,0,0,0,0,0
"7466","Perdicula erythrorhyncha",0,0,0,0,0,0,0,0,0,0,0,0,0,0
"7467","Perdicula manipurensis",0,6,0,0,5,0,0,0,6,0,0,0,0,0
"7468","Perdix dauurica",0,0,0,0,0,0,0,0,0,0,0,0,0,0
"7469","Perdix hodgsoniae",0,0,0,0,0,0,0,0,0,0,0,0,0,0
"7470","Perdix perdix",0,6,0,0,6,0,0,0,0,6,6,0,7,0
"7471","Pericrocotus albifrons",0,5,0,0,0,0,0,0,0,0,0,0,0,0
"7472","Pericrocotus brevirostris",0,0,0,0,0,0,0,0,0,0,0,0,0,0
"7473","Pericrocotus cantonensis",0,0,0,0,0,0,0,0,0,0,0,0,0,0
"7474","Pericrocotus cinnamomeus",0,0,0,0,0,0,0,0,0,0,0,0,0,0
"7475","Pericrocotus divaricatus",0,0,0,0,0,0,0,0,0,0,0,0,0,0
"7476","Pericrocotus erythropygius",0,0,0,0,0,0,0,0,0,0,0,0,0,0
"7477","Pericrocotus ethologus",0,0,0,0,0,0,0,0,0,0,0,0,0,0
"7478","Pericrocotus flammeus",0,0,0,0,0,0,0,0,0,0,0,0,0,0
"7479","Pericrocotus igneus",0,6,0,0,0,6,0,0,5,0,0,0,0,0
"7480","Pericrocotus lansbergei",0,0,0,0,0,0,0,0,0,0,0,0,0,0
"7481","Pericrocotus miniatus",0,0,0,0,0,0,0,0,0,0,0,0,0,0
"7482","Pericrocotus montanus",0,0,0,0,0,0,0,0,0,0,0,0,0,0
"7483","Pericrocotus roseus",0,0,0,0,0,0,0,0,0,0,0,0,0,0
"7484","Pericrocotus solaris",0,0,0,0,0,0,0,0,0,0,0,0,0,0
"7485","Pericrocotus tegimae",0,0,0,0,0,0,0,0,0,0,0,0,0,0
"7486","Periparus ater",0,0,0,0,0,0,0,0,0,0,0,0,0,0
"7487","Periparus rubidiventris",0,0,0,0,0,0,0,0,0,0,0,0,0,0
"7488","Periparus rufonuchalis",0,0,0,0,0,0,0,0,0,0,0,0,0,0
"7489","Perisoreus canadensis",0,0,0,0,0,0,0,0,0,0,0,0,7,0
"7490","Perisoreus infaustus",0,0,0,0,0,0,0,0,0,0,0,0,0,0
"7491","Perisoreus internigrans",0,5,0,0,0,6,0,0,0,0,0,0,7,0
"7492","Perissocephalus tricolor",0,0,0,0,0,0,0,0,0,0,0,0,0,0
"7493","Pernis apivorus",0,6,7,4,6,6,0,0,0,0,4,0,0,0
"7494","Pernis celebensis",0,0,0,0,0,0,0,0,0,0,0,0,0,0
"7495","Pernis ptilorhynchus",0,0,6,0,0,5,0,0,0,0,0,0,0,0
"7496","Pernis steerei",0,0,0,0,0,0,0,0,0,0,0,0,0,0
"7497","Petrochelidon ariel",0,0,0,0,0,0,0,0,0,0,0,0,0,0
"7498","Petrochelidon fluvicola",0,0,0,0,0,0,0,0,0,0,0,0,0,0
"7499","Petrochelidon fulva",0,0,0,0,0,0,0,0,0,0,0,0,0,0
"7500","Petrochelidon nigricans",0,0,0,0,0,0,0,0,0,0,0,0,0,0
"7501","Petrochelidon perdita",0,0,0,0,0,0,0,0,0,0,0,0,0,0
"7502","Petrochelidon preussi",0,0,0,0,0,0,0,0,0,0,0,0,0,0
"7503","Petrochelidon pyrrhonota",0,0,0,0,0,0,0,0,0,0,0,0,0,0
"7504","Petrochelidon rufigula",0,0,0,0,0,0,0,0,0,0,0,0,0,0
"7505","Petrochelidon rufocollaris",0,0,0,0,0,0,0,0,0,0,0,0,0,0
"7506","Petrochelidon spilodera",0,0,0,0,0,0,0,0,0,0,0,0,0,0
"7507","Petroica archboldi",0,0,6,0,0,0,0,0,0,0,0,0,8,0
"7508","Petroica australis",0,0,0,0,0,0,0,0,0,0,0,0,0,0
"7509","Petroica bivittata",0,0,0,0,0,0,0,0,0,0,0,0,0,0
"7510","Petroica boodang",0,0,0,0,0,0,0,0,0,0,0,0,0,0
"7511","Petroica dannefaerdi",0,0,0,0,0,0,0,0,0,7,0,0,0,0
"7512","Petroica goodenovii",0,0,0,0,0,0,0,0,0,0,0,0,0,0
"7513","Petroica longipes",0,0,0,0,0,0,0,0,0,0,0,0,0,0
"7514","Petroica macrocephala",0,0,0,0,0,0,0,0,0,0,0,0,0,0
"7515","Petroica multicolor",0,3,0,0,0,3,0,0,0,7,0,0,6,0
"7516","Petroica phoenicea",0,7,0,0,0,0,0,0,6,0,0,0,5,0
"7517","Petroica pusilla",0,0,0,0,0,0,0,0,0,0,0,0,0,0
"7518","Petroica rodinogaster",0,0,0,0,0,0,0,0,0,0,0,0,6,0
"7519","Petroica rosea",0,0,0,0,0,0,0,0,0,0,0,0,6,0
"7520","Petroica traversi",0,0,0,0,0,0,0,0,0,7,0,0,4,0
"7521","Petronia petronia",0,0,0,0,0,0,0,0,0,0,0,0,0,0
"7522","Petrophassa albipennis",0,0,0,0,0,0,0,0,0,0,0,0,0,0
"7523","Petrophassa rufipennis",0,0,0,0,0,0,0,0,0,0,0,0,0,0
"7524","Peucaea aestivalis",5,0,0,4,0,6,0,4,5,0,0,0,0,0
"7525","Peucaea botterii",0,0,0,0,0,0,0,0,0,0,0,0,0,0
"7526","Peucaea carpalis",0,0,0,0,0,0,0,0,0,0,0,0,0,0
"7527","Peucaea cassinii",0,0,0,0,0,0,0,0,0,0,0,0,0,0
"7528","Peucaea humeralis",0,0,0,0,0,0,0,0,0,0,0,0,0,0
"7529","Peucaea mystacalis",0,0,0,0,0,0,0,0,0,0,0,0,0,0
"7530","Peucaea ruficauda",0,0,0,0,0,0,0,0,0,0,0,0,0,0
"7531","Peucaea sumichrasti",4,6,4,6,0,6,0,0,0,0,0,0,0,0
"7532","Peucedramus taeniatus",0,0,0,0,0,0,0,0,0,0,0,0,0,0
"7533","Pezopetes capitalis",0,0,0,0,0,0,0,0,0,0,0,0,0,0
"7534","Pezophaps solitaria",0,0,0,0,5,0,0,0,0,5,0,0,0,0
"7535","Pezoporus occidentalis",0,7,0,0,0,0,0,7,7,7,0,0,5,0
"7536","Pezoporus wallicus",0,0,0,0,0,0,0,0,6,6,0,0,6,0
"7537","Phacellodomus dorsalis",0,5,0,0,0,0,0,0,5,0,0,0,0,0
"7538","Phacellodomus erythrophthalmus",0,0,0,0,0,0,0,0,0,0,0,0,0,0
"7539","Phacellodomus ferrugineigula",0,0,0,0,0,0,0,0,0,0,0,0,0,0
"7540","Phacellodomus inornatus",0,0,0,0,0,0,0,0,0,0,0,0,0,0
"7541","Phacellodomus maculipectus",0,0,0,0,0,0,0,0,0,0,0,0,0,0
"7542","Phacellodomus ruber",0,0,0,0,0,0,0,0,0,0,0,0,0,0
"7543","Phacellodomus rufifrons",0,0,0,0,0,0,0,0,0,0,0,0,0,0
"7544","Phacellodomus sibilatrix",0,0,0,0,0,0,0,0,0,0,0,0,0,0
"7545","Phacellodomus striaticeps",0,0,0,0,0,0,0,0,0,0,0,0,0,0
"7546","Phacellodomus striaticollis",0,0,0,0,0,0,0,0,0,0,0,0,0,0
"7547","Phaenicophaeus curvirostris",0,0,0,0,0,0,0,0,0,0,0,0,0,0
"7548","Phaenicophaeus diardi",0,6,0,0,0,6,0,0,5,0,0,0,0,0
"7549","Phaenicophaeus oeneicaudus",0,0,0,0,0,0,0,0,0,0,0,0,0,0
"7550","Phaenicophaeus pyrrhocephalus",5,5,5,0,7,5,0,0,5,0,0,0,0,0
"7551","Phaenicophaeus sumatranus",0,6,0,0,0,5,0,0,0,0,0,0,0,0
"7552","Phaenicophaeus tristis",0,0,0,0,0,0,0,0,0,0,0,0,0,0
"7553","Phaenicophaeus viridirostris",0,0,0,0,0,0,0,0,0,0,0,0,0,0
"7554","Phaenicophilus palmarum",0,0,0,0,0,0,0,0,0,0,0,0,0,0
"7555","Phaenicophilus poliocephalus",0,6,0,0,0,0,0,0,0,0,0,0,0,0
"7556","Phaenostictus mcleannani",0,0,0,0,0,0,0,0,0,0,0,0,0,0
"7557","Phaeochroa cuvierii",0,0,0,0,0,0,0,0,0,0,0,0,0,0
"7558","Phaeomyias murina",0,0,0,0,0,0,0,0,0,0,0,0,0,0
"7559","Phaeomyias tumbezana",0,0,0,0,0,0,0,0,0,0,0,0,0,0
"7560","Phaeoptila sordida",0,0,0,0,0,0,0,0,0,0,0,0,0,0
"7561","Phaethon aethereus",4,0,0,0,0,0,0,0,0,5,0,0,0,0
"7562","Phaethon lepturus",4,0,0,0,0,0,0,0,0,0,5,0,5,0
"7563","Phaethon rubricauda",0,0,0,0,0,0,0,0,0,5,0,0,0,0
"7564","Phaethornis aethopygus",6,6,0,6,0,6,0,0,0,0,0,0,0,0
"7565","Phaethornis anthophilus",0,0,0,0,0,0,0,0,0,0,0,0,0,0
"7566","Phaethornis atrimentalis",0,0,0,0,0,0,0,0,0,0,0,0,0,0
"7567","Phaethornis augusti",0,0,0,0,0,0,0,0,0,0,0,0,0,0
"7568","Phaethornis baroni",0,0,0,0,0,0,0,0,0,0,0,0,0,0
"7569","Phaethornis bourcieri",0,0,0,0,0,0,0,0,0,0,0,0,0,0
"7570","Phaethornis eurynome",0,0,0,0,0,0,0,0,0,0,0,0,0,0
"7571","Phaethornis griseogularis",0,0,0,0,0,0,0,0,0,0,0,0,0,0
"7572","Phaethornis guy",0,0,0,0,0,0,0,0,0,0,0,0,0,0
"7573","Phaethornis hispidus",0,0,0,0,0,0,0,0,0,0,0,0,0,0
"7574","Phaethornis idaliae",0,0,0,0,0,0,0,0,0,0,0,0,0,0
"7575","Phaethornis koepckeae",0,5,0,0,0,5,0,0,0,0,0,0,0,0
"7576","Phaethornis longirostris",0,0,0,0,0,0,0,0,0,0,0,0,0,0
"7577","Phaethornis longuemareus",0,0,0,0,0,0,0,0,0,0,0,0,0,0
"7578","Phaethornis major",0,0,0,0,0,0,0,0,0,0,0,0,0,0
"7579","Phaethornis malaris",0,0,0,0,0,0,0,0,0,0,0,0,0,0
"7580","Phaethornis mexicanus",0,0,0,0,0,0,0,0,0,0,0,0,0,0
"7581","Phaethornis nattereri",0,0,0,0,0,0,0,0,0,0,0,0,0,0
"7582","Phaethornis philippii",0,0,0,0,0,0,0,0,0,0,0,0,0,0
"7583","Phaethornis porcullae",0,0,0,0,0,0,0,0,0,0,0,0,0,0
"7584","Phaethornis pretrei",0,0,0,0,0,0,0,0,0,0,0,0,0,0
"7585","Phaethornis ruber",0,0,0,0,0,0,0,0,0,0,0,0,0,0
"7586","Phaethornis rupurumii",0,0,0,0,0,0,0,0,0,0,0,0,0,0
"7587","Phaethornis squalidus",0,0,0,0,0,0,0,0,0,0,0,0,0,0
"7588","Phaethornis striigularis",0,0,0,0,0,0,0,0,0,0,0,0,0,0
"7589","Phaethornis stuarti",0,0,0,0,0,0,0,0,0,0,0,0,0,0
"7590","Phaethornis subochraceus",0,0,0,0,0,0,0,0,0,0,0,0,0,0
"7591","Phaethornis superciliosus",0,0,0,0,0,0,0,0,0,0,0,0,0,0
"7592","Phaethornis syrmatophorus",0,0,0,0,0,0,0,0,0,0,0,0,0,0
"7593","Phaethornis yaruqui",0,0,0,0,0,0,0,0,0,0,0,0,0,0
"7594","Phaetusa simplex",0,0,0,0,0,0,0,0,0,0,0,0,0,0
"7595","Phainopepla nitens",0,0,0,0,0,0,0,0,0,0,0,0,0,0
"7596","Phainoptila melanoxantha",0,0,0,0,0,0,0,0,0,0,0,0,0,0
"7597","Phalacrocorax capensis",0,0,4,0,0,0,8,0,0,7,6,0,5,0
"7598","Phalacrocorax capillatus",0,0,0,0,3,0,0,6,0,0,0,0,0,0
"7599","Phalacrocorax carbo",0,0,0,0,0,0,4,0,0,0,0,0,0,0
"7600","Phalacrocorax featherstoni",0,0,0,0,4,0,6,0,0,6,0,0,8,0
"7601","Phalacrocorax fuscescens",0,0,0,0,4,0,0,0,0,0,0,0,0,0
"7602","Phalacrocorax fuscicollis",0,0,0,0,4,0,0,0,0,0,0,0,0,0
"7603","Phalacrocorax neglectus",4,0,3,0,0,0,7,6,0,6,5,0,3,0
"7604","Phalacrocorax nigrogularis",7,0,0,0,7,0,5,0,0,7,4,0,5,0
"7605","Phalacrocorax punctatus",0,0,0,0,4,0,0,4,0,0,0,0,0,0
"7606","Phalacrocorax sulcirostris",0,0,0,0,0,0,0,0,0,0,0,0,0,0
"7607","Phalacrocorax varius",0,0,0,0,0,0,0,0,0,0,0,0,0,0
"7608","Phalaenoptilus nuttallii",0,0,0,0,0,0,0,0,0,0,0,0,0,0
"7609","Phalaropus fulicarius",0,0,0,0,0,0,0,0,0,0,0,0,6,0
"7610","Phalaropus lobatus",0,0,0,0,0,0,0,0,0,0,0,0,6,0
"7611","Phalcoboenus albogularis",0,0,0,0,0,0,0,0,0,0,0,0,0,0
"7612","Phalcoboenus australis",0,0,0,0,3,0,0,0,0,0,0,0,6,0
"7613","Phalcoboenus carunculatus",0,0,0,0,0,0,0,0,0,0,0,0,0,0
"7614","Phalcoboenus chimango",0,0,0,0,0,0,0,0,0,0,0,0,0,0
"7615","Phalcoboenus megalopterus",0,0,0,0,0,0,0,0,0,0,0,0,0,0
"7616","Phapitreron amethystinus",0,0,0,0,0,0,0,0,0,0,0,0,0,0
"7617","Phapitreron brevirostris",0,0,0,0,0,0,0,0,0,0,0,0,0,0
"7618","Phapitreron brunneiceps",0,5,6,0,6,5,0,0,0,0,0,0,0,0
"7619","Phapitreron cinereiceps",7,7,0,0,7,7,0,0,0,0,0,0,0,0
"7620","Phapitreron frontalis",5,5,5,5,7,5,0,0,0,0,0,0,0,0
"7621","Phapitreron leucotis",0,0,0,0,0,0,0,0,0,0,0,0,0,0
"7622","Phapitreron maculipectus",0,6,0,0,0,6,0,0,0,0,0,0,0,0
"7623","Phapitreron nigrorum",0,0,0,0,0,0,0,0,0,0,0,0,0,0
"7624","Phaps chalcoptera",0,0,0,0,0,0,0,0,0,0,0,0,0,0
"7625","Phaps elegans",0,0,0,0,0,0,0,0,0,0,0,0,6,0
"7626","Phaps histrionica",0,0,0,0,0,0,0,0,0,0,0,0,0,0
"7627","Pharomachrus antisianus",0,0,0,0,0,0,0,0,0,0,0,0,0,0
"7628","Pharomachrus auriceps",0,0,0,0,0,0,0,0,0,0,0,0,0,0
"7629","Pharomachrus fulgidus",0,0,0,0,0,0,0,0,0,0,0,0,0,0
"7630","Pharomachrus mocinno",0,6,0,0,5,6,0,0,0,4,0,0,0,0
"7631","Pharomachrus pavoninus",0,0,0,0,0,0,0,0,0,0,0,0,0,0
"7632","Phasianus colchicus",0,0,0,0,0,0,0,0,0,0,0,0,0,0
"7633","Phasianus versicolor",0,0,0,0,0,0,0,0,0,0,0,0,0,0
"7634","Phedina borbonica",0,0,0,0,0,0,0,0,0,0,0,0,0,0
"7635","Phedinopsis brazzae",0,0,0,0,0,0,0,0,0,0,0,0,0,0
"7636","Phegornis mitchellii",0,5,0,5,0,0,0,5,5,0,0,0,0,0
"7637","Phelpsia inornata",0,0,0,0,0,0,0,0,0,0,0,0,0,0
"7638","Pheucticus aureoventris",0,0,0,0,0,0,0,0,0,0,0,0,0,0
"7639","Pheucticus chrysogaster",0,0,0,0,0,0,0,0,0,0,0,0,0,0
"7640","Pheucticus chrysopeplus",0,0,0,0,0,0,0,0,0,0,0,0,0,0
"7641","Pheucticus ludovicianus",0,0,0,0,0,0,0,0,0,0,0,0,0,0
"7642","Pheucticus melanocephalus",0,0,0,0,0,0,0,0,0,0,0,0,0,0
"7643","Pheucticus tibialis",0,0,0,0,0,0,0,0,0,0,0,0,0,0
"7644","Pheugopedius atrogularis",0,0,0,0,0,0,0,0,0,0,0,0,0,0
"7645","Pheugopedius columbianus",0,0,0,0,0,0,0,0,0,0,0,0,0,0
"7646","Pheugopedius coraya",0,0,0,0,0,0,0,0,0,0,0,0,0,0
"7647","Pheugopedius eisenmanni",0,0,0,0,0,0,0,0,0,0,0,0,0,0
"7648","Pheugopedius euophrys",0,0,0,0,0,0,0,0,0,0,0,0,0,0
"7649","Pheugopedius fasciatoventris",0,0,0,0,0,0,0,0,0,0,0,0,0,0
"7650","Pheugopedius felix",0,0,0,0,0,0,0,0,0,0,0,0,0,0
"7651","Pheugopedius genibarbis",0,0,0,0,0,0,0,0,0,0,0,0,0,0
"7652","Pheugopedius maculipectus",0,0,0,0,0,0,0,0,0,0,0,0,0,0
"7653","Pheugopedius mystacalis",0,0,0,0,0,0,0,0,0,0,0,0,0,0
"7654","Pheugopedius paucimaculatus",0,0,0,0,0,0,0,0,0,0,0,0,0,0
"7655","Pheugopedius rutilus",0,0,0,0,0,0,0,0,0,0,0,0,0,0
"7656","Pheugopedius schulenbergi",0,0,0,0,0,0,0,0,0,0,0,0,0,0
"7657","Pheugopedius sclateri",0,0,0,0,0,0,0,0,0,0,0,0,0,0
"7658","Pheugopedius spadix",0,0,0,0,0,0,0,0,0,0,0,0,0,0
"7659","Phibalura boliviana",0,6,0,0,0,6,0,0,6,6,0,0,6,0
"7660","Phibalura flavirostris",0,0,0,0,4,5,0,0,0,0,0,0,0,0
"7661","Phigys solitarius",0,0,0,0,0,0,0,0,0,0,0,0,0,0
"7662","Philemon albitorques",0,0,0,0,0,0,0,0,0,0,0,0,0,0
"7663","Philemon argenticeps",0,0,0,0,0,0,0,0,0,0,0,0,0,0
"7664","Philemon brassi",0,4,0,0,0,4,0,0,3,0,0,0,0,0
"7665","Philemon buceroides",0,0,0,0,0,0,0,0,0,0,0,0,0,0
"7666","Philemon citreogularis",0,0,0,0,0,0,0,0,0,0,0,0,0,0
"7667","Philemon cockerelli",0,0,0,0,0,0,0,0,0,0,0,0,0,0
"7668","Philemon corniculatus",0,0,0,0,0,0,0,0,0,0,0,0,0,0
"7669","Philemon diemenensis",0,0,0,0,0,0,0,0,0,0,0,0,0,0
"7670","Philemon eichhorni",0,0,0,0,0,0,0,0,0,0,0,0,0,0
"7671","Philemon fuscicapillus",0,5,0,0,0,6,0,0,0,0,0,0,0,0
"7672","Philemon inornatus",0,0,0,0,0,0,0,0,0,0,0,0,0,0
"7673","Philemon kisserensis",0,0,0,0,0,0,0,0,0,0,0,0,0,0
"7674","Philemon meyeri",0,0,0,0,0,0,0,0,0,0,0,0,0,0
"7675","Philemon moluccensis",0,0,0,0,0,0,0,0,0,0,0,0,0,0
"7676","Philemon plumigenis",0,0,0,0,0,0,0,0,0,0,0,0,0,0
"7677","Philemon subcorniculatus",0,0,0,0,0,0,0,0,0,0,0,0,0,0
"7678","Philentoma pyrhoptera",0,0,0,0,0,0,0,0,0,0,0,0,0,0
"7679","Philentoma velata",0,6,0,0,0,6,0,0,5,0,0,0,0,0
"7680","Philepitta castanea",0,0,0,0,0,0,0,0,0,0,0,0,0,0
"7681","Philepitta schlegeli",0,5,4,0,0,4,0,0,6,0,0,0,0,0
"7682","Philesturnus carunculatus",0,0,0,0,0,0,0,0,6,4,0,0,0,0
"7683","Philesturnus rufusater",0,0,0,0,0,0,0,0,0,6,0,0,0,0
"7684","Philetairus socius",0,0,0,0,0,0,0,0,0,0,0,0,0,0
"7685","Philodice bryantae",0,0,0,0,0,0,0,0,0,0,0,0,0,0
"7686","Philodice mitchellii",0,0,0,0,0,0,0,0,0,0,0,0,0,0
"7687","Philohydor lictor",0,0,0,0,0,0,0,0,0,0,0,0,0,0
"7688","Philortyx fasciatus",0,0,0,0,0,0,0,0,0,0,0,0,0,0
"7689","Philydor atricapillus",0,0,0,0,0,0,0,0,0,0,0,0,0,0
"7690","Philydor erythrocercum",0,0,0,0,0,0,0,0,0,0,0,0,0,0
"7691","Philydor fuscipenne",0,0,0,0,0,0,0,0,0,0,0,0,0,0
"7692","Philydor novaesi",0,4,0,0,0,4,0,0,4,0,0,0,0,0
"7693","Philydor pyrrhodes",0,0,0,0,0,0,0,0,0,0,0,0,0,0
"7694","Phimosus infuscatus",0,0,0,0,0,0,0,0,0,0,0,0,0,0
"7695","Phlegopsis borbae",0,0,0,0,0,0,0,0,0,0,0,0,0,0
"7696","Phlegopsis erythroptera",0,0,0,0,0,0,0,0,0,0,0,0,0,0
"7697","Phlegopsis nigromaculata",0,0,0,0,0,0,0,0,0,0,0,0,0,0
"7698","Phleocryptes melanops",0,0,0,0,0,0,0,0,0,0,0,0,0,0
"7699","Phlogophilus harterti",5,5,4,5,7,5,0,0,0,0,0,0,0,0
"7700","Phlogophilus hemileucurus",0,5,4,0,0,5,0,0,0,0,0,0,0,0
"7701","Phodilus assimilis",0,0,0,0,0,0,0,0,0,0,0,0,0,0
"7702","Phodilus badius",0,0,0,0,0,0,0,0,0,0,0,0,0,0
"7703","Phodilus prigoginei",0,7,0,0,0,0,0,0,0,0,0,0,6,0
"7704","Phoebastria albatrus",0,0,0,0,5,0,6,0,0,0,0,6,0,0
"7705","Phoebastria immutabilis",0,0,0,0,0,0,6,0,0,4,7,0,5,0
"7706","Phoebastria irrorata",0,0,0,0,6,0,6,0,0,5,4,0,7,0
"7707","Phoebastria nigripes",0,0,0,0,4,0,6,0,0,0,7,2,5,0
"7708","Phoebetria fusca",0,0,0,0,0,0,6,0,0,6,0,0,0,0
"7709","Phoebetria palpebrata",0,0,0,0,0,0,6,0,0,6,0,3,0,0
"7710","Phoenicircus carnifex",0,0,0,0,0,0,0,0,0,0,0,0,0,0
"7711","Phoenicircus nigricollis",0,0,0,0,0,0,0,0,0,0,0,0,0,0
"7712","Phoeniconaias minor",0,0,5,4,0,0,0,5,5,0,5,0,0,0
"7713","Phoenicoparrus andinus",0,0,7,0,4,0,0,5,6,0,6,0,5,0
"7714","Phoenicoparrus jamesi",0,0,6,0,6,0,0,6,0,0,0,0,6,0
"7715","Phoenicopterus chilensis",0,0,5,0,5,0,0,4,5,0,0,0,0,0
"7716","Phoenicopterus roseus",0,0,0,0,0,0,0,0,0,0,0,0,0,0
"7717","Phoenicopterus ruber",0,0,0,0,0,0,0,0,0,0,0,0,0,0
"7718","Phoeniculus bollei",0,0,0,0,0,0,0,0,0,0,0,0,0,0
"7719","Phoeniculus damarensis",0,0,0,0,0,0,0,0,0,0,0,0,6,0
"7720","Phoeniculus purpureus",0,0,0,0,0,0,0,0,0,0,0,0,0,0
"7721","Phoeniculus somaliensis",0,0,0,0,0,0,0,0,0,0,0,0,0,0
"7722","Phoenicurus alaschanicus",0,5,0,0,0,5,0,0,0,0,0,0,0,0
"7723","Phoenicurus auroreus",0,0,0,0,0,0,0,0,0,0,0,0,0,0
"7724","Phoenicurus bicolor",0,6,6,0,0,7,0,0,0,0,6,0,0,0
"7725","Phoenicurus coeruleocephala",0,0,0,0,0,0,0,0,0,0,0,0,0,0
"7726","Phoenicurus erythrogastrus",0,0,0,0,0,0,0,0,0,0,0,0,0,0
"7727","Phoenicurus erythronotus",0,0,0,0,0,0,0,0,0,0,0,0,0,0
"7728","Phoenicurus frontalis",0,0,0,0,0,0,0,0,0,0,0,0,0,0
"7729","Phoenicurus fuliginosus",0,0,0,0,0,0,0,0,0,0,0,0,0,0
"7730","Phoenicurus hodgsoni",0,0,0,0,0,0,0,0,0,0,0,0,0,0
"7731","Phoenicurus leucocephalus",0,0,0,0,0,0,0,0,0,0,0,0,0,0
"7732","Phoenicurus moussieri",0,0,0,0,0,0,0,0,0,0,0,0,0,0
"7733","Phoenicurus ochruros",0,0,0,0,0,0,0,0,0,0,0,0,0,0
"7734","Phoenicurus phoenicurus",0,0,0,0,0,0,0,0,0,0,0,0,0,0
"7735","Phoenicurus schisticeps",0,0,0,0,0,0,0,0,0,0,0,0,0,0
"7736","Pholia sharpii",0,0,0,0,0,0,0,0,0,0,0,0,0,0
"7737","Pholidornis rushiae",0,0,0,0,0,0,0,0,0,0,0,0,0,0
"7738","Phonipara canora",0,0,0,0,0,0,0,0,0,0,0,0,0,0
"7739","Phonygammus keraudrenii",0,0,0,0,0,0,0,0,0,0,0,0,0,0
"7740","Phragmacia substriata",0,0,0,0,0,0,0,0,0,0,0,0,6,0
"7741","Phrygilus atriceps",0,0,0,0,0,0,0,0,0,0,0,0,0,0
"7742","Phrygilus gayi",0,0,0,0,0,0,0,0,0,0,0,0,0,0
"7743","Phrygilus patagonicus",0,0,0,0,0,0,0,0,0,0,0,0,0,0
"7744","Phrygilus punensis",0,0,0,0,0,0,0,0,0,0,0,0,0,0
"7745","Phylidonyris niger",0,0,0,0,0,0,0,0,0,0,0,0,5,0
"7746","Phylidonyris novaehollandiae",0,0,0,0,0,0,0,0,0,0,0,0,6,0
"7747","Phylidonyris pyrrhopterus",0,0,0,0,0,0,0,0,0,0,0,0,6,0
"7748","Phyllaemulor bracteatus",0,0,0,0,0,0,0,0,0,0,0,0,0,0
"7749","Phyllanthus atripennis",0,7,0,0,5,5,0,0,0,0,0,0,0,0
"7750","Phyllanthus bohndorffi",0,0,0,0,0,0,0,0,0,0,0,0,0,0
"7751","Phyllanthus rubiginosus",0,6,0,0,5,5,0,0,0,0,0,0,0,0
"7752","Phyllastrephus albigula",0,5,0,0,0,5,0,0,0,0,0,0,0,0
"7753","Phyllastrephus albigularis",0,0,0,0,0,0,0,0,0,0,0,0,0,0
"7754","Phyllastrephus baumanni",0,0,0,0,0,0,0,0,0,0,0,0,0,0
"7755","Phyllastrephus cabanisi",0,0,0,0,0,0,0,0,0,0,0,0,0,0
"7756","Phyllastrephus cerviniventris",0,0,0,0,0,0,0,0,0,0,0,0,0,0
"7757","Phyllastrephus debilis",0,0,0,0,0,0,0,0,0,0,0,0,0,0
"7758","Phyllastrephus fischeri",0,0,0,0,0,0,0,0,0,0,0,0,0,0
"7759","Phyllastrephus flavostriatus",0,0,0,0,0,0,0,0,0,0,0,0,0,0
"7760","Phyllastrephus fulviventris",0,0,0,0,0,0,0,0,0,0,0,0,0,0
"7761","Phyllastrephus hypochloris",0,0,0,0,0,0,0,0,0,0,0,0,0,0
"7762","Phyllastrephus icterinus",0,0,0,0,0,0,0,0,0,0,0,0,0,0
"7763","Phyllastrephus lorenzi",0,0,0,0,0,0,0,0,0,0,0,0,0,0
"7764","Phyllastrephus poensis",0,0,0,0,0,0,0,0,0,0,0,0,0,0
"7765","Phyllastrephus poliocephalus",0,5,0,0,0,5,0,0,5,0,0,0,0,0
"7766","Phyllastrephus strepitans",0,0,0,0,0,0,0,0,0,0,0,0,0,0
"7767","Phyllastrephus terrestris",0,0,0,0,0,0,0,0,0,0,0,0,0,0
"7768","Phyllastrephus viridiceps",0,6,0,0,0,6,0,0,0,0,0,0,0,0
"7769","Phyllastrephus xavieri",0,0,0,0,0,0,0,0,0,0,0,0,0,0
"7770","Phyllergates cucullatus",0,0,0,0,0,0,0,0,0,0,0,0,0,0
"7771","Phyllergates heterolaemus",0,0,0,0,0,0,0,0,0,0,0,0,0,0
"7772","Phyllolais pulchella",0,0,0,0,0,0,0,0,0,0,0,0,0,0
"7773","Phyllomyias burmeisteri",0,0,0,0,0,0,0,0,0,0,0,0,0,0
"7774","Phyllomyias cinereiceps",0,0,0,0,0,0,0,0,0,0,0,0,0,0
"7775","Phyllomyias fasciatus",0,0,0,0,0,0,0,0,0,0,0,0,0,0
"7776","Phyllomyias griseiceps",0,0,0,0,0,0,0,0,0,0,0,0,0,0
"7777","Phyllomyias griseocapilla",6,6,3,5,0,0,0,0,0,0,0,0,0,0
"7778","Phyllomyias nigrocapillus",0,0,0,0,0,0,0,0,0,0,0,0,0,0
"7779","Phyllomyias plumbeiceps",0,0,0,0,0,0,0,0,0,0,0,0,0,0
"7780","Phyllomyias reiseri",0,0,0,0,0,0,0,0,0,0,0,0,0,0
"7781","Phyllomyias sclateri",0,0,0,0,0,0,0,0,0,0,0,0,0,0
"7782","Phyllomyias urichi",5,5,0,0,0,0,0,0,0,0,0,0,6,0
"7783","Phyllomyias uropygialis",0,0,0,0,0,0,0,0,0,0,0,0,0,0
"7784","Phyllomyias virescens",0,0,0,0,0,0,0,0,0,0,0,0,0,0
"7785","Phyllomyias weedeni",0,6,0,0,0,0,0,0,0,0,0,0,0,0
"7786","Phyllomyias zeledoni",0,0,0,0,0,0,0,0,0,0,0,0,0,0
"7787","Phylloscartes beckeri",0,6,0,0,0,6,0,0,0,0,0,0,6,0
"7788","Phylloscartes ceciliae",0,6,0,0,0,5,0,0,0,0,0,0,0,0
"7789","Phylloscartes difficilis",6,5,0,0,0,0,0,0,6,0,0,0,0,0
"7790","Phylloscartes flaviventris",0,0,0,0,0,0,0,0,0,0,0,0,0,0
"7791","Phylloscartes flavovirens",0,0,0,0,0,0,0,0,0,0,0,0,0,0
"7792","Phylloscartes gualaquizae",0,5,5,0,0,5,0,0,0,0,0,0,0,0
"7793","Phylloscartes kronei",8,0,0,0,0,0,0,0,6,0,0,0,0,0
"7794","Phylloscartes nigrifrons",0,0,0,0,0,0,0,0,0,0,0,0,0,0
"7795","Phylloscartes oustaleti",5,5,4,5,0,5,0,0,0,0,0,0,0,0
"7796","Phylloscartes parkeri",0,0,0,0,0,0,0,0,0,0,0,0,0,0
"7797","Phylloscartes paulista",5,5,5,5,0,5,0,0,0,0,0,0,0,0
"7798","Phylloscartes roquettei",0,8,5,0,0,8,0,0,0,0,0,0,6,0
"7799","Phylloscartes superciliaris",0,0,0,0,0,0,0,0,0,0,0,0,0,0
"7800","Phylloscartes sylviolus",5,5,4,5,0,5,0,0,0,0,0,0,0,0
"7801","Phylloscartes ventralis",0,0,0,0,0,0,0,0,0,0,0,0,0,0
"7802","Phylloscartes virescens",0,0,0,0,0,0,0,0,0,0,0,0,0,0
"7803","Phylloscopus affinis",0,0,0,0,0,0,0,0,0,0,0,0,0,0
"7804","Phylloscopus amoenus",0,0,0,0,0,0,0,0,0,6,0,5,6,0
"7805","Phylloscopus armandii",0,0,0,0,0,0,0,0,0,0,0,0,0,0
"7806","Phylloscopus bonelli",0,0,0,0,0,6,0,0,0,0,0,0,0,0
"7807","Phylloscopus borealis",0,0,0,0,0,0,0,0,0,0,0,0,6,0
"7808","Phylloscopus borealoides",0,0,0,0,0,0,0,0,0,0,0,0,0,0
"7809","Phylloscopus budongoensis",0,0,0,0,0,0,0,0,0,0,0,0,0,0
"7810","Phylloscopus burkii",0,0,0,0,0,0,0,0,0,0,0,0,0,0
"7811","Phylloscopus calciatilis",0,0,0,0,0,0,0,0,0,0,0,0,0,0
"7812","Phylloscopus canariensis",0,0,0,0,0,0,0,0,0,0,0,0,0,0
"7813","Phylloscopus cantator",0,0,0,0,0,0,0,0,0,0,0,0,0,0
"7814","Phylloscopus castaniceps",0,0,0,0,0,0,0,0,0,0,0,0,0,0
"7815","Phylloscopus cebuensis",0,0,0,0,0,0,0,0,0,0,0,0,0,0
"7816","Phylloscopus chloronotus",0,0,0,0,0,0,0,0,0,0,0,0,0,0
"7817","Phylloscopus claudiae",0,0,0,0,0,0,0,0,0,0,0,0,0,0
"7818","Phylloscopus collybita",0,5,0,0,0,0,0,0,0,5,0,0,5,0
"7819","Phylloscopus coronatus",0,0,0,0,0,0,0,0,0,0,0,0,0,0
"7820","Phylloscopus emeiensis",0,0,0,0,0,0,0,0,0,0,0,0,0,0
"7821","Phylloscopus examinandus",0,0,0,0,0,0,0,0,0,0,0,0,6,0
"7822","Phylloscopus forresti",0,0,0,0,0,0,0,0,0,0,0,0,0,0
"7823","Phylloscopus fuligiventer",0,0,0,0,0,0,0,0,0,0,0,0,0,0
"7824","Phylloscopus fuscatus",0,0,0,0,0,0,0,0,0,0,0,0,0,0
"7825","Phylloscopus goodsoni",0,0,0,0,0,0,0,0,0,0,0,0,0,0
"7826","Phylloscopus grammiceps",0,0,0,0,0,0,0,0,0,0,0,0,0,0
"7827","Phylloscopus griseolus",0,0,0,0,0,0,0,0,0,0,0,0,0,0
"7828","Phylloscopus hainanus",0,5,0,0,0,6,0,0,0,0,0,0,6,0
"7829","Phylloscopus herberti",0,0,0,0,0,0,0,0,0,0,0,0,0,0
"7830","Phylloscopus humei",0,0,0,0,0,0,0,0,0,0,0,0,0,0
"7831","Phylloscopus ibericus",0,0,0,0,0,0,0,0,0,0,0,0,0,0
"7832","Phylloscopus ijimae",5,5,0,5,5,0,0,0,0,0,6,0,0,0
"7833","Phylloscopus inornatus",0,0,0,0,0,0,0,0,0,0,0,0,0,0
"7834","Phylloscopus intensior",0,0,0,0,0,0,0,0,0,0,0,0,0,0
"7835","Phylloscopus intermedius",0,0,0,0,0,0,0,0,0,0,0,0,0,0
"7836","Phylloscopus kansuensis",0,0,0,0,0,0,0,0,0,0,0,0,0,0
"7837","Phylloscopus laetus",0,0,0,0,0,0,0,0,0,0,0,0,0,0
"7838","Phylloscopus laurae",0,0,0,0,0,0,0,0,0,0,0,0,0,0
"7839","Phylloscopus maculipennis",0,0,0,0,0,0,0,0,0,0,0,0,0,0
"7840","Phylloscopus maforensis",0,5,0,0,0,5,0,0,0,0,0,0,0,0
"7841","Phylloscopus magnirostris",0,0,0,0,0,0,0,0,0,0,0,0,0,0
"7842","Phylloscopus misoriensis",0,5,0,0,0,5,0,0,0,0,0,0,0,0
"7843","Phylloscopus montis",0,0,0,0,0,0,0,0,0,0,0,0,0,0
"7844","Phylloscopus neglectus",0,0,0,0,0,0,0,0,0,0,0,0,0,0
"7845","Phylloscopus nesophilus",0,0,0,0,0,4,0,0,0,0,0,0,0,0
"7846","Phylloscopus nitidus",0,0,0,0,0,0,0,0,0,0,0,0,0,0
"7847","Phylloscopus occipitalis",0,0,0,0,0,0,0,0,0,0,0,0,0,0
"7848","Phylloscopus ogilviegranti",0,0,0,0,0,0,0,0,0,0,0,0,0,0
"7849","Phylloscopus olivaceus",0,0,0,0,0,0,0,0,0,0,0,0,0,0
"7850","Phylloscopus omeiensis",0,0,0,0,0,0,0,0,0,0,0,0,0,0
"7851","Phylloscopus orientalis",0,0,0,0,0,0,0,0,0,0,0,0,0,0
"7852","Phylloscopus plumbeitarsus",0,0,0,0,0,0,0,0,0,0,0,0,0,0
"7853","Phylloscopus poliocephalus",0,0,0,0,0,0,0,0,0,0,0,0,0,0
"7854","Phylloscopus poliogenys",0,0,0,0,0,0,0,0,0,0,0,0,0,0
"7855","Phylloscopus presbytes",0,0,0,0,0,0,0,0,0,0,0,0,0,0
"7856","Phylloscopus proregulus",0,0,0,0,0,0,0,0,0,0,0,0,0,0
"7857","Phylloscopus pulcher",0,0,0,0,0,0,0,0,0,0,0,0,0,0
"7858","Phylloscopus reguloides",0,0,0,0,0,0,0,0,0,0,0,0,0,0
"7859","Phylloscopus ricketti",0,0,0,0,0,0,0,0,0,0,0,0,0,0
"7860","Phylloscopus rotiensis",0,6,0,6,0,6,0,0,0,0,0,0,0,0
"7861","Phylloscopus ruficapilla",0,0,0,0,0,0,0,0,0,0,0,0,0,0
"7862","Phylloscopus sarasinorum",0,5,0,0,0,5,0,0,5,0,0,0,0,0
"7863","Phylloscopus schwarzi",0,0,0,0,0,0,0,0,0,0,0,0,0,0
"7864","Phylloscopus sibilatrix",0,0,0,0,0,0,0,0,0,0,0,0,0,0
"7865","Phylloscopus sindianus",0,0,0,0,0,0,0,0,0,0,0,0,0,0
"7866","Phylloscopus soror",0,0,0,0,0,0,0,0,0,0,0,0,0,0
"7867","Phylloscopus subaffinis",0,0,0,0,0,0,0,0,0,0,0,0,0,0
"7868","Phylloscopus subviridis",0,0,0,0,0,0,0,0,0,0,0,0,0,0
"7869","Phylloscopus sumatrensis",0,0,0,0,0,0,0,0,0,0,0,0,0,0
"7870","Phylloscopus tenellipes",0,0,0,0,0,0,0,0,0,0,0,0,0,0
"7871","Phylloscopus tephrocephalus",0,0,0,0,0,0,0,0,0,0,0,0,0,0
"7872","Phylloscopus tristis",0,0,0,0,0,0,0,0,0,0,0,0,0,0
"7873","Phylloscopus trivirgatus",0,0,0,0,0,0,0,0,0,0,0,0,0,0
"7874","Phylloscopus trochiloides",0,0,0,0,0,0,0,0,0,0,0,0,0,0
"7875","Phylloscopus trochilus",0,0,0,0,0,0,0,0,0,0,0,0,0,0
"7876","Phylloscopus tytleri",0,6,0,5,0,6,0,0,5,0,0,0,0,0
"7877","Phylloscopus umbrovirens",0,0,0,0,0,0,0,0,0,0,0,0,0,0
"7878","Phylloscopus valentini",0,0,0,0,0,0,0,0,0,0,0,0,0,0
"7879","Phylloscopus whistleri",0,0,0,0,0,0,0,0,0,0,0,0,0,0
"7880","Phylloscopus xanthodryas",0,0,0,0,0,0,0,0,0,0,0,0,6,0
"7881","Phylloscopus xanthoschistos",0,0,0,0,0,0,0,0,0,0,0,0,0,0
"7882","Phylloscopus yunnanensis",0,0,0,0,0,0,0,0,0,0,0,0,0,0
"7883","Phytotoma raimondii",5,7,0,0,0,5,0,0,0,6,0,0,0,0
"7884","Phytotoma rara",0,0,0,0,0,0,0,0,0,0,0,0,0,0
"7885","Phytotoma rutila",0,0,0,0,0,0,0,0,0,0,0,0,0,0
"7886","Piaya cayana",0,0,0,0,0,0,0,0,0,0,0,0,0,0
"7887","Piaya melanogaster",0,0,0,0,0,0,0,0,0,0,0,0,0,0
"7888","Piaya mexicana",0,0,0,0,0,0,0,0,0,0,0,0,0,0
"7889","Pica asirensis",5,5,0,5,5,5,0,5,0,0,0,0,6,0
"7890","Pica hudsonia",0,0,0,0,0,0,0,0,0,0,0,0,0,0
"7891","Pica mauritanica",0,5,0,0,0,0,0,0,0,0,0,0,0,0
"7892","Pica nutalli",6,6,0,0,0,0,0,0,0,7,6,0,4,0
"7893","Pica pica",0,0,0,0,0,0,0,0,0,0,0,0,0,0
"7894","Picathartes gymnocephalus",0,5,4,0,4,6,0,4,5,5,0,0,0,0
"7895","Picathartes oreas",0,6,0,0,4,6,0,6,0,6,0,0,0,0
"7896","Picoides arcticus",0,0,0,0,0,0,0,0,0,0,0,0,0,0
"7897","Picoides canicapillus",0,0,0,0,0,0,0,0,0,0,0,0,0,0
"7898","Picoides funebris",0,0,0,0,0,0,0,0,0,0,0,0,0,0
"7899","Picoides kizuki",0,0,0,0,0,0,0,0,0,0,0,0,0,0
"7900","Picoides maculatus",0,0,0,0,0,0,0,0,0,0,0,0,0,0
"7901","Picoides moluccensis",0,0,0,0,0,0,0,0,0,0,0,0,0,0
"7902","Picoides nanus",0,0,0,0,0,0,0,0,0,0,0,0,0,0
"7903","Picoides ramsayi",6,6,0,0,0,7,0,0,0,0,0,0,0,0
"7904","Picoides temminckii",0,0,0,0,0,0,0,0,0,0,0,0,0,0
"7905","Picoides tridactylus",0,0,0,0,0,0,0,0,0,0,0,0,0,0
"7906","Piculus aurulentus",0,6,0,0,0,4,0,0,5,0,0,0,0,0
"7907","Piculus callopterus",0,0,0,0,0,0,0,0,0,0,0,0,0,0
"7908","Piculus chrysochloros",0,0,0,0,0,0,0,0,0,0,0,0,0,0
"7909","Piculus flavigula",0,0,0,0,0,0,0,0,0,0,0,0,0,0
"7910","Piculus leucolaemus",0,0,0,0,0,0,0,0,0,0,0,0,0,0
"7911","Piculus litae",0,0,0,0,0,0,0,0,0,0,0,0,0,0
"7912","Piculus simplex",0,0,0,0,0,0,0,0,0,0,0,0,0,0
"7913","Picumnus albosquamatus",0,0,0,0,0,0,0,0,0,0,0,0,0,0
"7914","Picumnus aurifrons",0,0,0,0,0,0,0,0,0,0,0,0,0,0
"7915","Picumnus castelnau",0,0,0,0,0,0,0,0,0,0,0,0,0,0
"7916","Picumnus cinnamomeus",0,0,0,0,0,0,0,0,0,0,0,0,0,0
"7917","Picumnus cirratus",0,0,0,0,0,0,0,0,0,0,0,0,0,0
"7918","Picumnus dorbignyanus",0,0,0,0,0,0,0,0,0,0,0,0,0,0
"7919","Picumnus exilis",0,0,0,0,0,0,0,0,0,0,0,0,0,0
"7920","Picumnus fuscus",4,0,0,0,0,0,0,0,0,0,0,0,0,0
"7921","Picumnus granadensis",0,0,0,0,0,0,0,0,0,0,0,0,0,0
"7922","Picumnus innominatus",0,0,0,0,0,0,0,0,0,0,0,0,0,0
"7923","Picumnus lafresnayi",0,0,0,0,0,0,0,0,0,0,0,0,0,0
"7924","Picumnus limae",0,0,0,0,0,0,0,0,0,0,0,0,0,0
"7925","Picumnus minutissimus",0,6,0,4,0,0,0,0,0,0,0,0,0,0
"7926","Picumnus nebulosus",5,6,3,5,0,0,0,0,5,0,0,0,0,0
"7927","Picumnus nigropunctatus",0,0,0,0,0,0,0,0,0,0,0,0,0,0
"7928","Picumnus olivaceus",0,0,0,0,0,0,0,0,0,0,0,0,0,0
"7929","Picumnus pumilus",0,0,0,0,0,0,0,0,0,0,0,0,0,0
"7930","Picumnus pygmaeus",0,0,0,0,0,0,0,0,0,0,0,0,0,0
"7931","Picumnus rufiventris",0,0,0,0,0,0,0,0,0,0,0,0,0,0
"7932","Picumnus sclateri",0,0,0,0,0,0,0,0,0,0,0,0,0,0
"7933","Picumnus spilogaster",0,7,0,0,0,0,0,0,0,0,0,0,0,0
"7934","Picumnus squamulatus",0,0,0,0,0,0,0,0,0,0,0,0,0,0
"7935","Picumnus steindachneri",4,6,0,0,0,6,0,0,0,0,0,0,0,0
"7936","Picumnus subtilis",0,0,0,0,0,0,0,0,0,0,0,0,0,0
"7937","Picumnus temminckii",0,0,0,0,0,0,0,0,0,0,0,0,0,0
"7938","Picumnus varzeae",0,6,8,0,0,0,0,0,0,4,0,0,0,0
"7939","Picus awokera",0,0,0,0,0,0,0,0,0,0,0,0,0,0
"7940","Picus canus",0,0,0,0,0,0,0,0,0,0,0,0,0,0
"7941","Picus chlorolophus",0,0,0,0,0,0,0,0,0,0,0,0,0,0
"7942","Picus dedemi",0,6,0,0,0,5,0,0,0,0,0,0,0,0
"7943","Picus erythropygius",0,0,0,0,0,0,0,0,0,0,0,0,0,0
"7944","Picus guerini",0,0,0,0,0,0,0,0,0,0,0,0,0,0
"7945","Picus puniceus",0,0,0,0,0,0,0,0,0,0,0,0,0,0
"7946","Picus rabieri",0,6,0,0,0,6,0,0,0,0,0,0,0,0
"7947","Picus sharpei",0,5,0,0,4,0,0,0,5,0,0,0,0,0
"7948","Picus squamatus",0,0,0,0,0,0,0,0,0,0,0,0,0,0
"7949","Picus vaillantii",0,0,0,0,0,0,0,0,0,0,0,0,0,0
"7950","Picus viridanus",0,0,0,0,0,0,0,0,0,0,0,0,0,0
"7951","Picus viridis",0,0,0,0,0,0,0,0,0,0,0,0,0,0
"7952","Picus vittatus",0,0,0,0,0,0,0,0,0,0,0,0,0,0
"7953","Picus xanthopygaeus",0,0,0,0,0,0,0,0,0,0,0,0,0,0
"7954","Piezorina cinerea",0,0,0,0,0,0,0,0,0,0,0,0,0,0
"7955","Pilherodius pileatus",0,0,0,0,0,0,0,0,0,0,0,0,0,0
"7956","Pinarochroa sordida",0,0,0,0,0,0,0,0,0,0,0,0,0,0
"7957","Pinarocorys erythropygia",0,0,0,0,0,0,0,0,0,0,0,0,0,0
"7958","Pinarocorys nigricans",0,0,0,0,0,0,0,0,0,0,0,0,0,0
"7959","Pinaroloxias inornata",0,0,0,0,0,0,0,4,0,6,0,0,0,0
"7960","Pinarornis plumosus",0,0,0,0,0,0,0,0,0,0,0,0,0,0
"7961","Pinguinus impennis",0,0,0,0,5,0,0,0,0,0,0,0,0,0
"7962","Pinicola enucleator",0,0,0,0,0,0,0,0,0,0,0,0,0,0
"7963","Pionites leucogaster",0,7,0,0,5,0,0,0,0,0,0,0,0,0
"7964","Pionites melanocephalus",0,0,0,0,0,0,0,0,0,0,0,0,0,0
"7965","Pionites xanthomerius",0,7,0,0,0,0,0,0,0,0,0,0,0,0
"7966","Pionites xanthurus",0,5,0,0,6,5,0,0,0,0,0,0,0,0
"7967","Pionopsitta pileata",0,0,0,0,0,0,0,0,0,0,0,0,0,0
"7968","Pionus chalcopterus",0,0,0,0,0,0,0,0,0,0,0,0,0,0
"7969","Pionus fuscus",0,0,0,0,0,0,0,0,0,0,0,0,0,0
"7970","Pionus maximiliani",0,0,0,0,0,0,0,0,0,0,0,0,0,0
"7971","Pionus menstruus",0,0,0,0,0,0,0,0,0,0,0,0,0,0
"7972","Pionus reichenowi",0,6,0,5,0,6,0,0,0,0,0,0,0,0
"7973","Pionus senilis",0,0,0,0,0,0,0,0,0,0,0,0,0,0
"7974","Pionus seniloides",0,0,0,0,0,0,0,0,0,0,0,0,0,0
"7975","Pionus sordidus",0,0,0,0,0,0,0,0,0,0,0,0,0,0
"7976","Pionus tumultuosus",0,0,0,0,0,0,0,0,0,0,0,0,0,0
"7977","Pipile cujubi",0,6,4,6,6,6,0,0,6,0,0,0,7,0
"7978","Pipile cumanensis",0,0,0,0,0,0,0,0,0,0,0,0,0,0
"7979","Pipile grayi",5,5,0,0,6,6,0,0,0,0,0,0,0,0
"7980","Pipile jacutinga",0,7,0,0,7,6,0,0,6,0,0,0,0,0
"7981","Pipile pipile",0,7,0,0,7,7,0,0,0,0,0,0,6,0
"7982","Pipilo chlorurus",0,0,0,0,0,0,0,0,0,0,0,0,7,0
"7983","Pipilo erythrophthalmus",0,0,0,0,0,0,0,0,0,0,0,0,0,0
"7984","Pipilo maculatus",0,0,0,0,0,0,0,0,0,0,0,0,0,0
"7985","Pipilo naufragus",0,0,0,0,0,0,0,0,0,5,0,0,0,0
"7986","Pipilo ocai",0,0,0,0,0,0,0,0,0,0,0,0,0,0
"7987","Pipilo socorroensis",0,0,0,0,0,0,0,0,0,7,0,0,0,0
"7988","Pipra aureola",0,0,0,0,0,0,0,0,0,0,0,0,0,0
"7989","Pipra fasciicauda",0,0,0,0,0,0,0,0,0,0,0,0,0,0
"7990","Pipra filicauda",0,0,0,0,0,0,0,0,0,0,0,0,0,0
"7991","Pipraeidea bonariensis",0,0,0,0,0,0,0,0,0,0,0,0,0,0
"7992","Pipraeidea darwinii",0,0,0,0,0,0,0,0,0,0,0,0,0,0
"7993","Pipraeidea melanonota",0,0,0,0,0,0,0,0,0,0,0,0,0,0
"7994","Pipreola arcuata",0,0,0,0,0,0,0,0,0,0,0,0,0,0
"7995","Pipreola aureopectus",0,0,0,0,0,0,0,0,0,0,0,0,0,0
"7996","Pipreola chlorolepidota",0,4,4,0,0,4,0,0,0,0,0,0,0,0
"7997","Pipreola formosa",0,0,0,0,0,0,0,0,0,0,0,0,0,0
"7998","Pipreola frontalis",0,0,0,0,0,0,0,0,0,0,0,0,0,0
"7999","Pipreola intermedia",0,0,0,0,0,0,0,0,0,0,0,0,0,0
"8000","Pipreola jucunda",0,0,0,0,0,0,0,0,0,0,0,0,0,0
"8001","Pipreola lubomirskii",0,0,0,0,0,0,0,0,0,0,0,0,0,0
"8002","Pipreola pulchra",0,0,0,0,0,0,0,0,0,0,0,0,0,0
"8003","Pipreola riefferii",0,0,0,0,0,0,0,0,0,0,0,0,0,0
"8004","Pipreola squamipectus",0,0,0,0,0,0,0,0,0,0,0,0,0,0
"8005","Pipreola whitelyi",0,0,0,0,0,0,0,0,0,0,0,0,0,0
"8006","Piprites chloris",0,0,0,0,0,0,0,0,0,0,0,0,0,0
"8007","Piprites griseiceps",0,0,0,0,0,0,0,0,0,0,0,0,0,0
"8008","Piprites pileata",5,6,0,0,0,5,0,0,4,0,0,0,0,0
"8009","Piranga bidentata",0,0,0,0,0,0,0,0,0,0,0,0,0,0
"8010","Piranga erythrocephala",0,0,0,0,0,0,0,0,0,0,0,0,0,0
"8011","Piranga flava",0,0,0,0,0,0,0,0,0,0,0,0,0,0
"8012","Piranga hepatica",0,0,0,0,0,0,0,0,0,0,0,0,0,0
"8013","Piranga leucoptera",0,0,0,0,0,0,0,0,0,0,0,0,0,0
"8014","Piranga ludoviciana",0,0,0,0,0,0,0,0,0,0,0,0,0,0
"8015","Piranga olivacea",0,0,0,0,0,0,0,0,0,0,0,0,0,0
"8016","Piranga roseogularis",0,0,0,0,0,0,0,0,0,0,0,0,0,0
"8017","Piranga rubra",0,0,0,0,0,0,0,0,0,0,0,0,0,0
"8018","Piranga rubriceps",0,0,0,0,0,0,0,0,0,0,0,0,0,0
"8019","Pitangus sulphuratus",0,0,0,0,0,0,0,0,0,0,0,0,0,0
"8020","Pithecophaga jefferyi",0,7,5,0,5,7,0,0,0,5,6,0,8,0
"8021","Pithys albifrons",0,0,0,0,0,0,0,0,0,0,0,0,0,0
"8022","Pithys castaneus",0,0,5,5,0,5,0,0,0,0,0,0,0,0
"8023","Pitohui cerviniventris",0,0,0,0,0,0,0,0,0,0,0,0,0,0
"8024","Pitohui dichrous",0,0,0,0,0,0,0,0,0,0,0,0,0,0
"8025","Pitohui kirhocephalus",0,0,0,0,0,0,0,0,0,0,0,0,0,0
"8026","Pitohui uropygialis",0,0,0,0,0,0,0,0,0,0,0,0,0,0
"8027","Pitta anerythra",0,0,0,0,0,6,0,0,0,4,0,0,0,0
"8028","Pitta angolensis",0,0,0,0,0,0,0,0,0,0,0,0,0,0
"8029","Pitta brachyura",0,0,0,0,0,0,0,0,0,0,0,0,0,0
"8030","Pitta concinna",0,5,0,0,0,4,0,0,0,0,0,0,0,0
"8031","Pitta elegans",4,5,0,0,0,5,0,0,0,0,0,0,0,0
"8032","Pitta iris",0,0,0,0,0,0,0,0,0,0,0,0,0,0
"8033","Pitta maxima",0,0,0,0,0,0,0,0,0,0,0,0,0,0
"8034","Pitta megarhyncha",0,5,0,0,0,6,0,0,0,0,0,0,0,0
"8035","Pitta moluccensis",0,0,0,0,0,0,0,0,0,0,0,0,0,0
"8036","Pitta morotaiensis",0,5,0,0,0,5,0,0,0,0,0,0,0,0
"8037","Pitta novaeguineae",0,0,0,0,0,0,0,0,0,0,0,0,0,0
"8038","Pitta nympha",7,6,2,0,5,6,0,0,5,0,0,0,0,0
"8039","Pitta reichenowi",0,0,0,0,0,0,0,0,0,0,0,0,0,0
"8040","Pitta rosenbergii",0,5,0,0,0,5,0,0,0,0,0,0,0,0
"8041","Pitta sordida",0,0,0,0,0,0,0,0,0,0,0,0,0,0
"8042","Pitta steerii",0,6,5,0,0,6,0,0,0,0,0,0,0,0
"8043","Pitta superba",0,0,0,0,0,6,0,0,0,6,0,0,0,0
"8044","Pitta versicolor",0,0,0,0,0,0,0,0,0,0,0,0,0,0
"8045","Pitta vigorsii",0,4,0,0,0,4,0,0,0,0,0,0,0,0
"8046","Pittasoma michleri",0,0,0,0,0,0,0,0,0,0,0,0,0,0
"8047","Pittasoma rufopileatum",5,5,4,0,0,5,0,0,0,0,0,0,0,0
"8048","Pityriasis gymnocephala",0,7,0,0,0,7,0,0,5,0,0,0,0,0
"8049","Platalea ajaja",0,0,0,0,0,0,0,0,0,0,0,0,0,0
"8050","Platalea alba",0,0,0,0,0,0,0,0,4,0,0,0,0,0
"8051","Platalea flavipes",0,0,0,0,0,0,0,0,0,0,0,0,0,0
"8052","Platalea leucorodia",0,0,0,0,0,0,0,0,0,0,0,0,0,0
"8053","Platalea minor",5,4,0,0,2,0,0,3,0,0,4,0,0,0
"8054","Platalea regia",0,0,0,0,0,0,0,0,0,0,0,0,4,0
"8055","Platycercus adscitus",0,0,0,0,0,0,0,0,0,0,0,0,0,0
"8056","Platycercus caledonicus",0,0,0,0,0,0,0,0,0,0,0,0,0,0
"8057","Platycercus elegans",0,0,0,0,0,0,0,0,0,0,0,0,6,0
"8058","Platycercus eximius",0,0,0,0,0,0,0,0,0,0,0,0,0,0
"8059","Platycercus icterotis",0,0,0,0,0,0,0,0,0,0,0,0,6,0
"8060","Platycercus venustus",0,0,0,0,0,0,0,0,0,0,0,0,0,0
"8061","Platylophus galericulatus",0,6,0,0,5,6,0,0,5,0,0,0,0,0
"8062","Platyrinchus albogularis",0,0,0,0,0,0,0,0,0,0,0,0,0,0
"8063","Platyrinchus cancrominus",0,0,0,0,0,0,0,0,0,0,0,0,0,0
"8064","Platyrinchus coronatus",0,0,0,0,0,0,0,0,0,0,0,0,0,0
"8065","Platyrinchus flavigularis",0,0,0,0,0,0,0,0,0,0,0,0,0,0
"8066","Platyrinchus leucoryphus",0,7,0,7,0,7,0,0,0,0,0,0,0,0
"8067","Platyrinchus mystaceus",0,0,0,0,0,0,0,0,0,0,0,0,0,0
"8068","Platyrinchus platyrhynchos",0,0,0,0,0,0,0,0,0,0,0,0,0,0
"8069","Platyrinchus saturatus",0,0,0,0,0,0,0,0,0,0,0,0,0,0
"8070","Platysmurus aterrimus",0,6,0,0,0,6,0,0,5,0,0,0,0,0
"8071","Platysmurus leucopterus",0,6,0,0,0,6,0,0,5,0,0,0,0,0
"8072","Platyspiza crassirostris",0,0,0,0,0,0,0,0,0,0,0,0,0,0
"8073","Platysteira albifrons",0,5,0,0,0,5,0,0,0,0,0,0,0,0
"8074","Platysteira cyanea",0,0,0,0,0,0,0,0,0,0,0,0,0,0
"8075","Platysteira laticincta",0,8,0,0,0,5,0,0,8,0,0,0,6,0
"8076","Platysteira peltata",0,0,0,0,0,0,0,0,0,0,0,0,0,0
"8077","Plectorhyncha lanceolata",0,0,0,0,0,0,0,0,0,0,0,0,0,0
"8078","Plectrophenax hyperboreus",0,0,0,0,0,0,0,0,0,5,0,0,6,0
"8079","Plectrophenax nivalis",0,0,0,0,0,0,0,0,0,0,0,0,6,0
"8080","Plectropterus gambensis",0,0,0,0,0,0,0,0,0,0,0,0,0,0
"8081","Plegadis chihi",0,0,0,0,0,0,0,0,0,0,0,0,0,0
"8082","Plegadis falcinellus",0,0,0,0,0,0,0,0,0,0,0,0,4,0
"8083","Plegadis ridgwayi",0,0,0,0,0,0,0,0,0,0,0,0,0,0
"8084","Plesiodryas albonotata",0,0,0,0,0,0,0,0,0,0,0,0,0,0
"8085","Plocepasser donaldsoni",0,0,0,0,0,0,0,0,0,0,0,0,0,0
"8086","Plocepasser mahali",0,0,0,0,0,0,0,0,0,0,0,0,0,0
"8087","Plocepasser rufoscapulatus",0,0,0,0,0,0,0,0,0,0,0,0,0,0
"8088","Plocepasser superciliosus",0,0,0,0,0,0,0,0,0,0,0,0,0,0
"8089","Ploceus albinucha",0,0,0,0,0,0,0,0,0,0,0,0,0,0
"8090","Ploceus alienus",0,0,0,0,0,0,0,0,0,0,0,0,0,0
"8091","Ploceus angolensis",0,0,0,0,0,0,0,0,0,0,0,0,0,0
"8092","Ploceus aurantius",0,0,0,0,0,0,0,0,0,0,0,0,0,0
"8093","Ploceus aureonucha",0,6,0,0,0,0,0,0,0,0,0,0,0,0
"8094","Ploceus badius",0,0,0,0,0,0,0,0,0,0,0,0,0,0
"8095","Ploceus baglafecht",0,0,0,0,0,0,0,0,0,0,0,0,0,0
"8096","Ploceus bannermani",0,6,0,0,0,6,0,0,6,0,0,0,0,0
"8097","Ploceus batesi",0,6,0,0,0,6,0,0,7,6,0,0,0,0
"8098","Ploceus benghalensis",0,0,0,0,0,0,0,0,0,0,0,0,0,0
"8099","Ploceus bertrandi",0,0,0,0,0,0,0,0,0,0,0,0,0,0
"8100","Ploceus bicolor",0,0,0,0,0,0,0,0,0,0,0,0,0,0
"8101","Ploceus bojeri",0,0,0,0,0,0,0,0,0,0,0,0,0,0
"8102","Ploceus brachypterus",0,0,0,0,0,0,0,0,0,0,0,0,0,0
"8103","Ploceus burnieri",0,6,0,0,0,0,0,0,7,0,7,0,0,0
"8104","Ploceus capensis",0,0,0,0,0,0,0,0,0,0,0,0,6,0
"8105","Ploceus castaneiceps",0,0,0,0,0,0,0,0,0,0,0,0,0,0
"8106","Ploceus castaneofuscus",0,0,0,0,0,0,0,0,0,0,0,0,0,0
"8107","Ploceus castanops",0,0,0,0,0,0,0,0,0,0,0,0,0,0
"8108","Ploceus cucullatus",0,0,0,0,0,0,0,0,0,0,0,0,0,0
"8109","Ploceus dichrocephalus",0,0,0,0,0,0,0,0,0,0,0,0,0,0
"8110","Ploceus dorsomaculatus",0,0,0,0,0,0,0,0,0,0,0,0,0,0
"8111","Ploceus flavipes",0,6,0,0,0,0,0,0,0,0,0,0,0,0
"8112","Ploceus galbula",0,0,0,0,0,0,0,0,0,0,0,0,0,0
"8113","Ploceus golandi",0,6,0,0,0,6,0,0,0,0,0,0,7,0
"8114","Ploceus grandis",0,5,0,0,0,0,0,0,0,6,0,0,0,0
"8115","Ploceus heuglini",0,0,0,0,0,0,0,0,0,0,0,0,0,0
"8116","Ploceus holoxanthus",0,0,0,0,0,0,0,0,3,0,0,0,0,0
"8117","Ploceus hypoxanthus",0,6,0,0,6,0,0,0,0,0,0,0,0,0
"8118","Ploceus insignis",0,0,0,0,0,0,0,0,0,0,0,0,0,0
"8119","Ploceus intermedius",0,0,0,0,0,0,0,0,0,0,0,0,0,0
"8120","Ploceus jacksoni",0,0,0,0,0,0,0,0,0,0,0,0,0,0
"8121","Ploceus katangae",0,0,0,0,0,0,0,0,0,0,0,0,0,0
"8122","Ploceus luteolus",0,0,0,0,0,0,0,0,0,0,0,0,0,0
"8123","Ploceus manyar",0,0,0,0,0,0,0,0,0,0,0,0,0,0
"8124","Ploceus megarhynchus",6,8,0,6,6,0,0,0,0,6,0,0,0,0
"8125","Ploceus melanocephalus",0,0,0,0,0,0,0,0,0,0,0,0,0,0
"8126","Ploceus melanogaster",0,0,0,0,0,0,0,0,0,0,0,0,0,0
"8127","Ploceus nelicourvi",0,0,0,0,0,0,0,0,0,0,0,0,0,0
"8128","Ploceus nicolli",0,6,0,0,0,5,0,5,0,0,0,0,6,0
"8129","Ploceus nigerrimus",0,0,0,0,0,0,0,0,0,0,0,0,0,0
"8130","Ploceus nigricollis",0,0,0,0,0,0,0,0,0,0,0,0,0,0
"8131","Ploceus nigrimentus",0,0,0,0,0,0,0,0,0,0,0,0,0,0
"8132","Ploceus ocularis",0,0,0,0,0,0,0,0,0,0,0,0,0,0
"8133","Ploceus olivaceiceps",0,6,0,0,4,6,0,0,0,0,0,0,0,0
"8134","Ploceus pelzelni",0,0,0,0,0,0,0,0,0,0,0,0,0,0
"8135","Ploceus philippinus",0,0,0,0,0,0,0,0,0,0,0,0,0,0
"8136","Ploceus preussi",0,0,0,0,0,0,0,0,0,0,0,0,0,0
"8137","Ploceus princeps",0,0,0,0,0,0,0,0,0,0,0,0,0,0
"8138","Ploceus reichardi",0,0,0,0,0,0,0,0,0,0,0,0,0,0
"8139","Ploceus rubiginosus",0,0,0,0,0,0,0,0,0,0,0,0,0,0
"8140","Ploceus ruweti",0,0,0,0,0,0,0,0,7,0,0,0,0,0
"8141","Ploceus sakalava",0,0,0,0,0,0,0,0,0,0,0,0,0,0
"8142","Ploceus sanctithomae",0,0,0,0,0,0,0,0,0,0,0,0,0,0
"8143","Ploceus spekei",0,0,0,0,0,0,0,0,0,0,0,0,0,0
"8144","Ploceus spekeoides",0,7,0,0,0,0,0,0,0,0,0,0,0,0
"8145","Ploceus subaureus",0,0,0,0,0,0,0,0,0,0,0,0,0,0
"8146","Ploceus subpersonatus",0,5,0,0,0,0,0,0,6,0,6,0,0,0
"8147","Ploceus superciliosus",0,0,0,0,0,0,0,0,0,0,0,0,0,0
"8148","Ploceus taeniopterus",0,0,0,0,0,0,0,0,0,0,0,0,0,0
"8149","Ploceus temporalis",0,0,0,0,0,0,0,0,0,0,0,0,0,0
"8150","Ploceus tricolor",0,0,0,0,0,0,0,0,0,0,0,0,0,0
"8151","Ploceus velatus",0,0,0,0,0,0,0,0,0,0,0,0,0,0
"8152","Ploceus vitellinus",0,0,0,0,0,0,0,0,0,0,0,0,0,0
"8153","Ploceus weynsi",0,0,0,0,0,0,0,0,0,0,0,0,0,0
"8154","Ploceus xanthops",0,0,0,0,0,0,0,0,0,0,0,0,0,0
"8155","Ploceus xanthopterus",0,0,0,0,0,0,0,0,0,0,0,0,0,0
"8156","Pluvialis apricaria",0,0,0,0,0,0,0,0,0,0,0,0,7,0
"8157","Pluvialis dominica",0,0,0,0,0,0,0,0,0,0,0,0,6,0
"8158","Pluvialis fulva",0,0,0,0,0,0,0,0,0,0,0,0,6,0
"8159","Pluvialis squatarola",5,4,0,0,0,0,0,4,0,5,0,0,6,0
"8160","Pluvianellus socialis",6,5,4,0,0,0,0,6,0,6,6,0,7,0
"8161","Pluvianus aegyptius",0,0,0,0,0,0,0,0,0,0,0,0,0,0
"8162","Pnoepyga albiventer",0,0,0,0,0,0,0,0,0,0,0,0,0,0
"8163","Pnoepyga formosana",0,0,0,0,0,0,0,0,0,0,0,0,0,0
"8164","Pnoepyga immaculata",0,0,0,0,0,0,0,0,0,0,0,0,0,0
"8165","Pnoepyga pusilla",0,0,0,0,0,0,0,0,0,0,0,0,0,0
"8166","Podargus ocellatus",0,0,0,0,0,0,0,0,0,0,0,0,0,0
"8167","Podargus papuensis",0,0,0,0,0,0,0,0,0,0,0,0,0,0
"8168","Podargus strigoides",0,0,0,0,0,0,0,0,0,0,0,0,0,0
"8169","Podica senegalensis",0,0,0,0,0,0,0,0,0,0,0,0,0,0
"8170","Podiceps andinus",0,5,0,0,5,5,0,0,5,5,5,0,0,0
"8171","Podiceps auritus",4,6,0,0,0,0,6,6,5,5,5,0,6,0
"8172","Podiceps cristatus",0,0,0,0,0,0,0,0,0,4,0,0,0,0
"8173","Podiceps gallardoi",0,5,5,0,0,0,0,0,0,7,7,4,7,0
"8174","Podiceps grisegena",0,7,6,0,0,0,5,0,0,5,6,0,5,0
"8175","Podiceps juninensis",0,0,0,0,0,0,0,0,6,5,5,0,0,0
"8176","Podiceps major",0,0,0,0,0,0,0,0,0,0,0,0,0,0
"8177","Podiceps nigricollis",0,0,0,0,0,0,0,0,0,0,0,0,2,0
"8178","Podiceps occipitalis",0,0,0,0,0,0,0,0,0,0,0,0,0,0
"8179","Podiceps taczanowskii",0,7,0,0,4,0,0,0,8,7,8,0,7,0
"8180","Podilymbus gigas",0,0,0,0,0,2,3,4,0,4,0,5,0,0
"8181","Podilymbus podiceps",0,0,0,0,0,0,0,0,0,0,0,0,0,0
"8182","Podoces biddulphi",0,6,5,0,0,6,0,0,0,0,0,0,0,0
"8183","Podoces hendersoni",0,0,0,0,0,0,0,0,0,0,0,0,0,0
"8184","Podoces panderi",0,0,0,0,0,0,0,0,0,0,0,0,0,0
"8185","Podoces pleskei",0,0,0,0,0,0,0,0,0,0,0,0,0,0
"8186","Poecile atricapillus",0,0,0,0,0,0,0,0,0,0,0,0,0,0
"8187","Poecile carolinensis",0,0,0,0,0,0,0,0,0,0,0,0,0,0
"8188","Poecile cinctus",0,0,0,0,0,0,0,0,0,0,0,0,0,0
"8189","Poecile davidi",0,0,0,0,0,0,0,0,0,0,0,0,0,0
"8190","Poecile gambeli",0,0,0,0,0,0,0,0,0,0,0,0,0,0
"8191","Poecile hudsonicus",0,0,0,0,0,0,0,0,0,0,0,0,0,0
"8192","Poecile hypermelaenus",0,0,0,0,0,0,0,0,0,0,0,0,0,0
"8193","Poecile hyrcanus",0,0,0,0,0,0,0,0,0,0,0,0,0,0
"8194","Poecile lugubris",0,0,0,0,0,0,0,0,0,0,0,0,0,0
"8195","Poecile montanus",0,0,0,0,0,5,0,0,0,4,0,0,8,0
"8196","Poecile palustris",0,0,0,0,0,0,0,0,0,0,0,0,0,0
"8197","Poecile rufescens",0,0,0,0,0,0,0,0,0,0,0,0,0,0
"8198","Poecile sclateri",0,0,0,0,0,0,0,0,0,0,0,0,0,0
"8199","Poecile superciliosus",0,0,0,0,0,0,0,0,0,0,0,0,0,0
"8200","Poecile weigoldicus",0,0,0,0,0,0,0,0,0,0,0,0,0,0
"8201","Poecilodryas brachyura",0,0,0,0,0,0,0,0,0,0,0,0,0,0
"8202","Poecilodryas cerviniventris",0,0,0,0,0,0,0,0,0,0,0,0,0,0
"8203","Poecilodryas hypoleuca",0,0,0,0,0,0,0,0,0,0,0,0,0,0
"8204","Poecilodryas superciliosa",0,0,0,0,0,0,0,0,0,0,0,0,0,0
"8205","Poecilotriccus albifacies",0,0,0,0,0,0,0,0,0,0,0,0,0,0
"8206","Poecilotriccus calopterus",0,0,0,0,0,0,0,0,0,0,0,0,0,0
"8207","Poecilotriccus capitalis",0,0,0,0,0,0,0,0,0,0,0,0,0,0
"8208","Poecilotriccus fumifrons",0,0,0,0,0,0,0,0,0,0,0,0,0,0
"8209","Poecilotriccus latirostris",0,0,0,0,0,0,0,0,0,0,0,0,0,0
"8210","Poecilotriccus luluae",0,7,0,5,0,5,0,5,0,0,0,0,0,0
"8211","Poecilotriccus plumbeiceps",0,0,0,0,0,0,0,0,0,0,0,0,0,0
"8212","Poecilotriccus pulchellus",0,0,0,0,0,0,0,0,0,0,0,0,0,0
"8213","Poecilotriccus ruficeps",0,0,0,0,0,0,0,0,0,0,0,0,0,0
"8214","Poecilotriccus russatus",0,0,0,0,0,0,0,0,0,0,0,0,0,0
"8215","Poecilotriccus senex",0,0,0,0,0,0,0,0,0,0,0,0,0,0
"8216","Poecilotriccus sylvia",0,0,0,0,0,0,0,0,0,0,0,0,0,0
"8217","Poeoptera kenricki",0,0,0,0,0,0,0,0,0,0,0,0,0,0
"8218","Poeoptera lugubris",0,0,0,0,0,0,0,0,0,0,0,0,0,0
"8219","Poeoptera stuhlmanni",0,0,0,0,0,0,0,0,0,0,0,0,0,0
"8220","Poephila acuticauda",0,0,0,0,0,0,0,0,0,0,0,0,0,0
"8221","Poephila cincta",0,6,0,0,1,0,0,0,6,5,0,0,0,0
"8222","Poephila personata",0,0,0,0,0,0,0,0,0,0,0,0,0,0
"8223","Pogoniulus atroflavus",0,0,0,0,0,0,0,0,0,0,0,0,0,0
"8224","Pogoniulus bilineatus",0,0,0,0,0,0,0,0,0,0,0,0,0,0
"8225","Pogoniulus chrysoconus",0,0,0,0,0,0,0,0,0,0,0,0,0,0
"8226","Pogoniulus coryphaea",0,0,0,0,0,0,0,0,0,0,0,0,0,0
"8227","Pogoniulus leucomystax",0,0,0,0,0,0,0,0,0,0,0,0,0,0
"8228","Pogoniulus makawai",0,0,0,0,0,0,0,0,5,0,0,0,0,0
"8229","Pogoniulus pusillus",0,0,0,0,0,0,0,0,0,0,0,0,0,0
"8230","Pogoniulus scolopaceus",0,0,0,0,0,0,0,0,0,0,0,0,0,0
"8231","Pogoniulus simplex",0,0,0,0,0,0,0,0,0,0,0,0,0,0
"8232","Pogoniulus subsulphureus",0,0,0,0,0,0,0,0,0,0,0,0,0,0
"8233","Pogonocichla stellata",0,0,0,0,0,0,0,0,0,0,0,0,0,0
"8234","Pogonornis bidentatus",0,0,0,0,0,0,0,0,0,0,0,0,0,0
"8235","Pogonornis dubius",0,0,0,0,0,0,0,0,0,0,0,0,0,0
"8236","Pogonornis macclounii",0,0,0,0,0,0,0,0,0,0,0,0,0,0
"8237","Pogonornis melanopterus",0,0,0,0,0,0,0,0,0,0,0,0,0,0
"8238","Pogonornis minor",0,0,0,0,0,0,0,0,0,0,0,0,0,0
"8239","Pogonornis rolleti",0,0,0,0,0,0,0,0,0,0,0,0,0,0
"8240","Pogonotriccus chapmani",0,0,0,0,0,0,0,0,0,0,0,0,0,0
"8241","Pogonotriccus eximius",5,7,5,5,0,0,0,0,0,0,0,0,0,0
"8242","Pogonotriccus lanyoni",5,5,5,6,0,5,0,0,0,0,0,0,0,0
"8243","Pogonotriccus ophthalmicus",0,0,0,0,0,0,0,0,0,0,0,0,0,0
"8244","Pogonotriccus orbitalis",0,0,0,0,0,0,0,0,0,0,0,0,0,0
"8245","Pogonotriccus poecilotis",0,0,0,0,0,0,0,0,0,0,0,0,0,0
"8246","Pogonotriccus venezuelanus",5,5,0,0,0,5,0,0,0,0,0,0,0,0
"8247","Poicephalus crassus",0,0,0,0,0,0,0,0,0,0,0,0,0,0
"8248","Poicephalus cryptoxanthus",0,0,0,0,5,6,0,0,0,0,0,0,0,0
"8249","Poicephalus flavifrons",0,0,0,0,0,0,0,0,0,0,0,0,0,0
"8250","Poicephalus fuscicollis",0,0,0,0,0,0,0,0,0,0,0,0,5,0
"8251","Poicephalus gulielmi",0,0,0,0,0,0,0,0,0,0,0,0,0,0
"8252","Poicephalus meyeri",0,0,0,0,0,0,0,0,0,0,0,0,0,0
"8253","Poicephalus robustus",0,0,0,0,5,4,0,0,0,7,0,0,5,0
"8254","Poicephalus rueppellii",0,0,0,0,0,0,0,0,0,0,0,0,0,0
"8255","Poicephalus rufiventris",0,0,0,0,0,0,0,0,0,0,0,0,0,0
"8256","Poicephalus senegalus",0,0,0,0,7,0,0,0,0,0,0,0,0,0
"8257","Poikilocarbo gaimardi",0,0,0,0,6,0,4,0,0,5,0,0,6,0
"8258","Polemaetus bellicosus",0,5,0,4,6,0,0,0,4,0,6,0,0,0
"8259","Polihierax semitorquatus",0,0,0,0,0,0,0,0,0,0,0,0,0,0
"8260","Poliocephalus poliocephalus",0,0,0,0,0,0,0,0,0,0,0,0,0,0
"8261","Poliocephalus rufopectus",0,5,0,0,0,0,0,5,0,6,0,0,0,0
"8262","Poliocrania exsul",5,5,0,0,0,5,0,0,0,0,0,0,0,0
"8263","Poliocrania maculifer",0,0,0,0,0,0,0,0,0,0,0,0,0,0
"8264","Poliolais lopezi",0,5,0,0,0,5,0,0,5,0,0,0,0,0
"8265","Poliolophus urostictus",0,0,0,0,0,0,0,0,0,0,0,0,0,0
"8266","Polioptila albiloris",0,0,0,0,0,0,0,0,0,0,0,0,0,0
"8267","Polioptila caerulea",0,0,0,0,0,0,0,0,0,0,0,0,0,0
"8268","Polioptila californica",0,0,0,0,0,0,0,0,0,0,0,0,0,0
"8269","Polioptila dumicola",0,0,0,0,0,0,0,0,0,0,0,0,0,0
"8270","Polioptila guianensis",0,0,0,0,0,0,0,0,0,0,0,0,0,0
"8271","Polioptila lactea",5,6,3,5,0,0,0,0,0,0,0,0,0,0
"8272","Polioptila lembeyei",0,0,0,0,0,0,0,0,0,0,0,0,0,0
"8273","Polioptila maior",0,0,0,0,0,0,0,0,0,0,0,0,0,0
"8274","Polioptila melanura",0,0,0,0,0,0,0,0,0,0,0,0,0,0
"8275","Polioptila nigriceps",0,0,0,0,0,0,0,0,0,0,0,0,0,0
"8276","Polioptila plumbea",0,0,0,0,0,0,0,0,0,0,0,0,0,0
"8277","Polioptila schistaceigula",0,0,0,0,0,0,0,0,0,0,0,0,0,0
"8278","Polioxolmis rufipennis",0,0,0,0,0,0,0,0,0,0,0,0,0,0
"8279","Polyboroides radiatus",0,0,0,0,0,0,0,0,0,0,0,0,0,0
"8280","Polyboroides typus",0,0,0,0,0,0,0,0,0,0,0,0,0,0
"8281","Polyerata amabilis",0,0,0,0,0,0,0,0,0,0,0,0,0,0
"8282","Polyerata decora",0,0,0,0,0,0,0,0,0,0,0,0,0,0
"8283","Polyerata rosenbergi",0,0,0,0,0,4,0,0,0,0,0,0,0,0
"8284","Polyonymus caroli",0,0,0,0,0,0,0,0,0,0,0,0,0,0
"8285","Polyplectron bicalcaratum",0,0,0,0,0,0,0,0,0,0,0,0,0,0
"8286","Polyplectron chalcurum",0,0,0,0,0,0,0,0,0,0,0,0,0,0
"8287","Polyplectron germaini",0,6,0,0,6,6,0,0,0,0,0,0,0,0
"8288","Polyplectron inopinatum",5,5,0,5,4,0,0,0,0,0,0,0,0,0
"8289","Polyplectron katsumatae",0,0,0,0,7,6,0,0,0,0,0,0,0,0
"8290","Polyplectron malacense",0,8,0,0,6,0,0,0,0,0,0,0,0,0
"8291","Polyplectron napoleonis",0,0,4,0,5,7,0,0,0,0,0,0,0,0
"8292","Polyplectron schleiermacheri",0,6,0,0,6,6,0,0,5,0,0,0,0,0
"8293","Polysticta stelleri",0,0,4,5,5,0,4,0,0,4,5,0,6,0
"8294","Polystictus pectoralis",5,6,5,4,0,0,0,0,6,0,0,0,0,0
"8295","Polystictus superciliaris",0,5,4,0,0,0,0,0,0,0,0,0,0,0
"8296","Polytelis alexandrae",0,0,0,0,7,0,0,0,5,5,0,0,6,0
"8297","Polytelis anthopeplus",0,4,0,0,7,0,0,0,0,5,0,0,6,0
"8298","Polytelis swainsonii",0,5,0,4,4,5,0,0,5,5,7,0,5,0
"8299","Polytmus guainumbi",0,0,0,0,0,0,0,0,0,0,0,0,0,0
"8300","Polytmus milleri",0,0,0,0,0,0,0,0,0,0,0,0,6,0
"8301","Polytmus theresiae",0,0,0,0,0,0,0,0,0,0,0,0,0,0
"8302","Pomarea dimidiata",0,0,0,0,0,4,0,0,0,8,0,0,6,0
"8303","Pomarea fluxa",0,3,0,0,0,0,0,0,0,5,0,0,0,0
"8304","Pomarea iphis",0,7,0,0,0,7,0,0,0,7,0,0,5,0
"8305","Pomarea mendozae",0,0,0,0,0,0,0,0,5,7,0,0,0,0
"8306","Pomarea mira",0,0,0,0,0,0,0,0,7,8,0,0,0,0
"8307","Pomarea nigra",0,0,0,0,0,0,0,0,0,8,0,0,8,0
"8308","Pomarea nukuhivae",0,0,0,0,0,0,0,0,3,5,0,0,0,0
"8309","Pomarea pomarea",0,0,0,0,0,4,0,0,0,5,0,0,0,0
"8310","Pomarea whitneyi",0,5,0,0,0,0,0,0,5,8,0,0,0,0
"8311","Pomatorhinus bornensis",0,5,0,0,0,5,0,0,0,0,0,0,0,0
"8312","Pomatorhinus ferruginosus",0,0,0,0,0,0,0,0,0,0,0,0,0,0
"8313","Pomatorhinus horsfieldii",0,0,0,0,0,0,0,0,0,0,0,0,0,0
"8314","Pomatorhinus melanurus",0,0,0,0,0,0,0,0,0,0,0,0,0,0
"8315","Pomatorhinus montanus",0,0,0,0,7,0,0,0,0,0,0,0,0,0
"8316","Pomatorhinus musicus",0,0,0,0,0,0,0,0,0,0,0,0,0,0
"8317","Pomatorhinus ochraceiceps",0,0,0,0,0,0,0,0,0,0,0,0,0,0
"8318","Pomatorhinus phayrei",0,0,0,0,0,0,0,0,0,0,0,0,0,0
"8319","Pomatorhinus ruficollis",0,0,0,0,0,0,0,0,0,0,0,0,0,0
"8320","Pomatorhinus schisticeps",0,0,0,0,0,0,0,0,0,0,0,0,0,0
"8321","Pomatorhinus superciliaris",0,0,0,0,0,0,0,0,0,0,0,0,0,0
"8322","Pomatostomus halli",0,0,0,0,0,0,0,0,0,0,0,0,0,0
"8323","Pomatostomus ruficeps",0,0,0,0,0,0,0,0,0,0,0,0,0,0
"8324","Pomatostomus superciliosus",0,0,0,0,0,0,0,0,0,0,0,0,0,0
"8325","Pomatostomus temporalis",0,0,0,0,0,0,0,0,0,0,0,0,0,0
"8326","Poodytes albolimbatus",0,5,0,0,0,0,0,0,5,7,0,0,0,0
"8327","Poodytes carteri",0,0,0,0,0,0,0,0,0,0,0,0,0,0
"8328","Poodytes caudatus",0,0,0,0,0,0,0,0,0,7,0,0,0,0
"8329","Poodytes gramineus",0,0,0,0,0,0,0,0,0,0,0,0,0,0
"8330","Poodytes punctatus",0,0,0,0,0,0,0,0,0,0,0,0,0,0
"8331","Poodytes rufescens",0,0,0,0,0,0,0,0,5,4,0,0,0,0
"8332","Pooecetes gramineus",0,0,0,0,0,0,0,0,0,0,0,0,0,0
"8333","Poospiza baeri",0,5,0,0,0,0,0,0,0,0,7,0,0,0
"8334","Poospiza boliviana",0,0,0,0,0,0,0,0,0,0,0,0,0,0
"8335","Poospiza garleppi",5,6,0,0,4,6,0,0,3,0,6,0,6,0
"8336","Poospiza goeringi",0,0,4,4,0,0,0,0,0,0,0,0,0,0
"8337","Poospiza hispaniolensis",0,0,0,0,0,0,0,0,0,0,0,0,0,0
"8338","Poospiza nigrorufa",0,0,0,0,0,0,0,0,0,0,0,0,0,0
"8339","Poospiza ornata",0,0,0,0,0,0,0,0,0,0,0,0,0,0
"8340","Poospiza rubecula",0,6,0,0,0,5,0,0,0,0,0,0,0,0
"8341","Poospiza rufosuperciliaris",5,6,0,0,0,0,0,0,0,0,0,0,0,0
"8342","Poospiza whitii",0,0,0,0,0,0,0,0,0,0,0,0,0,0
"8343","Poospizopsis caesar",0,0,0,0,0,0,0,0,0,0,0,0,0,0
"8344","Poospizopsis hypocondria",0,0,0,0,0,0,0,0,0,0,0,0,0,0
"8345","Porphyrio albus",0,0,0,0,5,0,0,0,0,0,0,0,0,0
"8346","Porphyrio alleni",0,6,0,0,0,0,0,0,6,0,0,0,0,0
"8347","Porphyrio caerulescens",0,0,0,0,5,0,0,0,0,0,0,0,0,0
"8348","Porphyrio flavirostris",0,0,0,0,0,0,0,0,0,0,0,0,0,0
"8349","Porphyrio hochstetteri",0,0,0,0,3,0,0,0,0,5,0,0,4,0
"8350","Porphyrio kukwiedei",0,0,0,0,4,0,0,0,0,4,0,0,0,0
"8351","Porphyrio mantelli",0,0,0,0,5,0,0,0,3,4,0,0,0,0
"8352","Porphyrio martinicus",0,0,0,0,0,0,0,0,0,0,0,0,0,0
"8353","Porphyrio paepae",0,0,0,0,5,0,0,0,0,5,0,0,0,0
"8354","Porphyrio porphyrio",0,0,0,0,0,0,0,0,0,0,0,0,0,0
"8355","Porphyriops melanops",0,0,0,0,0,0,0,0,0,0,0,0,0,0
"8356","Porphyrolaema porphyrolaema",0,0,0,0,0,0,0,0,0,0,0,0,0,0
"8357","Porphyrospiza caerulescens",0,6,0,0,0,0,0,0,0,0,0,0,0,0
"8358","Porzana albicollis",0,0,0,0,0,0,0,0,0,0,0,0,0,0
"8359","Porzana carolina",0,0,0,0,0,0,0,0,0,0,0,0,0,0
"8360","Porzana fasciata",0,0,0,0,0,0,0,0,0,0,0,0,0,0
"8361","Porzana fluminea",0,0,0,0,0,0,0,0,0,0,0,0,0,0
"8362","Porzana porzana",0,0,0,0,0,0,0,0,5,0,0,0,5,0
"8363","Premnoplex brunnescens",0,0,0,0,0,0,0,0,0,0,0,0,0,0
"8364","Premnoplex pariae",0,5,0,0,0,0,0,0,5,0,0,0,0,0
"8365","Premnoplex tatei",4,5,0,0,0,0,0,0,0,0,0,0,0,0
"8366","Premnornis guttuliger",0,0,0,0,0,0,0,0,0,0,0,0,0,0
"8367","Primolius auricollis",0,0,0,0,0,0,0,0,0,0,0,0,0,0
"8368","Primolius couloni",0,0,6,0,5,6,0,0,0,0,0,0,0,0
"8369","Primolius maracana",6,6,0,0,3,5,0,0,0,0,0,0,0,0
"8370","Prinia atrogularis",0,0,0,0,0,0,0,0,0,0,0,0,0,0
"8371","Prinia bairdii",0,0,0,0,0,0,0,0,0,0,0,0,0,0
"8372","Prinia buchanani",0,0,0,0,0,0,0,0,0,0,0,0,0,0
"8373","Prinia cinereocapilla",0,7,0,0,0,7,0,0,6,0,0,0,0,0
"8374","Prinia crinigera",0,0,0,0,0,0,0,0,0,0,0,0,0,0
"8375","Prinia erythroptera",0,0,0,0,0,0,0,0,0,0,0,0,0,0
"8376","Prinia familiaris",0,0,0,0,5,0,0,0,0,0,0,0,0,0
"8377","Prinia flavicans",0,0,0,0,0,0,0,0,0,0,0,0,0,0
"8378","Prinia flaviventris",0,0,0,0,0,0,0,0,0,0,0,0,0,0
"8379","Prinia fluviatilis",0,0,0,0,0,0,0,0,0,0,0,0,0,0
"8380","Prinia gracilis",0,0,0,0,0,0,0,0,0,0,0,0,0,0
"8381","Prinia hodgsonii",0,0,0,0,0,0,0,0,0,0,0,0,0,0
"8382","Prinia hypoxantha",0,0,0,0,0,0,0,0,0,0,0,0,6,0
"8383","Prinia inornata",0,0,0,0,0,0,0,0,0,0,0,0,0,0
"8384","Prinia khasiana",0,0,0,0,0,0,0,0,0,0,0,0,0,0
"8385","Prinia maculosa",0,0,0,0,0,0,0,0,0,0,0,0,6,0
"8386","Prinia molleri",0,0,0,0,0,0,0,0,0,0,0,0,0,0
"8387","Prinia polychroa",0,0,0,0,0,0,0,0,0,0,0,0,0,0
"8388","Prinia rufescens",0,0,0,0,0,0,0,0,0,0,0,0,0,0
"8389","Prinia rufifrons",0,0,0,0,0,0,0,0,0,0,0,0,0,0
"8390","Prinia socialis",0,0,0,0,0,0,0,0,0,0,0,0,0,0
"8391","Prinia somalica",0,0,0,0,0,0,0,0,0,0,0,0,0,0
"8392","Prinia sonitans",0,0,0,0,0,0,0,0,0,0,0,0,0,0
"8393","Prinia subflava",0,0,0,0,0,0,0,0,0,0,0,0,0,0
"8394","Prinia superciliaris",0,0,0,0,0,0,0,0,0,0,0,0,0,0
"8395","Prinia sylvatica",0,0,0,0,0,0,0,0,0,0,0,0,0,0
"8396","Prioniturus discurus",0,0,0,0,0,0,0,0,0,0,0,0,0,0
"8397","Prioniturus flavicans",0,6,0,0,0,6,0,0,5,0,0,0,0,0
"8398","Prioniturus luconensis",3,0,0,3,6,7,0,0,0,7,0,0,0,0
"8399","Prioniturus mada",0,0,0,0,0,0,0,0,0,0,0,0,0,0
"8400","Prioniturus mindorensis",5,6,0,0,6,6,0,0,0,0,0,0,0,0
"8401","Prioniturus montanus",0,5,0,0,5,4,0,0,0,0,0,0,0,0
"8402","Prioniturus platenae",0,0,5,0,5,6,0,0,0,5,0,0,0,0
"8403","Prioniturus platurus",0,0,0,0,0,0,0,0,0,0,0,0,0,0
"8404","Prioniturus verticalis",5,5,5,0,7,7,0,0,0,0,0,0,0,0
"8405","Prioniturus waterstradti",0,0,0,0,0,4,0,0,0,0,0,0,6,0
"8406","Prionochilus maculatus",0,0,0,0,0,0,0,0,0,0,0,0,0,0
"8407","Prionochilus olivaceus",0,0,0,0,0,0,0,0,0,0,0,0,0,0
"8408","Prionochilus percussus",0,0,0,0,0,0,0,0,0,0,0,0,0,0
"8409","Prionochilus plateni",0,0,0,0,0,0,0,0,0,0,0,0,0,0
"8410","Prionochilus thoracicus",0,6,0,0,0,6,0,0,4,0,0,0,0,0
"8411","Prionochilus xanthopygius",0,0,0,0,0,0,0,0,0,0,0,0,0,0
"8412","Prionodura newtoniana",0,0,0,0,0,0,0,0,0,0,0,0,7,0
"8413","Prionops alberti",0,5,0,0,0,0,0,0,0,0,0,0,5,0
"8414","Prionops caniceps",0,0,0,0,0,0,0,0,0,0,0,0,0,0
"8415","Prionops gabela",0,6,0,4,0,6,0,0,0,0,0,0,0,0
"8416","Prionops plumatus",0,0,0,0,0,0,0,0,0,0,0,0,0,0
"8417","Prionops poliolophus",0,6,0,0,0,0,0,0,0,7,0,0,0,0
"8418","Prionops retzii",0,0,0,0,0,0,0,0,0,0,0,0,0,0
"8419","Prionops rufiventris",0,0,0,0,0,0,0,0,0,0,0,0,0,0
"8420","Prionops scopifrons",0,0,0,0,0,0,0,0,0,0,0,0,0,0
"8421","Priotelus temnurus",0,0,0,0,0,0,0,0,0,0,0,0,0,0
"8422","Probosciger aterrimus",0,5,4,4,5,0,0,0,5,4,0,0,0,0
"8423","Procarduelis nipalensis",0,0,0,0,0,0,0,0,0,0,0,0,0,0
"8424","Procellaria aequinoctialis",0,0,0,0,2,0,6,0,0,5,0,0,0,0
"8425","Procellaria cinerea",0,0,0,0,0,0,6,0,0,6,0,0,0,0
"8426","Procellaria conspicillata",0,0,0,0,0,0,5,0,0,5,0,0,0,0
"8427","Procellaria parkinsoni",0,0,0,0,0,0,7,0,0,7,0,0,6,0
"8428","Procellaria westlandica",0,3,0,0,3,0,7,0,0,5,6,4,4,0
"8429","Procnias albus",0,0,0,0,0,0,0,0,0,0,0,0,0,0
"8430","Procnias averano",0,0,0,0,0,0,0,0,0,0,0,0,0,0
"8431","Procnias nudicollis",6,6,3,6,6,5,0,0,0,0,0,0,0,0
"8432","Procnias tricarunculatus",0,6,0,0,0,6,0,0,0,0,0,0,0,0
"8433","Prodotiscus insignis",0,0,0,0,0,0,0,0,0,0,0,0,0,0
"8434","Prodotiscus regulus",0,0,0,0,0,0,0,0,0,0,0,0,0,0
"8435","Prodotiscus zambesiae",0,0,0,0,0,0,0,0,0,0,0,0,0,0
"8436","Progne chalybea",0,0,0,0,0,0,0,0,0,0,0,0,0,0
"8437","Progne cryptoleuca",0,0,0,0,0,0,0,0,0,0,0,0,0,0
"8438","Progne dominicensis",0,0,0,0,0,0,0,0,0,0,0,0,0,0
"8439","Progne elegans",0,0,0,0,0,0,0,0,0,0,0,0,0,0
"8440","Progne modesta",0,0,0,0,0,0,0,0,0,7,0,0,6,0
"8441","Progne murphyi",0,0,0,0,0,0,0,0,0,6,6,0,0,0
"8442","Progne sinaloae",0,0,0,0,0,0,0,0,0,0,0,0,0,0
"8443","Progne subis",0,0,0,0,0,0,0,0,0,0,0,0,0,0
"8444","Progne tapera",0,0,0,0,0,0,0,0,0,0,0,0,0,0
"8445","Promerops cafer",0,0,0,0,0,0,0,0,0,0,0,0,6,0
"8446","Promerops gurneyi",0,5,0,0,6,0,0,0,5,0,0,0,8,0
"8447","Prosobonia cancellata",0,0,0,0,0,0,0,0,0,6,0,0,0,0
"8448","Prosobonia ellisi",0,0,0,0,0,0,0,0,0,5,0,0,0,0
"8449","Prosobonia leucoptera",0,0,0,0,0,0,0,0,0,5,0,0,0,0
"8450","Prosobonia parvirostris",0,6,0,0,0,0,0,0,0,6,0,0,6,0
"8451","Prosopeia personata",0,3,0,0,4,6,0,0,0,0,0,0,0,0
"8452","Prosopeia splendens",0,6,0,0,4,6,0,0,7,0,0,0,0,0
"8453","Prosopeia tabuensis",0,0,0,0,0,0,0,0,0,0,0,0,0,0
"8454","Prosthemadera novaeseelandiae",0,0,0,0,0,0,0,0,0,0,0,0,0,0
"8455","Protonotaria citrea",0,0,0,0,0,0,0,0,0,0,0,0,0,0
"8456","Prunella atrogularis",0,0,0,0,0,0,0,0,0,0,0,0,0,0
"8457","Prunella collaris",0,0,0,0,0,0,0,0,0,0,0,0,0,0
"8458","Prunella fulvescens",0,0,0,0,0,0,0,0,0,0,0,0,0,0
"8459","Prunella himalayana",0,0,0,0,0,0,0,0,0,0,0,0,0,0
"8460","Prunella immaculata",0,0,0,0,0,0,0,0,0,0,0,0,0,0
"8461","Prunella koslowi",0,0,0,0,0,0,0,0,0,0,0,0,0,0
"8462","Prunella modularis",0,0,0,0,0,0,0,0,0,0,0,0,0,0
"8463","Prunella montanella",0,0,0,0,0,0,0,0,0,0,0,0,6,0
"8464","Prunella ocularis",0,0,0,0,0,0,0,0,0,0,0,0,0,0
"8465","Prunella rubeculoides",0,0,0,0,0,0,0,0,0,0,0,0,0,0
"8466","Prunella rubida",0,0,0,0,0,0,0,0,0,0,0,0,0,0
"8467","Prunella strophiata",0,0,0,0,0,0,0,0,0,0,0,0,0,0
"8468","Psalidoprocne albiceps",0,0,0,0,0,0,0,0,0,0,0,0,0,0
"8469","Psalidoprocne fuliginosa",0,0,0,0,0,0,0,0,0,0,0,0,0,0
"8470","Psalidoprocne nitens",0,0,0,0,0,0,0,0,0,0,0,0,0,0
"8471","Psalidoprocne obscura",0,0,0,0,0,0,0,0,0,0,0,0,0,0
"8472","Psalidoprocne pristoptera",0,0,0,0,0,0,0,0,0,0,0,0,0,0
"8473","Psaltria exilis",0,0,0,0,0,0,0,0,0,0,0,0,0,0
"8474","Psaltriparus minimus",0,0,0,0,0,0,0,0,0,0,0,0,0,0
"8475","Psarisomus dalhousiae",0,0,0,0,0,0,0,0,0,0,0,0,0,0
"8476","Psarocolius angustifrons",0,0,0,0,0,0,0,0,0,0,0,0,0,0
"8477","Psarocolius atrovirens",0,0,0,0,0,0,0,0,0,0,0,0,0,0
"8478","Psarocolius bifasciatus",0,0,0,0,0,5,0,0,0,0,0,0,0,0
"8479","Psarocolius cassini",5,6,0,3,6,6,0,0,0,0,0,0,0,0
"8480","Psarocolius decumanus",0,0,0,0,0,0,0,0,0,0,0,0,0,0
"8481","Psarocolius guatimozinus",0,0,0,0,0,0,0,0,0,0,0,0,0,0
"8482","Psarocolius montezuma",0,0,0,0,0,0,0,0,0,0,0,0,0,0
"8483","Psarocolius oleagineus",0,0,0,0,0,0,0,0,0,0,0,0,0,0
"8484","Psarocolius viridis",0,0,0,0,0,0,0,0,0,0,0,0,0,0
"8485","Psarocolius wagleri",0,0,0,0,0,0,0,0,0,0,0,0,0,0
"8486","Pselliophorus luteoviridis",0,4,0,0,0,6,0,0,4,0,4,0,0,0
"8487","Pselliophorus tibialis",0,0,0,0,0,0,0,0,0,0,0,0,0,0
"8488","Psephotellus chrysopterygius",0,6,0,0,2,0,0,0,6,7,0,0,0,0
"8489","Psephotellus dissimilis",0,0,0,0,0,0,0,0,0,0,0,0,0,0
"8490","Psephotellus pulcherrimus",0,5,0,0,4,4,0,0,5,5,0,0,4,0
"8491","Psephotellus varius",0,0,0,0,0,0,0,0,0,0,0,0,0,0
"8492","Psephotus haematonotus",0,0,0,0,0,0,0,0,0,0,0,0,0,0
"8493","Pseudasthenes cactorum",0,0,0,0,0,0,0,0,0,0,0,0,0,0
"8494","Pseudasthenes humicola",0,0,0,0,0,0,0,0,0,0,0,0,0,0
"8495","Pseudasthenes patagonica",0,0,0,0,0,0,0,0,0,0,0,0,0,0
"8496","Pseudasthenes steinbachi",0,8,0,0,0,0,0,0,0,0,0,0,0,0
"8497","Pseudastur albicollis",0,0,0,0,0,0,0,0,0,0,0,0,0,0
"8498","Pseudastur occidentalis",5,7,0,0,0,5,0,0,0,0,0,0,0,0
"8499","Pseudastur polionotus",5,7,6,5,4,0,0,0,0,0,0,0,0,0
"8500","Pseudelaenia leucospodia",0,0,0,0,0,0,0,0,0,0,0,0,0,0
"8501","Pseudeos fuscata",0,0,0,0,0,0,0,0,0,0,0,0,0,0
"8502","Pseudhirundo griseopyga",0,0,0,0,0,0,0,0,0,0,0,0,0,0
"8503","Pseudibis davisoni",6,7,0,0,8,7,0,8,5,0,0,0,5,0
"8504","Pseudibis papillosa",0,0,0,0,0,0,0,0,0,0,0,0,0,0
"8505","Pseudobias wardi",0,0,0,0,0,0,0,0,0,0,0,0,0,0
"8506","Pseudobulweria aterrima",0,0,0,0,2,0,7,0,0,7,6,0,0,0
"8507","Pseudobulweria becki",0,7,6,0,0,0,0,0,0,7,0,0,0,0
"8508","Pseudobulweria macgillivrayi",0,0,0,0,0,0,7,0,0,7,0,0,6,0
"8509","Pseudobulweria rostrata",4,0,6,0,5,0,0,0,0,7,6,0,0,0
"8510","Pseudocalyptomena graueri",0,5,5,0,0,5,0,0,0,0,0,0,8,0
"8511","Pseudochelidon eurystomina",0,0,0,0,6,5,0,0,6,0,0,0,0,0
"8512","Pseudocolaptes boissonneauii",0,0,0,0,0,0,0,0,0,0,0,0,0,0
"8513","Pseudocolaptes johnsoni",0,0,0,0,0,0,0,0,0,0,0,0,0,0
"8514","Pseudocolaptes lawrencii",0,0,0,0,0,0,0,0,0,0,0,0,0,0
"8515","Pseudocolopteryx acutipennis",0,0,0,0,0,0,0,0,0,0,0,0,0,0
"8516","Pseudocolopteryx citreola",0,0,0,0,0,0,0,0,0,0,0,0,0,0
"8517","Pseudocolopteryx dinelliana",0,6,0,6,0,0,0,0,5,0,0,0,0,0
"8518","Pseudocolopteryx flaviventris",0,0,0,0,0,0,0,0,0,0,0,0,0,0
"8519","Pseudocolopteryx sclateri",0,0,0,0,0,0,0,0,0,0,0,0,0,0
"8520","Pseudoleistes guirahuro",0,0,0,0,0,0,0,0,0,0,0,0,0,0
"8521","Pseudoleistes virescens",0,0,0,0,0,0,0,0,0,0,0,0,0,0
"8522","Pseudonestor xanthophrys",0,3,0,0,0,3,0,0,0,7,0,0,7,0
"8523","Pseudonigrita arnaudi",0,0,0,0,0,0,0,0,0,0,0,0,0,0
"8524","Pseudonigrita cabanisi",0,0,0,0,0,0,0,0,0,0,0,0,0,0
"8525","Pseudopipra pipra",0,0,0,0,0,0,0,0,0,0,0,0,0,0
"8526","Pseudopodoces humilis",0,0,0,0,0,0,0,0,0,0,0,0,0,0
"8527","Pseudorectes ferrugineus",0,0,0,0,0,0,0,0,0,0,0,0,0,0
"8528","Pseudorectes incertus",0,0,0,0,0,0,0,0,0,0,0,0,0,0
"8529","Pseudosaltator rufiventris",0,5,0,0,0,0,0,0,3,0,0,0,0,0
"8530","Pseudoscops grammicus",0,0,0,0,0,0,0,0,0,0,0,0,0,0
"8531","Pseudoseisura cristata",0,0,0,0,0,0,0,0,0,0,0,0,0,0
"8532","Pseudoseisura gutturalis",0,0,0,0,0,0,0,0,0,0,0,0,0,0
"8533","Pseudoseisura lophotes",0,0,0,0,0,0,0,0,0,0,0,0,0,0
"8534","Pseudoseisura unirufa",0,0,0,0,0,0,0,0,0,0,0,0,0,0
"8535","Pseudospingus verticalis",0,0,0,0,0,0,0,0,0,0,0,0,0,0
"8536","Pseudospingus xanthophthalmus",0,0,0,0,0,0,0,0,0,0,0,0,0,0
"8537","Pseudotriccus pelzelni",0,0,0,0,0,0,0,0,0,0,0,0,0,0
"8538","Pseudotriccus ruficeps",0,0,0,0,0,0,0,0,0,0,0,0,0,0
"8539","Pseudotriccus simplex",0,0,0,0,0,0,0,0,0,0,0,0,0,0
"8540","Psilopogon annamensis",0,0,0,0,0,0,0,0,0,0,0,0,0,0
"8541","Psilopogon armillaris",0,0,0,0,0,0,0,0,0,0,0,0,0,0
"8542","Psilopogon asiaticus",0,0,0,0,0,0,0,0,0,0,0,0,0,0
"8543","Psilopogon auricularis",0,0,0,0,0,0,0,0,0,0,0,0,0,0
"8544","Psilopogon australis",0,0,0,0,0,0,0,0,0,0,0,0,0,0
"8545","Psilopogon chersonesus",0,0,0,0,0,0,0,0,0,0,0,0,0,0
"8546","Psilopogon chrysopogon",0,0,0,0,0,0,0,0,0,0,0,0,0,0
"8547","Psilopogon corvinus",0,0,0,0,0,0,0,0,0,0,0,0,0,0
"8548","Psilopogon cyanotis",0,0,0,0,0,0,0,0,0,0,0,0,0,0
"8549","Psilopogon duvaucelii",0,0,0,0,0,0,0,0,0,0,0,0,0,0
"8550","Psilopogon eximius",0,0,0,0,0,0,0,0,0,0,0,0,0,0
"8551","Psilopogon faber",0,0,0,0,0,0,0,0,0,0,0,0,0,0
"8552","Psilopogon faiostrictus",0,0,0,0,0,0,0,0,0,0,0,0,0,0
"8553","Psilopogon flavifrons",0,0,0,0,0,0,0,0,0,0,0,0,0,0
"8554","Psilopogon franklinii",0,0,0,0,0,0,0,0,0,0,0,0,0,0
"8555","Psilopogon haemacephalus",0,0,0,0,0,0,0,0,0,0,0,0,0,0
"8556","Psilopogon henricii",0,6,0,0,4,6,0,0,5,0,0,0,0,0
"8557","Psilopogon incognitus",0,0,0,0,0,0,0,0,0,0,0,0,0,0
"8558","Psilopogon javensis",0,3,0,0,4,0,0,0,0,0,0,0,0,0
"8559","Psilopogon lagrandieri",0,0,0,0,0,0,0,0,0,0,0,0,0,0
"8560","Psilopogon lineatus",0,0,0,0,0,0,0,0,0,0,0,0,0,0
"8561","Psilopogon malabaricus",0,0,0,0,0,0,0,0,0,0,0,0,0,0
"8562","Psilopogon monticola",0,0,0,0,0,0,0,0,0,0,0,0,0,0
"8563","Psilopogon mystacophanos",0,6,0,0,0,6,0,0,5,0,0,0,0,0
"8564","Psilopogon nuchalis",0,0,0,0,0,0,0,0,0,0,0,0,0,0
"8565","Psilopogon oorti",0,0,0,0,0,0,0,0,0,0,0,0,0,0
"8566","Psilopogon pulcherrimus",0,0,0,0,0,0,0,0,0,0,0,0,6,0
"8567","Psilopogon pyrolophus",0,0,0,0,0,0,0,0,0,0,0,0,0,0
"8568","Psilopogon rafflesii",0,6,0,0,4,6,0,0,5,0,0,0,0,0
"8569","Psilopogon rubricapillus",0,0,0,0,0,0,0,0,0,0,0,0,0,0
"8570","Psilopogon virens",0,0,0,0,0,0,0,0,0,0,0,0,0,0
"8571","Psilopogon viridis",0,0,0,0,0,0,0,0,0,0,0,0,0,0
"8572","Psilopogon zeylanicus",0,0,0,0,0,0,0,0,0,0,0,0,0,0
"8573","Psilopsiagon aurifrons",0,0,0,0,0,0,0,0,0,0,0,0,0,0
"8574","Psilopsiagon aymara",0,0,0,0,0,0,0,0,0,0,0,0,0,0
"8575","Psilorhamphus guttatus",5,6,2,4,0,0,0,0,0,0,0,0,0,0
"8576","Psiloscops flammeolus",0,0,0,0,0,0,0,0,0,0,0,0,0,0
"8577","Psittacara acuticaudatus",0,0,0,0,0,0,0,0,0,0,0,0,0,0
"8578","Psittacara chloropterus",0,6,0,0,6,6,0,0,0,0,0,0,0,0
"8579","Psittacara erythrogenys",0,6,0,0,6,5,0,0,0,0,0,0,0,0
"8580","Psittacara euops",0,6,0,0,7,0,0,0,0,0,0,0,6,0
"8581","Psittacara finschi",0,0,0,0,0,0,0,0,0,0,0,0,0,0
"8582","Psittacara frontatus",0,6,0,0,7,6,0,0,0,0,0,0,0,0
"8583","Psittacara holochlorus",0,0,0,0,0,0,0,0,0,0,0,0,0,0
"8584","Psittacara labati",0,0,0,0,5,0,0,0,0,0,0,0,0,0
"8585","Psittacara leucophthalmus",0,0,0,0,0,0,0,0,0,0,0,0,0,0
"8586","Psittacara mitratus",0,0,0,0,0,0,0,0,0,0,0,0,0,0
"8587","Psittacara rubritorquis",0,0,0,0,0,0,0,0,0,0,0,0,0,0
"8588","Psittacara wagleri",0,5,0,0,7,5,0,0,0,0,0,0,0,0
"8589","Psittacella brehmii",0,0,0,0,0,0,0,0,0,0,0,0,0,0
"8590","Psittacella lorentzi",0,0,0,0,0,0,0,0,0,0,0,0,0,0
"8591","Psittacella madaraszi",0,0,0,0,0,0,0,0,0,0,0,0,0,0
"8592","Psittacella modesta",0,0,0,0,0,0,0,0,0,0,0,0,0,0
"8593","Psittacella picta",0,0,0,0,0,0,0,0,0,0,0,0,0,0
"8594","Psittacula alexandri",0,6,0,0,7,4,0,0,0,0,0,0,0,0
"8595","Psittacula caniceps",5,5,0,0,0,6,0,0,0,0,0,4,5,0
"8596","Psittacula derbiana",0,0,0,0,6,6,0,0,0,0,0,0,0,0
"8597","Psittaculirostris cervicalis",0,0,0,0,0,0,0,0,0,0,0,0,0,0
"8598","Psittaculirostris desmarestii",0,0,0,0,0,0,0,0,0,0,0,0,0,0
"8599","Psittaculirostris edwardsii",0,0,0,0,0,0,0,0,0,0,0,0,0,0
"8600","Psittaculirostris godmani",0,0,0,0,0,0,0,0,0,0,0,0,0,0
"8601","Psittaculirostris salvadorii",0,6,0,0,0,6,0,0,4,0,0,0,0,0
"8602","Psittacus erithacus",0,5,0,0,7,5,0,0,0,0,0,0,0,0
"8603","Psittacus timneh",5,5,0,0,7,7,0,0,0,0,0,0,0,0
"8604","Psitteuteles goldiei",0,0,0,0,0,0,0,0,0,0,0,0,0,0
"8605","Psitteuteles versicolor",0,0,0,0,0,0,0,0,0,0,0,0,0,0
"8606","Psittinus abbotti",0,5,4,0,4,0,0,0,0,0,0,0,0,0
"8607","Psittinus cyanurus",0,5,0,0,5,5,0,0,0,0,0,0,0,0
"8608","Psittirostra psittacea",0,3,0,0,2,3,0,0,0,6,0,4,4,0
"8609","Psittrichas fulgidus",0,6,0,0,6,6,0,0,0,0,0,0,0,0
"8610","Psophia crepitans",0,6,6,0,7,6,0,0,6,0,0,0,0,0
"8611","Psophia dextralis",0,7,0,0,6,0,0,0,0,0,0,0,0,0
"8612","Psophia leucoptera",0,5,0,0,5,5,0,0,0,0,0,0,0,0
"8613","Psophia obscura",0,7,0,0,7,5,0,0,0,0,0,0,0,0
"8614","Psophia ochroptera",0,0,0,0,0,0,0,0,0,0,0,0,0,0
"8615","Psophia viridis",0,6,0,0,5,0,0,0,0,0,0,0,0,0
"8616","Psophocichla litsitsirupa",0,0,0,0,0,0,0,0,0,0,0,0,0,0
"8617","Psophocichla simensis",0,0,0,0,0,0,0,0,0,0,0,0,0,0
"8618","Psophodes cristatus",0,0,0,0,0,0,0,0,0,0,0,0,0,0
"8619","Psophodes nigrogularis",0,4,0,0,0,0,0,0,6,0,0,0,6,0
"8620","Psophodes occidentalis",0,0,0,0,0,0,0,0,0,0,0,0,0,0
"8621","Psophodes olivaceus",0,0,0,0,0,0,0,0,0,0,0,0,6,0
"8622","Pteridophora alberti",0,0,0,0,0,0,0,0,0,0,0,0,0,0
"8623","Pternistis adspersus",0,0,0,0,0,0,0,0,0,0,0,0,0,0
"8624","Pternistis afer",0,0,0,0,0,0,0,0,0,0,0,0,0,0
"8625","Pternistis ahantensis",0,0,0,0,0,0,0,0,0,0,0,0,0,0
"8626","Pternistis atrifrons",0,5,0,0,6,6,0,0,0,0,0,0,5,0
"8627","Pternistis bicalcaratus",0,0,0,0,0,0,0,0,0,0,0,0,0,0
"8628","Pternistis camerunensis",0,5,0,0,6,6,0,0,5,0,0,3,0,0
"8629","Pternistis capensis",0,0,0,0,0,0,0,0,0,0,0,0,6,0
"8630","Pternistis castaneicollis",0,0,0,0,0,0,0,0,0,0,0,0,0,0
"8631","Pternistis clappertoni",0,0,0,0,0,0,0,0,0,0,0,0,0,0
"8632","Pternistis erckelii",0,0,0,0,0,0,0,0,0,0,0,0,0,0
"8633","Pternistis griseostriatus",5,5,0,0,4,4,0,0,0,0,0,0,0,0
"8634","Pternistis hartlaubi",0,0,0,0,0,0,0,0,0,0,0,0,6,0
"8635","Pternistis harwoodi",0,6,0,0,6,6,0,0,0,0,0,0,0,0
"8636","Pternistis hildebrandti",0,0,0,0,0,0,0,0,0,0,0,0,0,0
"8637","Pternistis icterorhynchus",0,0,0,0,0,0,0,0,0,0,0,0,0,0
"8638","Pternistis jacksoni",0,0,0,0,4,6,0,0,0,0,0,0,0,0
"8639","Pternistis leucoscepus",0,0,0,0,0,0,0,0,0,0,0,0,0,0
"8640","Pternistis natalensis",0,0,0,0,0,0,0,0,0,0,0,0,0,0
"8641","Pternistis nobilis",0,0,0,0,0,0,0,0,0,0,0,0,0,0
"8642","Pternistis ochropectus",0,8,0,0,5,6,0,6,0,0,6,0,6,0
"8643","Pternistis rufopictus",0,0,0,0,0,0,0,0,0,0,0,0,0,0
"8644","Pternistis squamatus",0,0,0,0,0,0,0,0,0,0,0,0,0,0
"8645","Pternistis swainsonii",0,0,0,0,0,0,0,0,0,0,0,0,0,0
"8646","Pternistis swierstrai",0,6,0,0,5,6,0,0,6,0,0,0,7,0
"8647","Pterocles alchata",0,0,0,0,0,0,0,0,0,0,0,0,0,0
"8648","Pterocles bicinctus",0,0,0,0,0,0,0,0,0,0,0,0,0,0
"8649","Pterocles burchelli",0,0,0,0,0,0,0,0,0,0,0,0,0,0
"8650","Pterocles coronatus",0,0,0,0,0,0,0,0,0,0,0,0,0,0
"8651","Pterocles decoratus",0,0,0,0,0,0,0,0,0,0,0,0,0,0
"8652","Pterocles exustus",0,0,0,0,0,0,0,0,0,0,0,0,0,0
"8653","Pterocles gutturalis",0,0,0,0,0,0,0,0,0,0,0,0,0,0
"8654","Pterocles indicus",0,0,0,0,0,0,0,0,0,0,0,0,0,0
"8655","Pterocles lichtensteinii",0,0,0,0,0,0,0,0,0,0,0,0,0,0
"8656","Pterocles namaqua",0,0,0,0,0,0,0,0,0,0,0,0,0,0
"8657","Pterocles orientalis",0,0,0,0,0,0,0,0,0,0,0,0,0,0
"8658","Pterocles personatus",0,0,0,0,0,0,0,0,0,0,0,0,0,0
"8659","Pterocles quadricinctus",0,0,0,0,0,0,0,0,0,0,0,0,0,0
"8660","Pterocles senegallus",0,0,0,0,0,0,0,0,0,0,0,0,0,0
"8661","Pterodroma alba",4,0,0,0,6,0,0,0,0,7,0,0,6,0
"8662","Pterodroma arminjoniana",3,0,6,0,0,0,0,0,0,5,0,0,0,0
"8663","Pterodroma atrata",0,0,0,0,0,0,0,0,0,7,0,0,6,0
"8664","Pterodroma axillaris",0,0,0,0,4,0,0,0,0,6,0,0,6,0
"8665","Pterodroma baraui",0,0,0,0,3,0,0,0,0,8,5,0,6,0
"8666","Pterodroma brevipes",0,0,0,0,4,0,0,0,0,7,0,0,0,0
"8667","Pterodroma cahow",3,0,0,0,5,0,0,0,0,5,4,0,6,0
"8668","Pterodroma caribbaea",0,0,0,0,3,0,0,0,0,7,0,0,6,0
"8669","Pterodroma cervicalis",0,0,0,0,3,0,0,0,0,7,0,0,6,0
"8670","Pterodroma cookii",0,0,0,0,0,0,0,0,0,5,0,0,0,0
"8671","Pterodroma defilippiana",0,0,0,0,0,0,0,0,0,6,0,0,0,0
"8672","Pterodroma deserta",0,0,0,0,3,0,0,0,0,4,0,0,6,0
"8673","Pterodroma externa",0,0,0,0,0,0,6,0,2,8,4,0,8,0
"8674","Pterodroma feae",0,0,0,0,5,0,0,0,0,7,0,0,0,0
"8675","Pterodroma gouldi",0,0,0,0,4,0,0,0,0,6,0,0,0,0
"8676","Pterodroma hasitata",0,6,0,6,4,6,0,0,0,6,8,0,0,0
"8677","Pterodroma heraldica",0,0,0,0,0,0,0,0,0,5,0,0,6,0
"8678","Pterodroma hypoleuca",0,0,0,0,0,0,0,0,0,6,0,0,4,0
"8679","Pterodroma incerta",0,0,0,0,3,0,0,0,0,9,4,0,5,0
"8680","Pterodroma inexpectata",0,0,0,0,4,0,0,0,0,5,0,0,6,0
"8681","Pterodroma lessonii",0,0,0,0,0,0,0,0,0,6,0,0,0,0
"8682","Pterodroma leucoptera",0,0,0,0,0,0,2,0,0,6,5,0,0,0
"8683","Pterodroma longirostris",0,0,0,0,0,0,0,0,0,7,0,0,6,0
"8684","Pterodroma macroptera",0,0,0,0,0,0,0,0,0,5,0,0,0,0
"8685","Pterodroma madeira",0,0,0,0,3,0,0,5,7,7,0,0,0,0
"8686","Pterodroma magentae",0,0,0,0,4,0,0,0,0,6,0,0,4,0
"8687","Pterodroma mollis",0,0,0,0,0,0,0,0,0,6,0,0,0,0
"8688","Pterodroma neglecta",0,0,0,0,0,0,0,0,0,5,0,0,0,0
"8689","Pterodroma nigripennis",0,0,0,0,0,0,0,0,0,5,0,5,0,0
"8690","Pterodroma phaeopygia",6,5,0,0,0,0,6,0,0,9,0,0,6,0
"8691","Pterodroma pycrofti",0,0,0,0,0,0,0,0,0,4,0,0,0,0
"8692","Pterodroma rupinarum",0,0,0,0,5,0,0,0,0,5,0,0,0,0
"8693","Pterodroma sandwichensis",4,4,5,6,4,0,8,0,0,6,6,0,6,0
"8694","Pterodroma solandri",0,0,0,0,2,0,5,0,0,5,5,0,3,0
"8695","Pterodroma ultima",0,0,0,0,0,0,0,0,0,5,0,0,6,0
"8696","Pteroglossus aracari",0,0,0,0,0,0,0,0,0,0,0,0,0,0
"8697","Pteroglossus azara",0,0,0,0,0,0,0,0,0,0,0,0,0,0
"8698","Pteroglossus bailloni",0,5,0,0,5,5,0,0,5,0,0,0,0,0
"8699","Pteroglossus beauharnaisii",0,0,0,0,0,0,0,0,0,0,0,0,0,0
"8700","Pteroglossus bitorquatus",0,6,0,0,0,0,0,0,0,0,0,0,0,0
"8701","Pteroglossus castanotis",0,0,0,0,0,0,0,0,0,0,0,0,0,0
"8702","Pteroglossus erythropygius",0,0,0,0,0,0,0,0,0,0,0,0,0,0
"8703","Pteroglossus frantzii",0,0,0,0,0,0,0,0,0,0,0,0,0,0
"8704","Pteroglossus humboldti",0,0,0,0,0,0,0,0,0,0,0,0,0,0
"8705","Pteroglossus inscriptus",0,0,0,0,0,0,0,0,0,0,0,0,0,0
"8706","Pteroglossus pluricinctus",0,0,0,0,0,0,0,0,0,0,0,0,0,0
"8707","Pteroglossus sanguineus",0,0,0,0,0,0,0,0,0,0,0,0,0,0
"8708","Pteroglossus sturmii",0,6,0,0,0,6,0,0,0,0,0,0,0,0
"8709","Pteroglossus torquatus",0,5,0,0,4,5,0,0,0,0,0,0,0,0
"8710","Pteroglossus viridis",0,0,0,0,0,0,0,0,0,0,0,0,0,0
"8711","Pteronetta hartlaubii",0,6,0,0,6,6,0,0,0,0,5,0,0,0
"8712","Pterophanes cyanopterus",0,0,0,0,0,0,0,0,0,0,0,0,0,0
"8713","Pteroptochos castaneus",0,0,0,0,0,0,0,0,0,0,0,0,0,0
"8714","Pteroptochos megapodius",0,0,0,0,0,0,0,0,0,0,0,0,0,0
"8715","Pteroptochos tarnii",0,0,0,0,0,0,0,0,0,0,0,0,0,0
"8716","Pterorhinus albogularis",0,0,0,0,0,0,0,0,0,0,0,0,0,0
"8717","Pterorhinus berthemyi",0,0,0,0,0,0,0,0,0,0,0,0,0,0
"8718","Pterorhinus caerulatus",0,0,0,0,0,0,0,0,0,0,0,0,0,0
"8719","Pterorhinus chinensis",0,5,0,0,5,5,0,0,0,0,0,0,0,0
"8720","Pterorhinus courtoisi",5,0,0,7,7,0,0,0,0,0,0,0,0,0
"8721","Pterorhinus davidi",0,0,0,0,0,0,0,0,0,0,0,0,0,0
"8722","Pterorhinus delesserti",0,0,0,0,0,0,0,0,0,0,0,0,0,0
"8723","Pterorhinus galbanus",0,0,0,0,0,0,0,0,0,0,0,0,0,0
"8724","Pterorhinus gularis",0,0,0,0,0,0,0,0,0,0,0,0,0,0
"8725","Pterorhinus koslowi",0,0,0,0,0,4,0,0,0,0,0,0,0,0
"8726","Pterorhinus lanceolatus",0,0,0,0,0,0,0,0,0,0,0,0,0,0
"8727","Pterorhinus mitratus",0,4,0,0,6,4,0,0,0,0,0,0,5,0
"8728","Pterorhinus nuchalis",0,6,0,0,0,6,0,0,0,0,0,0,0,0
"8729","Pterorhinus pectoralis",0,0,0,0,0,0,0,0,0,0,0,0,0,0
"8730","Pterorhinus perspicillatus",0,0,0,0,0,0,0,0,0,0,0,0,0,0
"8731","Pterorhinus poecilorhynchus",0,0,0,0,0,0,0,0,0,0,0,0,0,0
"8732","Pterorhinus ruficeps",0,0,0,0,0,0,0,0,0,0,0,0,0,0
"8733","Pterorhinus ruficollis",0,0,0,0,0,0,0,0,0,0,0,0,0,0
"8734","Pterorhinus sannio",0,0,0,0,0,0,0,0,0,0,0,0,0,0
"8735","Pterorhinus treacheri",0,0,0,0,0,0,0,0,0,0,0,0,0,0
"8736","Pterorhinus vassali",0,0,0,0,0,0,0,0,0,0,0,0,6,0
"8737","Pterorhinus waddelli",0,5,0,0,0,6,0,0,0,0,0,0,0,0
"8738","Pterorhinus woodi",0,0,0,0,0,0,0,0,0,0,0,0,0,0
"8739","Pteruthius aenobarbus",0,0,0,0,0,0,0,0,0,0,0,0,0,0
"8740","Pteruthius aeralatus",0,0,0,0,0,0,0,0,0,0,0,0,0,0
"8741","Pteruthius flaviscapis",0,0,0,0,0,0,0,0,0,0,0,0,0,0
"8742","Pteruthius melanotis",0,0,0,0,0,0,0,0,0,0,0,0,0,0
"8743","Pteruthius rufiventer",0,0,0,0,0,0,0,0,0,0,0,0,0,0
"8744","Pteruthius xanthochlorus",0,0,0,0,0,0,0,0,0,0,0,0,0,0
"8745","Ptilinopus alligator",0,0,0,0,0,0,0,0,0,0,0,0,0,0
"8746","Ptilinopus arcanus",0,6,0,0,7,5,0,0,0,0,0,0,6,0
"8747","Ptilinopus aurantiifrons",0,0,0,0,0,0,0,0,0,0,0,0,0,0
"8748","Ptilinopus chalcurus",0,0,5,0,0,0,0,0,0,0,0,0,6,0
"8749","Ptilinopus chrysogaster",0,0,0,0,7,0,0,0,0,7,0,0,0,0
"8750","Ptilinopus cinctus",0,0,0,0,0,0,0,0,0,0,0,0,0,0
"8751","Ptilinopus coralensis",0,6,0,0,4,0,0,0,0,5,0,0,6,0
"8752","Ptilinopus coronulatus",0,0,0,0,0,0,0,0,0,0,0,0,0,0
"8753","Ptilinopus dohertyi",0,6,0,0,7,5,0,0,6,0,0,0,6,0
"8754","Ptilinopus dupetithouarsii",0,0,0,0,0,0,0,0,0,0,0,0,0,0
"8755","Ptilinopus eugeniae",0,0,0,0,0,0,0,0,0,0,0,0,0,0
"8756","Ptilinopus fasciatus",0,0,0,0,0,0,0,0,0,0,0,0,0,0
"8757","Ptilinopus gestroi",0,0,0,0,0,0,0,0,0,0,0,0,0,0
"8758","Ptilinopus granulifrons",0,6,5,0,4,6,0,0,0,0,0,0,0,0
"8759","Ptilinopus greyi",0,0,0,0,0,0,0,0,0,0,0,0,0,0
"8760","Ptilinopus hernsheimi",0,0,0,0,0,0,0,0,0,0,0,0,0,0
"8761","Ptilinopus huttoni",0,0,0,0,5,6,0,0,7,7,0,0,0,0
"8762","Ptilinopus hyogastrus",0,0,0,0,0,0,0,0,0,0,0,0,0,0
"8763","Ptilinopus insolitus",0,0,0,0,0,0,0,0,0,0,0,0,0,0
"8764","Ptilinopus insularis",0,0,0,0,0,0,0,0,0,6,0,0,0,0
"8765","Ptilinopus iozonus",0,0,0,0,0,0,0,0,0,0,0,0,0,0
"8766","Ptilinopus melanospilus",0,0,0,0,0,0,0,0,0,0,0,0,0,0
"8767","Ptilinopus mercierii",0,0,0,0,0,0,0,0,0,5,0,0,0,0
"8768","Ptilinopus monacha",0,4,4,0,0,4,0,0,0,0,0,0,0,0
"8769","Ptilinopus nainus",0,0,0,0,0,0,0,0,0,0,0,0,0,0
"8770","Ptilinopus ornatus",0,0,0,0,0,0,0,0,0,0,0,0,0,0
"8771","Ptilinopus pelewensis",0,0,0,0,0,0,0,0,0,0,0,0,6,0
"8772","Ptilinopus perlatus",0,0,0,0,0,0,0,0,0,0,0,0,0,0
"8773","Ptilinopus perousii",0,0,0,0,0,0,0,0,0,0,0,0,0,0
"8774","Ptilinopus ponapensis",0,0,0,0,0,0,0,0,0,0,0,0,0,0
"8775","Ptilinopus porphyraceus",0,0,0,0,0,0,0,0,0,0,0,0,0,0
"8776","Ptilinopus porphyreus",0,0,0,0,0,0,0,0,0,0,0,0,0,0
"8777","Ptilinopus pulchellus",0,0,0,0,0,0,0,0,0,0,0,0,0,0
"8778","Ptilinopus purpuratus",0,0,0,0,0,0,0,0,0,0,0,0,0,0
"8779","Ptilinopus rarotongensis",0,0,0,0,0,0,0,0,0,5,0,0,5,0
"8780","Ptilinopus regina",0,0,0,0,0,0,0,0,0,0,0,0,0,0
"8781","Ptilinopus richardsii",0,0,6,0,0,6,0,0,0,0,0,0,0,0
"8782","Ptilinopus rivoli",0,0,0,0,0,0,0,0,0,0,0,0,0,0
"8783","Ptilinopus roseicapilla",0,5,0,0,4,0,0,0,0,7,0,0,6,0
"8784","Ptilinopus solomonensis",0,0,0,0,0,0,0,0,0,0,0,0,0,0
"8785","Ptilinopus speciosus",0,0,0,0,0,0,0,0,0,0,0,0,0,0
"8786","Ptilinopus superbus",0,0,0,0,0,0,0,0,0,0,0,0,0,0
"8787","Ptilinopus tannensis",0,0,0,0,5,7,0,0,0,0,0,0,0,0
"8788","Ptilinopus temminckii",0,0,0,0,0,0,0,0,0,0,0,0,0,0
"8789","Ptilinopus viridis",0,0,0,0,0,0,0,0,0,0,0,0,0,0
"8790","Ptilinopus wallacii",0,0,0,0,0,0,0,0,0,0,0,0,0,0
"8791","Ptiliogonys caudatus",0,0,0,0,0,0,0,0,0,0,0,0,0,0
"8792","Ptiliogonys cinereus",0,0,0,0,0,0,0,0,0,0,0,0,0,0
"8793","Ptilocichla falcata",0,6,6,0,0,7,0,0,0,0,0,0,0,0
"8794","Ptilocichla leucogrammica",5,7,0,0,0,6,0,0,0,0,0,0,0,0
"8795","Ptilocichla mindanensis",0,0,0,0,0,0,0,0,0,0,0,0,0,0
"8796","Ptilonorhynchus violaceus",0,0,0,0,0,0,0,0,0,0,0,0,6,0
"8797","Ptilopachus nahani",0,6,0,0,6,6,0,5,0,5,0,0,0,0
"8798","Ptilopachus petrosus",0,0,0,0,0,0,0,0,0,0,0,0,0,0
"8799","Ptiloprora erythropleura",0,0,0,0,0,0,0,0,0,0,0,0,0,0
"8800","Ptiloprora guisei",0,0,0,0,0,0,0,0,0,0,0,0,0,0
"8801","Ptiloprora mayri",0,0,0,0,0,0,0,0,0,0,0,0,6,0
"8802","Ptiloprora meekiana",0,0,0,0,0,0,0,0,0,0,0,0,0,0
"8803","Ptiloprora perstriata",0,0,0,0,0,0,0,0,0,0,0,0,0,0
"8804","Ptiloprora plumbea",0,0,0,0,0,0,0,0,0,0,0,0,0,0
"8805","Ptilopsis granti",0,0,0,0,0,0,0,0,0,0,0,0,0,0
"8806","Ptilopsis leucotis",0,0,0,0,0,0,0,0,0,0,0,0,0,0
"8807","Ptilorrhoa caerulescens",0,0,0,0,0,0,0,0,0,0,0,0,0,0
"8808","Ptilorrhoa castanonota",0,0,0,0,0,0,0,0,0,0,0,0,0,0
"8809","Ptilorrhoa geislerorum",0,0,0,0,0,0,0,0,0,0,0,0,0,0
"8810","Ptilorrhoa leucosticta",0,0,0,0,0,0,0,0,0,0,0,0,0,0
"8811","Ptilostomus afer",0,0,0,0,0,0,0,0,0,0,0,0,0,0
"8812","Ptilotula flavescens",0,0,0,0,0,0,0,0,0,0,0,0,0,0
"8813","Ptilotula fusca",0,0,0,0,0,0,0,0,0,0,0,0,0,0
"8814","Ptilotula keartlandi",0,0,0,0,0,0,0,0,0,0,0,0,0,0
"8815","Ptilotula ornata",0,0,0,0,0,0,0,0,0,0,0,0,6,0
"8816","Ptilotula penicillata",0,0,0,0,0,0,0,0,0,0,0,0,0,0
"8817","Ptilotula plumula",0,0,0,0,0,0,0,0,0,0,0,0,0,0
"8818","Ptiloxena atroviolacea",0,0,0,0,0,0,0,0,0,0,0,0,0,0
"8819","Ptychoramphus aleuticus",0,0,0,0,0,0,5,6,0,6,6,0,6,0
"8820","Ptyonoprogne concolor",0,0,0,0,0,0,0,0,0,0,0,0,0,0
"8821","Ptyonoprogne fuligula",0,0,0,0,0,0,0,0,0,0,0,0,0,0
"8822","Ptyonoprogne obsoleta",0,0,0,0,0,0,0,0,0,0,0,0,0,0
"8823","Ptyonoprogne rufigula",0,0,0,0,0,0,0,0,0,0,0,0,0,0
"8824","Ptyonoprogne rupestris",0,0,0,0,0,0,0,0,0,0,0,0,0,0
"8825","Pucrasia macrolopha",0,0,0,0,0,0,0,0,0,0,0,0,0,0
"8826","Puffinus assimilis",0,0,0,0,4,0,0,0,0,6,0,0,0,0
"8827","Puffinus auricularis",0,0,0,0,0,0,0,0,0,8,5,4,6,0
"8828","Puffinus bailloni",0,0,0,0,0,0,0,0,0,6,4,0,0,0
"8829","Puffinus bannermani",0,0,0,0,0,0,0,0,0,6,7,0,0,0
"8830","Puffinus bryani",0,0,0,0,0,0,0,0,0,6,6,0,0,0
"8831","Puffinus elegans",0,0,0,0,5,0,0,0,0,6,0,0,0,0
"8832","Puffinus gavia",0,0,0,0,0,0,7,0,0,5,0,0,0,0
"8833","Puffinus heinrothi",0,0,5,0,0,0,0,0,0,7,0,0,0,0
"8834","Puffinus huttoni",0,0,0,0,0,0,6,0,0,6,4,0,6,0
"8835","Puffinus lherminieri",0,0,0,0,0,0,0,0,0,6,6,0,0,0
"8836","Puffinus mauretanicus",4,0,0,0,2,0,9,5,0,6,5,0,0,0
"8837","Puffinus myrtae",0,3,0,0,2,0,0,0,0,6,0,0,0,0
"8838","Puffinus nativitatis",0,0,0,0,0,0,0,0,0,0,0,0,2,0
"8839","Puffinus newelli",0,0,5,5,0,0,8,0,0,8,7,0,5,0
"8840","Puffinus opisthomelas",6,0,0,3,0,0,7,4,0,5,4,0,0,0
"8841","Puffinus persicus",0,0,0,0,6,0,0,0,0,0,0,0,0,0
"8842","Puffinus puffinus",0,0,0,0,4,0,0,0,0,4,4,0,0,0
"8843","Puffinus subalaris",0,0,0,0,0,0,0,0,0,0,0,0,7,0
"8844","Puffinus yelkouan",5,0,4,0,4,0,7,0,0,6,5,0,0,0
"8845","Pulsatrix koeniswaldiana",0,0,0,0,0,0,0,0,0,0,0,0,0,0
"8846","Pulsatrix melanota",0,0,0,0,0,0,0,0,0,0,0,0,0,0
"8847","Pulsatrix perspicillata",0,0,0,0,0,0,0,0,0,0,0,0,0,0
"8848","Purnella albifrons",0,0,0,0,0,0,0,0,0,0,0,0,0,0
"8849","Purpureicephalus spurius",0,0,0,0,0,0,0,0,0,0,0,0,6,0
"8850","Pycnonotus aurigaster",0,0,0,0,0,0,0,0,0,0,0,0,0,0
"8851","Pycnonotus barbatus",0,0,0,0,0,0,0,0,0,0,0,0,0,0
"8852","Pycnonotus bimaculatus",0,0,0,0,7,0,0,0,0,0,0,0,0,0
"8853","Pycnonotus blanfordi",0,0,0,0,0,0,0,0,0,0,0,0,0,0
"8854","Pycnonotus brunneus",0,0,0,0,0,0,0,0,0,0,0,0,0,0
"8855","Pycnonotus cafer",0,0,0,0,0,0,0,0,0,0,0,0,0,0
"8856","Pycnonotus capensis",0,0,0,0,0,0,0,0,0,0,0,0,6,0
"8857","Pycnonotus cinereifrons",0,0,0,0,0,0,0,0,0,0,0,0,0,0
"8858","Pycnonotus davisoni",0,0,0,0,0,0,0,0,0,0,0,0,0,0
"8859","Pycnonotus finlaysoni",0,0,0,0,0,0,0,0,0,0,0,0,0,0
"8860","Pycnonotus flavescens",0,0,0,0,0,0,0,0,0,0,0,0,0,0
"8861","Pycnonotus goiavier",0,0,0,0,0,0,0,0,0,0,0,0,0,0
"8862","Pycnonotus jocosus",0,0,0,0,0,0,0,0,0,0,0,0,0,0
"8863","Pycnonotus leucogenys",0,0,0,0,0,0,0,0,0,0,0,0,0,0
"8864","Pycnonotus leucops",0,0,0,0,0,0,0,0,0,0,0,0,0,0
"8865","Pycnonotus leucotis",0,0,0,0,0,0,0,0,0,0,0,0,0,0
"8866","Pycnonotus luteolus",0,0,0,0,0,0,0,0,0,0,0,0,0,0
"8867","Pycnonotus nieuwenhuisii",0,0,0,0,0,0,0,0,0,0,0,0,0,0
"8868","Pycnonotus nigricans",0,0,0,0,0,0,0,0,0,0,0,0,0,0
"8869","Pycnonotus penicillatus",4,4,0,0,0,5,0,0,4,0,0,0,0,0
"8870","Pycnonotus plumosus",0,0,0,0,0,0,0,0,0,0,0,0,0,0
"8871","Pycnonotus pseudosimplex",0,0,0,0,0,6,0,0,0,0,0,0,0,0
"8872","Pycnonotus simplex",0,0,0,0,0,6,0,0,0,0,0,0,0,0
"8873","Pycnonotus sinensis",0,0,0,0,0,0,0,0,0,0,0,0,0,0
"8874","Pycnonotus snouckaerti",0,0,0,0,6,0,0,0,0,0,0,0,0,0
"8875","Pycnonotus taivanus",5,5,0,0,0,0,0,0,0,6,0,0,0,0
"8876","Pycnonotus tympanistrigus",0,4,0,0,4,4,0,0,0,0,0,0,0,0
"8877","Pycnonotus xantholaemus",5,7,5,5,0,7,0,6,5,0,0,0,0,0
"8878","Pycnonotus xanthopygos",0,0,0,0,0,0,0,0,0,0,0,0,0,0
"8879","Pycnonotus xanthorrhous",0,0,0,0,0,0,0,0,0,0,0,0,0,0
"8880","Pycnonotus zeylanicus",3,6,0,0,7,0,0,0,0,0,0,0,0,0
"8881","Pycnoptilus floccosus",0,0,0,0,0,0,0,0,7,0,0,0,7,0
"8882","Pycnopygius cinereus",0,0,0,0,0,0,0,0,0,0,0,0,0,0
"8883","Pycnopygius ixoides",0,0,0,0,0,0,0,0,0,0,0,0,0,0
"8884","Pycnopygius stictocephalus",0,0,0,0,0,0,0,0,0,0,0,0,0,0
"8885","Pygarrhichas albogularis",0,0,0,0,0,0,0,0,0,0,0,0,0,0
"8886","Pygiptila stellaris",0,0,0,0,0,0,0,0,0,0,0,0,0,0
"8887","Pygochelidon cyanoleuca",0,0,0,0,0,0,0,0,0,0,0,0,0,0
"8888","Pygochelidon melanoleuca",0,0,0,0,0,0,0,0,0,0,0,0,0,0
"8889","Pygoscelis adeliae",0,0,0,0,0,0,4,4,0,0,3,0,6,0
"8890","Pygoscelis antarcticus",0,0,0,0,0,0,4,0,0,0,0,7,6,0
"8891","Pygoscelis papua",0,0,0,0,4,0,5,4,0,5,3,0,0,0
"8892","Pyrenestes minor",0,0,0,0,0,0,0,0,0,0,0,0,0,0
"8893","Pyrenestes ostrinus",0,0,0,0,0,0,0,0,0,0,0,0,0,0
"8894","Pyrenestes sanguineus",0,0,0,0,0,0,0,0,0,0,0,0,0,0
"8895","Pyrgilauda blanfordi",0,0,0,0,0,0,0,0,0,0,0,0,0,0
"8896","Pyrgilauda davidiana",0,0,0,0,0,0,0,0,0,0,0,0,0,0
"8897","Pyrgilauda ruficollis",0,0,0,0,0,0,0,0,0,0,0,0,0,0
"8898","Pyrgilauda theresae",0,0,0,0,0,0,0,0,0,0,0,0,0,0
"8899","Pyriglena atra",8,8,0,0,0,8,0,0,0,0,0,0,0,0
"8900","Pyriglena leuconota",0,0,0,0,0,0,0,0,0,0,0,0,0,0
"8901","Pyriglena leucoptera",0,0,0,0,0,0,0,0,0,0,0,0,0,0
"8902","Pyrilia aurantiocephala",0,0,0,0,0,5,0,0,0,0,0,0,0,0
"8903","Pyrilia barrabandi",0,5,0,0,4,0,0,0,0,0,0,0,0,0
"8904","Pyrilia caica",0,5,5,0,5,5,0,0,0,0,0,0,0,0
"8905","Pyrilia haematotis",0,0,0,0,0,5,0,0,0,0,0,0,0,0
"8906","Pyrilia pulchra",0,0,0,0,0,0,0,0,0,0,0,0,0,0
"8907","Pyrilia pyrilia",5,5,4,4,5,6,0,0,0,0,0,0,0,0
"8908","Pyrilia vulturina",0,7,0,0,0,0,0,0,5,0,0,0,0,0
"8909","Pyrocephalus dubius",0,0,0,0,0,0,0,0,0,6,0,0,0,0
"8910","Pyrocephalus nanus",0,5,0,0,0,0,0,0,0,7,6,0,0,0
"8911","Pyrocephalus rubinus",0,0,0,0,0,0,0,0,0,0,0,0,0,0
"8912","Pyroderus scutatus",0,0,0,0,0,0,0,0,0,0,0,0,0,0
"8913","Pyrrhocorax graculus",0,0,0,0,0,0,0,0,0,0,0,0,0,0
"8914","Pyrrhocorax pyrrhocorax",0,0,0,0,0,0,0,0,0,0,0,0,0,0
"8915","Pyrrholaemus brunneus",0,0,0,0,0,0,0,0,0,0,0,0,0,0
"8916","Pyrrholaemus sagittatus",0,5,0,0,0,5,0,0,5,5,0,0,6,0
"8917","Pyrrhomyias cinnamomeus",0,0,0,0,0,0,0,0,0,0,0,0,0,0
"8918","Pyrrhoplectes epauletta",0,0,0,0,0,0,0,0,0,0,0,0,0,0
"8919","Pyrrhula aurantiaca",0,0,0,0,0,0,0,0,0,0,0,0,0,0
"8920","Pyrrhula erythaca",0,0,0,0,0,0,0,0,0,0,0,0,0,0
"8921","Pyrrhula erythrocephala",0,0,0,0,0,0,0,0,0,0,0,0,0,0
"8922","Pyrrhula leucogenis",0,0,0,0,0,0,0,0,0,0,0,0,6,0
"8923","Pyrrhula murina",0,3,0,0,4,0,0,0,0,7,0,0,0,0
"8924","Pyrrhula nipalensis",0,0,0,0,0,0,0,0,0,0,0,0,0,0
"8925","Pyrrhula pyrrhula",0,0,0,0,0,0,0,0,0,0,0,0,0,0
"8926","Pyrrhula waterstradti",0,0,0,0,0,0,0,0,5,0,0,0,6,0
"8927","Pyrrhura albipectus",4,5,4,0,5,5,0,0,0,0,0,0,0,0
"8928","Pyrrhura amazonum",0,6,0,0,0,4,0,0,0,0,0,0,0,0
"8929","Pyrrhura caeruleiceps",0,7,0,0,6,0,0,0,0,0,0,0,0,0
"8930","Pyrrhura calliptera",5,5,0,5,5,5,0,0,0,0,0,0,0,0
"8931","Pyrrhura chapmani",0,0,0,0,4,6,0,0,0,0,0,0,0,0
"8932","Pyrrhura cruentata",6,6,0,0,5,0,0,0,0,0,0,0,0,0
"8933","Pyrrhura devillei",0,5,0,0,4,5,0,0,0,4,0,0,0,0
"8934","Pyrrhura egregia",0,0,0,0,0,0,0,0,0,0,0,0,0,0
"8935","Pyrrhura eisenmanni",0,4,0,0,6,5,0,0,0,0,0,0,0,0
"8936","Pyrrhura emma",0,5,0,0,5,5,0,0,0,0,0,0,0,0
"8937","Pyrrhura frontalis",0,0,0,0,0,0,0,0,0,0,0,0,0,0
"8938","Pyrrhura griseipectus",0,7,0,0,8,0,0,0,0,6,0,0,0,0
"8939","Pyrrhura hoematotis",0,0,0,0,0,0,0,0,0,0,0,0,0,0
"8940","Pyrrhura hoffmanni",0,0,0,0,0,0,0,0,0,0,0,0,0,0
"8941","Pyrrhura lepida",0,6,0,0,0,5,0,0,0,0,0,0,0,0
"8942","Pyrrhura leucotis",0,6,0,0,5,6,0,0,0,0,0,0,0,0
"8943","Pyrrhura lucianii",0,0,0,0,0,0,0,0,0,0,0,0,0,0
"8944","Pyrrhura melanura",0,5,0,0,4,0,0,0,0,0,0,0,0,0
"8945","Pyrrhura molinae",0,0,0,0,0,0,0,0,0,0,0,0,0,0
"8946","Pyrrhura orcesi",0,6,4,0,0,6,0,0,0,4,0,0,7,0
"8947","Pyrrhura pacifica",0,0,0,0,0,0,0,0,0,0,0,0,0,0
"8948","Pyrrhura parvifrons",0,0,0,0,0,0,0,0,0,0,0,0,0,0
"8949","Pyrrhura perlata",0,6,0,0,5,0,0,0,0,0,0,0,0,0
"8950","Pyrrhura peruviana",0,0,0,0,0,0,0,0,0,0,0,0,0,0
"8951","Pyrrhura pfrimeri",0,7,7,0,4,8,0,0,7,0,0,0,8,0
"8952","Pyrrhura picta",0,0,0,0,0,0,0,0,0,0,0,0,0,0
"8953","Pyrrhura rhodocephala",0,0,0,0,0,0,0,0,0,0,0,0,0,0
"8954","Pyrrhura roseifrons",0,0,0,0,0,0,0,0,0,0,0,0,0,0
"8955","Pyrrhura rupicola",0,4,0,0,0,4,0,0,0,0,0,0,0,0
"8956","Pyrrhura snethlageae",0,5,0,0,6,0,0,0,5,0,0,0,0,0
"8957","Pyrrhura subandina",0,7,0,0,7,0,0,0,0,0,7,0,0,0
"8958","Pyrrhura viridicata",4,6,0,0,4,5,0,0,4,0,3,0,7,0
"8959","Pyrrhurus scandens",0,0,0,0,0,0,0,0,0,0,0,0,0,0
"8960","Pyrroglaux podargina",0,0,0,5,0,0,0,0,0,0,0,0,0,0
"8961","Pytilia afra",0,0,0,0,0,0,0,0,0,0,0,0,0,0
"8962","Pytilia hypogrammica",0,0,0,0,0,0,0,0,0,0,0,0,0,0
"8963","Pytilia lineata",0,0,0,0,0,0,0,0,0,0,0,0,0,0
"8964","Pytilia melba",0,0,0,0,0,0,0,0,0,0,0,0,0,0
"8965","Pytilia phoenicoptera",0,0,0,0,0,0,0,0,0,0,0,0,0,0
"8966","Quelea cardinalis",0,0,0,0,0,0,0,0,0,0,0,0,0,0
"8967","Quelea erythrops",0,0,0,0,0,0,0,0,0,0,0,0,0,0
"8968","Quelea quelea",0,0,0,0,0,0,0,0,0,0,0,0,0,0
"8969","Querula purpurata",0,0,0,0,0,0,0,0,0,0,0,0,0,0
"8970","Quiscalus lugubris",0,0,0,0,0,0,0,0,0,0,0,0,0,0
"8971","Quiscalus major",0,0,0,0,0,0,0,0,0,0,0,0,0,0
"8972","Quiscalus mexicanus",0,0,0,0,0,0,0,0,0,0,0,0,0,0
"8973","Quiscalus nicaraguensis",0,0,0,0,0,0,0,0,0,0,0,0,0,0
"8974","Quiscalus niger",0,0,0,0,0,0,0,0,0,0,0,0,0,0
"8975","Quiscalus palustris",0,5,0,0,0,0,0,0,0,0,0,0,0,0
"8976","Quiscalus quiscula",0,0,0,0,6,0,0,0,0,0,0,0,0,0
"8977","Quoyornis georgianus",0,0,0,0,0,0,0,0,0,0,0,0,6,0
"8978","Radjah radjah",0,0,0,0,0,0,0,0,0,0,0,0,4,0
"8979","Rallicula forbesi",0,0,0,0,0,0,0,0,0,0,0,0,0,0
"8980","Rallicula leucospila",0,0,0,0,4,4,0,0,0,0,0,0,0,0
"8981","Rallicula mayri",0,0,0,0,0,0,0,0,0,0,0,0,6,0
"8982","Rallicula rubra",0,0,0,0,0,0,0,0,0,0,0,0,0,0
"8983","Rallina canningi",6,6,0,6,7,0,0,0,0,7,0,0,0,0
"8984","Rallina eurizonoides",0,0,0,0,0,0,0,0,0,0,0,0,0,0
"8985","Rallina fasciata",0,0,0,0,0,0,0,0,0,0,0,0,0,0
"8986","Rallina tricolor",0,0,0,0,0,0,0,0,0,0,0,0,0,0
"8987","Rallus antarcticus",0,6,5,0,0,4,0,0,5,6,0,0,0,0
"8988","Rallus aquaticus",0,0,0,0,0,0,0,0,0,0,0,0,6,0
"8989","Rallus caerulescens",0,0,0,0,0,0,0,0,0,0,0,0,0,0
"8990","Rallus crepitans",0,0,0,0,0,0,0,0,0,0,0,0,0,0
"8991","Rallus elegans",5,0,0,5,5,0,0,0,5,5,5,0,5,0
"8992","Rallus indicus",0,0,0,0,0,0,0,0,0,0,0,0,6,0
"8993","Rallus limicola",0,0,0,0,0,0,0,0,0,0,0,0,0,0
"8994","Rallus longirostris",0,0,0,0,0,0,0,0,0,0,0,0,0,0
"8995","Rallus madagascariensis",0,6,0,0,0,6,0,0,0,0,0,0,0,0
"8996","Rallus obsoletus",5,5,0,0,2,0,0,0,0,5,5,0,6,0
"8997","Rallus semiplumbeus",5,6,0,5,4,5,0,0,6,7,5,0,0,0
"8998","Rallus tenuirostris",5,5,0,0,0,0,0,0,0,0,0,0,0,0
"8999","Rallus wetmorei",7,0,5,5,5,0,0,0,0,0,6,0,0,0
"9000","Ramphastos ambiguus",0,5,0,0,5,5,0,0,0,0,0,0,0,0
"9001","Ramphastos ariel",0,6,0,0,5,5,0,0,0,0,0,0,0,0
"9002","Ramphastos brevis",0,0,0,0,0,0,0,0,0,0,0,0,0,0
"9003","Ramphastos citreolaemus",0,6,0,0,7,6,0,0,0,0,0,0,0,0
"9004","Ramphastos culminatus",0,5,0,0,5,5,0,0,0,0,0,0,0,0
"9005","Ramphastos cuvieri",0,0,0,0,0,0,0,0,0,0,0,0,0,0
"9006","Ramphastos dicolorus",0,0,0,0,0,0,0,0,0,0,0,0,0,0
"9007","Ramphastos sulfuratus",0,0,0,0,5,6,0,0,0,0,0,0,0,0
"9008","Ramphastos toco",0,0,0,0,0,0,0,0,0,0,0,0,0,0
"9009","Ramphastos tucanus",0,5,4,0,5,6,0,0,0,0,0,0,0,0
"9010","Ramphastos vitellinus",0,5,4,0,5,4,0,0,0,0,0,0,0,0
"9011","Ramphiculus epius",0,6,0,0,0,6,0,0,0,0,0,0,0,0
"9012","Ramphiculus fischeri",5,5,0,0,0,5,0,0,0,0,0,0,0,0
"9013","Ramphiculus jambu",0,6,0,0,5,6,0,0,5,0,0,0,0,0
"9014","Ramphiculus leclancheri",0,0,0,0,0,0,0,0,0,0,0,0,0,0
"9015","Ramphiculus mangoliensis",0,6,0,0,4,6,0,0,4,0,0,0,0,0
"9016","Ramphiculus marchei",5,0,5,5,6,7,0,4,0,0,0,0,0,0
"9017","Ramphiculus merrilli",0,5,0,0,5,5,0,0,0,0,0,0,0,0
"9018","Ramphiculus occipitalis",0,0,0,0,0,0,0,0,0,0,0,0,0,0
"9019","Ramphiculus subgularis",0,6,3,0,4,6,0,0,0,0,0,0,0,0
"9020","Ramphocaenus melanurus",0,0,0,0,0,0,0,0,0,0,0,0,0,0
"9021","Ramphocelus bresilius",0,0,0,0,0,0,0,0,0,0,0,0,0,0
"9022","Ramphocelus carbo",0,0,0,0,0,0,0,0,0,0,0,0,0,0
"9023","Ramphocelus dimidiatus",0,0,0,0,0,0,0,0,0,0,0,0,0,0
"9024","Ramphocelus flammigerus",0,0,0,0,0,0,0,0,0,0,0,0,0,0
"9025","Ramphocelus melanogaster",0,0,0,0,0,0,0,0,0,0,0,0,0,0
"9026","Ramphocelus nigrogularis",0,0,0,0,0,0,0,0,0,0,0,0,0,0
"9027","Ramphocelus passerinii",0,0,0,0,0,0,0,0,0,0,0,0,0,0
"9028","Ramphocelus sanguinolentus",0,0,0,0,0,0,0,0,0,0,0,0,0,0
"9029","Ramphocinclus brachyurus",7,6,0,5,0,5,0,0,0,7,5,0,7,0
"9030","Ramphocoris clotbey",0,0,0,0,0,0,0,0,0,0,0,0,0,0
"9031","Ramphodon naevius",6,6,2,6,0,0,0,0,0,0,0,0,0,0
"9032","Ramphomicron dorsale",0,5,0,0,0,5,0,0,5,0,0,0,5,0
"9033","Ramphomicron microrhynchum",0,0,0,0,0,0,0,0,0,0,0,0,0,0
"9034","Ramphotrigon fuscicauda",0,0,0,0,0,0,0,0,0,0,0,0,0,0
"9035","Ramphotrigon megacephalum",0,0,0,0,0,0,0,0,0,0,0,0,0,0
"9036","Ramphotrigon ruficauda",0,0,0,0,0,0,0,0,0,0,0,0,0,0
"9037","Ramsayornis fasciatus",0,0,0,0,0,0,0,0,0,0,0,0,0,0
"9038","Ramsayornis modestus",0,0,0,0,0,0,0,0,0,0,0,0,0,0
"9039","Randia pseudozosterops",0,7,0,0,0,7,0,0,0,0,0,0,6,0
"9040","Raphus cucullatus",0,0,0,0,5,0,0,0,0,4,0,0,0,0
"9041","Recurvirostra americana",0,0,0,0,0,0,0,0,0,0,0,0,0,0
"9042","Recurvirostra andina",0,0,0,0,0,0,0,0,0,0,0,0,0,0
"9043","Recurvirostra avosetta",0,0,0,0,0,0,0,0,0,0,0,0,0,0
"9044","Recurvirostra novaehollandiae",0,0,0,0,0,0,0,0,0,0,0,0,0,0
"9045","Regulus goodfellowi",0,0,0,0,0,0,0,0,0,0,0,0,6,0
"9046","Regulus ignicapilla",0,0,0,0,0,0,0,0,0,0,0,0,0,0
"9047","Regulus madeirensis",0,0,0,0,0,0,0,0,0,0,0,0,0,0
"9048","Regulus regulus",0,0,0,0,0,0,0,0,0,0,0,0,0,0
"9049","Regulus satrapa",0,0,0,0,0,0,0,0,0,0,0,0,0,0
"9050","Reinwardtoena browni",0,6,0,0,6,6,0,0,0,0,0,0,0,0
"9051","Reinwardtoena crassirostris",0,0,0,0,4,6,0,0,0,0,0,0,0,0
"9052","Reinwardtoena reinwardti",0,0,0,0,0,0,0,0,0,0,0,0,0,0
"9053","Remiz consobrinus",0,0,0,0,0,0,0,0,0,0,0,0,0,0
"9054","Remiz coronatus",0,0,0,0,0,0,0,0,0,0,0,0,0,0
"9055","Remiz pendulinus",0,0,0,0,0,0,0,0,0,0,0,0,0,0
"9056","Rhabdornis grandis",0,0,0,0,0,0,0,0,0,0,0,0,0,0
"9057","Rhabdornis inornatus",0,0,0,0,0,0,0,0,0,0,0,0,0,0
"9058","Rhabdornis mystacalis",0,0,0,0,0,0,0,0,0,0,0,0,0,0
"9059","Rhabdornis rabori",0,4,0,0,0,4,0,0,0,0,0,0,0,0
"9060","Rhabdotorrhinus corrugatus",0,8,0,0,6,6,0,0,6,0,0,0,0,0
"9061","Rhabdotorrhinus exarhatus",0,0,0,0,4,7,0,0,0,5,0,0,0,0
"9062","Rhabdotorrhinus leucocephalus",0,6,0,0,5,5,0,0,0,0,0,0,0,0
"9063","Rhabdotorrhinus waldeni",0,0,0,0,6,4,0,0,0,0,0,0,0,0
"9064","Rhagologus leucostigma",0,0,0,0,0,0,0,0,0,0,0,0,0,0
"9065","Rhamphocharis crassirostris",0,0,0,0,0,0,0,0,0,0,0,0,0,0
"9066","Rhamphocharis piperata",0,0,0,0,0,0,0,0,0,0,0,0,0,0
"9067","Rhamphococcyx calyorhynchus",0,0,0,0,0,0,0,0,0,0,0,0,0,0
"9068","Rhaphidura leucopygialis",0,0,0,0,0,0,0,0,0,0,0,0,0,0
"9069","Rhaphidura sabini",0,0,0,0,0,0,0,0,0,0,0,0,0,0
"9070","Rhea americana",0,6,0,0,6,0,0,0,0,0,0,0,0,0
"9071","Rhea pennata",5,5,0,0,5,0,0,0,0,0,0,0,0,0
"9072","Rhegmatorhina berlepschi",0,0,0,0,0,0,0,0,0,0,0,0,0,0
"9073","Rhegmatorhina cristata",0,0,0,0,0,0,0,0,0,0,0,0,0,0
"9074","Rhegmatorhina gymnops",0,7,5,0,0,0,0,0,6,0,0,0,0,0
"9075","Rhegmatorhina hoffmannsi",0,6,6,6,0,6,0,0,0,0,0,0,0,0
"9076","Rhegmatorhina melanosticta",0,0,0,0,0,0,0,0,0,0,0,0,0,0
"9077","Rheinardia nigrescens",0,0,0,0,4,4,0,0,0,0,0,0,0,0
"9078","Rheinardia ocellata",0,5,0,5,9,5,0,0,0,0,0,0,0,0
"9079","Rhinocrypta lanceolata",0,0,0,0,0,0,0,0,0,0,0,0,0,0
"9080","Rhinoplax vigil",0,6,0,6,8,6,0,0,6,0,0,0,0,0
"9081","Rhinopomastus aterrimus",0,0,0,0,0,0,0,0,0,0,0,0,0,0
"9082","Rhinopomastus castaneiceps",0,0,0,0,0,0,0,0,0,0,0,0,0,0
"9083","Rhinopomastus cyanomelas",0,0,0,0,0,0,0,0,0,0,0,0,0,0
"9084","Rhinopomastus minor",0,0,0,0,0,0,0,0,0,0,0,0,0,0
"9085","Rhinoptilus bitorquatus",0,5,5,0,5,5,0,5,0,0,0,0,0,0
"9086","Rhinoptilus chalcopterus",0,0,0,0,0,0,0,0,0,0,0,0,0,0
"9087","Rhinoptilus cinctus",0,0,0,0,0,0,0,0,0,0,0,0,0,0
"9088","Rhinortha chlorophaea",0,0,0,0,0,0,0,0,0,0,0,0,0,0
"9089","Rhipidura albicollis",0,0,0,0,0,0,0,0,0,0,0,0,0,0
"9090","Rhipidura albiscapa",0,0,0,0,0,0,0,0,0,0,0,0,0,0
"9091","Rhipidura albiventris",0,0,0,0,0,0,0,0,0,0,0,0,0,0
"9092","Rhipidura albogularis",0,0,0,0,0,0,0,0,0,0,0,0,0,0
"9093","Rhipidura albolimbata",0,0,0,0,0,0,0,0,0,0,0,0,0,0
"9094","Rhipidura assimilis",0,0,0,0,0,0,0,0,0,0,0,0,0,0
"9095","Rhipidura atra",0,0,0,0,0,0,0,0,0,0,0,0,0,0
"9096","Rhipidura aureola",0,0,0,0,0,0,0,0,0,0,0,0,0,0
"9097","Rhipidura bouruensis",0,0,0,0,0,0,0,0,0,0,0,0,0,0
"9098","Rhipidura brachyrhyncha",0,0,0,0,0,0,0,0,0,0,0,0,0,0
"9099","Rhipidura cinerea",0,0,0,0,0,0,0,0,0,0,0,0,0,0
"9100","Rhipidura cockerelli",0,0,0,0,0,6,0,0,0,0,0,0,0,0
"9101","Rhipidura coultasi",0,0,0,0,0,6,0,0,0,0,0,0,0,0
"9102","Rhipidura cyaniceps",0,0,0,0,0,0,0,0,0,0,0,0,0,0
"9103","Rhipidura dahli",0,0,0,0,0,0,0,0,0,0,0,0,0,0
"9104","Rhipidura dedemi",0,0,0,0,0,0,0,0,0,0,0,0,0,0
"9105","Rhipidura diluta",0,0,0,0,0,0,0,0,0,0,0,0,0,0
"9106","Rhipidura drownei",0,0,0,0,0,0,0,0,0,0,0,0,6,0
"9107","Rhipidura dryas",0,0,0,0,0,0,0,0,0,0,0,0,0,0
"9108","Rhipidura euryura",0,0,0,0,0,0,0,0,0,0,0,0,0,0
"9109","Rhipidura fuliginosa",0,0,0,0,0,0,0,0,0,0,0,0,0,0
"9110","Rhipidura fuscorufa",0,5,0,0,0,5,0,0,0,0,0,0,0,0
"9111","Rhipidura hoedti",0,0,0,0,0,0,0,0,0,0,0,0,0,0
"9112","Rhipidura hyperythra",0,0,0,0,0,0,0,0,0,0,0,0,0,0
"9113","Rhipidura isura",0,0,0,0,0,0,0,0,0,0,0,0,0,0
"9114","Rhipidura javanica",0,0,0,0,0,0,0,0,0,0,0,0,0,0
"9115","Rhipidura kordensis",0,0,0,0,0,0,0,0,0,0,0,0,0,0
"9116","Rhipidura kubaryi",0,0,0,0,0,0,0,0,0,0,0,0,0,0
"9117","Rhipidura layardi",0,0,0,0,0,0,0,0,0,0,0,0,0,0
"9118","Rhipidura lepida",0,0,0,0,0,0,0,0,0,0,0,0,6,0
"9119","Rhipidura leucophrys",0,0,0,0,0,0,0,0,0,0,0,0,0,0
"9120","Rhipidura leucothorax",0,0,0,0,0,0,0,0,0,0,0,0,0,0
"9121","Rhipidura maculipectus",0,0,0,0,0,0,0,0,0,0,0,0,0,0
"9122","Rhipidura malaitae",0,0,0,0,0,0,0,0,0,4,0,0,6,0
"9123","Rhipidura matthiae",0,0,0,0,0,6,0,0,0,0,0,0,0,0
"9124","Rhipidura melanolaema",0,0,0,0,0,0,0,0,0,0,0,0,0,0
"9125","Rhipidura nebulosa",0,0,0,0,0,0,0,0,0,0,0,0,6,0
"9126","Rhipidura nigritorquis",0,0,0,0,0,0,0,0,0,0,0,0,0,0
"9127","Rhipidura nigrocinnamomea",0,0,0,0,0,0,0,0,0,0,0,0,0,0
"9128","Rhipidura obiensis",0,0,0,0,0,0,0,0,0,0,0,0,0,0
"9129","Rhipidura ocularis",0,0,0,0,0,0,0,0,0,0,0,0,6,0
"9130","Rhipidura opistherythra",0,5,0,0,0,5,0,0,0,0,0,0,0,0
"9131","Rhipidura perlata",0,0,0,0,0,0,0,0,0,0,0,0,0,0
"9132","Rhipidura personata",0,6,0,0,0,0,0,0,6,0,0,0,0,0
"9133","Rhipidura phasiana",0,0,0,0,0,0,0,0,0,0,0,0,0,0
"9134","Rhipidura phoenicura",0,0,0,0,0,0,0,0,0,0,0,0,0,0
"9135","Rhipidura rennelliana",0,0,0,0,0,0,0,0,0,0,0,0,6,0
"9136","Rhipidura rufidorsa",0,0,0,0,0,0,0,0,0,0,0,0,0,0
"9137","Rhipidura rufifrons",0,0,0,0,0,0,0,0,0,0,0,0,0,0
"9138","Rhipidura rufilateralis",0,5,0,0,0,0,0,0,0,0,0,0,0,0
"9139","Rhipidura rufiventris",0,0,0,0,0,0,0,0,0,0,0,0,0,0
"9140","Rhipidura samarensis",0,0,0,0,0,0,0,0,0,0,0,0,0,0
"9141","Rhipidura sauli",0,6,0,0,0,5,0,0,0,0,0,0,0,0
"9142","Rhipidura semirubra",0,7,0,0,0,0,0,0,0,4,0,0,0,0
"9143","Rhipidura spilodera",0,0,0,0,0,0,0,0,0,0,0,0,0,0
"9144","Rhipidura superciliaris",0,0,0,0,0,0,0,0,0,0,0,0,0,0
"9145","Rhipidura superflua",0,0,0,0,0,0,0,0,0,0,0,0,0,0
"9146","Rhipidura tenebrosa",0,0,0,0,0,6,0,0,0,0,0,0,0,0
"9147","Rhipidura tenkatei",0,0,0,0,0,0,0,0,0,0,0,0,0,0
"9148","Rhipidura teysmanni",0,0,0,0,0,0,0,0,0,0,0,0,0,0
"9149","Rhipidura threnothorax",0,0,0,0,0,0,0,0,0,0,0,0,0,0
"9150","Rhipidura verreauxi",0,0,0,0,0,0,0,0,0,0,0,0,0,0
"9151","Rhizothera dulitensis",0,7,0,0,7,7,0,0,0,0,0,0,0,0
"9152","Rhizothera longirostris",0,5,0,0,0,6,0,0,5,0,0,0,0,0
"9153","Rhodacanthis flaviceps",0,0,0,0,0,4,0,0,0,0,0,0,0,0
"9154","Rhodacanthis palmeri",0,0,0,0,0,4,0,0,0,0,0,0,0,0
"9155","Rhodinocichla rosea",0,0,0,0,0,0,0,0,0,0,0,0,0,0
"9156","Rhodonessa caryophyllacea",0,6,0,0,3,0,0,0,0,7,0,0,0,0
"9157","Rhodopechys alienus",0,0,0,0,0,0,0,0,0,0,0,0,0,0
"9158","Rhodopechys sanguineus",0,0,0,0,0,0,0,0,0,0,0,0,0,0
"9159","Rhodophoneus cruentus",0,0,0,0,0,0,0,0,0,0,0,0,0,0
"9160","Rhodopis vesper",0,0,0,0,0,0,0,0,0,0,0,0,0,0
"9161","Rhodospingus cruentus",0,0,0,0,0,0,0,0,0,0,0,0,0,0
"9162","Rhodospiza obsoleta",0,0,0,0,0,0,0,0,0,0,0,0,0,0
"9163","Rhodostethia rosea",0,0,0,0,4,0,0,4,0,0,0,0,8,0
"9164","Rhopias gularis",0,0,0,0,0,0,0,0,0,0,0,0,0,0
"9165","Rhopophilus albosuperciliaris",0,0,0,0,0,0,0,0,0,0,0,0,0,0
"9166","Rhopophilus pekinensis",0,0,0,0,0,0,0,0,0,0,0,0,0,0
"9167","Rhopornis ardesiacus",0,8,0,0,0,7,0,0,0,0,0,0,6,0
"9168","Rhopospina fruticeti",0,0,0,0,0,0,0,0,0,0,0,0,0,0
"9169","Rhynchocyclus aequinoctialis",0,0,0,0,0,0,0,0,0,0,0,0,0,0
"9170","Rhynchocyclus brevirostris",0,0,0,0,0,0,0,0,0,0,0,0,0,0
"9171","Rhynchocyclus fulvipectus",0,0,0,0,0,0,0,0,0,0,0,0,0,0
"9172","Rhynchocyclus olivaceus",0,0,0,0,0,0,0,0,0,0,0,0,0,0
"9173","Rhynchocyclus pacificus",0,0,0,0,0,0,0,0,0,0,0,0,0,0
"9174","Rhynchophanes mccownii",0,0,0,0,0,0,0,0,0,0,0,0,0,0
"9175","Rhynchopsitta pachyrhyncha",0,7,0,0,7,8,0,0,4,0,0,0,5,0
"9176","Rhynchopsitta terrisi",0,6,0,0,5,5,0,0,6,0,0,0,6,0
"9177","Rhynchortyx cinctus",0,5,0,0,5,0,0,0,0,4,0,0,0,0
"9178","Rhynchospiza dabbenei",0,0,0,0,0,0,0,0,0,0,0,0,0,0
"9179","Rhynchospiza stolzmanni",0,0,0,0,0,0,0,0,0,0,0,0,0,0
"9180","Rhynchospiza strigiceps",0,0,0,0,0,0,0,0,0,0,0,0,0,0
"9181","Rhynchostruthus louisae",0,0,0,0,0,7,0,0,0,0,0,0,6,0
"9182","Rhynchostruthus percivali",0,5,0,0,0,5,0,0,0,0,0,0,0,0
"9183","Rhynchostruthus socotranus",0,0,0,0,0,0,0,0,0,0,0,0,6,0
"9184","Rhynchotus maculicollis",0,0,0,0,0,0,0,0,0,0,0,0,0,0
"9185","Rhynchotus rufescens",0,0,0,0,0,0,0,0,0,0,0,0,0,0
"9186","Rhynochetos jubatus",0,4,4,0,0,4,0,0,5,7,0,0,0,0
"9187","Rhyticeros cassidix",0,0,5,0,5,7,0,0,3,0,0,0,0,0
"9188","Rhyticeros everetti",0,5,0,0,5,6,0,0,7,0,0,0,0,0
"9189","Rhyticeros narcondami",3,2,0,0,4,4,0,0,0,5,0,0,4,0
"9190","Rhyticeros plicatus",0,0,0,0,0,0,0,0,0,0,0,0,0,0
"9191","Rhyticeros subruficollis",0,5,0,0,6,7,0,0,0,0,0,0,0,0
"9192","Rhyticeros undulatus",0,6,0,0,6,0,0,0,0,0,0,0,0,0
"9193","Rhytipterna holerythra",0,0,0,0,0,0,0,0,0,0,0,0,0,0
"9194","Rhytipterna immunda",0,0,0,0,0,0,0,0,0,0,0,0,0,0
"9195","Rhytipterna simplex",0,0,0,0,0,0,0,0,0,0,0,0,0,0
"9196","Riccordia bicolor",0,0,0,0,0,0,0,0,0,0,0,0,0,0
"9197","Riccordia bracei",0,0,0,0,0,0,0,4,0,0,0,0,0,0
"9198","Riccordia elegans",0,0,0,0,0,4,0,0,0,5,0,0,0,0
"9199","Riccordia maugaeus",0,0,0,0,0,0,0,0,0,0,0,0,0,0
"9200","Riccordia ricordii",0,0,0,0,0,0,0,0,0,0,0,0,0,0
"9201","Riccordia swainsonii",0,0,0,0,0,0,0,0,0,0,0,0,0,0
"9202","Ridgwayia pinicola",0,0,0,0,0,0,0,0,0,0,0,0,0,0
"9203","Rigidipenna inexpectata",0,5,0,0,0,5,0,0,0,0,0,0,0,0
"9204","Riparia chinensis",0,0,0,0,0,0,0,0,0,0,0,0,0,0
"9205","Riparia congica",0,0,0,0,0,0,0,0,0,0,0,0,0,0
"9206","Riparia cowani",0,0,0,0,0,0,0,0,0,0,0,0,0,0
"9207","Riparia diluta",0,0,0,0,0,0,0,0,0,0,0,0,0,0
"9208","Riparia paludicola",0,0,0,0,0,0,0,0,0,0,0,0,0,0
"9209","Riparia riparia",0,0,4,0,0,0,0,0,4,0,6,0,4,0
"9210","Rissa brevirostris",0,0,0,0,4,0,7,0,0,4,0,0,7,0
"9211","Rissa tridactyla",0,0,0,0,0,0,5,0,0,4,6,0,5,0
"9212","Robsonius rabori",0,0,0,0,0,6,0,0,0,0,0,0,0,0
"9213","Robsonius sorsogonensis",0,6,0,0,0,6,0,0,0,0,0,0,0,0
"9214","Robsonius thompsoni",0,0,0,0,0,6,0,0,0,0,0,0,0,0
"9215","Rollandia microptera",0,0,0,0,5,5,8,6,4,5,6,0,0,0
"9216","Rollandia rolland",0,0,0,0,0,0,0,0,0,0,0,0,0,0
"9217","Rollulus rouloul",0,6,0,0,6,5,0,0,3,0,0,0,0,0
"9218","Roraimia adusta",0,0,0,0,0,0,0,0,0,0,0,0,0,0
"9219","Rostratula australis",0,7,0,0,0,0,0,0,7,4,0,0,7,0
"9220","Rostratula benghalensis",0,0,0,0,0,0,0,0,0,0,0,0,0,0
"9221","Rostrhamus sociabilis",0,0,0,0,0,0,0,0,0,0,0,0,0,0
"9222","Rougetius rougetii",0,5,0,0,0,5,0,0,0,0,0,0,4,0
"9223","Rowettia goughensis",0,0,0,0,0,0,0,0,0,9,0,0,0,0
"9224","Rubigula dispar",0,0,0,0,7,4,0,0,0,0,0,0,0,0
"9225","Rubigula flaviventris",0,0,0,0,0,0,0,0,0,0,0,0,0,0
"9226","Rubigula gularis",0,0,0,0,0,0,0,0,0,0,0,0,0,0
"9227","Rubigula melanictera",0,0,0,0,0,0,0,0,0,0,0,0,0,0
"9228","Rubigula montis",0,0,0,0,0,0,0,0,0,0,0,0,0,0
"9229","Rufirallus castaneiceps",0,0,0,0,0,0,0,0,0,0,0,0,0,0
"9230","Rufirallus viridis",0,0,0,0,0,0,0,0,0,0,0,0,0,0
"9231","Rukia longirostra",3,5,0,0,0,0,0,0,0,0,0,0,4,0
"9232","Rukia ruki",5,5,0,0,0,5,0,0,0,6,0,0,7,0
"9233","Rupicola peruvianus",0,0,0,0,0,0,0,0,0,0,0,0,0,0
"9234","Rupicola rupicola",0,0,0,0,0,0,0,0,0,0,0,0,0,0
"9235","Rupornis magnirostris",0,0,0,0,0,0,0,0,0,0,0,0,0,0
"9236","Rynchops albicollis",0,6,6,0,6,0,0,6,7,7,5,0,0,0
"9237","Rynchops flavirostris",0,0,0,5,5,0,7,6,5,7,7,0,0,0
"9238","Rynchops niger",0,0,0,0,0,0,0,0,0,0,0,0,0,0
"9239","Sagittarius serpentarius",5,6,0,0,6,0,0,6,5,0,0,0,3,0
"9240","Sakesphorus canadensis",0,0,0,0,0,0,0,0,0,0,0,0,0,0
"9241","Sakesphorus cristatus",0,0,0,0,0,0,0,0,0,0,0,0,0,0
"9242","Sakesphorus luctuosus",0,0,0,0,0,0,0,0,0,0,0,0,0,0
"9243","Sakesphorus pulchellus",0,0,0,0,0,0,0,0,0,0,0,0,0,0
"9244","Salpinctes obsoletus",0,0,0,0,0,0,0,0,0,0,0,0,0,0
"9245","Salpornis salvadori",0,0,0,0,0,0,0,0,0,0,0,0,0,0
"9246","Salpornis spilonota",0,0,0,0,0,0,0,0,0,0,0,0,0,0
"9247","Saltator albicollis",0,0,0,0,0,0,0,0,0,0,0,0,0,0
"9248","Saltator atriceps",0,0,0,0,0,0,0,0,0,0,0,0,0,0
"9249","Saltator atricollis",0,0,0,0,0,0,0,0,0,0,0,0,0,0
"9250","Saltator atripennis",0,0,0,0,0,0,0,0,0,0,0,0,0,0
"9251","Saltator aurantiirostris",0,0,0,0,0,0,0,0,0,0,0,0,0,0
"9252","Saltator cinctus",0,6,5,0,0,6,0,0,0,0,0,0,0,0
"9253","Saltator coerulescens",0,0,0,0,0,0,0,0,0,0,0,0,0,0
"9254","Saltator fuliginosus",0,0,0,0,0,0,0,0,0,0,0,0,0,0
"9255","Saltator grandis",0,0,0,0,0,0,0,0,0,0,0,0,0,0
"9256","Saltator grossus",0,0,0,0,0,0,0,0,0,0,0,0,0,0
"9257","Saltator maxillosus",0,0,0,0,0,0,0,0,0,0,0,0,0,0
"9258","Saltator maximus",0,0,0,0,0,0,0,0,0,0,0,0,0,0
"9259","Saltator multicolor",0,0,0,0,0,0,0,0,0,0,0,0,0,0
"9260","Saltator nigriceps",0,0,0,0,0,0,0,0,0,0,0,0,0,0
"9261","Saltator olivascens",0,0,0,0,0,0,0,0,0,0,0,0,0,0
"9262","Saltator orenocensis",0,0,0,0,0,0,0,0,0,0,0,0,0,0
"9263","Saltator similis",0,0,0,0,0,0,0,0,0,0,0,0,0,0
"9264","Saltator striatipectus",0,0,0,0,0,0,0,0,0,0,0,0,0,0
"9265","Salvadorina waigiuensis",0,0,6,0,6,6,0,0,0,6,0,0,0,0
"9266","Sapayoa aenigma",0,0,0,0,0,0,0,0,0,0,0,0,0,0
"9267","Sappho sparganurus",0,0,0,0,0,0,0,0,0,0,0,0,0,0
"9268","Sarcogyps calvus",0,6,0,7,7,5,0,0,6,0,8,0,0,0
"9269","Sarcophanops samarensis",0,6,5,0,0,6,0,0,0,0,0,0,0,0
"9270","Sarcophanops steerii",0,5,5,0,0,7,0,0,5,0,0,0,0,0
"9271","Sarcops calvus",0,0,0,0,0,0,0,0,0,0,0,0,0,0
"9272","Sarcoramphus papa",0,5,0,0,5,5,0,0,0,0,0,0,0,0
"9273","Sarkidiornis melanotos",0,0,0,0,5,5,0,0,5,4,5,0,0,0
"9274","Sarkidiornis sylvicola",0,0,0,0,5,5,0,0,5,4,5,0,0,0
"9275","Saroglossa spilopterus",0,0,0,0,0,0,0,0,0,0,0,0,0,0
"9276","Sarothrura affinis",0,5,0,0,0,0,0,0,5,0,0,0,0,0
"9277","Sarothrura ayresi",0,7,5,0,0,5,0,5,5,5,4,0,0,8
"9278","Sarothrura boehmi",0,0,0,0,0,0,0,0,0,0,0,0,0,0
"9279","Sarothrura elegans",0,0,0,0,0,0,0,0,0,4,0,0,0,0
"9280","Sarothrura insularis",0,0,0,0,0,0,0,0,0,0,0,0,0,0
"9281","Sarothrura lugens",7,0,0,0,0,0,0,0,0,0,0,0,0,0
"9282","Sarothrura pulchra",0,0,0,0,0,0,0,0,0,0,0,0,0,0
"9283","Sarothrura rufa",0,0,0,0,0,0,0,0,0,0,0,0,0,0
"9284","Sarothrura watersi",0,6,6,0,0,0,0,0,0,0,0,0,5,0
"9285","Sasia abnormis",0,0,0,0,0,0,0,0,0,0,0,0,0,0
"9286","Sasia ochracea",0,0,0,0,0,0,0,0,0,0,0,0,0,0
"9287","Satrapa icterophrys",0,0,0,0,0,0,0,0,0,0,0,0,0,0
"9288","Saucerottia beryllina",0,0,0,0,0,0,0,0,0,0,0,0,0,0
"9289","Saucerottia castaneiventris",4,4,4,4,4,4,0,0,0,0,0,0,0,0
"9290","Saucerottia cupreicauda",0,0,0,0,0,0,0,0,0,0,0,0,0,0
"9291","Saucerottia cyanocephala",0,0,0,0,0,0,0,0,0,0,0,0,0,0
"9292","Saucerottia cyanura",0,0,0,0,0,0,0,0,0,0,0,0,0,0
"9293","Saucerottia edward",0,0,0,0,0,0,0,0,0,0,0,0,0,0
"9294","Saucerottia saucerottei",0,0,0,0,0,0,0,0,0,0,0,0,0,0
"9295","Saucerottia tobaci",0,0,0,0,0,0,0,0,0,0,0,0,0,0
"9296","Saucerottia viridigaster",0,0,0,0,0,0,0,0,0,0,0,0,0,0
"9297","Saundersilarus saundersi",6,7,4,0,6,0,4,0,0,6,0,0,0,0
"9298","Saxicola caprata",0,0,0,0,0,0,0,0,0,0,0,0,0,0
"9299","Saxicola dacotiae",7,6,6,0,0,0,0,6,0,6,0,0,0,0
"9300","Saxicola ferreus",0,0,0,0,0,0,0,0,0,0,0,0,0,0
"9301","Saxicola gutturalis",0,4,0,0,0,5,0,0,0,0,0,0,0,0
"9302","Saxicola insignis",0,6,0,0,0,6,0,0,6,0,0,0,6,0
"9303","Saxicola jerdoni",0,0,0,0,0,0,0,0,0,0,0,0,0,0
"9304","Saxicola leucurus",0,0,0,0,0,0,0,0,0,0,0,0,0,0
"9305","Saxicola macrorhynchus",0,6,0,0,0,0,0,0,3,0,6,0,0,0
"9306","Saxicola rubetra",0,0,0,0,0,0,0,0,0,0,0,0,0,0
"9307","Saxicola tectes",0,0,0,0,0,0,0,0,0,0,0,0,0,0
"9308","Saxicola torquatus",0,4,0,0,0,0,0,4,4,0,0,0,4,0
"9309","Sayornis nigricans",0,0,0,0,0,0,0,0,0,0,0,0,0,0
"9310","Sayornis phoebe",0,0,0,0,0,0,0,0,0,0,0,0,0,0
"9311","Sayornis saya",0,0,0,0,0,0,0,0,0,0,0,0,0,0
"9312","Scelorchilus albicollis",0,0,0,0,0,0,0,0,0,0,0,0,0,0
"9313","Scelorchilus rubecula",0,0,0,0,0,0,0,0,0,0,0,0,0,0
"9314","Scenopoeetes dentirostris",0,0,0,0,0,0,0,0,0,0,0,0,7,0
"9315","Scepomycter winifredae",0,5,0,0,0,0,0,0,0,0,0,0,6,0
"9316","Schetba rufa",0,0,0,0,0,0,0,0,0,0,0,0,0,0
"9317","Schiffornis aenea",0,0,0,0,0,0,0,0,0,0,0,0,0,0
"9318","Schiffornis major",0,0,0,0,0,0,0,0,0,0,0,0,0,0
"9319","Schiffornis olivacea",0,0,0,0,0,0,0,0,0,0,0,0,0,0
"9320","Schiffornis stenorhyncha",0,0,0,0,0,0,0,0,0,0,0,0,0,0
"9321","Schiffornis turdina",0,0,0,0,0,0,0,0,0,0,0,0,0,0
"9322","Schiffornis veraepacis",0,0,0,0,0,0,0,0,0,0,0,0,0,0
"9323","Schiffornis virescens",0,0,0,0,0,0,0,0,0,0,0,0,0,0
"9324","Schistes albogularis",0,0,0,0,0,0,0,0,0,0,0,0,0,0
"9325","Schistes geoffroyi",0,0,0,0,0,0,0,0,0,0,0,0,0,0
"9326","Schistochlamys melanopis",0,0,0,0,0,0,0,0,0,0,0,0,0,0
"9327","Schistochlamys ruficapillus",0,0,0,0,0,0,0,0,0,0,0,0,0,0
"9328","Schistolais leontica",5,6,3,5,0,6,0,0,0,0,0,0,6,0
"9329","Schistolais leucopogon",0,0,0,0,0,0,0,0,0,0,0,0,0,0
"9330","Schoenicola platyurus",5,7,0,0,0,0,0,0,0,7,0,0,0,0
"9331","Schoenicola striatus",0,7,0,0,0,5,0,0,6,5,0,0,0,0
"9332","Schoeniophylax phryganophilus",0,0,0,0,0,0,0,0,0,0,0,0,0,0
"9333","Schoeniparus brunneus",0,0,0,0,0,0,0,0,0,0,0,0,0,0
"9334","Schoeniparus castaneceps",0,0,0,0,0,0,0,0,0,0,0,0,0,0
"9335","Schoeniparus cinereus",0,0,0,0,0,0,0,0,0,0,0,0,0,0
"9336","Schoeniparus dubius",0,0,0,0,0,0,0,0,0,0,0,0,0,0
"9337","Schoeniparus klossi",0,0,0,0,0,0,0,0,0,0,0,0,0,0
"9338","Schoeniparus rufogularis",0,0,0,0,0,0,0,0,0,0,0,0,0,0
"9339","Schoeniparus variegaticeps",0,6,0,0,0,6,0,0,5,0,0,0,0,0
"9340","Schoutedenapus myoptilus",0,0,0,0,0,0,0,0,0,0,0,0,0,0
"9341","Sciaphylax castanea",0,0,0,0,0,0,0,0,0,0,0,0,0,0
"9342","Sciaphylax hemimelaena",0,0,0,0,0,0,0,0,0,0,0,0,0,0
"9343","Scissirostrum dubium",0,0,0,0,5,6,0,0,0,0,0,0,0,0
"9344","Sclateria naevia",0,0,0,0,0,0,0,0,0,0,0,0,0,0
"9345","Scleroptila afra",0,0,0,0,0,0,0,0,0,0,0,0,6,0
"9346","Scleroptila elgonensis",0,6,0,0,7,0,0,0,0,0,0,0,0,0
"9347","Scleroptila finschi",0,0,0,0,0,0,0,0,0,0,0,0,0,0
"9348","Scleroptila gutturalis",0,0,0,0,0,0,0,0,0,0,0,0,0,0
"9349","Scleroptila levaillantii",0,0,0,0,0,0,0,0,0,0,0,0,0,0
"9350","Scleroptila psilolaema",0,6,0,0,0,0,0,0,0,0,0,0,0,0
"9351","Scleroptila shelleyi",0,0,0,0,0,0,0,0,0,0,0,0,0,0
"9352","Scleroptila streptophora",0,6,0,0,0,6,0,0,0,0,0,0,0,0
"9353","Scleroptila whytei",0,0,0,0,0,0,0,0,0,0,0,0,0,0
"9354","Sclerurus albigularis",0,5,0,0,0,0,0,0,0,0,0,0,0,0
"9355","Sclerurus caudacutus",0,0,0,0,0,0,0,0,0,0,0,0,0,0
"9356","Sclerurus cearensis",0,0,0,0,0,8,0,0,0,0,0,0,0,0
"9357","Sclerurus guatemalensis",0,0,0,0,0,0,0,0,0,0,0,0,0,0
"9358","Sclerurus mexicanus",0,0,0,0,0,0,0,0,0,0,0,0,0,0
"9359","Sclerurus rufigularis",0,0,0,0,0,0,0,0,0,0,0,0,0,0
"9360","Sclerurus scansor",0,0,0,0,0,0,0,0,0,0,0,0,0,0
"9361","Scolopax bukidnonensis",0,0,0,0,0,0,0,0,0,0,0,0,0,0
"9362","Scolopax celebensis",0,0,0,0,6,4,0,0,4,6,0,0,7,0
"9363","Scolopax minor",0,0,0,0,0,0,0,0,0,0,0,0,0,0
"9364","Scolopax mira",0,0,0,4,4,6,0,0,0,6,0,0,0,0
"9365","Scolopax rochussenii",5,5,5,0,2,5,0,0,0,0,4,0,0,0
"9366","Scolopax rosenbergii",0,0,0,0,0,0,0,0,0,0,0,0,0,0
"9367","Scolopax rusticola",0,0,0,0,0,0,0,0,0,0,0,0,0,0
"9368","Scolopax saturata",0,5,0,0,0,5,0,0,0,0,0,0,8,0
"9369","Scopus umbretta",0,0,0,0,0,0,0,0,0,0,0,0,0,0
"9370","Scotocerca inquieta",0,0,0,0,0,0,0,0,0,0,0,0,0,0
"9371","Scotopelia bouvieri",0,0,0,0,0,0,0,0,0,0,0,0,0,0
"9372","Scotopelia peli",0,0,0,0,0,0,0,0,0,0,0,0,0,0
"9373","Scotopelia ussheri",0,6,0,0,5,7,6,0,0,0,6,0,4,0
"9374","Scytalopus acutirostris",0,0,0,0,0,0,0,0,0,0,0,0,0,0
"9375","Scytalopus affinis",0,0,0,0,0,0,0,0,0,0,0,0,0,0
"9376","Scytalopus altirostris",0,0,0,0,0,0,0,0,0,0,0,0,0,0
"9377","Scytalopus alvarezlopezi",0,0,0,0,0,4,0,0,0,0,0,0,4,0
"9378","Scytalopus argentifrons",0,0,0,0,0,0,0,0,0,0,0,0,0,0
"9379","Scytalopus atratus",0,0,0,0,0,0,0,0,0,0,0,0,0,0
"9380","Scytalopus bolivianus",0,0,0,0,0,0,0,0,0,0,0,0,0,0
"9381","Scytalopus canus",0,5,0,0,0,5,0,0,5,0,0,0,6,0
"9382","Scytalopus caracae",0,0,0,0,0,0,0,0,0,0,0,0,6,0
"9383","Scytalopus chocoensis",0,0,0,0,0,0,0,0,0,0,0,0,0,0
"9384","Scytalopus diamantinensis",6,6,0,0,0,6,0,0,6,0,0,0,0,0
"9385","Scytalopus femoralis",0,0,0,0,0,0,0,0,0,0,0,0,0,0
"9386","Scytalopus fuscus",0,0,0,0,0,0,0,0,0,0,0,0,0,0
"9387","Scytalopus gettyae",0,0,0,0,0,5,0,0,0,0,0,0,0,0
"9388","Scytalopus gonzagai",0,6,0,0,0,6,0,0,6,0,0,0,0,0
"9389","Scytalopus griseicollis",0,0,0,0,0,0,0,0,0,0,0,0,0,0
"9390","Scytalopus iraiensis",6,5,5,5,0,0,0,0,6,6,0,0,0,0
"9391","Scytalopus latebricola",0,0,0,0,0,4,0,0,0,0,0,0,6,0
"9392","Scytalopus latrans",0,0,0,0,0,0,0,0,0,0,0,0,0,0
"9393","Scytalopus macropus",0,0,0,0,0,0,0,0,0,0,0,0,0,0
"9394","Scytalopus magellanicus",0,0,0,0,0,0,0,0,0,0,0,0,0,0
"9395","Scytalopus meridanus",0,0,0,0,0,0,0,0,0,0,0,0,0,0
"9396","Scytalopus micropterus",0,0,0,0,0,0,0,0,0,0,0,0,0,0
"9397","Scytalopus novacapitalis",0,6,6,0,0,0,0,0,5,0,6,0,0,0
"9398","Scytalopus opacus",0,0,0,0,0,0,0,0,0,0,0,0,0,0
"9399","Scytalopus pachecoi",0,0,0,0,0,4,0,0,0,0,0,0,0,0
"9400","Scytalopus panamensis",0,5,5,5,0,0,0,0,0,0,0,0,5,0
"9401","Scytalopus parkeri",0,0,0,0,0,0,0,0,0,0,0,0,0,0
"9402","Scytalopus parvirostris",0,0,0,0,0,4,0,0,0,0,0,0,0,0
"9403","Scytalopus perijanus",5,6,4,4,0,0,0,0,0,0,0,0,0,0
"9404","Scytalopus petrophilus",0,0,0,0,0,0,0,0,0,0,0,0,0,0
"9405","Scytalopus robbinsi",0,8,0,0,0,0,0,0,0,0,0,0,7,0
"9406","Scytalopus rodriguezi",0,6,0,0,0,6,0,0,0,0,0,0,0,0
"9407","Scytalopus sanctaemartae",0,5,0,0,0,5,0,0,0,0,0,0,0,0
"9408","Scytalopus schulenbergi",0,0,0,0,0,0,0,0,0,0,0,0,0,0
"9409","Scytalopus simonsi",0,0,0,0,0,0,0,0,0,0,0,0,0,0
"9410","Scytalopus speluncae",0,0,0,0,0,0,0,0,0,0,0,0,0,0
"9411","Scytalopus spillmanni",0,0,0,0,0,0,0,0,0,0,0,0,0,0
"9412","Scytalopus stilesi",0,5,0,0,0,5,0,0,0,0,0,0,0,0
"9413","Scytalopus superciliaris",0,0,0,0,0,0,0,0,0,0,0,0,0,0
"9414","Scytalopus unicolor",0,5,0,0,0,0,0,0,5,0,0,0,0,0
"9415","Scytalopus urubambae",0,0,0,0,0,4,0,0,4,0,0,0,0,0
"9416","Scytalopus vicinior",0,0,0,0,0,0,0,0,0,0,0,0,0,0
"9417","Scytalopus zimmeri",0,0,0,0,0,0,0,0,0,0,0,0,0,0
"9418","Scythrops novaehollandiae",0,0,0,0,0,0,0,0,0,0,0,0,0,0
"9419","Seiurus aurocapilla",0,0,0,0,0,0,0,0,0,0,0,0,0,0
"9420","Selasphorus ardens",0,6,0,0,0,0,0,0,6,0,6,0,6,0
"9421","Selasphorus calliope",0,0,0,0,0,0,0,0,0,0,0,0,0,0
"9422","Selasphorus ellioti",0,6,0,0,0,6,0,0,0,0,0,0,0,0
"9423","Selasphorus flammula",0,0,0,0,0,0,0,0,0,0,0,0,0,0
"9424","Selasphorus heloisa",0,0,0,0,0,0,0,0,0,0,0,0,0,0
"9425","Selasphorus platycercus",0,0,0,0,0,0,0,0,0,0,0,0,0,0
"9426","Selasphorus rufus",0,0,0,0,0,5,0,0,0,0,0,0,6,0
"9427","Selasphorus sasin",0,0,0,0,0,0,0,0,0,0,0,0,0,0
"9428","Selasphorus scintilla",0,0,0,0,0,0,0,0,0,0,0,0,0,0
"9429","Selenidera gouldii",0,5,0,0,0,5,0,0,0,0,0,0,0,0
"9430","Selenidera langsdorffii",0,0,0,0,0,0,0,0,0,0,0,0,0,0
"9431","Selenidera maculirostris",0,0,0,0,0,0,0,0,0,0,0,0,0,0
"9432","Selenidera nattereri",0,0,0,0,0,0,0,0,0,0,0,0,0,0
"9433","Selenidera piperivora",0,0,0,0,0,0,0,0,0,0,0,0,0,0
"9434","Selenidera reinwardtii",0,0,0,0,0,0,0,0,0,0,0,0,0,0
"9435","Selenidera spectabilis",0,0,0,0,0,0,0,0,0,0,0,0,0,0
"9436","Seleucidis melanoleucus",0,0,0,0,0,0,0,0,0,0,0,0,0,0
"9437","Semioptera wallacii",5,6,5,5,0,6,0,4,5,0,0,0,0,0
"9438","Semnornis frantzii",0,0,0,0,0,0,0,0,0,0,0,0,0,0
"9439","Semnornis ramphastinus",5,5,4,0,7,5,0,0,0,4,0,0,0,0
"9440","Sephanoides fernandensis",0,3,0,0,0,6,0,0,0,7,0,2,4,0
"9441","Sephanoides sephaniodes",0,0,0,0,0,0,0,0,0,0,0,0,0,0
"9442","Sericornis beccarii",0,0,0,0,0,0,0,0,0,0,0,0,0,0
"9443","Sericornis frontalis",0,0,0,0,0,0,0,0,0,0,0,0,5,0
"9444","Sericornis humilis",0,0,0,0,0,0,0,0,0,0,0,0,0,0
"9445","Sericornis keri",0,0,0,0,0,0,0,0,0,0,0,0,7,0
"9446","Sericornis magnirostra",0,0,0,0,0,0,0,0,0,0,0,0,0,0
"9447","Sericornis nouhuysi",0,0,0,0,0,0,0,0,0,0,0,0,0,0
"9448","Sericossypha albocristata",0,7,0,0,0,0,0,0,0,0,0,0,0,0
"9449","Sericulus ardens",0,0,0,0,0,0,0,0,0,0,0,0,0,0
"9450","Sericulus aureus",0,0,0,0,0,0,0,0,0,0,0,0,0,0
"9451","Sericulus bakeri",0,5,0,0,6,6,0,0,0,0,0,0,6,0
"9452","Sericulus chrysocephalus",0,0,0,0,0,0,0,0,0,0,0,0,0,0
"9453","Serilophus lunatus",0,0,0,0,0,0,0,0,0,0,0,0,0,0
"9454","Serilophus rubropygius",0,0,0,0,0,0,0,0,0,0,0,0,0,0
"9455","Serinus alario",0,0,0,0,0,0,0,0,0,0,0,0,6,0
"9456","Serinus canaria",0,0,0,0,0,0,0,0,0,0,0,0,0,0
"9457","Serinus canicollis",0,0,0,0,0,0,0,0,0,0,0,0,0,0
"9458","Serinus flavivertex",0,0,0,0,0,0,0,0,0,0,0,0,0,0
"9459","Serinus nigriceps",0,0,0,0,0,0,0,0,0,0,0,0,6,0
"9460","Serinus pusillus",0,0,0,0,0,0,0,0,0,0,0,0,0,0
"9461","Serinus serinus",0,0,0,0,0,0,0,0,0,0,0,0,0,0
"9462","Serinus syriacus",0,7,3,4,5,6,0,7,7,4,4,0,5,0
"9463","Serpophaga cinerea",0,0,0,0,0,0,0,0,0,0,0,0,0,0
"9464","Serpophaga griseicapilla",0,0,0,0,0,0,0,0,0,0,0,0,0,0
"9465","Serpophaga hypoleuca",0,0,0,0,0,0,0,0,0,0,0,0,0,0
"9466","Serpophaga nigricans",0,0,0,0,0,0,0,0,0,0,0,0,0,0
"9467","Serpophaga subcristata",0,0,0,0,0,0,0,0,0,0,0,0,0,0
"9468","Setopagis heterura",0,0,0,0,0,0,0,0,0,0,0,0,0,0
"9469","Setopagis maculosa",0,0,0,0,0,0,0,0,0,0,0,0,0,0
"9470","Setopagis parvula",0,0,0,0,0,0,0,0,0,0,0,0,0,0
"9471","Setopagis whitelyi",0,0,0,0,0,0,0,0,0,0,0,0,6,0
"9472","Setophaga adelaidae",0,0,0,0,0,0,0,0,0,0,0,0,0,0
"9473","Setophaga americana",0,0,0,0,0,0,0,0,0,0,0,0,0,0
"9474","Setophaga angelae",7,6,0,0,0,0,0,0,0,0,0,0,6,0
"9475","Setophaga auduboni",0,0,0,0,0,0,0,0,0,0,0,0,0,0
"9476","Setophaga caerulescens",0,0,0,0,0,0,0,0,0,0,0,0,7,0
"9477","Setophaga castanea",0,0,0,0,0,0,0,0,0,0,0,0,0,0
"9478","Setophaga cerulea",4,6,4,0,0,6,0,0,0,6,0,0,0,0
"9479","Setophaga chrysoparia",7,6,0,6,0,6,0,0,6,6,0,0,6,0
"9480","Setophaga citrina",0,0,0,0,0,0,0,0,0,0,0,0,0,0
"9481","Setophaga coronata",0,0,0,0,0,0,0,0,0,0,0,0,0,0
"9482","Setophaga delicata",0,0,0,0,0,0,0,0,0,0,0,0,0,0
"9483","Setophaga discolor",0,0,0,0,0,0,0,0,0,0,0,0,0,0
"9484","Setophaga dominica",0,0,0,0,0,0,0,0,0,0,0,0,0,0
"9485","Setophaga flavescens",6,0,0,0,0,5,0,6,6,5,0,0,7,0
"9486","Setophaga fusca",0,0,0,0,0,0,0,0,0,0,0,0,7,0
"9487","Setophaga graciae",0,0,0,0,0,0,0,0,0,0,0,0,0,0
"9488","Setophaga graysoni",0,0,0,0,0,0,0,0,0,7,0,0,0,0
"9489","Setophaga kirtlandii",0,0,0,0,0,4,0,0,6,6,0,0,6,0
"9490","Setophaga magnolia",0,0,0,0,0,0,0,0,0,0,0,0,7,0
"9491","Setophaga nigrescens",0,0,0,0,0,0,0,0,0,0,0,0,0,0
"9492","Setophaga occidentalis",0,0,0,0,0,0,0,0,0,0,0,0,0,0
"9493","Setophaga palmarum",0,0,0,0,0,0,0,0,0,0,0,0,7,0
"9494","Setophaga pensylvanica",0,0,0,0,0,0,0,0,0,0,0,0,0,0
"9495","Setophaga petechia",0,0,0,0,0,0,0,0,0,0,0,0,7,0
"9496","Setophaga pharetra",0,0,0,0,0,0,0,0,0,0,0,0,0,0
"9497","Setophaga pinus",0,0,0,0,0,0,0,0,0,0,0,0,0,0
"9498","Setophaga pitiayumi",0,0,0,0,0,0,0,0,0,0,0,0,0,0
"9499","Setophaga pityophila",0,0,0,0,0,0,0,0,0,0,0,0,0,0
"9500","Setophaga plumbea",0,0,0,0,0,0,0,0,0,0,0,0,0,0
"9501","Setophaga ruticilla",0,0,0,0,0,0,0,0,0,0,0,0,7,0
"9502","Setophaga striata",0,0,4,0,0,0,0,0,0,0,0,0,7,0
"9503","Setophaga subita",3,5,0,0,0,0,0,0,0,5,5,0,6,0
"9504","Setophaga tigrina",0,0,0,0,0,0,0,0,0,0,0,0,0,0
"9505","Setophaga townsendi",0,0,0,0,0,0,0,0,0,0,0,0,0,0
"9506","Setophaga virens",0,0,0,0,0,0,0,0,0,0,0,0,7,0
"9507","Setophaga vitellina",4,0,0,0,5,0,0,3,0,0,0,0,4,0
"9508","Setornis criniger",5,7,0,0,0,5,0,0,5,0,0,0,0,0
"9509","Sheppardia aequatorialis",0,0,0,0,0,0,0,0,0,0,0,0,0,0
"9510","Sheppardia aurantiithorax",0,7,0,0,0,5,0,0,0,0,0,0,0,0
"9511","Sheppardia bocagei",0,0,0,0,0,0,0,0,0,0,0,0,0,0
"9512","Sheppardia cyornithopsis",0,0,0,0,0,0,0,0,0,0,0,0,0,0
"9513","Sheppardia gabela",0,8,0,4,0,4,0,0,0,0,0,0,6,0
"9514","Sheppardia gunningi",0,6,0,0,0,6,0,0,0,7,0,0,0,0
"9515","Sheppardia lowei",0,5,0,0,0,5,0,0,0,0,0,0,6,0
"9516","Sheppardia montana",0,6,0,0,0,5,0,0,6,0,0,0,7,0
"9517","Sheppardia poensis",0,0,0,0,0,0,0,0,0,0,0,0,0,0
"9518","Sheppardia polioptera",0,0,0,0,0,0,0,0,0,0,0,0,0,0
"9519","Sheppardia sharpei",0,0,0,0,0,0,0,0,0,0,0,0,0,0
"9520","Sholicola albiventris",5,6,0,5,0,6,0,0,5,0,0,0,6,0
"9521","Sholicola major",5,6,0,5,0,6,0,0,5,0,0,0,6,0
"9522","Sialia currucoides",0,0,0,0,0,0,0,0,0,0,0,0,0,0
"9523","Sialia mexicana",0,0,0,0,0,0,0,0,0,0,0,0,0,0
"9524","Sialia sialis",0,0,0,0,0,0,0,0,0,0,0,0,0,0
"9525","Sibia morrisoniana",0,0,0,0,0,0,0,0,0,0,0,0,0,0
"9526","Sibia nipalensis",0,0,0,0,0,0,0,0,0,0,0,0,0,0
"9527","Sibia souliei",0,0,0,0,0,0,0,0,0,0,0,0,0,0
"9528","Sibia waldeni",0,0,0,0,0,0,0,0,0,0,0,0,0,0
"9529","Sibirionetta formosa",6,6,0,5,6,0,0,0,0,7,6,0,6,0
"9530","Sicalis auriventris",0,0,0,0,0,0,0,0,0,0,0,0,0,0
"9531","Sicalis citrina",0,0,0,0,0,0,0,0,0,0,0,0,0,0
"9532","Sicalis columbiana",0,0,0,0,0,0,0,0,0,0,0,0,0,0
"9533","Sicalis flaveola",0,0,0,0,0,0,0,0,0,0,0,0,0,0
"9534","Sicalis lebruni",0,0,0,0,0,0,0,0,0,0,0,0,0,0
"9535","Sicalis lutea",0,0,0,0,0,0,0,0,0,0,0,0,0,0
"9536","Sicalis luteocephala",0,0,0,0,0,0,0,0,0,0,0,0,0,0
"9537","Sicalis luteola",0,0,0,0,0,0,0,0,0,0,0,0,0,0
"9538","Sicalis mendozae",0,0,0,0,0,0,0,0,0,0,0,0,0,0
"9539","Sicalis olivascens",0,0,0,0,0,0,0,0,0,0,0,0,0,0
"9540","Sicalis raimondii",0,0,0,0,0,0,0,0,0,0,0,0,0,0
"9541","Sicalis taczanowskii",0,0,0,0,0,0,0,0,0,0,0,0,0,0
"9542","Sicalis uropigyalis",0,0,0,0,0,0,0,0,0,0,0,0,0,0
"9543","Sigelus silens",0,0,0,0,0,0,0,0,0,0,0,0,0,0
"9544","Silvicultrix diadema",0,0,0,0,0,0,0,0,0,0,0,0,0,0
"9545","Silvicultrix frontalis",0,0,0,0,0,0,0,0,0,0,0,0,0,0
"9546","Silvicultrix jelskii",0,0,0,0,0,0,0,0,0,0,0,0,0,0
"9547","Silvicultrix pulchella",0,0,0,0,0,0,0,0,0,0,0,0,0,0
"9548","Siphonorhis americana",4,6,6,0,0,0,0,0,0,7,0,0,0,0
"9549","Siphonorhis brewsteri",0,0,0,0,0,7,0,0,6,5,0,0,0,0
"9550","Sipia berlepschi",0,0,0,0,0,0,0,0,0,0,0,0,0,0
"9551","Sipia laemosticta",0,0,0,0,0,0,0,0,0,0,0,0,0,0
"9552","Sipia nigricauda",0,0,0,0,0,0,0,0,0,0,0,0,0,0
"9553","Sipia palliata",5,6,0,0,0,0,0,0,0,0,0,0,0,0
"9554","Sipodotus wallacii",0,0,0,0,0,0,0,0,0,0,0,0,0,0
"9555","Siptornis striaticollis",0,0,0,0,0,0,0,0,0,0,0,0,0,0
"9556","Sirystes albocinereus",0,0,0,0,0,0,0,0,0,0,0,0,0,0
"9557","Sirystes albogriseus",0,0,0,0,0,0,0,0,0,0,0,0,0,0
"9558","Sirystes sibilator",0,0,0,0,0,0,0,0,0,0,0,0,0,0
"9559","Sirystes subcanescens",0,0,0,0,0,0,0,0,0,0,0,0,0,0
"9560","Sitta arctica",0,0,0,0,0,0,0,0,0,0,0,0,0,0
"9561","Sitta azurea",0,0,0,0,0,0,0,0,0,0,0,0,0,0
"9562","Sitta canadensis",0,0,0,0,0,0,0,0,0,0,0,0,0,0
"9563","Sitta carolinensis",0,0,0,0,0,0,0,0,0,0,0,0,0,0
"9564","Sitta cashmirensis",0,0,0,0,0,0,0,0,0,0,0,0,0,0
"9565","Sitta castanea",0,0,0,0,0,0,0,0,0,0,0,0,0,0
"9566","Sitta cinnamoventris",0,0,0,0,0,0,0,0,0,0,0,0,0,0
"9567","Sitta europaea",0,0,0,0,0,0,0,0,0,0,0,0,0,0
"9568","Sitta formosa",0,6,0,0,4,6,0,0,5,0,0,0,0,0
"9569","Sitta frontalis",0,0,0,0,0,0,0,0,0,0,0,0,0,0
"9570","Sitta himalayensis",0,0,0,0,0,0,0,0,0,0,0,0,0,0
"9571","Sitta insularis",6,0,0,5,0,6,0,0,0,8,0,0,9,0
"9572","Sitta krueperi",5,5,0,0,0,0,0,0,0,0,0,0,0,0
"9573","Sitta ledanti",0,5,0,5,0,5,0,7,3,0,0,0,0,0
"9574","Sitta leucopsis",0,0,0,0,0,0,0,0,0,0,0,0,0,0
"9575","Sitta magna",0,6,0,0,4,6,0,0,5,0,0,0,5,0
"9576","Sitta nagaensis",0,0,0,0,0,0,0,0,0,0,0,0,0,0
"9577","Sitta neglecta",0,0,0,0,0,0,0,0,0,0,0,0,0,0
"9578","Sitta neumayer",0,0,0,0,0,0,0,0,0,0,0,0,0,0
"9579","Sitta oenochlamys",0,0,0,0,0,0,0,0,0,0,0,0,0,0
"9580","Sitta przewalskii",0,0,0,0,0,0,0,0,0,0,0,0,0,0
"9581","Sitta pusilla",0,0,0,0,0,0,0,0,0,0,0,0,0,0
"9582","Sitta pygmaea",0,0,0,0,0,0,0,0,0,0,0,0,0,0
"9583","Sitta solangiae",0,6,0,0,0,6,0,0,0,0,0,0,0,0
"9584","Sitta tephronota",0,0,0,0,0,0,0,0,0,0,0,0,0,0
"9585","Sitta victoriae",0,6,0,0,6,5,0,0,0,0,0,0,7,0
"9586","Sitta villosa",0,0,0,0,0,0,0,0,0,0,0,0,0,0
"9587","Sitta whiteheadi",0,0,0,0,0,6,0,0,6,0,0,0,5,0
"9588","Sitta yunnanensis",0,0,0,0,0,6,0,0,0,0,0,0,8,0
"9589","Sittasomus griseicapillus",0,0,0,0,0,0,0,0,0,0,0,0,0,0
"9590","Sittasomus griseus",0,0,0,0,0,0,0,0,0,0,0,0,0,0
"9591","Sittiparus castaneoventris",0,0,0,0,0,0,0,0,0,0,0,0,0,0
"9592","Sittiparus olivaceus",0,0,0,0,0,0,0,0,0,0,0,0,0,0
"9593","Sittiparus owstoni",5,5,0,5,0,5,0,0,0,7,0,5,0,0
"9594","Sittiparus semilarvatus",0,6,0,0,0,6,0,0,0,0,0,0,0,0
"9595","Sittiparus varius",0,0,0,0,0,0,0,0,0,0,0,0,0,0
"9596","Siva cyanouroptera",0,0,0,0,0,0,0,0,0,0,0,0,0,0
"9597","Smicrornis brevirostris",0,0,0,0,0,0,0,0,0,0,0,0,0,0
"9598","Smithornis capensis",0,0,0,0,0,0,0,0,0,0,0,0,0,0
"9599","Smithornis rufolateralis",0,0,0,0,0,0,0,0,0,0,0,0,0,0
"9600","Smithornis sharpei",0,0,0,0,0,0,0,0,0,0,0,0,0,0
"9601","Smutsornis africanus",0,0,0,0,0,0,0,0,0,0,0,0,0,0
"9602","Snowornis cryptolophus",0,0,0,0,0,0,0,0,0,0,0,0,0,0
"9603","Snowornis subalaris",0,0,0,0,0,5,0,0,0,0,0,0,0,0
"9604","Somateria fischeri",0,0,4,4,5,0,0,0,0,4,5,0,8,0
"9605","Somateria mollissima",0,5,4,0,6,0,6,5,0,7,6,0,8,0
"9606","Somateria spectabilis",0,0,4,0,6,0,5,0,0,0,5,0,8,0
"9607","Spartonoica maluroides",0,6,4,0,0,0,0,0,6,0,0,0,0,0
"9608","Spatula clypeata",0,0,0,5,5,0,0,0,0,5,4,0,0,0
"9609","Spatula cyanoptera",0,0,0,0,5,0,0,0,0,0,0,0,0,0
"9610","Spatula discors",0,0,0,0,0,0,0,0,0,0,0,0,0,0
"9611","Spatula hottentota",0,4,0,0,0,0,0,0,0,0,0,0,0,0
"9612","Spatula platalea",0,0,0,0,0,0,0,0,0,0,0,0,0,0
"9613","Spatula puna",0,0,0,0,0,0,0,0,0,0,0,0,0,0
"9614","Spatula querquedula",0,0,0,0,6,0,0,4,4,5,0,0,4,0
"9615","Spatula rhynchotis",0,0,0,0,0,0,0,0,0,0,0,0,0,0
"9616","Spatula smithii",0,0,0,0,0,0,0,0,4,5,0,0,0,0
"9617","Spatula versicolor",0,0,0,0,0,0,0,0,0,0,0,0,0,0
"9618","Speculanas specularis",0,5,0,0,0,0,0,5,0,5,0,0,0,0
"9619","Speculipastor bicolor",0,0,0,0,0,0,0,0,0,0,0,0,0,0
"9620","Spelaeornis badeigularis",0,5,0,4,0,4,0,0,0,0,0,0,0,0
"9621","Spelaeornis caudatus",0,6,0,0,0,6,0,0,0,0,0,0,0,0
"9622","Spelaeornis chocolatinus",0,5,0,0,5,5,0,5,0,0,0,0,0,0
"9623","Spelaeornis kinneari",5,6,0,0,0,0,0,0,0,0,0,0,0,0
"9624","Spelaeornis longicaudatus",0,6,0,0,0,6,0,0,0,0,0,0,0,0
"9625","Spelaeornis oatesi",0,0,0,0,0,0,0,0,0,0,0,0,0,0
"9626","Spelaeornis reptatus",0,0,0,0,0,0,0,0,0,0,0,0,0,0
"9627","Spelaeornis troglodytoides",0,0,0,0,0,0,0,0,0,0,0,0,0,0
"9628","Spermestes bicolor",0,0,0,0,0,0,0,0,0,0,0,0,0,0
"9629","Spermestes cucullata",0,0,0,0,0,0,0,0,0,0,0,0,0,0
"9630","Spermestes fringilloides",0,0,0,0,0,0,0,0,0,0,0,0,0,0
"9631","Spermestes griseicapilla",0,0,0,0,0,0,0,0,0,0,0,0,0,0
"9632","Spermophaga haematina",0,0,0,0,0,0,0,0,0,0,0,0,0,0
"9633","Spermophaga poliogenys",0,0,0,0,0,0,0,0,0,0,0,0,0,0
"9634","Spermophaga ruficapilla",0,0,0,0,0,0,0,0,0,0,0,0,0,0
"9635","Sphecotheres hypoleucus",0,6,4,6,0,7,0,0,0,0,0,0,0,0
"9636","Sphecotheres vieilloti",0,0,0,0,0,0,0,0,0,0,0,0,0,0
"9637","Sphecotheres viridis",0,6,0,0,0,6,0,0,0,0,0,0,0,0
"9638","Spheniscus demersus",0,0,2,0,4,0,7,2,0,6,6,0,7,0
"9639","Spheniscus humboldti",0,0,5,0,5,0,6,5,0,5,5,0,6,0
"9640","Spheniscus magellanicus",4,4,0,0,5,0,6,4,4,5,6,0,5,0
"9641","Spheniscus mendiculus",0,0,0,7,4,0,5,4,0,6,5,0,7,0
"9642","Sphenoeacus afer",0,0,0,0,0,0,0,0,0,0,0,0,6,0
"9643","Sphenopsis frontalis",0,0,0,0,0,0,0,0,0,0,0,0,0,0
"9644","Sphenopsis melanotis",0,0,0,0,0,0,0,0,0,0,0,0,0,0
"9645","Sphenopsis ochracea",0,0,0,0,0,0,0,0,0,0,0,0,0,0
"9646","Sphenopsis piurae",0,0,0,0,0,0,0,0,0,0,0,0,0,0
"9647","Sphyrapicus nuchalis",0,0,0,0,0,0,0,0,0,0,0,0,0,0
"9648","Sphyrapicus ruber",0,0,0,0,0,0,0,0,0,0,0,0,0,0
"9649","Sphyrapicus thyroideus",0,0,0,0,0,0,0,0,0,0,0,0,0,0
"9650","Sphyrapicus varius",0,0,0,0,0,0,0,0,0,0,0,0,0,0
"9651","Spilopelia chinensis",0,0,0,0,0,0,0,0,0,0,0,0,0,0
"9652","Spilopelia senegalensis",0,0,0,0,0,0,0,0,0,0,0,0,0,0
"9653","Spilopelia suratensis",0,0,0,0,0,0,0,0,0,0,0,0,0,0
"9654","Spiloptila clamans",0,0,0,0,0,0,0,0,0,0,0,0,0,0
"9655","Spilornis cheela",0,0,0,0,0,0,0,0,0,0,0,0,0,0
"9656","Spilornis elgini",0,7,0,0,7,7,0,0,0,0,0,0,0,0
"9657","Spilornis holospilus",0,0,0,0,0,0,0,0,0,0,0,0,0,0
"9658","Spilornis kinabaluensis",0,5,0,0,6,5,0,0,0,0,0,0,0,0
"9659","Spilornis klossi",4,6,0,0,0,6,0,0,0,0,0,0,0,0
"9660","Spilornis rufipectus",0,0,0,0,0,0,0,0,0,0,0,0,0,0
"9661","Spindalis dominicensis",0,0,0,0,0,0,0,0,0,0,0,0,0,0
"9662","Spindalis nigricephala",0,0,0,0,0,0,0,0,0,0,0,0,0,0
"9663","Spindalis portoricensis",0,0,0,0,0,0,0,0,0,0,0,0,0,0
"9664","Spindalis zena",0,0,0,0,0,0,0,0,0,0,0,0,0,0
"9665","Spinus atratus",0,0,0,0,0,0,0,0,0,0,0,0,0,0
"9666","Spinus atriceps",0,0,0,0,0,0,0,0,0,0,0,0,0,0
"9667","Spinus barbatus",0,0,0,0,0,0,0,0,0,0,0,0,0,0
"9668","Spinus crassirostris",0,0,0,0,0,0,0,0,0,0,0,0,0,0
"9669","Spinus cucullatus",0,6,0,0,8,0,0,0,0,0,0,0,0,0
"9670","Spinus dominicensis",0,0,0,0,0,0,0,0,0,0,0,0,0,0
"9671","Spinus lawrencei",0,0,0,0,0,0,0,0,0,0,0,0,0,0
"9672","Spinus magellanicus",0,0,0,0,0,0,0,0,0,0,0,0,0,0
"9673","Spinus notatus",0,0,0,0,0,0,0,0,0,0,0,0,0,0
"9674","Spinus olivaceus",0,0,0,0,0,0,0,0,0,0,0,0,0,0
"9675","Spinus pinus",0,0,0,0,0,0,0,0,0,0,0,0,0,0
"9676","Spinus psaltria",0,0,0,0,0,0,0,0,0,0,0,0,0,0
"9677","Spinus siemiradzkii",0,6,0,0,0,5,0,0,0,0,6,0,0,0
"9678","Spinus spinescens",0,0,0,0,0,0,0,0,0,0,0,0,0,0
"9679","Spinus spinus",0,0,0,0,0,0,0,0,0,0,0,0,0,0
"9680","Spinus thibetanus",0,0,0,0,0,0,0,0,0,0,0,0,0,0
"9681","Spinus tristis",0,0,0,0,0,0,0,0,0,0,0,0,0,0
"9682","Spinus uropygialis",0,0,0,0,0,0,0,0,0,0,0,0,0,0
"9683","Spinus xanthogastrus",0,0,0,0,0,0,0,0,0,0,0,0,0,0
"9684","Spinus yarrellii",0,0,0,0,8,0,0,0,0,0,7,0,0,0
"9685","Spiza americana",0,0,0,0,0,0,0,0,0,0,0,0,0,0
"9686","Spizaetus isidori",0,6,5,0,6,6,0,0,0,0,0,0,0,0
"9687","Spizaetus melanoleucus",0,0,0,0,0,0,0,0,0,0,0,0,0,0
"9688","Spizaetus ornatus",0,6,0,0,5,0,0,0,0,0,0,0,0,0
"9689","Spizaetus tyrannus",0,0,0,0,0,0,0,0,0,0,0,0,0,0
"9690","Spizella atrogularis",0,0,0,0,0,0,0,0,0,0,0,0,0,0
"9691","Spizella breweri",0,0,0,0,0,0,0,0,6,6,0,0,0,0
"9692","Spizella pallida",0,0,0,0,0,0,0,0,0,0,0,0,0,0
"9693","Spizella passerina",0,0,0,0,0,0,0,0,0,0,0,0,0,0
"9694","Spizella pusilla",0,0,0,0,0,0,0,0,0,0,0,0,0,0
"9695","Spizella wortheni",0,7,0,0,0,0,0,0,0,7,0,0,0,0
"9696","Spiziapteryx circumcincta",0,0,0,0,0,0,0,0,0,0,0,0,0,0
"9697","Spizixos canifrons",0,0,0,0,0,0,0,0,0,0,0,0,0,0
"9698","Spizixos semitorques",0,0,0,0,0,0,0,0,0,0,0,0,0,0
"9699","Spizocorys conirostris",0,0,0,0,0,0,0,0,0,0,0,0,0,0
"9700","Spizocorys fremantlii",0,0,0,0,0,0,0,0,0,0,0,0,0,0
"9701","Spizocorys fringillaris",0,6,5,0,0,0,0,0,6,6,0,0,6,0
"9702","Spizocorys obbiensis",0,7,0,0,0,7,0,0,0,0,0,0,0,0
"9703","Spizocorys personata",0,0,0,0,0,0,0,0,0,0,0,0,0,0
"9704","Spizocorys sclateri",0,7,0,0,0,0,0,0,0,0,0,0,6,0
"9705","Spizocorys starki",0,0,0,0,0,0,0,0,0,0,0,0,0,0
"9706","Spodiopsar cineraceus",0,0,0,0,0,0,0,0,0,0,0,0,0,0
"9707","Spodiopsar sericeus",0,0,0,0,0,0,0,0,0,0,0,0,0,0
"9708","Spodiornis rusticus",0,0,0,0,0,0,0,0,0,0,0,0,0,0
"9709","Sporathraupis cyanocephala",0,0,0,0,0,0,0,0,0,0,0,0,0,0
"9710","Sporophila albogularis",0,0,0,0,0,0,0,0,0,0,0,0,0,0
"9711","Sporophila americana",0,0,0,0,0,0,0,0,0,0,0,0,0,0
"9712","Sporophila angolensis",0,0,0,0,0,0,0,0,0,0,0,0,0,0
"9713","Sporophila ardesiaca",0,0,0,0,0,0,0,0,0,0,0,0,0,0
"9714","Sporophila atrirostris",0,0,0,0,0,0,0,0,0,0,0,0,0,0
"9715","Sporophila beltoni",0,6,0,0,6,0,0,0,0,0,0,0,0,0
"9716","Sporophila bouvreuil",0,0,0,0,0,0,0,0,0,0,0,0,0,0
"9717","Sporophila bouvronides",0,0,0,0,0,0,0,0,0,0,0,0,0,0
"9718","Sporophila caerulescens",0,0,0,0,0,0,0,0,0,0,0,0,0,0
"9719","Sporophila castaneiventris",0,0,0,0,0,0,0,0,0,0,0,0,0,0
"9720","Sporophila cinnamomea",0,7,0,0,7,0,0,0,0,5,5,0,0,0
"9721","Sporophila collaris",0,0,0,0,0,0,0,0,0,0,0,0,0,0
"9722","Sporophila corvina",0,0,0,0,0,0,0,0,0,0,0,0,0,0
"9723","Sporophila crassirostris",0,0,0,0,0,0,0,0,0,0,0,0,0,0
"9724","Sporophila falcirostris",6,6,0,0,5,6,0,0,0,0,0,0,0,0
"9725","Sporophila fringilloides",0,0,0,0,0,0,0,0,0,0,0,0,0,0
"9726","Sporophila frontalis",6,6,0,0,7,6,0,0,0,0,0,0,0,0
"9727","Sporophila funerea",0,0,0,0,0,0,0,0,0,0,0,0,0,0
"9728","Sporophila hypochroma",0,6,0,0,6,0,0,0,0,0,0,0,0,0
"9729","Sporophila hypoxantha",0,0,0,0,0,0,0,0,0,0,0,0,0,0
"9730","Sporophila iberaensis",0,7,0,0,6,0,0,0,0,0,0,0,0,0
"9731","Sporophila intermedia",0,0,0,0,0,0,0,0,0,0,0,0,0,0
"9732","Sporophila leucoptera",0,0,0,0,0,0,0,0,0,0,0,0,0,0
"9733","Sporophila lineola",0,0,0,0,0,0,0,0,0,0,0,0,0,0
"9734","Sporophila luctuosa",0,0,0,0,0,0,0,0,0,0,0,0,0,0
"9735","Sporophila maximiliani",0,6,0,0,7,0,0,0,0,0,0,0,0,0
"9736","Sporophila melanogaster",0,6,5,0,5,0,0,0,5,6,6,0,0,0
"9737","Sporophila minuta",0,0,0,0,0,0,0,0,0,0,0,0,0,0
"9738","Sporophila morelleti",0,0,0,0,0,0,0,0,0,0,0,0,0,0
"9739","Sporophila murallae",0,0,0,0,0,0,0,0,0,0,0,0,0,0
"9740","Sporophila nigricollis",0,0,0,0,0,0,0,0,0,0,0,0,0,0
"9741","Sporophila nigrorufa",0,7,0,0,6,0,0,0,0,0,0,0,0,0
"9742","Sporophila nuttingi",0,0,0,0,0,0,0,0,0,0,0,0,0,0
"9743","Sporophila ophthalmica",0,0,0,0,0,0,0,0,0,0,0,0,0,0
"9744","Sporophila palustris",0,6,0,0,7,0,0,0,0,5,5,0,0,0
"9745","Sporophila peruviana",0,0,0,0,0,0,0,0,0,0,0,0,0,0
"9746","Sporophila pileata",0,0,0,0,0,0,0,0,0,0,0,0,0,0
"9747","Sporophila plumbea",0,0,0,0,0,0,0,0,0,0,0,0,0,0
"9748","Sporophila ruficollis",0,6,0,0,5,0,0,0,5,0,6,0,0,0
"9749","Sporophila schistacea",0,0,0,0,0,0,0,0,0,0,0,0,0,0
"9750","Sporophila simplex",0,0,0,0,0,0,0,0,0,0,0,0,0,0
"9751","Sporophila telasco",0,0,0,0,0,0,0,0,0,0,0,0,0,0
"9752","Sporophila torqueola",0,0,0,0,0,0,0,0,0,0,0,0,0,0
"9753","Sporopipes frontalis",0,0,0,0,0,0,0,0,0,0,0,0,0,0
"9754","Sporopipes squamifrons",0,0,0,0,0,0,0,0,0,0,0,0,0,0
"9755","Stachyris grammiceps",0,6,0,0,0,6,0,0,4,0,0,0,0,0
"9756","Stachyris herberti",0,4,0,0,0,5,0,0,0,0,0,0,0,0
"9757","Stachyris humei",0,6,0,0,0,5,0,0,0,0,0,0,0,0
"9758","Stachyris leucotis",0,5,0,0,0,5,0,0,4,0,0,0,0,0
"9759","Stachyris maculata",0,6,0,0,0,6,0,0,4,0,0,0,0,0
"9760","Stachyris nigriceps",0,0,0,0,0,0,0,0,0,0,0,0,0,0
"9761","Stachyris nigricollis",0,5,0,0,0,5,0,0,4,0,0,0,0,0
"9762","Stachyris nonggangensis",0,5,0,6,0,0,0,0,7,0,0,0,0,0
"9763","Stachyris oglei",0,5,0,0,0,5,0,0,0,0,0,0,0,0
"9764","Stachyris poliocephala",0,0,0,0,0,0,0,0,0,0,0,0,0,0
"9765","Stachyris roberti",0,6,0,0,0,5,0,0,0,0,0,0,0,0
"9766","Stachyris strialata",0,0,0,0,0,0,0,0,0,0,0,0,0,0
"9767","Stachyris thoracica",0,0,0,0,0,0,0,0,0,0,0,0,0,0
"9768","Stactolaema anchietae",0,0,0,0,0,0,0,0,0,0,0,0,0,0
"9769","Stactolaema leucogrammica",0,0,0,0,0,0,0,0,0,0,0,0,0,0
"9770","Stactolaema leucotis",0,0,0,0,0,0,0,0,0,0,0,0,0,0
"9771","Stactolaema whytii",0,0,0,0,0,0,0,0,0,0,0,0,0,0
"9772","Stagonopleura bella",0,0,0,0,0,0,0,0,0,0,0,0,6,0
"9773","Stagonopleura guttata",0,7,0,0,7,0,0,0,5,5,0,0,0,0
"9774","Stagonopleura oculata",0,0,0,0,0,0,0,0,0,0,0,0,6,0
"9775","Staphida castaniceps",0,0,0,0,0,0,0,0,0,0,0,0,0,0
"9776","Staphida everetti",0,0,0,0,0,0,0,0,0,0,0,0,0,0
"9777","Staphida torqueola",0,0,0,0,0,0,0,0,0,0,0,0,0,0
"9778","Starnoenas cyanocephala",0,0,0,0,6,6,0,0,0,7,0,0,7,0
"9779","Steatornis caripensis",0,0,0,0,0,0,0,0,0,0,0,0,0,0
"9780","Steganopus tricolor",0,0,0,0,0,0,0,0,0,0,0,0,0,0
"9781","Stelgidillas gracilirostris",0,0,0,0,0,0,0,0,0,0,0,0,0,0
"9782","Stelgidopteryx ridgwayi",0,0,0,0,0,0,0,0,0,0,0,0,0,0
"9783","Stelgidopteryx ruficollis",0,0,0,0,0,0,0,0,0,0,0,0,0,0
"9784","Stelgidopteryx serripennis",0,0,0,0,0,0,0,0,0,0,0,0,0,0
"9785","Stenostira scita",0,0,0,0,0,0,0,0,0,0,0,0,6,0
"9786","Stephanoaetus coronatus",0,6,5,5,6,6,0,0,0,0,0,0,0,0
"9787","Stephanophorus diadematus",0,0,0,0,0,0,0,0,0,0,0,0,0,0
"9788","Stephanoxis lalandi",0,0,0,0,0,0,0,0,0,0,0,0,0,0
"9789","Stephanoxis loddigesii",0,0,0,0,0,0,0,0,0,0,0,0,0,0
"9790","Stercorarius longicaudus",0,0,0,0,0,0,0,0,0,0,0,0,5,0
"9791","Stercorarius parasiticus",0,0,0,0,4,0,0,0,0,0,0,0,5,0
"9792","Stercorarius pomarinus",0,0,0,0,0,0,0,0,0,0,0,0,4,0
"9793","Sterna acuticauda",0,5,5,0,5,5,5,5,5,6,0,0,5,0
"9794","Sterna aurantia",6,6,6,6,6,0,0,6,6,6,0,0,5,0
"9795","Sterna dougallii",0,0,0,0,5,0,6,0,0,0,0,0,0,0
"9796","Sterna forsteri",0,0,0,0,0,0,0,0,0,0,0,0,0,0
"9797","Sterna hirundinacea",0,0,0,0,0,0,0,5,0,0,0,0,0,0
"9798","Sterna hirundo",0,0,0,0,5,0,0,4,0,0,0,0,0,0
"9799","Sterna paradisaea",0,0,0,0,5,0,6,0,0,6,0,0,5,0
"9800","Sterna repressa",0,0,0,0,5,0,0,0,0,0,4,0,0,0
"9801","Sterna striata",0,0,0,0,0,0,0,0,0,6,0,0,0,0
"9802","Sterna sumatrana",0,0,0,0,0,0,0,4,0,4,0,0,0,0
"9803","Sterna trudeaui",0,0,0,0,0,0,0,0,6,0,0,0,0,0
"9804","Sterna virgata",0,0,0,0,0,0,0,0,0,5,0,0,5,0
"9805","Sterna vittata",0,0,0,0,0,0,0,0,0,2,0,0,0,0
"9806","Sternoclyta cyanopectus",0,0,0,0,0,0,0,0,0,0,0,0,0,0
"9807","Sternula albifrons",5,0,0,0,4,0,0,4,0,6,0,0,7,0
"9808","Sternula antillarum",4,0,0,0,0,0,0,5,0,0,0,0,6,0
"9809","Sternula balaenarum",6,0,6,0,5,0,5,6,0,5,0,0,3,0
"9810","Sternula lorata",6,5,5,0,0,0,6,6,5,6,0,0,5,0
"9811","Sternula nereis",5,0,0,0,0,0,0,6,5,6,0,0,7,0
"9812","Sternula saundersi",0,0,0,0,7,0,0,6,0,0,0,0,7,0
"9813","Sternula superciliaris",0,0,0,0,0,0,0,0,0,0,0,0,0,0
"9814","Sterrhoptilus capitalis",0,0,0,0,0,0,0,0,0,0,0,0,0,0
"9815","Sterrhoptilus dennistouni",0,6,5,0,0,6,0,0,4,0,0,0,0,0
"9816","Sterrhoptilus nigrocapitatus",0,0,0,0,0,0,0,0,0,0,0,0,0,0
"9817","Stictonetta naevosa",0,0,0,0,0,0,0,0,0,0,0,0,0,0
"9818","Stigmatura bahiae",0,0,0,0,0,0,0,0,0,0,0,0,0,0
"9819","Stigmatura budytoides",0,0,0,0,0,0,0,0,0,0,0,0,0,0
"9820","Stigmatura napensis",0,0,0,0,0,0,0,0,0,0,0,0,0,0
"9821","Stiltia isabella",0,0,0,0,0,0,0,0,0,0,0,0,0,0
"9822","Stiphrornis erythrothorax",0,0,0,0,0,5,0,0,0,5,0,0,0,0
"9823","Stiphrornis pyrrholaemus",0,0,5,5,0,5,0,0,0,0,0,0,0,0
"9824","Stiphrornis xanthogaster",0,0,0,0,0,5,0,0,0,5,0,0,0,0
"9825","Stipiturus malachurus",0,0,0,0,0,0,0,0,0,0,0,0,6,0
"9826","Stipiturus mallee",6,2,0,0,0,0,0,0,7,0,5,0,8,0
"9827","Stipiturus ruficeps",0,0,0,0,0,0,0,0,0,0,0,0,0,0
"9828","Stizorhina finschi",0,0,0,0,0,0,0,0,0,0,0,0,0,0
"9829","Stizorhina fraseri",0,0,0,0,0,0,0,0,0,0,0,0,0,0
"9830","Stomiopera flava",0,0,0,0,0,0,0,0,0,0,0,0,0,0
"9831","Stomiopera unicolor",0,0,0,0,0,0,0,0,0,0,0,0,0,0
"9832","Strepera fuliginosa",0,0,0,0,0,0,0,0,0,0,0,0,0,0
"9833","Strepera graculina",0,0,0,0,0,0,0,0,0,0,0,0,0,0
"9834","Strepera versicolor",0,0,0,0,0,0,0,0,0,0,0,0,0,0
"9835","Streptocitta albertinae",0,5,0,0,0,5,0,0,0,0,0,0,0,0
"9836","Streptocitta albicollis",0,0,0,0,0,0,0,0,0,0,0,0,0,0
"9837","Streptocitta torquata",0,0,0,0,0,0,0,0,0,0,0,0,0,0
"9838","Streptopelia bitorquata",0,0,0,0,0,0,0,0,0,0,0,0,0,0
"9839","Streptopelia capicola",0,0,0,0,0,0,0,0,0,0,0,0,0,0
"9840","Streptopelia decaocto",0,0,0,0,0,0,0,0,0,0,0,0,0,0
"9841","Streptopelia decipiens",0,0,0,0,0,0,0,0,0,0,0,0,0,0
"9842","Streptopelia dusumieri",0,0,0,0,0,0,0,0,0,6,0,0,0,0
"9843","Streptopelia hypopyrrha",0,0,0,0,0,0,0,0,0,0,0,0,0,0
"9844","Streptopelia lugens",0,0,0,0,0,0,0,0,0,0,0,0,0,0
"9845","Streptopelia orientalis",0,0,0,0,0,0,0,0,0,0,0,0,0,0
"9846","Streptopelia reichenowi",0,6,0,0,0,6,0,6,0,0,0,0,0,0
"9847","Streptopelia roseogrisea",0,0,0,0,0,0,0,0,0,0,0,0,0,0
"9848","Streptopelia semitorquata",0,0,0,0,0,0,0,0,0,0,0,0,0,0
"9849","Streptopelia tranquebarica",0,0,0,0,0,0,0,0,0,0,0,0,0,0
"9850","Streptopelia turtur",0,8,0,0,8,0,0,0,0,6,8,0,7,0
"9851","Streptopelia vinacea",0,0,0,0,0,0,0,0,0,0,0,0,0,0
"9852","Streptopelia xanthocycla",0,0,0,0,0,0,0,0,0,0,0,0,0,0
"9853","Streptoprocne biscutata",0,0,0,0,0,0,0,0,0,0,0,0,0,0
"9854","Streptoprocne phelpsi",0,0,0,0,0,0,0,0,0,0,0,0,0,0
"9855","Streptoprocne rutila",0,0,0,0,0,0,0,0,0,0,0,0,0,0
"9856","Streptoprocne semicollaris",0,0,0,0,0,0,0,0,0,0,0,0,0,0
"9857","Streptoprocne zonaris",0,0,0,0,0,0,0,0,0,0,0,0,0,0
"9858","Stresemannia bougainvillei",0,0,0,0,0,0,0,0,0,0,0,0,6,0
"9859","Strigops habroptilus",0,0,0,0,0,0,0,0,0,4,0,0,0,0
"9860","Strix aluco",0,0,0,0,0,0,0,0,0,0,0,0,0,0
"9861","Strix butleri",0,0,6,6,0,0,0,0,0,0,0,0,0,0
"9862","Strix chacoensis",0,6,0,0,0,6,0,0,0,0,0,0,0,0
"9863","Strix fulvescens",0,0,0,0,0,0,0,0,0,0,0,0,0,0
"9864","Strix hadorami",0,0,0,0,0,0,0,0,0,0,0,0,0,0
"9865","Strix hylophila",0,6,0,0,5,6,0,0,0,0,0,0,0,0
"9866","Strix leptogrammica",0,0,0,0,0,0,0,0,0,0,0,0,0,0
"9867","Strix nebulosa",4,5,0,4,4,4,0,0,0,4,4,0,8,0
"9868","Strix nivicolum",0,0,0,0,0,0,0,0,0,0,0,0,0,0
"9869","Strix occidentalis",0,0,6,6,0,6,0,6,5,6,0,0,4,0
"9870","Strix ocellata",0,0,0,0,0,0,0,0,0,0,0,0,0,0
"9871","Strix rufipes",0,0,0,0,0,0,0,0,0,0,0,0,0,0
"9872","Strix seloputo",0,0,0,0,0,0,0,0,0,0,0,0,0,0
"9873","Strix uralensis",0,5,0,0,0,0,0,0,0,5,0,0,0,0
"9874","Strix varia",0,0,0,0,0,0,0,0,0,0,0,0,0,0
"9875","Strix woodfordii",0,0,0,0,0,0,0,0,0,0,0,0,0,0
"9876","Struthidea cinerea",0,0,0,0,0,0,0,0,0,0,0,0,0,0
"9877","Struthio camelus",0,0,0,0,0,0,0,0,0,0,0,0,0,0
"9878","Struthio molybdophanes",0,6,0,0,6,0,0,0,0,0,0,0,0,0
"9879","Sturnella magna",0,5,0,0,0,0,0,6,0,0,5,0,0,0
"9880","Sturnella neglecta",0,0,0,0,0,0,0,0,0,0,0,0,0,0
"9881","Sturnia erythropygia",0,0,0,0,0,0,0,0,0,0,0,0,0,0
"9882","Sturnia malabarica",0,0,0,0,0,0,0,0,0,0,0,0,0,0
"9883","Sturnia pagodarum",0,0,0,0,0,0,0,0,0,0,0,0,0,0
"9884","Sturnia sinensis",0,0,0,0,0,0,0,0,0,0,0,0,0,0
"9885","Sturnornis albofrontatus",5,5,5,0,0,6,0,0,5,0,0,0,0,0
"9886","Sturnus unicolor",0,0,0,0,0,0,0,0,0,0,0,0,0,0
"9887","Sturnus vulgaris",0,5,0,0,1,0,0,0,0,0,0,0,0,0
"9888","Sublegatus arenarum",0,0,0,0,0,6,0,0,0,0,0,0,0,0
"9889","Sublegatus modestus",0,0,0,0,0,0,0,0,0,0,0,0,0,0
"9890","Sublegatus obscurior",0,0,0,0,0,0,0,0,0,0,0,0,0,0
"9891","Sugomel nigrum",0,0,0,0,0,0,0,0,0,0,0,0,0,0
"9892","Suiriri suiriri",0,0,0,0,0,0,0,0,0,0,0,0,0,0
"9893","Sula dactylatra",0,0,0,0,5,0,0,4,0,4,0,0,0,0
"9894","Sula granti",0,0,0,0,0,0,0,0,0,0,0,0,6,0
"9895","Sula leucogaster",0,0,0,0,4,0,0,4,0,4,7,0,0,0
"9896","Sula nebouxii",0,0,0,0,0,0,0,0,0,0,0,0,6,0
"9897","Sula sula",0,0,0,0,4,4,0,0,0,0,0,0,0,0
"9898","Sula variegata",0,0,5,0,0,0,0,0,0,0,0,0,6,0
"9899","Surnia ulula",0,5,0,4,4,0,0,0,5,4,7,0,6,0
"9900","Surniculus dicruroides",0,0,0,0,0,0,0,0,0,0,0,0,0,0
"9901","Surniculus lugubris",0,0,0,0,0,0,0,0,0,0,0,0,0,0
"9902","Surniculus musschenbroeki",0,0,0,0,0,0,0,0,0,0,0,0,0,0
"9903","Surniculus velutinus",0,0,0,0,0,0,0,0,0,0,0,0,0,0
"9904","Suthora alphonsiana",0,0,0,0,0,0,0,0,0,0,0,0,0,0
"9905","Suthora atrosuperciliaris",0,0,0,0,0,0,0,0,0,0,0,0,0,0
"9906","Suthora brunnea",0,0,0,0,0,0,0,0,0,0,0,0,0,0
"9907","Suthora conspicillata",0,0,0,0,0,0,0,0,0,0,0,0,0,0
"9908","Suthora davidiana",0,0,0,0,0,0,0,0,0,0,0,0,0,0
"9909","Suthora fulvifrons",0,0,0,0,0,0,0,0,0,0,0,0,0,0
"9910","Suthora nipalensis",0,0,0,0,0,0,0,0,0,0,0,0,0,0
"9911","Suthora przewalskii",0,4,0,0,0,4,0,0,0,0,0,0,0,0
"9912","Suthora ricketti",0,0,0,0,0,0,0,0,0,0,0,0,0,0
"9913","Suthora verreauxi",0,0,0,0,0,0,0,0,0,0,0,0,0,0
"9914","Suthora webbiana",0,0,0,0,0,0,0,0,0,0,0,0,0,0
"9915","Suthora zappeyi",5,5,0,3,0,5,0,6,6,0,0,0,6,0
"9916","Swynnertonia swynnertoni",0,6,5,0,0,5,0,0,4,5,0,0,5,0
"9917","Sylvia abyssinica",0,0,0,0,0,0,0,0,0,0,0,0,0,0
"9918","Sylvia atricapilla",0,0,0,0,0,0,0,0,0,0,0,0,0,0
"9919","Sylvia atriceps",0,0,0,0,0,0,0,0,0,0,0,0,0,0
"9920","Sylvia borin",0,0,0,0,0,0,0,0,0,0,0,0,0,0
"9921","Sylvia dohrni",0,0,0,0,0,0,0,0,0,0,0,0,0,0
"9922","Sylvia galinieri",0,0,0,0,0,0,0,0,0,0,0,0,0,0
"9923","Sylvia nigricapillus",0,6,0,0,0,0,0,0,0,0,0,0,6,0
"9924","Sylvietta brachyura",0,0,0,0,0,0,0,0,0,0,0,0,0,0
"9925","Sylvietta chapini",0,7,0,0,0,7,0,0,0,0,0,0,0,0
"9926","Sylvietta denti",0,0,0,0,0,0,0,0,0,0,0,0,0,0
"9927","Sylvietta isabellina",0,0,0,0,0,0,0,0,0,0,0,0,0,0
"9928","Sylvietta leucophrys",0,0,0,0,0,0,0,0,0,0,0,0,0,0
"9929","Sylvietta leucopsis",0,0,0,0,0,0,0,0,0,0,0,0,0,0
"9930","Sylvietta philippae",0,6,0,0,0,6,0,0,0,0,0,0,0,0
"9931","Sylvietta rufescens",0,0,0,0,0,0,0,0,0,0,0,0,0,0
"9932","Sylvietta ruficapilla",0,0,0,0,0,0,0,0,0,0,0,0,0,0
"9933","Sylvietta virens",0,0,0,0,0,0,0,0,0,0,0,0,0,0
"9934","Sylvietta whytii",0,0,0,0,0,0,0,0,0,0,0,0,0,0
"9935","Sylviorthorhynchus desmurii",0,0,0,0,0,0,0,0,0,0,0,0,0,0
"9936","Sylviorthorhynchus yanacensis",0,6,0,0,0,5,0,0,5,0,0,0,0,0
"9937","Sylviparus modestus",0,0,0,0,0,0,0,0,0,0,0,0,0,0
"9938","Syma megarhyncha",0,0,0,0,0,0,0,0,0,0,0,0,0,0
"9939","Syma torotoro",0,0,0,0,0,0,0,0,0,0,0,0,0,0
"9940","Symposiachrus ateralbus",0,0,0,0,0,6,0,0,0,0,0,0,0,0
"9941","Symposiachrus axillaris",0,0,0,0,0,0,0,0,0,0,0,0,0,0
"9942","Symposiachrus barbatus",0,0,0,0,0,6,0,0,0,0,0,0,0,0
"9943","Symposiachrus boanensis",0,6,0,0,0,6,0,0,0,0,0,0,0,0
"9944","Symposiachrus brehmii",0,5,0,0,0,5,0,0,0,0,0,0,0,0
"9945","Symposiachrus browni",0,0,0,0,0,6,0,0,0,0,0,0,0,0
"9946","Symposiachrus everetti",5,0,0,0,0,6,0,0,0,0,0,0,0,0
"9947","Symposiachrus guttula",0,0,0,0,0,0,0,0,0,0,0,0,0,0
"9948","Symposiachrus infelix",0,0,0,0,0,5,0,0,0,0,0,0,0,0
"9949","Symposiachrus julianae",0,7,0,0,0,7,0,0,0,0,0,0,6,0
"9950","Symposiachrus leucurus",0,6,0,0,0,6,0,0,0,0,0,0,0,0
"9951","Symposiachrus loricatus",0,0,0,0,0,0,0,0,0,0,0,0,0,0
"9952","Symposiachrus malaitae",0,0,0,0,0,6,0,0,0,0,0,0,0,0
"9953","Symposiachrus manadensis",0,0,0,0,0,0,0,0,0,0,0,0,0,0
"9954","Symposiachrus menckei",0,0,0,0,0,8,0,0,0,0,0,0,0,0
"9955","Symposiachrus mundus",0,0,0,0,0,0,0,0,0,0,0,0,0,0
"9956","Symposiachrus rubiensis",0,0,0,0,0,0,0,0,0,0,0,0,0,0
"9957","Symposiachrus sacerdotum",5,6,0,6,0,5,0,0,6,0,0,0,6,0
"9958","Symposiachrus trivirgatus",0,0,0,0,0,0,0,0,0,0,0,0,0,0
"9959","Symposiachrus verticalis",0,0,0,0,0,0,0,0,0,0,0,0,0,0
"9960","Symposiachrus vidua",0,0,0,0,0,6,0,0,0,0,0,0,0,0
"9961","Synallaxis albescens",0,0,0,0,0,0,0,0,0,0,0,0,0,0
"9962","Synallaxis albigularis",0,0,0,0,0,0,0,0,0,0,0,0,0,0
"9963","Synallaxis albilora",0,0,0,0,0,0,0,0,0,0,0,0,0,0
"9964","Synallaxis azarae",0,0,0,0,0,0,0,0,0,0,0,0,0,0
"9965","Synallaxis beverlyae",0,4,0,0,0,0,0,4,6,0,0,0,0,0
"9966","Synallaxis brachyura",0,0,0,0,0,0,0,0,0,0,0,0,0,0
"9967","Synallaxis cabanisi",0,5,0,0,0,0,0,0,0,0,0,0,0,0
"9968","Synallaxis candei",0,0,0,0,0,0,0,0,0,0,0,0,0,0
"9969","Synallaxis castanea",0,0,0,0,0,0,0,0,0,0,0,0,0,0
"9970","Synallaxis cherriei",5,5,5,5,0,6,0,0,0,0,0,0,0,0
"9971","Synallaxis chinchipensis",0,0,0,0,0,0,0,0,0,0,0,0,0,0
"9972","Synallaxis cinerascens",0,0,0,0,0,0,0,0,0,0,0,0,0,0
"9973","Synallaxis cinerea",0,5,0,0,0,6,0,0,5,0,0,0,6,0
"9974","Synallaxis cinnamomea",0,0,0,0,0,0,0,0,0,0,0,0,0,0
"9975","Synallaxis courseni",0,5,0,0,0,7,0,7,0,0,0,0,0,0
"9976","Synallaxis erythrothorax",0,0,0,0,0,0,0,0,0,0,0,0,0,0
"9977","Synallaxis frontalis",0,0,0,0,0,0,0,0,0,0,0,0,0,0
"9978","Synallaxis fuscorufa",0,4,0,0,0,4,0,0,4,0,0,0,0,0
"9979","Synallaxis gujanensis",0,0,0,0,0,0,0,0,0,0,0,0,0,0
"9980","Synallaxis hellmayri",0,6,0,0,0,6,0,0,6,0,0,0,0,0
"9981","Synallaxis hypochondriaca",0,6,3,0,0,6,0,0,0,0,0,0,0,0
"9982","Synallaxis hypospodia",0,0,0,0,0,0,0,0,0,0,0,0,0,0
"9983","Synallaxis infuscata",6,7,0,0,0,7,0,0,5,0,0,0,0,0
"9984","Synallaxis kollari",0,8,0,0,0,5,0,0,6,0,6,0,0,0
"9985","Synallaxis macconnelli",0,0,0,0,0,0,0,0,0,0,0,0,0,0
"9986","Synallaxis maranonica",0,9,5,0,0,7,0,0,0,0,0,0,0,0
"9987","Synallaxis moesta",0,5,0,0,0,5,0,0,0,0,0,0,0,0
"9988","Synallaxis ruficapilla",0,0,0,0,0,0,0,0,0,0,0,0,0,0
"9989","Synallaxis rutilans",0,0,0,0,0,0,0,0,0,0,0,0,0,0
"9990","Synallaxis scutata",0,0,0,0,0,0,0,0,0,0,0,0,0,0
"9991","Synallaxis simoni",0,0,0,0,0,5,0,0,0,0,0,0,0,0
"9992","Synallaxis spixi",0,0,0,0,0,0,0,0,0,0,0,0,0,0
"9993","Synallaxis stictothorax",0,0,0,0,0,0,0,0,0,0,0,0,0,0
"9994","Synallaxis subpudica",0,0,0,0,0,0,0,0,0,0,0,0,0,0
"9995","Synallaxis tithys",0,7,0,0,0,5,0,0,0,0,0,0,0,0
"9996","Synallaxis unirufa",0,0,0,0,0,0,0,0,0,0,0,0,0,0
"9997","Synallaxis zimmeri",0,6,0,0,0,5,0,0,0,0,0,0,0,0
"9998","Syndactyla dimidiata",0,0,0,0,0,0,0,0,0,0,0,0,0,0
"9999","Syndactyla guttulata",0,0,0,0,0,0,0,0,0,0,0,0,0,0
"10000","Syndactyla roraimae",0,0,0,0,0,0,0,0,0,0,0,0,0,0
"10001","Syndactyla ruficollis",7,7,0,0,0,5,0,0,0,0,0,0,0,0
"10002","Syndactyla rufosuperciliata",0,0,0,0,0,0,0,0,0,0,0,0,0,0
"10003","Syndactyla striata",5,5,4,0,0,5,0,0,0,0,0,0,0,0
"10004","Syndactyla subalaris",0,0,0,0,0,0,0,0,0,0,0,0,0,0
"10005","Syndactyla ucayalae",5,0,6,6,0,5,0,0,0,0,0,0,0,0
"10006","Synoicus adansonii",0,0,0,0,0,0,0,0,0,0,0,0,0,0
"10007","Synoicus chinensis",0,0,0,0,0,0,0,0,0,0,0,0,0,0
"10008","Synoicus ypsilophorus",0,0,0,0,0,0,0,0,0,0,0,0,0,0
"10009","Synthliboramphus antiquus",0,0,0,0,0,0,0,0,0,6,0,0,6,0
"10010","Synthliboramphus craveri",0,0,0,0,0,0,7,0,0,6,7,0,0,0
"10011","Synthliboramphus hypoleucus",0,0,0,0,0,0,4,0,0,6,5,0,5,0
"10012","Synthliboramphus scrippsi",0,0,0,0,0,0,4,5,0,6,5,0,5,0
"10013","Synthliboramphus wumizusume",0,0,0,0,3,0,7,0,0,6,5,0,0,0
"10014","Sypheotides indicus",6,7,5,5,4,0,0,4,0,6,0,0,4,0
"10015","Syrigma sibilatrix",0,0,0,0,0,0,0,0,0,0,0,0,0,0
"10016","Syrmaticus ellioti",0,5,0,0,5,5,0,0,5,0,0,0,0,0
"10017","Syrmaticus humiae",5,5,0,0,5,0,0,0,0,0,0,0,0,0
"10018","Syrmaticus mikado",0,0,0,0,4,0,0,0,0,0,0,0,0,0
"10019","Syrmaticus reevesii",0,5,0,0,6,6,0,0,0,0,0,0,0,0
"10020","Syrmaticus soemmerringii",0,0,0,0,7,6,0,0,0,6,0,0,0,0
"10021","Syrrhaptes paradoxus",0,0,0,0,0,0,0,0,0,0,0,0,0,0
"10022","Syrrhaptes tibetanus",0,0,0,0,0,0,0,0,0,0,0,0,0,0
"10023","Systellura decussata",0,0,0,0,0,0,0,0,0,0,0,0,0,0
"10024","Systellura longirostris",0,0,0,0,0,0,0,0,0,0,0,0,0,0
"10025","Systellura roraimae",0,0,0,0,0,0,0,0,0,0,0,0,0,0
"10026","Taccocua leschenaultii",0,0,0,0,0,0,0,0,0,0,0,0,0,0
"10027","Tachornis furcata",0,0,0,0,0,0,0,0,0,0,0,0,0,0
"10028","Tachornis phoenicobia",0,0,0,0,0,0,0,0,0,0,0,0,0,0
"10029","Tachornis squamata",0,0,0,0,0,0,0,0,0,0,0,0,0,0
"10030","Tachuris rubrigastra",0,0,0,0,0,0,0,0,0,0,0,0,0,0
"10031","Tachybaptus dominicus",0,0,0,0,0,0,0,0,0,0,0,0,0,0
"10032","Tachybaptus novaehollandiae",0,0,0,0,0,0,0,0,0,0,0,0,0,0
"10033","Tachybaptus pelzelnii",0,5,0,0,6,0,6,0,0,7,4,0,0,0
"10034","Tachybaptus ruficollis",0,0,0,0,0,0,0,0,0,0,0,0,0,0
"10035","Tachybaptus rufolavatus",0,5,0,0,3,0,4,0,0,6,4,0,0,0
"10036","Tachycineta albilinea",0,0,0,0,0,0,0,0,0,0,0,0,0,0
"10037","Tachycineta albiventer",0,0,0,0,0,0,0,0,0,0,0,0,0,0
"10038","Tachycineta bicolor",0,0,0,0,0,0,0,0,0,0,0,0,0,0
"10039","Tachycineta cyaneoviridis",5,0,0,0,0,5,0,0,7,7,0,0,8,0
"10040","Tachycineta euchrysea",0,6,0,0,0,0,0,0,0,6,0,0,0,0
"10041","Tachycineta leucorrhoa",0,0,0,0,0,0,0,0,0,0,0,0,0,0
"10042","Tachycineta meyeni",0,0,0,0,0,0,0,0,0,0,0,0,0,0
"10043","Tachycineta stolzmanni",0,0,0,0,0,0,0,0,0,0,0,0,0,0
"10044","Tachycineta thalassina",0,0,0,0,0,0,0,0,0,0,0,0,0,0
"10045","Tachyeres brachypterus",0,0,0,0,0,0,0,0,0,0,5,0,0,0
"10046","Tachyeres leucocephalus",0,0,4,0,4,0,4,4,0,7,6,0,0,0
"10047","Tachyeres patachonicus",0,0,0,0,4,0,0,4,0,0,4,0,0,0
"10048","Tachyeres pteneres",0,0,0,0,0,0,0,0,0,0,4,0,0,0
"10049","Tachymarptis aequatorialis",0,0,0,0,0,0,0,0,0,0,0,0,0,0
"10050","Tachymarptis melba",0,0,0,0,0,0,0,0,0,0,0,0,0,0
"10051","Tachyphonus coronatus",0,0,0,0,0,0,0,0,0,0,0,0,0,0
"10052","Tachyphonus phoenicius",0,0,0,0,0,0,0,0,0,0,0,0,0,0
"10053","Tachyphonus rufus",0,0,0,0,0,0,0,0,0,0,0,0,0,0
"10054","Tadorna cana",0,0,0,0,0,0,0,4,4,4,0,0,5,0
"10055","Tadorna cristata",7,0,0,0,0,0,0,0,0,0,0,0,0,0
"10056","Tadorna ferruginea",3,4,4,0,5,0,0,0,4,4,4,0,0,0
"10057","Tadorna tadorna",0,0,0,0,0,0,0,0,0,0,0,0,0,0
"10058","Tadorna tadornoides",0,0,0,0,0,0,0,0,0,0,0,0,0,0
"10059","Tadorna variegata",0,0,0,0,0,0,0,0,0,0,0,0,0,0
"10060","Taeniopygia bichenovii",0,0,0,0,0,0,0,0,0,0,0,0,0,0
"10061","Taeniopygia castanotis",0,0,0,0,0,0,0,0,0,0,0,0,0,0
"10062","Taeniopygia guttata",0,0,0,0,0,0,0,0,0,0,0,0,0,0
"10063","Taeniotriccus andrei",0,0,0,0,0,0,0,0,0,0,0,0,0,0
"10064","Talaphorus chlorocercus",0,0,0,0,0,0,0,0,0,0,0,0,0,0
"10065","Talegalla cuvieri",0,5,0,0,4,0,0,0,0,0,0,0,0,0
"10066","Talegalla fuscirostris",0,0,0,0,0,0,0,0,0,0,0,0,0,0
"10067","Talegalla jobiensis",0,0,0,0,0,0,0,0,0,0,0,0,0,0
"10068","Tangara abbas",0,0,0,0,0,0,0,0,0,0,0,0,0,0
"10069","Tangara argentea",0,0,0,0,0,0,0,0,0,0,0,0,0,0
"10070","Tangara argyrofenges",0,7,0,0,0,0,0,0,0,0,0,0,0,0
"10071","Tangara arthus",0,0,0,0,0,0,0,0,0,0,0,0,0,0
"10072","Tangara atrocoerulea",0,0,0,0,0,0,0,0,0,0,0,0,0,0
"10073","Tangara aurulenta",0,0,0,0,0,0,0,0,0,0,0,0,0,0
"10074","Tangara brasiliensis",0,0,0,0,0,0,0,0,0,0,0,0,0,0
"10075","Tangara cabanisi",5,7,3,0,0,0,0,0,5,0,0,0,5,0
"10076","Tangara callophrys",0,0,0,0,0,0,0,0,0,0,0,0,0,0
"10077","Tangara cayana",0,0,0,0,0,0,0,0,0,0,0,0,0,0
"10078","Tangara chilensis",0,0,0,0,0,0,0,0,0,0,0,0,0,0
"10079","Tangara chrysotis",0,0,0,0,0,0,0,0,0,0,0,0,0,0
"10080","Tangara cucullata",0,0,0,0,0,0,0,0,0,0,0,0,0,0
"10081","Tangara cyanicollis",0,0,0,0,0,0,0,0,0,0,0,0,0,0
"10082","Tangara cyanocephala",0,0,0,0,0,0,0,0,0,0,0,0,0,0
"10083","Tangara cyanomelas",0,0,0,0,0,0,0,0,0,0,0,0,0,0
"10084","Tangara cyanoptera",5,6,5,5,0,0,0,0,0,0,0,0,0,0
"10085","Tangara cyanotis",0,0,0,0,0,0,0,0,0,0,0,0,0,0
"10086","Tangara cyanoventris",0,0,0,0,0,0,0,0,0,0,0,0,0,0
"10087","Tangara desmaresti",0,0,0,0,0,0,0,0,0,0,0,0,0,0
"10088","Tangara dowii",0,0,0,0,0,0,0,0,0,0,0,0,0,0
"10089","Tangara episcopus",0,0,0,0,0,0,0,0,0,0,0,0,0,0
"10090","Tangara fastuosa",0,7,0,5,6,6,0,0,5,0,0,0,0,0
"10091","Tangara flava",0,0,0,0,0,0,0,0,0,0,0,0,0,0
"10092","Tangara florida",0,0,0,0,0,0,0,0,0,0,0,0,0,0
"10093","Tangara fucosa",0,0,1,5,0,4,0,0,0,0,0,0,6,0
"10094","Tangara fulvicervix",0,0,0,0,0,0,0,0,0,0,0,0,0,0
"10095","Tangara glaucocolpa",0,0,0,0,0,0,0,0,0,0,0,0,0,0
"10096","Tangara guttata",0,0,0,0,0,0,0,0,0,0,0,0,0,0
"10097","Tangara gyrola",0,0,0,0,0,0,0,0,0,0,0,0,0,0
"10098","Tangara heinei",0,0,0,0,0,0,0,0,0,0,0,0,0,0
"10099","Tangara icterocephala",0,0,0,0,0,0,0,0,0,0,0,0,0,0
"10100","Tangara inornata",0,0,0,0,0,0,0,0,0,0,0,0,0,0
"10101","Tangara johannae",0,5,4,0,0,4,0,0,0,0,0,0,0,0
"10102","Tangara labradorides",0,0,0,0,0,0,0,0,0,0,0,0,0,0
"10103","Tangara larvata",0,0,0,0,0,0,0,0,0,0,0,0,0,0
"10104","Tangara lavinia",0,0,0,0,0,0,0,0,0,0,0,0,0,0
"10105","Tangara lunigera",0,0,0,0,0,0,0,0,0,0,0,0,0,0
"10106","Tangara mexicana",0,0,0,0,0,0,0,0,0,0,0,0,0,0
"10107","Tangara meyerdeschauenseei",0,5,0,0,0,4,0,0,0,0,0,0,0,0
"10108","Tangara nigrocincta",0,0,0,0,0,0,0,0,0,0,0,0,0,0
"10109","Tangara nigroviridis",0,0,0,0,0,0,0,0,0,0,0,0,0,0
"10110","Tangara ornata",0,0,0,0,0,0,0,0,0,0,0,0,0,0
"10111","Tangara palmarum",0,0,0,0,0,0,0,0,0,0,0,0,0,0
"10112","Tangara palmeri",0,0,0,0,0,0,0,0,0,0,0,0,0,0
"10113","Tangara parzudakii",0,0,0,0,0,0,0,0,0,0,0,0,0,0
"10114","Tangara peruviana",7,0,0,0,5,0,0,0,0,0,0,0,0,0
"10115","Tangara phillipsi",0,0,4,0,0,4,0,0,0,0,0,0,5,0
"10116","Tangara preciosa",0,0,0,0,0,0,0,0,0,0,0,0,0,0
"10117","Tangara punctata",0,0,0,0,0,0,0,0,0,0,0,0,0,0
"10118","Tangara ruficervix",0,0,0,0,0,0,0,0,0,0,0,0,0,0
"10119","Tangara rufigenis",0,0,0,0,0,0,0,0,0,0,0,0,0,0
"10120","Tangara rufigula",0,0,0,0,0,0,0,0,0,0,0,0,0,0
"10121","Tangara sayaca",0,0,0,0,0,0,0,0,0,0,0,0,0,0
"10122","Tangara schrankii",0,0,0,0,0,0,0,0,0,0,0,0,0,0
"10123","Tangara seledon",0,0,0,0,0,0,0,0,0,0,0,0,0,0
"10124","Tangara varia",0,0,0,0,0,0,0,0,0,0,0,0,0,0
"10125","Tangara vassorii",0,0,0,0,0,0,0,0,0,0,0,0,0,0
"10126","Tangara velia",0,0,0,0,0,0,0,0,0,0,0,0,0,0
"10127","Tangara versicolor",0,0,0,0,0,0,0,0,0,0,0,0,0,0
"10128","Tangara viridicollis",0,0,0,0,0,0,0,0,0,0,0,0,0,0
"10129","Tangara vitriolina",0,0,0,0,0,0,0,0,0,0,0,0,0,0
"10130","Tangara whitelyi",0,0,0,0,0,0,0,0,0,0,0,0,0,0
"10131","Tangara xanthocephala",0,0,0,0,0,0,0,0,0,0,0,0,0,0
"10132","Tangara xanthogastra",0,0,0,0,0,0,0,0,0,0,0,0,0,0
"10133","Tanygnathus everetti",0,0,5,0,7,0,0,0,5,0,0,0,0,0
"10134","Tanygnathus gramineus",0,5,0,0,6,5,0,0,0,0,0,0,0,0
"10135","Tanygnathus lucionensis",5,5,0,0,6,6,0,0,0,0,0,0,0,0
"10136","Tanygnathus megalorynchos",0,0,0,0,0,0,0,0,0,0,0,0,0,0
"10137","Tanygnathus sumatranus",0,6,0,0,5,0,0,0,0,0,0,0,0,0
"10138","Tanysiptera carolinae",0,5,0,0,0,5,0,0,0,0,0,0,0,0
"10139","Tanysiptera danae",0,0,0,0,0,0,0,0,0,0,0,0,0,0
"10140","Tanysiptera ellioti",0,6,0,0,0,6,0,0,0,0,0,0,6,0
"10141","Tanysiptera galatea",0,0,0,0,0,0,0,0,0,0,0,0,0,0
"10142","Tanysiptera hydrocharis",0,0,0,0,0,7,0,0,0,0,0,0,0,0
"10143","Tanysiptera nigriceps",0,0,0,0,0,0,0,0,0,0,0,0,0,0
"10144","Tanysiptera nympha",0,0,0,0,0,0,0,0,0,0,0,0,0,0
"10145","Tanysiptera riedelii",0,6,0,0,0,5,0,0,0,0,0,0,0,0
"10146","Tanysiptera sylvia",0,0,0,0,0,0,0,0,0,0,0,0,0,0
"10147","Taoniscus nanus",0,6,0,0,0,0,0,0,4,7,5,0,0,0
"10148","Tapera naevia",0,0,0,0,0,0,0,0,0,0,0,0,0,0
"10149","Taphrolesbia griseiventris",0,5,0,0,0,0,0,0,6,0,0,0,0,0
"10150","Taphrospilus hypostictus",0,0,0,0,0,0,0,0,0,0,0,0,0,0
"10151","Taraba major",0,0,0,0,0,0,0,0,0,0,0,0,0,0
"10152","Tarphonomus certhioides",0,0,0,0,0,0,0,0,0,0,0,0,0,0
"10153","Tarphonomus harterti",0,0,0,0,0,0,0,0,0,0,0,0,0,0
"10154","Tarsiger chrysaeus",0,0,0,0,0,0,0,0,0,0,0,0,0,0
"10155","Tarsiger cyanurus",0,0,0,0,0,0,0,0,0,0,0,0,0,0
"10156","Tarsiger hyperythrus",0,0,0,0,0,0,0,0,0,0,0,0,0,0
"10157","Tarsiger indicus",0,0,0,0,0,0,0,0,0,0,0,0,0,0
"10158","Tarsiger johnstoniae",0,0,0,0,0,0,0,0,0,0,0,0,6,0
"10159","Tarsiger rufilatus",0,0,0,0,0,0,0,0,0,0,0,0,0,0
"10160","Tauraco bannermani",0,8,0,0,6,6,0,0,9,0,0,0,6,0
"10161","Tauraco corythaix",0,0,0,0,0,0,0,0,0,0,0,0,6,0
"10162","Tauraco erythrolophus",0,0,0,0,0,0,0,0,0,0,0,0,0,0
"10163","Tauraco fischeri",5,6,0,0,6,5,0,0,0,0,0,0,0,0
"10164","Tauraco hartlaubi",0,0,0,0,0,0,0,0,0,0,0,0,0,0
"10165","Tauraco leucolophus",0,0,0,0,0,0,0,0,0,0,0,0,0,0
"10166","Tauraco leucotis",0,0,0,0,0,0,0,0,0,0,0,0,0,0
"10167","Tauraco livingstonii",0,0,0,0,0,0,0,0,0,0,0,0,0,0
"10168","Tauraco macrorhynchus",0,0,0,0,0,0,0,0,0,0,0,0,0,0
"10169","Tauraco persa",0,0,0,0,0,0,0,0,0,0,0,0,0,0
"10170","Tauraco ruspolii",4,6,6,6,4,6,0,0,6,6,0,0,0,0
"10171","Tauraco schalowi",0,0,0,0,0,0,0,0,0,0,0,0,0,0
"10172","Tauraco schuettii",0,0,0,0,0,0,0,0,0,0,0,0,0,0
"10173","Tchagra australis",0,0,0,0,0,0,0,0,0,0,0,0,0,0
"10174","Tchagra jamesi",0,0,0,0,0,0,0,0,0,0,0,0,0,0
"10175","Tchagra senegalus",0,0,0,0,0,0,0,0,0,0,0,0,0,0
"10176","Tchagra tchagra",0,0,0,0,0,0,0,0,0,0,0,0,6,0
"10177","Telacanthura melanopygia",0,0,0,0,0,0,0,0,0,0,0,0,0,0
"10178","Telacanthura ussheri",0,0,0,0,0,0,0,0,0,0,0,0,0,0
"10179","Teledromas fuscus",0,0,0,0,0,0,0,0,0,0,0,0,0,0
"10180","Telespiza cantans",0,0,0,0,0,5,0,0,0,6,0,0,7,0
"10181","Telespiza ultima",0,6,0,0,0,0,0,0,5,6,0,0,7,0
"10182","Telophorus dohertyi",0,0,0,0,0,0,0,0,0,0,0,0,0,0
"10183","Telophorus viridis",0,0,0,0,0,0,0,0,0,0,0,0,0,0
"10184","Telophorus zeylonus",0,0,0,0,0,0,0,0,0,0,0,0,0,0
"10185","Temnotrogon roseigaster",0,7,0,4,0,4,0,0,7,0,0,0,0,0
"10186","Temnurus temnurus",0,0,0,0,0,0,0,0,0,0,0,0,0,0
"10187","Tephrodornis affinis",0,0,0,0,0,0,0,0,0,0,0,0,0,0
"10188","Tephrodornis pondicerianus",0,0,0,0,0,0,0,0,0,0,0,0,0,0
"10189","Tephrodornis sylvicola",0,0,0,0,0,0,0,0,0,0,0,0,0,0
"10190","Tephrodornis virgatus",0,0,0,0,0,0,0,0,0,0,0,0,0,0
"10191","Tephrophilus wetmorei",0,6,0,0,0,5,0,0,6,0,0,0,0,0
"10192","Tephrozosterops stalkeri",0,0,0,0,0,0,0,0,0,0,0,0,0,0
"10193","Terathopius ecaudatus",0,7,0,0,6,0,0,4,0,0,7,0,0,0
"10194","Terenotriccus erythrurus",0,0,0,0,0,0,0,0,0,0,0,0,0,0
"10195","Terenura maculata",0,0,0,0,0,0,0,0,0,0,0,0,0,0
"10196","Terenura sicki",0,6,0,0,0,6,0,0,0,0,0,0,0,0
"10197","Teretistris fernandinae",0,0,0,0,0,0,0,0,0,0,0,0,0,0
"10198","Teretistris fornsi",0,0,0,0,0,0,0,0,0,0,0,0,0,0
"10199","Terpsiphone affinis",0,0,0,0,0,0,0,0,0,0,0,0,0,0
"10200","Terpsiphone atrocaudata",0,4,0,0,4,4,0,0,0,0,0,0,0,0
"10201","Terpsiphone atrochalybeia",0,0,0,0,0,0,0,0,0,0,0,0,0,0
"10202","Terpsiphone batesi",0,0,0,0,0,0,0,0,0,0,0,0,0,0
"10203","Terpsiphone bedfordi",0,6,0,0,4,5,0,0,0,0,0,0,0,0
"10204","Terpsiphone bourbonnensis",0,0,0,0,0,0,0,0,0,0,0,0,0,0
"10205","Terpsiphone cinnamomea",0,0,0,0,0,0,0,0,0,0,0,0,0,0
"10206","Terpsiphone corvina",5,0,0,0,0,0,0,0,0,7,0,0,0,0
"10207","Terpsiphone cyanescens",0,6,0,0,0,5,0,0,0,0,0,0,0,0
"10208","Terpsiphone floris",0,0,0,0,0,0,0,0,0,0,0,0,0,0
"10209","Terpsiphone incei",0,0,0,0,0,0,0,0,0,0,0,0,0,0
"10210","Terpsiphone mutata",0,0,0,0,0,0,0,0,0,0,0,0,0,0
"10211","Terpsiphone paradisi",0,0,0,0,0,0,0,0,0,0,0,0,0,0
"10212","Terpsiphone rufiventer",0,0,0,0,0,0,0,0,0,0,0,0,0,0
"10213","Terpsiphone rufocinerea",0,0,0,0,0,0,0,0,0,0,0,0,0,0
"10214","Terpsiphone unirufa",0,0,0,0,0,0,0,0,0,0,0,0,0,0
"10215","Terpsiphone viridis",0,0,0,0,0,0,0,0,0,0,0,0,0,0
"10216","Tersina viridis",0,0,0,0,0,0,0,0,0,0,0,0,0,0
"10217","Tesia cyaniventer",0,0,0,0,0,0,0,0,0,0,0,0,0,0
"10218","Tesia everetti",0,0,0,0,0,0,0,0,0,0,0,0,0,0
"10219","Tesia olivea",0,0,0,0,0,0,0,0,0,0,0,0,0,0
"10220","Tesia superciliaris",0,0,0,0,0,0,0,0,0,0,0,0,0,0
"10221","Tetrao urogalloides",0,0,0,0,0,0,0,0,0,0,0,0,6,0
"10222","Tetrao urogallus",0,0,0,0,0,0,0,0,0,0,0,0,7,0
"10223","Tetraogallus altaicus",0,0,0,0,0,0,0,0,0,0,0,0,0,0
"10224","Tetraogallus caspius",0,0,0,0,0,0,0,0,0,0,0,0,0,0
"10225","Tetraogallus caucasicus",0,6,0,0,6,0,0,0,0,0,0,0,0,0
"10226","Tetraogallus himalayensis",0,0,0,0,0,0,0,0,0,0,0,0,0,0
"10227","Tetraogallus tibetanus",0,0,0,0,0,0,0,0,0,0,0,0,0,0
"10228","Tetraophasis obscurus",0,0,0,0,0,0,0,0,0,0,0,0,0,0
"10229","Tetraophasis szechenyii",0,0,0,0,0,0,0,0,0,0,0,0,0,0
"10230","Tetrastes bonasia",0,0,0,0,0,0,0,0,0,0,0,0,0,0
"10231","Tetrastes sewerzowi",0,0,0,0,5,6,0,0,0,0,0,0,0,0
"10232","Tetrax tetrax",0,6,0,6,5,0,0,0,0,6,6,0,4,0
"10233","Thalassarche bulleri",0,0,0,0,0,0,5,0,0,0,0,0,3,0
"10234","Thalassarche carteri",0,0,0,0,0,0,8,0,0,8,0,0,0,0
"10235","Thalassarche cauta",0,0,0,0,0,0,5,0,0,5,0,0,5,0
"10236","Thalassarche chlororhynchos",0,0,0,0,2,0,6,0,0,5,0,0,0,0
"10237","Thalassarche chrysostoma",0,0,0,0,0,0,7,0,0,5,0,0,7,0
"10238","Thalassarche eremita",0,0,0,0,1,0,7,0,0,0,0,0,5,0
"10239","Thalassarche impavida",0,0,0,0,0,0,6,0,0,0,0,0,0,0
"10240","Thalassarche melanophris",0,0,0,0,4,0,6,0,0,6,0,2,6,0
"10241","Thalassarche salvini",0,0,0,0,0,0,7,0,0,0,0,0,0,0
"10242","Thalassarche steadi",0,0,0,0,0,0,6,0,0,5,0,0,0,0
"10243","Thalasseus bengalensis",0,0,0,0,0,0,0,0,0,0,0,0,0,0
"10244","Thalasseus bergii",0,0,0,0,5,0,0,4,0,0,0,0,0,0
"10245","Thalasseus bernsteini",4,0,0,0,8,0,6,5,0,7,5,0,7,0
"10246","Thalasseus elegans",0,0,0,0,4,0,6,4,0,4,0,0,6,0
"10247","Thalasseus maximus",0,0,0,0,4,0,0,4,0,0,0,0,0,0
"10248","Thalasseus sandvicensis",0,0,0,0,5,0,0,4,0,0,0,0,0,0
"10249","Thalassoica antarctica",0,0,0,0,0,0,0,0,0,0,0,0,0,0
"10250","Thalassornis leuconotus",0,0,0,0,0,0,0,0,0,0,0,0,0,0
"10251","Thalurania colombica",0,6,0,0,0,5,0,0,0,0,0,0,0,0
"10252","Thalurania furcata",0,0,0,0,0,0,0,0,0,0,0,0,0,0
"10253","Thalurania glaucopis",0,0,0,0,0,0,0,0,0,0,0,0,0,0
"10254","Thalurania watertonii",0,6,0,5,0,6,0,0,0,0,0,0,0,0
"10255","Thamnistes aequatorialis",0,0,0,0,0,0,0,0,0,0,0,0,0,0
"10256","Thamnistes anabatinus",0,0,0,0,0,0,0,0,0,0,0,0,0,0
"10257","Thamnolaea cinnamomeiventris",0,0,0,0,0,0,0,0,0,0,0,0,0,0
"10258","Thamnomanes ardesiacus",0,0,0,0,0,0,0,0,0,0,0,0,0,0
"10259","Thamnomanes caesius",0,0,0,0,0,0,0,0,0,0,0,0,0,0
"10260","Thamnomanes saturninus",0,0,0,0,0,0,0,0,0,0,0,0,0,0
"10261","Thamnomanes schistogynus",0,0,0,0,0,0,0,0,0,0,0,0,0,0
"10262","Thamnophilus aethiops",0,0,0,0,0,0,0,0,0,0,0,0,0,0
"10263","Thamnophilus amazonicus",0,0,0,0,0,0,0,0,0,0,0,0,0,0
"10264","Thamnophilus ambiguus",0,0,0,0,0,0,0,0,0,0,0,0,0,0
"10265","Thamnophilus aroyae",0,0,0,0,0,0,0,0,0,0,0,0,0,0
"10266","Thamnophilus atrinucha",0,0,0,0,0,0,0,0,0,0,0,0,0,0
"10267","Thamnophilus bernardi",0,0,0,0,0,0,0,0,0,0,0,0,0,0
"10268","Thamnophilus bridgesi",0,0,0,0,0,0,0,0,0,0,0,0,0,0
"10269","Thamnophilus caerulescens",0,0,0,0,0,0,0,0,0,0,0,0,0,0
"10270","Thamnophilus cryptoleucus",0,5,0,0,0,5,0,0,4,0,0,0,4,0
"10271","Thamnophilus divisorius",0,0,0,0,0,0,0,0,0,0,0,0,0,0
"10272","Thamnophilus doliatus",0,0,0,0,0,0,0,0,0,0,0,0,0,0
"10273","Thamnophilus insignis",0,0,0,0,0,0,0,0,0,0,0,0,0,0
"10274","Thamnophilus melanonotus",0,0,0,0,0,0,0,0,0,0,0,0,0,0
"10275","Thamnophilus melanothorax",0,0,0,0,0,0,0,0,0,0,0,0,0,0
"10276","Thamnophilus multistriatus",0,0,0,0,0,0,0,0,0,0,0,0,0,0
"10277","Thamnophilus murinus",0,0,0,0,0,0,0,0,0,0,0,0,0,0
"10278","Thamnophilus nigriceps",0,0,0,0,0,0,0,0,0,0,0,0,0,0
"10279","Thamnophilus nigrocinereus",0,6,0,0,0,6,0,0,3,0,0,0,0,0
"10280","Thamnophilus palliatus",0,0,0,0,0,0,0,0,0,0,0,0,0,0
"10281","Thamnophilus pelzelni",0,0,0,0,0,0,0,0,0,0,0,0,0,0
"10282","Thamnophilus praecox",0,0,5,0,0,5,0,0,0,0,0,0,0,0
"10283","Thamnophilus punctatus",0,0,0,0,0,0,0,0,0,0,0,0,0,0
"10284","Thamnophilus ruficapillus",0,0,0,0,0,0,0,0,0,0,0,0,0,0
"10285","Thamnophilus schistaceus",0,0,0,0,0,0,0,0,0,0,0,0,0,0
"10286","Thamnophilus shumbae",0,0,0,0,0,4,0,0,0,0,0,0,0,0
"10287","Thamnophilus stictocephalus",0,0,0,0,0,0,0,0,0,0,0,0,0,0
"10288","Thamnophilus sticturus",0,0,0,0,0,0,0,0,0,0,0,0,0,0
"10289","Thamnophilus subfasciatus",0,0,0,0,0,0,0,0,0,0,0,0,0,0
"10290","Thamnophilus tenuepunctatus",0,4,0,0,0,0,0,0,0,0,0,0,0,0
"10291","Thamnophilus torquatus",0,0,0,0,0,0,0,0,0,0,0,0,0,0
"10292","Thamnophilus unicolor",0,0,0,0,0,0,0,0,0,0,0,0,0,0
"10293","Thamnophilus zarumae",0,0,0,0,0,0,0,0,0,0,0,0,0,0
"10294","Thamnornis chloropetoides",0,0,0,0,0,0,0,0,0,0,0,0,0,0
"10295","Thaumasius baeri",0,0,0,0,0,0,0,0,0,0,0,0,0,0
"10296","Thaumasius taczanowskii",0,0,0,0,0,0,0,0,0,0,0,0,0,0
"10297","Thaumastura cora",0,0,0,0,0,0,0,0,0,0,0,0,0,0
"10298","Thaumatibis gigantea",6,7,0,6,7,6,0,7,6,7,0,0,0,0
"10299","Theristicus branickii",0,6,0,0,6,0,0,0,0,0,0,0,0,0
"10300","Theristicus caerulescens",0,0,0,0,0,0,0,0,0,0,0,0,0,0
"10301","Theristicus caudatus",0,0,0,0,0,0,0,0,0,0,0,0,0,0
"10302","Theristicus melanopis",0,0,0,0,0,0,0,0,0,0,0,0,0,0
"10303","Thescelocichla leucopleura",0,0,0,0,0,0,0,0,0,0,0,0,0,0
"10304","Thinocorus orbignyianus",0,0,0,0,0,0,0,0,0,0,0,0,0,0
"10305","Thinocorus rumicivorus",0,0,0,0,0,0,0,0,0,0,0,0,0,0
"10306","Thinornis cucullatus",6,0,0,0,0,0,0,5,4,6,7,0,4,0
"10307","Thinornis novaeseelandiae",0,5,0,0,0,0,0,5,0,5,0,0,6,0
"10308","Thlypopsis fulviceps",0,0,0,0,0,0,0,0,0,0,0,0,0,0
"10309","Thlypopsis inornata",0,0,0,0,0,0,0,0,0,0,0,0,0,0
"10310","Thlypopsis ornata",0,0,0,0,0,0,0,0,0,0,0,0,0,0
"10311","Thlypopsis pectoralis",0,0,0,0,0,0,0,0,0,0,0,0,0,0
"10312","Thlypopsis pyrrhocoma",0,0,0,0,0,0,0,0,0,0,0,0,0,0
"10313","Thlypopsis ruficeps",0,0,0,0,0,0,0,0,0,0,0,0,0,0
"10314","Thlypopsis sordida",0,0,0,0,0,0,0,0,0,0,0,0,0,0
"10315","Thlypopsis superciliaris",0,0,0,0,0,0,0,0,0,0,0,0,0,0
"10316","Threnetes leucurus",0,0,0,0,0,0,0,0,0,0,0,0,0,0
"10317","Threnetes niger",0,0,0,0,0,0,0,0,0,0,0,0,0,0
"10318","Threnetes ruckeri",0,0,0,0,0,0,0,0,0,0,0,0,0,0
"10319","Threskiornis aethiopicus",0,0,0,0,5,0,0,5,0,4,0,0,0,0
"10320","Threskiornis bernieri",0,5,0,0,7,6,0,0,0,0,6,0,0,0
"10321","Threskiornis melanocephalus",0,5,0,0,5,0,0,5,5,0,5,0,0,0
"10322","Threskiornis moluccus",0,0,0,0,0,0,0,0,0,0,0,0,0,0
"10323","Threskiornis solitarius",0,0,0,0,5,0,0,0,0,0,0,0,0,0
"10324","Threskiornis spinicollis",0,0,0,0,0,0,0,0,0,0,0,0,0,0
"10325","Thripadectes flammulatus",0,0,0,0,0,0,0,0,0,0,0,0,0,0
"10326","Thripadectes holostictus",0,0,0,0,0,0,0,0,0,0,0,0,0,0
"10327","Thripadectes ignobilis",0,0,0,0,0,0,0,0,0,0,0,0,0,0
"10328","Thripadectes melanorhynchus",0,0,0,0,0,0,0,0,0,0,0,0,0,0
"10329","Thripadectes rufobrunneus",0,0,0,0,0,0,0,0,0,0,0,0,0,0
"10330","Thripadectes scrutator",0,0,0,0,0,0,0,0,0,0,0,0,0,0
"10331","Thripadectes virgaticeps",0,0,0,0,0,0,0,0,0,0,0,0,0,0
"10332","Thripophaga amacurensis",0,4,4,0,0,5,0,0,0,0,0,0,0,0
"10333","Thripophaga cherriei",0,5,0,0,0,0,0,0,0,0,0,0,0,0
"10334","Thripophaga fusciceps",0,0,0,0,0,0,0,0,0,0,0,0,0,0
"10335","Thripophaga gutturata",0,0,0,0,0,0,0,0,0,0,0,0,0,0
"10336","Thripophaga macroura",7,7,0,0,0,5,0,0,0,0,0,0,0,0
"10337","Thryomanes bewickii",0,0,0,0,0,0,0,0,0,0,0,0,0,0
"10338","Thryophilus nicefori",0,7,0,0,0,5,0,0,6,0,0,0,0,0
"10339","Thryophilus pleurostictus",0,0,0,0,0,0,0,0,0,0,0,0,0,0
"10340","Thryophilus rufalbus",0,0,0,0,0,0,0,0,0,0,0,0,0,0
"10341","Thryophilus sernai",5,5,5,5,0,6,0,0,6,0,0,0,0,0
"10342","Thryophilus sinaloa",0,0,0,0,0,0,0,0,0,0,0,0,0,0
"10343","Thryorchilus browni",0,0,0,0,0,0,0,0,0,0,0,0,6,0
"10344","Thryothorus albinucha",0,0,0,0,0,0,0,0,0,0,0,0,0,0
"10345","Thryothorus ludovicianus",0,0,0,0,0,0,0,0,0,0,0,0,0,0
"10346","Tiaris olivaceus",0,0,0,0,0,0,0,0,0,0,0,0,0,0
"10347","Tichodroma muraria",0,0,0,0,0,0,0,0,0,0,0,0,0,0
"10348","Tickellia hodgsoni",0,0,0,0,0,0,0,0,0,0,0,0,0,0
"10349","Tigriornis leucolopha",0,0,0,0,0,0,0,0,0,0,0,0,0,0
"10350","Tigrisoma fasciatum",0,0,0,0,0,0,0,0,0,0,0,0,0,0
"10351","Tigrisoma lineatum",0,0,0,0,0,0,0,0,0,0,0,0,0,0
"10352","Tigrisoma mexicanum",0,0,0,0,0,0,0,0,0,0,0,0,0,0
"10353","Tilmatura dupontii",0,0,0,0,0,0,0,0,0,0,0,0,0,0
"10354","Timalia pileata",0,0,0,0,0,0,0,0,0,0,0,0,0,0
"10355","Timeliopsis fulvigula",0,0,0,0,0,0,0,0,0,0,0,0,0,0
"10356","Timeliopsis griseigula",0,0,0,0,0,0,0,0,0,0,0,0,0,0
"10357","Tinamotis ingoufi",0,0,0,0,0,0,0,0,0,0,0,0,0,0
"10358","Tinamotis pentlandii",0,0,0,0,0,0,0,0,0,0,0,0,0,0
"10359","Tinamus guttatus",0,6,0,0,6,0,0,0,0,0,0,0,0,0
"10360","Tinamus major",0,6,4,7,6,6,0,0,0,0,0,0,0,0
"10361","Tinamus osgoodi",0,5,5,0,6,0,0,0,0,0,0,0,0,0
"10362","Tinamus solitarius",5,6,0,3,6,5,0,0,0,0,0,0,0,0
"10363","Tinamus tao",0,6,0,0,5,0,0,0,0,0,0,0,0,0
"10364","Tityra braziliensis",0,0,0,0,0,0,0,0,0,0,0,0,0,0
"10365","Tityra cayana",0,0,0,0,0,0,0,0,0,0,0,0,0,0
"10366","Tityra inquisitor",0,0,0,0,0,0,0,0,0,0,0,0,0,0
"10367","Tityra leucura",0,0,0,0,0,0,0,0,0,0,0,0,0,0
"10368","Tityra semifasciata",0,0,0,0,0,0,0,0,0,0,0,0,0,0
"10369","Tmetothylacus tenellus",0,0,0,0,0,0,0,0,0,0,0,0,0,0
"10370","Tockus damarensis",0,0,0,0,0,0,0,0,0,0,0,0,0,0
"10371","Tockus deckeni",0,0,0,0,0,0,0,0,0,0,0,0,0,0
"10372","Tockus erythrorhynchus",0,0,0,0,0,0,0,0,0,0,0,0,0,0
"10373","Tockus flavirostris",0,0,0,0,0,0,0,0,0,0,0,0,0,0
"10374","Tockus jacksoni",0,0,0,0,0,0,0,0,0,0,0,0,0,0
"10375","Tockus leucomelas",0,0,0,0,0,0,0,0,0,0,0,0,0,0
"10376","Tockus monteiri",0,0,0,0,0,0,0,0,0,0,0,0,0,0
"10377","Todiramphus albonotatus",0,7,0,0,0,6,0,0,0,0,0,0,0,0
"10378","Todiramphus australasia",0,5,6,6,0,5,0,0,5,0,0,0,0,0
"10379","Todiramphus chloris",0,0,0,0,0,0,0,0,0,0,0,0,0,0
"10380","Todiramphus cinnamominus",0,0,0,0,0,0,0,0,0,5,0,0,0,0
"10381","Todiramphus diops",0,0,0,0,0,0,0,0,0,0,0,0,0,0
"10382","Todiramphus enigma",0,0,0,0,0,5,0,0,0,0,0,0,0,0
"10383","Todiramphus farquhari",0,5,0,0,0,5,0,0,0,5,0,0,0,0
"10384","Todiramphus funebris",5,6,5,0,0,6,0,0,5,0,0,0,0,0
"10385","Todiramphus gambieri",0,8,0,0,0,0,0,0,0,7,0,0,6,0
"10386","Todiramphus godeffroyi",0,0,0,0,0,6,0,0,0,6,0,0,0,0
"10387","Todiramphus lazuli",0,4,0,0,4,4,0,0,0,0,0,0,0,0
"10388","Todiramphus leucopygius",0,0,0,0,0,0,0,0,0,0,0,0,0,0
"10389","Todiramphus macleayii",0,0,0,0,0,0,0,0,0,0,0,0,0,0
"10390","Todiramphus nigrocyaneus",0,0,0,0,0,7,0,0,0,0,0,0,0,0
"10391","Todiramphus pelewensis",4,4,0,0,0,0,0,0,0,6,0,0,0,0
"10392","Todiramphus pyrrhopygius",0,0,0,0,0,0,0,0,0,0,0,0,0,0
"10393","Todiramphus recurvirostris",0,0,0,0,0,0,0,0,0,0,0,0,0,0
"10394","Todiramphus reichenbachii",0,5,0,0,0,0,0,0,0,7,0,0,0,0
"10395","Todiramphus ruficollaris",0,3,0,0,0,0,0,6,0,6,0,0,0,0
"10396","Todiramphus sanctus",0,0,0,0,0,0,0,0,0,0,0,0,0,0
"10397","Todiramphus saurophagus",0,0,0,0,0,0,0,0,0,0,0,0,0,0
"10398","Todiramphus tutus",5,5,0,0,0,0,0,0,0,4,0,0,0,0
"10399","Todiramphus veneratus",4,0,0,0,0,4,0,0,0,0,0,0,0,0
"10400","Todiramphus winchelli",0,6,0,0,0,6,0,0,6,0,0,0,0,0
"10401","Todiramphus youngi",5,5,0,0,0,0,0,0,0,8,0,0,0,0
"10402","Todirostrum chrysocrotaphum",0,0,0,0,0,0,0,0,0,0,0,0,0,0
"10403","Todirostrum cinereum",0,0,0,0,0,0,0,0,0,0,0,0,0,0
"10404","Todirostrum maculatum",0,0,0,0,0,0,0,0,0,0,0,0,0,0
"10405","Todirostrum nigriceps",0,0,0,0,0,0,0,0,0,0,0,0,0,0
"10406","Todirostrum pictum",0,0,0,0,0,0,0,0,0,0,0,0,0,0
"10407","Todirostrum poliocephalum",0,0,0,0,0,0,0,0,0,0,0,0,0,0
"10408","Todirostrum viridanum",5,5,0,5,0,5,0,0,0,0,0,0,0,0
"10409","Todus angustirostris",0,0,0,0,0,0,0,0,0,0,0,0,0,0
"10410","Todus mexicanus",0,0,0,0,0,0,0,0,0,0,0,0,0,0
"10411","Todus multicolor",0,0,0,0,0,0,0,0,0,0,0,0,0,0
"10412","Todus subulatus",0,0,0,0,0,0,0,0,0,0,0,0,0,0
"10413","Todus todus",0,0,0,0,0,0,0,0,0,0,0,0,0,0
"10414","Tolmomyias assimilis",0,0,0,0,0,0,0,0,0,0,0,0,0,0
"10415","Tolmomyias flaviventris",0,0,0,0,0,0,0,0,0,0,0,0,0,0
"10416","Tolmomyias flavotectus",0,0,0,0,0,0,0,0,0,0,0,0,0,0
"10417","Tolmomyias poliocephalus",0,0,0,0,0,0,0,0,0,0,0,0,0,0
"10418","Tolmomyias sulphurescens",0,0,0,0,0,0,0,0,0,0,0,0,0,0
"10419","Tolmomyias traylori",0,0,0,0,0,0,0,0,0,0,0,0,0,0
"10420","Tolmomyias viridiceps",0,0,0,0,0,0,0,0,0,0,0,0,0,0
"10421","Topaza pella",0,0,0,0,0,0,0,0,0,0,0,0,0,0
"10422","Topaza pyra",0,0,0,0,0,0,0,0,0,0,0,0,0,0
"10423","Torgos tracheliotos",5,5,0,5,7,0,0,6,5,0,5,0,0,5
"10424","Torreornis inexpectata",4,5,6,4,0,0,0,5,6,0,0,0,0,0
"10425","Touit batavicus",0,0,0,0,0,0,0,0,0,0,0,0,0,0
"10426","Touit costaricensis",5,6,0,0,0,6,0,0,6,0,0,0,6,0
"10427","Touit dilectissimus",0,0,0,0,0,0,0,0,0,0,0,0,0,0
"10428","Touit huetii",0,5,0,0,4,0,0,0,0,0,0,0,0,0
"10429","Touit melanonotus",5,5,2,5,0,6,0,0,0,0,0,0,0,0
"10430","Touit purpuratus",0,0,0,0,0,0,0,0,0,0,0,0,0,0
"10431","Touit stictopterus",5,5,0,5,0,0,0,0,0,0,0,0,0,0
"10432","Touit surdus",6,6,2,0,4,0,0,0,0,0,0,0,0,0
"10433","Toxorhamphus novaeguineae",0,0,0,0,0,0,0,0,0,0,0,0,0,0
"10434","Toxorhamphus poliopterus",0,0,0,0,0,0,0,0,0,0,0,0,0,0
"10435","Toxostoma bendirei",5,7,6,0,0,7,0,7,0,7,0,0,5,0
"10436","Toxostoma cinereum",0,0,0,0,0,0,0,0,0,0,0,0,0,0
"10437","Toxostoma crissale",0,0,0,0,0,0,0,0,0,0,0,0,0,0
"10438","Toxostoma curvirostre",0,0,0,0,0,0,0,0,0,0,0,0,0,0
"10439","Toxostoma guttatum",5,0,0,0,0,0,0,0,0,7,0,0,9,0
"10440","Toxostoma lecontei",0,0,0,0,0,0,0,0,0,0,0,0,0,0
"10441","Toxostoma longirostre",0,0,0,0,0,0,0,0,0,0,0,0,0,0
"10442","Toxostoma ocellatum",0,0,0,0,0,0,0,0,0,0,0,0,0,0
"10443","Toxostoma redivivum",0,0,0,0,0,0,0,0,0,0,0,0,0,0
"10444","Toxostoma rufum",0,0,0,0,0,0,0,0,0,0,0,0,0,0
"10445","Trachylaemus goffinii",0,0,0,0,0,0,0,0,0,0,0,0,0,0
"10446","Trachylaemus purpuratus",0,0,0,0,0,0,0,0,0,0,0,0,0,0
"10447","Trachylaemus togoensis",0,0,0,0,0,0,0,0,0,0,0,0,0,0
"10448","Trachyphonus darnaudii",0,0,0,0,0,0,0,0,0,0,0,0,0,0
"10449","Trachyphonus emini",0,0,0,0,0,0,0,0,0,0,0,0,0,0
"10450","Trachyphonus erythrocephalus",0,0,0,0,0,0,0,0,0,0,0,0,0,0
"10451","Trachyphonus margaritatus",0,0,0,0,0,0,0,0,0,0,0,0,0,0
"10452","Trachyphonus usambiro",0,0,0,0,0,0,0,0,0,0,0,0,0,0
"10453","Trachyphonus vaillantii",0,0,0,0,0,0,0,0,0,0,0,0,0,0
"10454","Tragopan blythii",5,5,5,5,5,5,0,0,5,0,0,0,0,0
"10455","Tragopan caboti",0,5,0,0,5,5,0,0,0,5,0,0,0,0
"10456","Tragopan melanocephalus",0,5,0,0,5,5,0,0,0,0,0,0,0,0
"10457","Tragopan satyra",0,5,0,0,5,5,0,0,0,0,0,0,0,0
"10458","Tragopan temminckii",0,0,0,0,0,0,0,0,0,0,0,0,0,0
"10459","Traversia lyalli",4,0,0,0,0,0,0,0,0,5,0,0,0,0
"10460","Tregellasia capito",0,0,0,0,0,0,0,0,0,0,0,0,0,0
"10461","Tregellasia leucops",0,0,0,0,0,0,0,0,0,0,0,0,0,0
"10462","Treron affinis",0,0,0,0,0,0,0,0,0,0,0,0,0,0
"10463","Treron apicauda",0,0,0,0,0,0,0,0,0,0,0,0,0,0
"10464","Treron aromaticus",0,5,0,0,4,0,0,0,0,0,0,0,0,0
"10465","Treron australis",0,0,0,0,0,0,0,0,0,0,0,0,0,0
"10466","Treron axillaris",0,0,0,0,0,0,0,0,0,0,0,0,0,0
"10467","Treron bicinctus",0,0,0,0,0,0,0,0,0,0,0,0,0,0
"10468","Treron calvus",0,0,0,0,0,0,0,0,0,0,0,0,0,0
"10469","Treron capellei",0,7,0,0,5,6,0,0,5,0,0,0,0,0
"10470","Treron chloropterus",5,4,0,0,6,4,0,0,0,0,0,0,0,0
"10471","Treron curvirostra",0,0,0,0,0,0,0,0,0,0,0,0,0,0
"10472","Treron delalandii",0,0,0,0,0,0,0,0,0,0,0,0,0,0
"10473","Treron floris",0,6,5,0,5,0,0,0,6,0,0,0,0,0
"10474","Treron formosae",0,0,0,0,4,3,0,0,0,0,0,0,0,0
"10475","Treron fulvicollis",0,7,0,0,4,6,0,0,4,0,0,0,0,0
"10476","Treron griseicauda",0,0,0,0,0,0,0,0,0,0,0,0,0,0
"10477","Treron griveaudi",0,6,0,0,6,6,0,0,5,7,0,0,6,0
"10478","Treron olax",0,0,0,0,0,0,0,0,0,0,0,0,0,0
"10479","Treron oxyurus",0,5,0,0,0,5,0,0,5,0,0,0,0,0
"10480","Treron pembaensis",3,6,0,0,6,6,0,0,0,4,0,0,0,0
"10481","Treron permagnus",0,0,0,0,0,0,0,0,0,0,0,0,0,0
"10482","Treron phayrei",0,6,0,0,7,0,0,0,0,0,0,0,0,0
"10483","Treron phoenicopterus",0,0,0,0,0,0,0,0,0,0,0,0,0,0
"10484","Treron pompadora",0,0,0,0,0,0,0,0,0,0,0,0,0,0
"10485","Treron psittaceus",6,6,0,0,6,6,0,0,5,0,0,0,0,0
"10486","Treron sanctithomae",0,5,0,0,7,0,0,0,0,0,0,0,0,0
"10487","Treron seimundi",0,0,0,0,0,0,0,0,0,0,0,0,0,0
"10488","Treron sieboldii",0,0,0,0,0,0,0,0,0,0,0,0,0,0
"10489","Treron sphenurus",0,0,0,0,0,0,0,0,0,0,0,0,0,0
"10490","Treron teysmannii",0,6,0,0,4,5,0,0,0,0,0,0,0,0
"10491","Treron vernans",0,0,0,0,0,0,0,0,0,0,0,0,0,0
"10492","Treron waalia",0,0,0,0,0,0,0,0,0,0,0,0,0,0
"10493","Tribonyx hodgenorum",0,0,0,0,4,0,0,0,0,4,0,0,0,0
"10494","Tribonyx mortierii",0,0,0,0,0,0,0,0,0,0,0,0,0,0
"10495","Tribonyx ventralis",0,0,0,0,0,0,0,0,0,0,0,0,0,0
"10496","Trichodere cockerelli",0,0,0,0,0,0,0,0,0,0,0,0,0,0
"10497","Trichoglossus capistratus",0,0,0,0,0,0,0,0,0,0,0,0,0,0
"10498","Trichoglossus chlorolepidotus",0,0,0,0,0,0,0,0,0,0,0,0,0,0
"10499","Trichoglossus euteles",0,0,0,0,0,0,0,0,0,0,0,0,6,0
"10500","Trichoglossus flavoviridis",0,0,0,0,0,0,0,0,0,0,0,0,0,0
"10501","Trichoglossus forsteni",0,7,0,0,7,0,0,0,5,0,0,0,0,0
"10502","Trichoglossus haematodus",0,0,0,0,0,0,0,0,0,0,0,0,0,0
"10503","Trichoglossus iris",0,0,0,0,5,5,0,0,0,0,0,0,0,0
"10504","Trichoglossus johnstoniae",0,0,0,0,4,0,0,0,0,0,0,0,0,0
"10505","Trichoglossus meyeri",0,0,0,0,0,0,0,0,0,0,0,0,0,0
"10506","Trichoglossus moluccanus",0,0,0,0,0,0,0,0,0,0,0,0,0,0
"10507","Trichoglossus ornatus",0,0,0,0,0,0,0,0,0,0,0,0,0,0
"10508","Trichoglossus rosenbergii",0,4,0,0,7,5,0,0,0,0,0,0,0,0
"10509","Trichoglossus rubiginosus",0,5,0,0,4,0,0,0,0,0,0,0,5,0
"10510","Trichoglossus rubritorquis",0,0,0,0,0,0,0,0,0,0,0,0,0,0
"10511","Trichoglossus weberi",5,5,0,0,5,6,0,0,0,0,0,0,0,0
"10512","Tricholaema diademata",0,0,0,0,0,0,0,0,0,0,0,0,0,0
"10513","Tricholaema frontata",0,0,0,0,0,0,0,0,0,0,0,0,0,0
"10514","Tricholaema hirsuta",0,0,0,0,0,0,0,0,0,0,0,0,0,0
"10515","Tricholaema lacrymosa",0,0,0,0,0,0,0,0,0,0,0,0,0,0
"10516","Tricholaema leucomelas",0,0,0,0,0,0,0,0,0,0,0,0,0,0
"10517","Tricholaema melanocephala",0,0,0,0,0,0,0,0,0,0,0,0,0,0
"10518","Tricholestes criniger",0,0,0,0,0,0,0,0,0,0,0,0,0,0
"10519","Trichothraupis melanops",0,0,0,0,0,0,0,0,0,0,0,0,0,0
"10520","Triclaria malachitacea",5,5,0,0,5,6,0,0,0,0,0,0,0,0
"10521","Trigonoceps occipitalis",6,6,0,5,7,0,0,4,0,0,0,0,0,5
"10522","Tringa brevipes",6,0,0,0,6,0,0,5,0,0,5,0,6,0
"10523","Tringa erythropus",0,0,0,0,0,0,5,0,5,0,0,0,6,0
"10524","Tringa flavipes",0,0,0,0,0,0,0,0,0,0,0,0,6,0
"10525","Tringa glareola",0,5,0,0,5,0,0,0,0,4,0,0,6,0
"10526","Tringa guttifer",6,6,0,0,5,0,0,6,0,6,5,0,0,0
"10527","Tringa incana",0,0,0,0,0,0,0,0,0,0,0,0,6,0
"10528","Tringa melanoleuca",0,0,0,0,0,0,0,0,0,0,0,0,0,0
"10529","Tringa nebularia",0,0,0,0,0,0,0,5,5,0,5,0,0,0
"10530","Tringa ochropus",0,0,0,0,0,0,0,0,0,4,0,0,0,0
"10531","Tringa semipalmata",0,0,0,0,0,0,0,0,0,0,0,0,0,0
"10532","Tringa solitaria",0,0,0,0,0,0,0,0,0,0,0,0,0,0
"10533","Tringa stagnatilis",0,5,0,0,5,0,5,0,5,4,5,0,0,0
"10534","Tringa totanus",0,0,0,0,0,0,0,0,0,0,0,0,0,0
"10535","Trochalopteron affine",0,0,0,0,0,0,0,0,0,0,0,0,0,0
"10536","Trochalopteron austeni",0,0,0,0,0,0,0,0,0,0,0,0,0,0
"10537","Trochalopteron chrysopterum",0,0,0,0,0,0,0,0,0,0,0,0,0,0
"10538","Trochalopteron elliotii",0,0,0,0,0,0,0,0,0,0,0,0,0,0
"10539","Trochalopteron erythrocephalum",0,0,0,0,0,0,0,0,0,0,0,0,0,0
"10540","Trochalopteron formosum",0,0,0,0,0,0,0,0,0,0,0,0,0,0
"10541","Trochalopteron henrici",0,0,0,0,0,0,0,0,0,0,0,0,0,0
"10542","Trochalopteron imbricatum",0,0,0,0,0,0,0,0,0,0,0,0,0,0
"10543","Trochalopteron lineatum",0,0,0,0,0,0,0,0,0,0,0,0,0,0
"10544","Trochalopteron melanostigma",0,0,0,0,0,0,0,0,0,0,0,0,0,0
"10545","Trochalopteron milnei",0,0,0,0,0,0,0,0,0,0,0,0,0,0
"10546","Trochalopteron morrisonianum",0,0,0,0,0,0,0,0,0,0,0,0,6,0
"10547","Trochalopteron ngoclinhense",0,5,0,0,6,5,0,0,0,0,0,0,0,0
"10548","Trochalopteron peninsulae",0,0,0,0,0,0,0,0,0,0,0,0,0,0
"10549","Trochalopteron squamatum",0,0,0,0,0,0,0,0,0,0,0,0,0,0
"10550","Trochalopteron subunicolor",0,0,0,0,0,0,0,0,0,0,0,0,0,0
"10551","Trochalopteron variegatum",0,0,0,0,0,0,0,0,0,0,0,0,0,0
"10552","Trochalopteron virgatum",0,0,0,0,0,0,0,0,0,0,0,0,0,0
"10553","Trochalopteron yersini",0,5,0,0,5,6,0,0,0,0,0,0,6,0
"10554","Trochilus polytmus",0,0,0,0,0,0,0,0,0,0,0,0,0,0
"10555","Trochilus scitulus",0,0,0,0,0,0,0,0,0,0,0,0,0,0
"10556","Trochocercus bivittatus",0,0,0,0,0,0,0,0,0,0,0,0,0,0
"10557","Trochocercus cyanomelas",0,0,0,0,0,0,0,0,0,0,0,0,0,0
"10558","Trochocercus nitens",0,0,0,0,0,0,0,0,0,0,0,0,0,0
"10559","Troglodytes aedon",0,0,0,0,0,0,0,0,0,0,0,0,0,0
"10560","Troglodytes beani",0,0,0,0,0,0,0,0,0,0,0,0,0,0
"10561","Troglodytes cobbi",0,5,0,0,0,0,0,0,3,3,0,0,0,0
"10562","Troglodytes hiemalis",0,0,0,0,0,0,0,0,0,0,0,0,0,0
"10563","Troglodytes monticola",0,6,0,0,0,6,0,0,6,0,0,0,0,0
"10564","Troglodytes ochraceus",0,0,0,0,0,0,0,0,0,0,0,0,0,0
"10565","Troglodytes pacificus",0,0,0,0,0,0,0,0,0,0,0,0,0,0
"10566","Troglodytes rufociliatus",0,0,0,0,0,0,0,0,0,0,0,0,0,0
"10567","Troglodytes rufulus",0,0,0,0,0,0,0,0,0,0,0,0,0,0
"10568","Troglodytes sissonii",0,0,0,0,0,0,0,0,0,7,0,0,0,0
"10569","Troglodytes solstitialis",0,0,0,0,0,0,0,0,0,0,0,0,0,0
"10570","Troglodytes tanneri",0,0,0,0,0,0,0,0,7,7,0,0,8,0
"10571","Troglodytes troglodytes",0,0,0,0,0,0,0,0,0,0,0,0,0,0
"10572","Trogon ambiguus",0,0,0,0,0,0,0,0,0,0,0,0,0,0
"10573","Trogon aurantius",0,0,0,0,0,0,0,0,0,0,0,0,0,0
"10574","Trogon bairdii",5,6,0,0,0,6,0,0,0,0,0,0,0,0
"10575","Trogon chionurus",0,0,0,0,0,0,0,0,0,0,0,0,0,0
"10576","Trogon citreolus",0,0,0,0,0,0,0,0,0,0,0,0,0,0
"10577","Trogon clathratus",0,0,0,0,0,0,0,0,0,0,0,0,0,0
"10578","Trogon collaris",0,0,0,0,0,0,0,0,0,0,0,0,0,0
"10579","Trogon comptus",0,0,0,0,0,0,0,0,0,0,0,0,0,0
"10580","Trogon curucui",0,0,0,0,0,0,0,0,0,0,0,0,0,0
"10581","Trogon elegans",0,0,0,0,0,0,0,0,0,0,0,0,0,0
"10582","Trogon massena",0,0,0,0,0,0,0,0,0,0,0,0,0,0
"10583","Trogon melanocephalus",0,0,0,0,0,0,0,0,0,0,0,0,0,0
"10584","Trogon melanurus",0,0,0,0,0,0,0,0,0,0,0,0,0,0
"10585","Trogon mesurus",0,0,0,0,0,0,0,0,0,0,0,0,0,0
"10586","Trogon mexicanus",0,0,0,0,0,0,0,0,0,0,0,0,0,0
"10587","Trogon personatus",0,0,0,0,0,0,0,0,0,0,0,0,0,0
"10588","Trogon rufus",0,0,0,0,0,6,0,0,0,0,0,0,0,0
"10589","Trogon surrucura",0,0,0,0,0,0,0,0,0,0,0,0,0,0
"10590","Trogon violaceus",0,0,0,0,0,0,0,0,0,0,0,0,0,0
"10591","Trogon viridis",0,0,0,0,0,0,0,0,0,0,0,0,0,0
"10592","Tropicoperdix charltonii",0,7,0,0,5,6,0,0,5,0,0,0,0,0
"10593","Tropicoperdix chloropus",0,5,0,0,5,0,0,0,0,0,0,0,0,0
"10594","Tropicoperdix graydoni",0,6,0,0,0,5,0,0,0,0,0,0,0,0
"10595","Tropicoperdix tonkinensis",0,0,0,0,6,0,0,0,0,0,0,0,0,0
"10596","Trugon terrestris",0,0,0,0,0,0,0,0,0,0,0,0,0,0
"10597","Tunchiornis luteifrons",0,5,0,0,0,0,0,0,0,0,0,0,0,0
"10598","Tunchiornis ochraceiceps",0,5,0,0,0,0,0,0,0,0,0,0,0,0
"10599","Tunchiornis rubrifrons",0,6,0,0,0,0,0,0,0,0,0,0,0,0
"10600","Turacoena manadensis",0,5,0,0,0,5,0,0,4,0,0,0,0,0
"10601","Turacoena modesta",0,6,5,5,6,6,0,0,6,0,0,0,0,0
"10602","Turacoena sulaensis",0,5,0,0,0,5,0,0,4,0,0,0,0,0
"10603","Turdinus atrigularis",0,6,0,0,0,6,0,0,5,0,0,0,0,0
"10604","Turdinus macrodactylus",0,6,0,0,0,6,0,0,5,0,0,0,0,0
"10605","Turdinus marmoratus",0,0,0,0,0,0,0,0,0,0,0,0,0,0
"10606","Turdoides bicolor",0,0,0,0,0,0,0,0,0,0,0,0,0,0
"10607","Turdoides gymnogenys",0,0,0,0,0,0,0,0,0,0,0,0,0,0
"10608","Turdoides hartlaubii",0,0,0,0,0,0,0,0,0,0,0,0,0,0
"10609","Turdoides hindei",0,8,0,0,5,0,0,5,1,7,7,0,0,0
"10610","Turdoides hypoleuca",0,0,0,0,0,0,0,0,0,0,0,0,0,0
"10611","Turdoides jardineii",0,0,0,0,0,0,0,0,0,0,0,0,0,0
"10612","Turdoides leucocephala",0,0,0,0,0,0,0,0,0,0,0,0,0,0
"10613","Turdoides leucopygia",0,0,0,0,0,0,0,0,0,0,0,0,0,0
"10614","Turdoides melanops",0,0,0,0,0,0,0,0,0,0,0,0,0,0
"10615","Turdoides plebejus",0,0,0,0,0,0,0,0,0,0,0,0,0,0
"10616","Turdoides reinwardtii",0,0,0,0,0,0,0,0,0,0,0,0,0,0
"10617","Turdoides sharpei",0,0,0,0,0,0,0,0,0,0,0,0,0,0
"10618","Turdoides squamulata",0,0,0,0,0,0,0,0,0,0,0,0,0,0
"10619","Turdoides tenebrosa",0,0,0,0,0,0,0,0,0,0,0,0,0,0
"10620","Turdus abyssinicus",0,0,0,0,0,0,0,0,0,0,0,0,0,0
"10621","Turdus albicollis",0,0,0,0,0,0,0,0,0,0,0,0,0,0
"10622","Turdus albocinctus",0,0,0,0,0,0,0,0,0,0,0,0,0,0
"10623","Turdus amaurochalinus",0,0,0,0,0,0,0,0,0,0,0,0,0,0
"10624","Turdus anthracinus",0,0,0,0,0,0,0,0,0,0,0,0,0,0
"10625","Turdus ardosiaceus",0,0,0,0,0,0,0,0,0,0,0,0,0,0
"10626","Turdus arthuri",0,0,0,0,0,0,0,0,0,0,0,0,0,0
"10627","Turdus assimilis",0,0,0,0,0,0,0,0,0,0,0,0,0,0
"10628","Turdus atrogularis",0,0,0,0,0,0,0,0,0,0,0,0,0,0
"10629","Turdus aurantius",0,0,0,0,0,0,0,0,0,0,0,0,0,0
"10630","Turdus bewsheri",0,5,0,0,0,5,0,0,0,0,0,0,6,0
"10631","Turdus boulboul",0,0,0,0,0,0,0,0,0,0,0,0,0,0
"10632","Turdus cardis",0,0,0,0,0,0,0,0,0,0,0,0,0,0
"10633","Turdus celaenops",5,5,0,5,0,0,0,0,0,7,0,7,0,0
"10634","Turdus chiguanco",0,0,0,0,0,0,0,0,0,0,0,0,0,0
"10635","Turdus chrysolaus",0,0,0,0,0,0,0,0,0,0,0,0,0,0
"10636","Turdus confinis",0,0,0,0,0,0,0,0,0,0,0,0,3,0
"10637","Turdus debilis",0,0,0,0,0,0,0,0,0,0,0,0,0,0
"10638","Turdus dissimilis",0,0,0,0,0,0,0,0,0,0,0,0,0,0
"10639","Turdus eremita",0,0,0,0,0,0,0,0,0,6,0,0,0,0
"10640","Turdus eunomus",0,0,0,0,0,0,0,0,0,0,0,0,0,0
"10641","Turdus falcklandii",0,0,0,0,0,0,0,0,0,0,0,0,0,0
"10642","Turdus feae",0,6,0,0,0,6,0,0,5,0,0,0,0,0
"10643","Turdus flavipes",0,0,0,0,0,0,0,0,0,0,0,0,0,0
"10644","Turdus fulviventris",0,0,0,0,0,0,0,0,0,0,0,0,0,0
"10645","Turdus fumigatus",0,0,0,0,0,0,0,0,0,0,0,0,0,0
"10646","Turdus fuscater",0,0,0,0,0,0,0,0,0,0,0,0,0,0
"10647","Turdus grayi",0,0,0,0,0,0,0,0,0,0,0,0,0,0
"10648","Turdus haplochrous",0,6,0,0,0,6,0,0,0,0,0,0,0,0
"10649","Turdus hauxwelli",0,0,0,0,0,0,0,0,0,0,0,0,0,0
"10650","Turdus helleri",0,8,0,0,0,0,0,0,6,6,0,0,6,0
"10651","Turdus hortulorum",0,0,0,0,0,0,0,0,0,0,0,0,0,0
"10652","Turdus ignobilis",0,0,0,0,0,0,0,0,0,0,0,0,0,0
"10653","Turdus iliacus",0,4,0,0,5,0,0,0,0,0,0,0,6,0
"10654","Turdus infuscatus",0,0,0,0,0,0,0,0,0,0,0,0,0,0
"10655","Turdus jamaicensis",0,0,0,0,0,0,0,0,0,0,0,0,0,0
"10656","Turdus kessleri",0,0,0,0,0,0,0,0,0,0,0,0,0,0
"10657","Turdus lawrencii",0,0,0,0,0,0,0,0,0,0,0,0,0,0
"10658","Turdus leucomelas",0,0,0,0,0,0,0,0,0,0,0,0,0,0
"10659","Turdus leucops",0,0,0,0,0,0,0,0,0,0,0,0,0,0
"10660","Turdus lherminieri",0,0,0,0,4,4,0,0,0,4,0,4,0,0
"10661","Turdus libonyana",0,0,0,0,0,0,0,0,0,0,0,0,0,0
"10662","Turdus ludoviciae",0,4,0,0,0,4,0,0,0,0,0,0,6,0
"10663","Turdus maculirostris",0,0,0,0,0,0,0,0,0,0,0,0,0,0
"10664","Turdus mandarinus",0,0,0,0,0,0,0,0,0,0,0,0,0,0
"10665","Turdus maranonicus",0,0,0,0,0,0,0,0,0,0,0,0,0,0
"10666","Turdus maximus",0,0,0,0,0,0,0,0,0,0,0,0,0,0
"10667","Turdus menachensis",6,6,6,6,6,5,0,0,7,6,0,0,6,0
"10668","Turdus merula",0,5,0,0,6,0,0,6,0,6,0,0,6,0
"10669","Turdus migratorius",0,0,0,0,0,0,0,0,0,0,0,0,3,0
"10670","Turdus naumanni",0,0,0,0,0,0,0,0,0,0,0,0,0,0
"10671","Turdus nigrescens",0,0,0,0,0,0,0,0,0,0,0,0,6,0
"10672","Turdus nigriceps",0,0,0,0,0,0,0,0,0,0,0,0,0,0
"10673","Turdus niveiceps",0,0,0,0,0,0,0,0,0,0,0,0,0,0
"10674","Turdus nudigenis",0,0,0,0,0,0,0,0,0,0,0,0,0,0
"10675","Turdus obscurus",0,0,0,0,0,0,0,0,0,0,0,0,0,0
"10676","Turdus obsoletus",0,0,0,0,0,0,0,0,0,0,0,0,0,0
"10677","Turdus olivaceofuscus",3,5,0,5,7,3,0,0,0,6,0,0,0,0
"10678","Turdus olivaceus",0,0,0,0,0,0,0,0,0,0,0,0,0,0
"10679","Turdus olivater",0,0,0,0,0,0,0,0,0,0,0,0,0,0
"10680","Turdus pallidus",0,0,0,0,0,0,0,0,0,0,0,0,0,0
"10681","Turdus pelios",0,0,0,0,0,0,0,0,0,0,0,0,0,0
"10682","Turdus philomelos",0,0,0,0,0,0,0,0,0,0,0,0,0,0
"10683","Turdus pilaris",0,0,0,0,0,0,0,0,0,0,0,0,0,0
"10684","Turdus plebejus",0,0,0,0,0,0,0,0,0,0,0,0,0,0
"10685","Turdus plumbeus",0,0,0,0,0,0,0,0,0,0,0,0,0,0
"10686","Turdus poliocephalus",0,0,0,0,0,0,0,0,0,0,0,0,0,0
"10687","Turdus ravidus",0,0,0,0,0,5,0,0,0,5,0,0,5,0
"10688","Turdus reevei",0,0,0,0,0,0,0,0,0,0,0,0,0,0
"10689","Turdus roehli",0,5,0,0,0,5,0,0,0,0,0,0,0,0
"10690","Turdus rubripes",0,0,0,0,0,0,0,0,0,0,0,0,0,0
"10691","Turdus rubrocanus",0,0,0,0,0,0,0,0,0,0,0,0,0,0
"10692","Turdus ruficollis",0,0,0,0,0,0,0,0,0,0,0,0,0,0
"10693","Turdus rufitorques",0,0,0,0,0,0,0,0,0,0,0,0,0,0
"10694","Turdus rufiventris",0,0,0,0,0,0,0,0,0,0,0,0,0,0
"10695","Turdus rufopalliatus",0,0,0,0,0,0,0,0,0,0,0,0,0,0
"10696","Turdus sanchezorum",0,0,0,0,0,0,0,0,0,0,0,0,0,0
"10697","Turdus serranus",0,0,0,0,0,0,0,0,0,0,0,0,0,0
"10698","Turdus simillimus",0,0,0,0,0,0,0,0,0,0,0,0,0,0
"10699","Turdus smithi",0,0,0,0,0,0,0,0,0,0,0,0,0,0
"10700","Turdus subalaris",0,0,0,0,0,0,0,0,0,0,0,0,0,0
"10701","Turdus swalesi",0,7,0,0,0,6,0,0,0,0,0,0,0,0
"10702","Turdus tephronotus",0,0,0,0,0,0,0,0,0,0,0,0,0,0
"10703","Turdus torquatus",0,0,0,0,0,0,0,0,0,0,0,0,7,0
"10704","Turdus unicolor",0,0,0,0,0,0,0,0,0,0,0,0,0,0
"10705","Turdus viscivorus",0,0,0,0,0,0,0,0,0,0,0,0,0,0
"10706","Turdus xanthorhynchus",7,5,0,0,7,5,0,0,0,6,0,0,0,0
"10707","Turnagra capensis",0,5,0,0,0,0,0,0,0,5,0,0,0,0
"10708","Turnagra tanagra",0,4,0,0,0,4,0,0,0,5,0,0,0,0
"10709","Turnix castanotus",0,0,0,0,0,0,0,0,5,7,0,0,6,0
"10710","Turnix everetti",0,6,0,0,7,0,0,0,0,0,0,0,0,0
"10711","Turnix hottentottus",4,5,0,0,0,0,0,0,5,5,0,0,5,0
"10712","Turnix maculosus",0,0,0,0,0,0,0,0,0,0,0,0,0,0
"10713","Turnix melanogaster",0,6,0,0,0,6,0,0,5,7,0,0,5,0
"10714","Turnix nanus",0,0,0,0,0,0,0,0,0,0,0,0,0,0
"10715","Turnix nigricollis",0,0,0,0,0,0,0,0,0,0,0,0,0,0
"10716","Turnix novaecaledoniae",5,6,0,0,6,0,0,0,6,6,0,0,0,0
"10717","Turnix ocellatus",0,0,0,0,0,0,0,0,0,0,0,0,0,0
"10718","Turnix olivii",0,5,0,0,0,0,0,0,5,7,0,0,4,0
"10719","Turnix pyrrhothorax",0,0,0,0,0,0,0,0,0,0,0,0,0,0
"10720","Turnix suscitator",0,0,0,0,0,0,0,0,0,0,0,0,0,0
"10721","Turnix sylvaticus",0,0,0,0,0,0,0,0,0,0,0,0,0,0
"10722","Turnix tanki",0,0,0,0,0,0,0,0,0,0,0,0,0,0
"10723","Turnix varius",0,0,0,0,0,0,0,0,0,0,0,0,0,0
"10724","Turnix velox",0,0,0,0,0,0,0,0,0,0,0,0,0,0
"10725","Turnix worcesteri",0,0,0,0,7,0,0,0,0,0,0,0,0,0
"10726","Turtur abyssinicus",0,0,0,0,0,0,0,0,0,0,0,0,0,0
"10727","Turtur afer",0,0,0,0,0,0,0,0,0,0,0,0,0,0
"10728","Turtur brehmeri",0,0,0,0,0,0,0,0,0,0,0,0,0,0
"10729","Turtur chalcospilos",0,0,0,0,0,0,0,0,0,0,0,0,0,0
"10730","Turtur tympanistria",0,0,0,0,0,0,0,0,0,0,0,0,0,0
"10731","Tychaedon barbata",0,0,0,0,0,0,0,0,0,0,0,0,0,0
"10732","Tychaedon coryphoeus",0,0,0,0,0,0,0,0,0,0,0,0,6,0
"10733","Tychaedon leucosticta",0,0,0,0,0,0,0,0,0,0,0,0,0,0
"10734","Tychaedon quadrivirgata",0,0,0,0,0,0,0,0,0,0,0,0,0,0
"10735","Tychaedon signata",0,0,0,0,0,0,0,0,0,0,0,0,5,0
"10736","Tylas eduardi",0,0,0,0,0,0,0,0,0,0,0,0,0,0
"10737","Tympanuchus cupido",0,7,4,4,6,0,0,0,0,6,6,0,0,0
"10738","Tympanuchus pallidicinctus",0,7,0,5,5,0,0,0,6,0,6,0,6,0
"10739","Tympanuchus phasianellus",0,0,0,0,0,0,0,0,0,0,0,0,0,0
"10740","Tyranneutes stolzmanni",0,0,0,0,0,0,0,0,0,0,0,0,0,0
"10741","Tyranneutes virescens",0,0,0,0,0,0,0,0,0,0,0,0,0,0
"10742","Tyrannopsis sulphurea",0,0,0,0,0,0,0,0,0,0,0,0,0,0
"10743","Tyrannulus elatus",0,0,0,0,0,0,0,0,0,0,0,0,0,0
"10744","Tyrannus albogularis",0,0,0,0,0,0,0,0,0,0,0,0,0,0
"10745","Tyrannus caudifasciatus",0,0,0,0,0,0,0,0,0,0,0,0,0,0
"10746","Tyrannus couchii",0,0,0,0,0,0,0,0,0,0,0,0,0,0
"10747","Tyrannus crassirostris",0,0,0,0,0,0,0,0,0,0,0,0,0,0
"10748","Tyrannus cubensis",0,5,0,0,0,5,0,0,0,0,0,0,0,0
"10749","Tyrannus dominicensis",0,0,0,0,0,0,0,0,0,0,0,0,0,0
"10750","Tyrannus forficatus",0,0,0,0,0,0,0,0,0,0,0,0,0,0
"10751","Tyrannus melancholicus",0,0,0,0,0,0,0,0,0,0,0,0,0,0
"10752","Tyrannus niveigularis",0,0,0,0,0,0,0,0,0,0,0,0,0,0
"10753","Tyrannus savana",0,0,0,0,0,0,0,0,0,0,0,0,0,0
"10754","Tyrannus tyrannus",0,0,0,0,0,0,0,0,0,0,0,0,0,0
"10755","Tyrannus verticalis",0,0,0,0,0,0,0,0,0,0,0,0,0,0
"10756","Tyrannus vociferans",0,0,0,0,0,0,0,0,0,0,0,0,0,0
"10757","Tyto alba",0,0,0,0,0,0,0,0,0,0,0,0,0,0
"10758","Tyto aurantia",0,6,0,0,0,6,0,0,0,0,0,0,0,0
"10759","Tyto capensis",0,0,0,0,0,0,0,0,0,0,0,0,0,0
"10760","Tyto glaucops",0,0,0,0,0,0,0,0,0,0,0,0,0,0
"10761","Tyto inexspectata",5,5,0,5,0,6,0,0,0,0,0,0,0,0
"10762","Tyto longimembris",0,0,0,0,0,0,0,0,0,0,0,0,0,0
"10763","Tyto multipunctata",0,0,0,0,0,0,0,0,0,0,0,0,6,0
"10764","Tyto nigrobrunnea",0,0,0,0,0,6,0,0,0,0,0,0,0,0
"10765","Tyto novaehollandiae",5,5,0,0,0,5,0,0,5,5,5,0,4,0
"10766","Tyto rosenbergii",0,0,0,0,0,0,0,0,0,0,0,0,0,0
"10767","Tyto soumagnei",5,6,0,0,5,6,0,0,6,0,0,0,5,0
"10768","Tyto tenebricosa",0,0,0,0,0,0,0,0,0,0,0,0,6,0
"10769","Upucerthia albigula",0,0,0,0,0,0,0,0,0,0,0,0,0,0
"10770","Upucerthia dumetaria",0,0,0,0,0,0,0,0,0,0,0,0,0,0
"10771","Upucerthia saturatior",0,0,0,0,0,0,0,0,0,0,0,0,0,0
"10772","Upucerthia validirostris",0,0,0,0,0,0,0,0,0,0,0,0,0,0
"10773","Upupa antaios",0,0,0,0,4,0,0,0,0,4,0,0,0,0
"10774","Upupa epops",0,5,0,0,5,0,0,0,0,0,0,0,0,0
"10775","Upupa marginata",0,0,0,0,0,0,0,0,0,0,0,0,0,0
"10776","Uraeginthus angolensis",0,0,0,0,0,0,0,0,0,0,0,0,0,0
"10777","Uraeginthus bengalus",0,0,0,0,0,0,0,0,0,0,0,0,0,0
"10778","Uraeginthus cyanocephalus",0,0,0,0,0,0,0,0,0,0,0,0,0,0
"10779","Uratelornis chimaera",0,6,0,0,4,5,0,0,0,6,0,0,5,0
"10780","Uria aalge",0,0,0,0,6,0,6,0,0,0,5,0,6,0
"10781","Uria lomvia",0,0,0,0,5,0,5,0,0,0,0,0,6,0
"10782","Urile pelagicus",0,0,0,0,0,0,0,0,0,5,0,0,7,0
"10783","Urile penicillatus",0,0,0,0,0,0,0,4,0,0,0,0,7,0
"10784","Urile perspicillatus",0,0,0,0,6,0,0,0,0,0,0,0,0,0
"10785","Urile urile",0,0,0,0,0,0,0,0,0,4,0,0,4,0
"10786","Urochroa bougueri",0,0,0,0,0,0,0,0,0,0,0,0,0,0
"10787","Urochroa leucura",0,0,0,0,0,0,0,0,0,0,0,0,0,0
"10788","Urocissa caerulea",0,0,0,0,0,0,0,0,0,0,0,0,0,0
"10789","Urocissa erythroryncha",0,0,0,0,0,0,0,0,0,0,0,0,0,0
"10790","Urocissa flavirostris",0,0,0,0,0,0,0,0,0,0,0,0,0,0
"10791","Urocissa ornata",5,6,5,0,0,5,0,0,5,0,0,0,0,0
"10792","Urocissa whiteheadi",7,5,0,0,5,6,0,0,0,0,0,0,0,0
"10793","Urocissa xanthomelana",0,6,0,0,0,6,0,0,0,0,0,0,0,0
"10794","Urocolius indicus",0,0,0,0,0,0,0,0,0,0,0,0,0,0
"10795","Urocolius macrourus",0,0,0,0,0,0,0,0,0,0,0,0,0,0
"10796","Urocynchramus pylzowi",0,0,0,0,0,0,0,0,0,0,0,0,0,0
"10797","Urodynamis taitensis",0,0,0,0,0,0,0,0,0,0,0,0,0,0
"10798","Uroglaux dimorpha",0,0,0,0,0,7,0,0,0,0,0,0,0,0
"10799","Urolais epichlorus",0,0,0,0,0,0,0,0,0,0,0,0,0,0
"10800","Uromyias agilis",0,0,0,0,0,0,0,0,0,0,0,0,0,0
"10801","Uromyias agraphia",0,0,0,0,0,0,0,0,0,0,0,0,0,0
"10802","Uropelia campestris",0,0,0,0,0,0,0,0,0,0,0,0,0,0
"10803","Uropsalis lyra",0,0,0,0,0,0,0,0,0,0,0,0,0,0
"10804","Uropsalis segmentata",0,0,0,0,0,0,0,0,0,0,0,0,0,0
"10805","Uropsila leucogastra",0,0,0,0,0,0,0,0,0,0,0,0,0,0
"10806","Urosphena squameiceps",0,0,0,0,0,0,0,0,0,0,0,0,0,0
"10807","Urosphena subulata",0,0,0,0,0,0,0,0,0,0,0,0,0,0
"10808","Urosphena whiteheadi",0,0,0,0,0,0,0,0,0,0,0,0,0,0
"10809","Urosticte benjamini",0,0,0,0,0,0,0,0,0,0,0,0,0,0
"10810","Urosticte ruficrissa",0,0,0,0,0,0,0,0,0,0,0,0,0,0
"10811","Urothraupis stolzmanni",0,0,0,0,0,0,0,0,0,0,0,0,0,0
"10812","Urotriorchis macrourus",0,0,0,0,0,0,0,0,0,0,0,0,0,0
"10813","Vanellus albiceps",0,5,0,0,0,0,0,0,4,4,0,0,0,0
"10814","Vanellus armatus",0,0,0,0,0,0,0,0,0,0,0,0,0,0
"10815","Vanellus chilensis",0,0,0,0,0,0,0,0,0,0,0,0,0,0
"10816","Vanellus cinereus",0,0,0,0,0,0,0,0,0,0,0,0,0,0
"10817","Vanellus coronatus",0,0,0,0,0,0,0,0,0,0,0,0,0,0
"10818","Vanellus crassirostris",0,0,0,0,0,0,0,0,0,0,0,0,0,0
"10819","Vanellus duvaucelii",0,5,0,0,6,0,0,6,6,6,0,0,0,0
"10820","Vanellus gregarius",0,6,0,0,7,0,0,0,5,0,4,0,7,0
"10821","Vanellus indicus",0,0,0,0,0,0,0,0,0,0,0,0,0,0
"10822","Vanellus leucurus",0,0,0,0,0,0,0,0,5,0,0,0,0,0
"10823","Vanellus lugubris",0,0,0,0,0,0,0,0,0,0,0,0,0,0
"10824","Vanellus macropterus",0,6,0,0,6,0,0,6,0,0,0,0,0,0
"10825","Vanellus malabaricus",0,0,0,0,0,0,0,0,0,0,0,0,0,0
"10826","Vanellus melanocephalus",0,0,0,0,0,0,0,0,0,0,0,0,5,0
"10827","Vanellus melanopterus",0,5,0,0,0,0,0,0,0,0,0,0,0,0
"10828","Vanellus miles",0,0,0,0,0,0,0,0,0,0,0,0,0,0
"10829","Vanellus novaehollandiae",0,0,0,0,0,0,0,0,0,0,0,0,0,0
"10830","Vanellus resplendens",0,0,0,0,0,0,0,0,0,0,0,0,0,0
"10831","Vanellus senegallus",0,5,0,0,0,0,0,0,0,0,0,0,0,0
"10832","Vanellus spinosus",0,0,0,0,0,0,0,0,0,0,0,0,0,0
"10833","Vanellus superciliosus",0,0,0,0,0,0,0,0,0,0,0,0,0,0
"10834","Vanellus tectus",0,0,0,0,0,0,0,0,0,0,0,0,0,0
"10835","Vanellus tricolor",0,0,0,0,0,0,0,0,0,0,0,0,0,0
"10836","Vanellus vanellus",0,7,0,0,6,0,0,0,6,6,5,0,0,0
"10837","Vanga curvirostris",0,0,0,0,0,0,0,0,0,0,0,0,0,0
"10838","Vauriella albigularis",0,7,0,0,0,6,0,0,0,0,0,0,0,0
"10839","Vauriella goodfellowi",0,0,0,0,0,2,0,0,0,0,0,0,6,0
"10840","Vauriella gularis",0,0,0,0,0,0,0,0,0,0,0,0,0,0
"10841","Vauriella insignis",0,6,0,0,0,6,0,0,0,0,0,0,6,0
"10842","Veles binotatus",0,0,0,0,0,0,0,0,0,0,0,0,0,0
"10843","Veniliornis affinis",0,0,0,0,0,0,0,0,0,0,0,0,0,0
"10844","Veniliornis callonotus",0,0,0,0,0,0,0,0,0,0,0,0,0,0
"10845","Veniliornis cassini",0,0,0,0,0,0,0,0,0,0,0,0,0,0
"10846","Veniliornis chocoensis",5,6,5,0,0,6,0,0,0,0,0,0,0,0
"10847","Veniliornis dignus",0,0,0,0,0,0,0,0,0,0,0,0,0,0
"10848","Veniliornis frontalis",0,0,0,0,0,0,0,0,0,0,0,0,0,0
"10849","Veniliornis kirkii",0,0,0,0,0,0,0,0,0,0,0,0,0,0
"10850","Veniliornis lignarius",0,0,0,0,0,0,0,0,0,0,0,0,0,0
"10851","Veniliornis maculifrons",0,0,0,0,0,0,0,0,0,0,0,0,0,0
"10852","Veniliornis mixtus",0,0,0,0,0,0,0,0,0,0,0,0,0,0
"10853","Veniliornis nigriceps",0,0,0,0,0,0,0,0,0,0,0,0,0,0
"10854","Veniliornis passerinus",0,0,0,0,0,0,0,0,0,0,0,0,0,0
"10855","Veniliornis sanguineus",0,0,0,0,0,0,0,0,0,0,0,0,0,0
"10856","Veniliornis spilogaster",0,0,0,0,0,0,0,0,0,0,0,0,0,0
"10857","Vermivora bachmanii",0,7,0,0,0,0,0,0,8,0,0,0,0,0
"10858","Vermivora chrysoptera",0,5,0,0,0,0,0,0,0,6,0,0,0,0
"10859","Vermivora cyanoptera",0,0,0,0,0,0,0,0,0,0,0,0,0,0
"10860","Verreauxia africana",0,0,0,0,0,0,0,0,0,0,0,0,0,0
"10861","Vidua camerunensis",0,0,0,0,0,0,0,0,0,0,0,0,0,0
"10862","Vidua chalybeata",0,0,0,0,0,0,0,0,0,0,0,0,0,0
"10863","Vidua codringtoni",0,0,0,0,0,0,0,0,0,0,0,0,0,0
"10864","Vidua fischeri",0,0,0,0,0,0,0,0,0,0,0,0,0,0
"10865","Vidua funerea",0,0,0,0,0,0,0,0,0,0,0,0,0,0
"10866","Vidua hypocherina",0,0,0,0,0,0,0,0,0,0,0,0,0,0
"10867","Vidua interjecta",0,0,0,0,0,0,0,0,0,0,0,0,0,0
"10868","Vidua larvaticola",0,0,0,0,0,0,0,0,0,0,0,0,0,0
"10869","Vidua macroura",0,0,0,0,0,0,0,0,0,0,0,0,0,0
"10870","Vidua maryae",0,6,0,0,0,6,0,0,0,0,0,0,0,0
"10871","Vidua nigeriae",0,0,0,0,0,0,0,0,0,0,0,0,0,0
"10872","Vidua obtusa",0,0,0,0,0,0,0,0,0,0,0,0,0,0
"10873","Vidua orientalis",0,0,0,0,0,0,0,0,0,0,0,0,0,0
"10874","Vidua paradisaea",0,0,0,0,0,0,0,0,0,0,0,0,0,0
"10875","Vidua purpurascens",0,0,0,0,0,0,0,0,0,0,0,0,0,0
"10876","Vidua raricola",0,0,0,0,0,0,0,0,0,0,0,0,0,0
"10877","Vidua regia",0,0,0,0,0,0,0,0,0,0,0,0,0,0
"10878","Vidua togoensis",0,0,0,0,0,0,0,0,0,0,0,0,0,0
"10879","Vidua wilsoni",0,0,0,0,0,0,0,0,0,0,0,0,0,0
"10880","Vini australis",0,0,0,0,0,0,0,0,0,0,0,0,0,0
"10881","Vini kuhlii",4,4,0,0,4,0,0,0,0,6,0,0,0,0
"10882","Vini peruviana",5,5,0,0,0,0,0,0,0,7,0,0,7,0
"10883","Vini stepheni",0,0,0,0,0,0,0,0,0,6,0,0,6,0
"10884","Vini ultramarina",0,7,0,0,0,0,0,0,7,8,0,0,0,0
"10885","Vireo altiloquus",0,0,0,0,0,0,0,0,0,0,0,0,0,0
"10886","Vireo atricapilla",6,6,4,4,0,0,0,0,6,8,0,0,0,0
"10887","Vireo bairdi",4,0,0,0,0,0,0,0,0,0,0,0,8,0
"10888","Vireo bellii",7,7,0,0,0,7,0,0,6,6,7,0,0,0
"10889","Vireo brevipennis",0,0,0,0,0,0,0,0,0,0,0,0,0,0
"10890","Vireo caribaeus",5,5,0,0,0,0,0,0,6,0,6,0,7,0
"10891","Vireo carmioli",0,0,0,0,0,0,0,0,0,0,0,0,0,0
"10892","Vireo cassinii",0,0,0,0,0,0,0,0,0,0,0,0,0,0
"10893","Vireo chivi",0,0,0,0,0,0,0,0,0,0,0,0,0,0
"10894","Vireo crassirostris",0,0,0,0,0,0,0,0,0,0,0,0,0,0
"10895","Vireo flavifrons",0,0,0,0,0,0,0,0,0,0,0,0,0,0
"10896","Vireo flavoviridis",0,0,0,0,0,0,0,0,0,0,0,0,0,0
"10897","Vireo gilvus",0,0,0,0,0,0,0,0,0,0,0,0,0,0
"10898","Vireo gracilirostris",0,0,0,0,0,1,0,0,6,0,0,0,0,0
"10899","Vireo griseus",0,0,0,0,0,0,0,0,0,0,0,0,0,0
"10900","Vireo gundlachii",0,0,0,0,0,0,0,0,0,0,0,0,0,0
"10901","Vireo huttoni",0,0,0,0,0,0,0,0,0,0,0,0,0,0
"10902","Vireo latimeri",0,0,0,0,0,0,0,0,0,9,0,0,0,0
"10903","Vireo leucophrys",0,0,0,0,0,0,0,0,0,0,0,0,0,0
"10904","Vireo magister",0,0,0,0,0,0,0,0,0,0,0,0,0,0
"10905","Vireo masteri",5,6,6,0,0,6,0,0,0,0,0,0,0,0
"10906","Vireo modestus",0,0,0,0,0,0,0,0,0,0,0,0,0,0
"10907","Vireo nanus",0,0,0,0,0,0,0,0,0,0,0,0,0,0
"10908","Vireo nelsoni",0,0,0,0,0,0,0,0,0,0,0,0,0,0
"10909","Vireo olivaceus",0,0,0,0,0,0,0,0,0,0,0,0,0,0
"10910","Vireo osburni",0,5,0,4,0,5,0,0,4,0,0,0,0,0
"10911","Vireo pallens",0,0,0,0,0,0,0,0,0,0,0,0,0,0
"10912","Vireo philadelphicus",0,0,0,0,0,0,0,0,0,0,0,0,0,0
"10913","Vireo plumbeus",0,0,0,0,0,0,0,0,0,0,0,0,0,0
"10914","Vireo sclateri",0,0,0,0,0,0,0,0,0,0,0,0,0,0
"10915","Vireo solitarius",0,0,0,0,0,0,0,0,0,0,0,0,0,0
"10916","Vireo vicinior",0,0,0,0,0,0,0,0,0,0,0,0,0,0
"10917","Vireolanius eximius",0,0,0,0,0,0,0,0,0,0,0,0,0,0
"10918","Vireolanius leucotis",0,0,0,0,0,0,0,0,0,0,0,0,0,0
"10919","Vireolanius melitophrys",0,0,0,0,0,0,0,0,0,0,0,0,0,0
"10920","Vireolanius mikettae",0,0,0,0,0,0,0,0,0,0,0,0,0,0
"10921","Vireolanius pulchellus",0,0,0,0,0,0,0,0,0,0,0,0,0,0
"10922","Viridonia sagittirostris",0,5,0,0,0,0,0,0,0,0,0,0,0,0
"10923","Volatinia jacarina",0,0,0,0,0,0,0,0,0,0,0,0,0,0
"10924","Vosea whitemanensis",0,0,0,0,0,5,0,0,0,0,0,0,6,0
"10925","Vultur gryphus",0,5,0,5,6,0,0,0,0,6,0,0,0,0
"10926","Wetmorethraupis sterrhopteron",0,7,0,0,0,6,0,0,0,0,0,0,0,0
"10927","Willisornis nigrigula",0,0,0,0,0,0,0,0,0,0,0,0,0,0
"10928","Willisornis poecilinotus",0,0,0,0,0,0,0,0,0,0,0,0,0,0
"10929","Willisornis vidua",0,0,0,0,0,0,0,0,0,0,0,0,0,0
"10930","Xanthocephalus xanthocephalus",0,0,0,0,0,0,0,0,0,0,0,0,0,0
"10931","Xanthomixis apperti",0,4,0,0,0,6,0,0,0,0,0,0,6,0
"10932","Xanthomixis cinereiceps",0,4,0,0,0,0,0,0,0,0,0,0,0,0
"10933","Xanthomixis zosterops",0,0,0,0,0,0,0,0,0,0,0,0,0,0
"10934","Xanthopsar flavus",6,6,0,0,6,0,0,0,6,6,5,0,0,0
"10935","Xanthotis flaviventer",0,0,0,0,0,0,0,0,0,0,0,0,0,0
"10936","Xanthotis macleayanus",0,0,0,0,0,0,0,0,0,0,0,0,0,0
"10937","Xanthotis polygrammus",0,0,0,0,0,0,0,0,0,0,0,0,0,0
"10938","Xema sabini",0,0,0,0,4,0,0,0,0,0,0,0,6,0
"10939","Xenerpestes minlosi",0,0,0,0,0,0,0,0,0,0,0,0,0,0
"10940","Xenerpestes singularis",0,5,4,0,0,5,0,0,0,0,0,0,0,0
"10941","Xenicus gilviventris",0,0,0,0,0,0,0,0,0,7,0,0,5,0
"10942","Xenicus longipes",0,0,0,0,0,0,0,0,0,4,0,0,0,0
"10943","Xenocopsychus ansorgei",0,5,0,0,0,0,0,0,0,0,0,0,0,0
"10944","Xenodacnis parina",0,0,0,0,0,0,0,0,0,0,0,0,0,0
"10945","Xenodacnis petersi",0,5,0,0,0,5,0,0,5,5,0,0,0,0
"10946","Xenoglaux loweryi",0,3,4,4,0,4,0,5,0,0,0,0,0,0
"10947","Xenoligea montana",0,6,0,0,0,6,0,0,0,7,0,0,6,0
"10948","Xenoperdix udzungwensis",0,6,0,0,5,0,0,5,6,0,0,0,0,0
"10949","Xenopipo atronitens",0,0,0,0,0,0,0,0,0,0,0,0,0,0
"10950","Xenopipo uniformis",0,0,0,0,0,0,0,0,0,0,0,0,0,0
"10951","Xenopirostris damii",0,6,0,0,0,5,0,0,7,0,0,0,0,0
"10952","Xenopirostris polleni",0,6,0,0,0,6,0,0,0,0,0,0,0,0
"10953","Xenopirostris xenopirostris",0,6,0,0,0,6,0,0,0,0,0,0,0,0
"10954","Xenops genibarbis",0,0,0,0,0,0,0,0,0,0,0,0,0,0
"10955","Xenops minutus",0,0,0,0,0,0,0,0,0,0,0,0,0,0
"10956","Xenops rutilus",0,0,0,0,0,0,0,0,0,0,0,0,0,0
"10957","Xenops tenuirostris",0,0,0,0,0,0,0,0,0,0,0,0,0,0
"10958","Xenopsaris albinucha",0,0,0,0,0,0,0,0,0,0,0,0,0,0
"10959","Xenornis setifrons",0,4,3,3,0,0,0,0,0,0,0,0,0,0
"10960","Xenospingus concolor",0,6,0,0,0,6,0,0,0,0,0,0,0,0
"10961","Xenospiza baileyi",7,8,0,0,0,7,0,0,0,6,7,0,0,0
"10962","Xenotriccus callizonus",0,6,0,0,0,6,0,0,4,0,0,0,0,0
"10963","Xenotriccus mexicanus",0,6,0,0,0,0,0,0,0,0,0,0,0,0
"10964","Xenus cinereus",0,0,0,0,0,0,5,0,4,0,5,0,6,0
"10965","Xiphidiopicus percussus",0,0,0,0,0,0,0,0,0,0,0,0,0,0
"10966","Xiphocolaptes albicollis",0,0,0,0,0,0,0,0,0,0,0,0,0,0
"10967","Xiphocolaptes falcirostris",7,7,0,0,0,0,0,0,0,0,0,0,0,0
"10968","Xiphocolaptes major",0,0,0,0,0,0,0,0,0,0,0,0,0,0
"10969","Xiphocolaptes promeropirhynchus",0,0,0,0,0,0,0,0,0,0,0,0,0,0
"10970","Xipholena atropurpurea",6,6,0,0,4,6,0,0,6,0,0,0,0,0
"10971","Xipholena lamellipennis",0,7,0,0,0,6,0,0,6,0,0,0,0,0
"10972","Xipholena punicea",0,0,0,0,0,0,0,0,0,0,0,0,0,0
"10973","Xiphorhynchus aequatorialis",0,0,0,0,0,0,0,0,0,0,0,0,0,0
"10974","Xiphorhynchus atlanticus",6,6,0,0,0,6,0,0,0,0,0,0,0,0
"10975","Xiphorhynchus beauperthuysii",0,0,0,0,0,0,0,0,0,0,0,0,0,0
"10976","Xiphorhynchus chunchotambo",0,0,0,0,0,0,0,0,0,0,0,0,0,0
"10977","Xiphorhynchus elegans",0,0,0,0,0,0,0,0,0,0,0,0,0,0
"10978","Xiphorhynchus erythropygius",0,0,0,0,0,0,0,0,0,0,0,0,0,0
"10979","Xiphorhynchus flavigaster",0,0,0,0,0,0,0,0,0,0,0,0,0,0
"10980","Xiphorhynchus fuscus",0,0,0,0,0,0,0,0,0,0,0,0,0,0
"10981","Xiphorhynchus guttatoides",0,0,0,0,0,0,0,0,0,0,0,0,0,0
"10982","Xiphorhynchus guttatus",0,0,0,0,0,0,0,0,0,0,0,0,0,0
"10983","Xiphorhynchus lachrymosus",0,0,0,0,0,0,0,0,0,0,0,0,0,0
"10984","Xiphorhynchus obsoletus",0,0,0,0,0,0,0,0,0,0,0,0,0,0
"10985","Xiphorhynchus ocellatus",0,0,0,0,0,0,0,0,0,0,0,0,0,0
"10986","Xiphorhynchus pardalotus",0,0,0,0,0,0,0,0,0,0,0,0,0,0
"10987","Xiphorhynchus spixii",0,0,0,0,0,0,0,0,0,0,0,0,0,0
"10988","Xiphorhynchus susurrans",0,0,0,0,0,0,0,0,0,0,0,0,0,0
"10989","Xiphorhynchus triangularis",0,0,0,0,0,0,0,0,0,0,0,0,0,0
"10990","Xolmis cinereus",0,0,0,0,0,0,0,0,0,0,0,0,0,0
"10991","Xolmis coronatus",0,0,0,0,0,0,0,0,0,0,0,0,0,0
"10992","Xolmis dominicanus",0,6,0,0,0,0,0,0,0,6,0,0,0,0
"10993","Xolmis irupero",0,0,0,0,0,0,0,0,0,0,0,0,0,0
"10994","Xolmis pyrope",0,0,0,0,0,0,0,0,0,0,0,0,0,0
"10995","Xolmis rubetra",0,0,0,0,0,0,0,0,0,0,0,0,0,0
"10996","Xolmis salinarum",0,0,0,0,0,0,0,0,0,0,0,0,0,0
"10997","Xolmis velatus",0,0,0,0,0,0,0,0,0,0,0,0,0,0
"10998","Yuhina bakeri",0,0,0,0,0,0,0,0,0,0,0,0,0,0
"10999","Yuhina brunneiceps",0,0,0,0,0,0,0,0,0,0,0,0,0,0
"11000","Yuhina flavicollis",0,0,0,0,0,0,0,0,0,0,0,0,0,0
"11001","Yuhina gularis",0,0,0,0,0,0,0,0,0,0,0,0,0,0
"11002","Yuhina humilis",0,0,0,0,0,0,0,0,0,0,0,0,6,0
"11003","Yuhina nigrimenta",0,0,0,0,0,0,0,0,0,0,0,0,0,0
"11004","Yuhina occipitalis",0,0,0,0,0,0,0,0,0,0,0,0,0,0
"11005","Zanclostomus javanicus",0,0,0,0,0,0,0,0,0,0,0,0,0,0
"11006","Zanda baudinii",0,3,4,0,5,6,0,0,0,6,0,0,8,0
"11007","Zanda funerea",0,0,0,0,0,0,0,0,0,0,0,0,6,0
"11008","Zanda latirostris",5,5,0,4,5,0,0,0,0,6,0,0,6,0
"11009","Zapornia akool",0,0,0,0,0,0,0,0,0,0,0,0,0,0
"11010","Zapornia astrictocarpus",0,0,0,0,0,0,0,0,0,5,0,0,0,0
"11011","Zapornia atra",0,0,0,0,0,0,0,0,0,6,0,0,6,0
"11012","Zapornia bicolor",0,0,0,0,0,0,0,0,0,0,0,0,0,0
"11013","Zapornia flavirostra",0,0,0,0,0,0,0,0,0,0,0,0,0,0
"11014","Zapornia fusca",0,0,0,0,0,0,0,0,0,0,0,0,0,0
"11015","Zapornia monasa",0,0,0,0,0,0,0,0,0,5,0,0,0,0
"11016","Zapornia nigra",0,0,0,0,0,0,0,0,0,5,0,0,0,0
"11017","Zapornia olivieri",0,7,0,0,4,5,5,5,6,7,0,0,5,0
"11018","Zapornia palmeri",0,0,0,0,0,0,0,0,0,5,0,0,4,0
"11019","Zapornia parva",0,0,0,0,0,5,0,0,5,0,0,0,0,0
"11020","Zapornia paykullii",5,5,0,0,0,0,0,0,5,0,0,0,0,0
"11021","Zapornia pusilla",0,6,0,5,0,6,0,0,6,0,0,0,0,0
"11022","Zapornia sandwichensis",0,0,0,0,4,0,0,0,0,4,0,0,0,0
"11023","Zapornia tabuensis",0,0,0,0,0,0,0,0,0,0,0,0,0,0
"11024","Zaratornis stresemanni",0,6,0,0,0,6,0,0,0,5,0,0,0,0
"11025","Zavattariornis stresemanni",6,7,0,7,0,7,0,0,6,0,0,0,8,0
"11026","Zebrilus undulatus",0,5,0,0,5,0,0,0,0,0,0,0,0,0
"11027","Zeledonia coronata",0,0,0,0,0,0,0,0,0,0,0,0,0,0
"11028","Zenaida asiatica",0,0,0,0,0,0,0,0,0,0,0,0,0,0
"11029","Zenaida auriculata",0,0,0,0,0,0,0,0,0,0,0,0,0,0
"11030","Zenaida aurita",0,0,0,0,0,0,0,0,0,0,0,0,0,0
"11031","Zenaida galapagoensis",0,0,0,0,2,0,0,0,0,6,0,0,0,0
"11032","Zenaida graysoni",0,0,0,0,5,0,0,0,0,7,0,0,0,0
"11033","Zenaida macroura",0,0,0,0,0,0,0,0,0,0,0,0,0,0
"11034","Zenaida meloda",0,0,0,0,0,0,0,0,0,0,0,0,0,0
"11035","Zentrygon albifacies",0,0,0,0,0,0,0,0,0,0,0,0,0,0
"11036","Zentrygon carrikeri",0,7,0,0,4,6,0,0,0,0,0,0,0,0
"11037","Zentrygon chiriquensis",0,0,0,0,0,0,0,0,0,0,0,0,0,0
"11038","Zentrygon costaricensis",0,0,0,0,0,0,0,0,0,0,0,0,0,0
"11039","Zentrygon frenata",0,0,0,0,0,0,0,0,0,0,0,0,0,0
"11040","Zentrygon goldmani",0,0,0,0,0,2,0,0,0,0,0,0,0,0
"11041","Zentrygon lawrencii",0,0,0,0,0,0,0,0,0,0,0,0,0,0
"11042","Zentrygon linearis",0,0,0,0,0,0,0,0,0,0,0,0,0,0
"11043","Zimmerius acer",0,0,0,0,0,0,0,0,0,0,0,0,0,0
"11044","Zimmerius albigularis",0,0,0,0,0,0,0,0,0,0,0,0,0,0
"11045","Zimmerius bolivianus",0,0,0,0,0,0,0,0,0,0,0,0,0,0
"11046","Zimmerius chicomendesi",0,3,6,5,0,3,0,0,0,0,0,0,0,0
"11047","Zimmerius chrysops",0,0,0,0,0,0,0,0,0,0,0,0,0,0
"11048","Zimmerius cinereicapilla",0,7,0,0,0,0,0,0,0,0,0,0,0,0
"11049","Zimmerius gracilipes",0,0,0,0,0,0,0,0,0,0,0,0,0,0
"11050","Zimmerius improbus",0,0,0,0,0,0,0,0,0,0,0,0,0,0
"11051","Zimmerius parvus",0,0,0,0,0,0,0,0,0,0,0,0,0,0
"11052","Zimmerius petersi",0,0,0,0,0,0,0,0,0,0,0,0,0,0
"11053","Zimmerius vilissimus",0,0,0,0,0,0,0,0,0,0,0,0,0,0
"11054","Zimmerius villarejoi",0,0,0,0,0,6,0,0,0,0,0,0,0,0
"11055","Zimmerius viridiflavus",0,0,0,0,0,0,0,0,0,0,0,0,0,0
"11056","Zonerodius heliosylus",0,0,0,0,0,5,0,0,0,0,0,0,0,0
"11057","Zonotrichia albicollis",0,0,0,0,0,0,0,0,0,0,0,0,0,0
"11058","Zonotrichia atricapilla",0,0,0,0,0,0,0,0,0,0,0,0,0,0
"11059","Zonotrichia capensis",0,0,0,0,0,0,0,0,0,0,0,0,0,0
"11060","Zonotrichia leucophrys",0,0,0,0,0,0,0,0,0,0,0,0,0,0
"11061","Zonotrichia querula",5,5,0,0,0,0,0,0,6,0,0,0,6,0
"11062","Zoonavena grandidieri",0,0,0,0,0,0,0,0,0,0,0,0,0,0
"11063","Zoonavena sylvatica",0,0,0,0,0,0,0,0,0,0,0,0,0,0
"11064","Zoonavena thomensis",0,0,0,0,0,0,0,0,0,0,0,0,0,0
"11065","Zoothera andromedae",0,0,0,0,0,0,0,0,0,0,0,0,0,0
"11066","Zoothera atrigena",0,0,0,0,0,5,0,0,0,5,0,0,6,0
"11067","Zoothera aurea",0,0,0,0,0,6,0,0,0,0,0,0,0,0
"11068","Zoothera dauma",0,0,0,0,0,5,0,0,0,0,0,0,0,0
"11069","Zoothera dixoni",0,0,0,0,0,0,0,0,0,0,0,0,0,0
"11070","Zoothera everetti",0,5,0,0,0,5,0,0,5,0,0,0,0,0
"11071","Zoothera griseiceps",0,0,0,0,0,0,0,0,0,0,0,0,0,0
"11072","Zoothera heinei",0,0,0,0,0,0,0,0,0,0,0,0,6,0
"11073","Zoothera heinrichi",0,0,0,0,0,0,0,0,0,0,0,0,0,0
"11074","Zoothera lunulata",0,0,0,0,0,0,0,0,0,0,0,0,6,0
"11075","Zoothera machiki",0,0,0,0,0,6,0,0,0,0,0,0,0,0
"11076","Zoothera major",0,0,0,0,0,7,0,0,0,0,0,0,0,0
"11077","Zoothera margaretae",0,0,0,0,0,6,0,0,0,6,0,0,0,0
"11078","Zoothera marginata",0,0,0,0,0,0,0,0,0,0,0,0,0,0
"11079","Zoothera mollissima",0,0,0,0,0,0,0,0,0,0,0,0,0,0
"11080","Zoothera monticola",0,0,0,0,0,0,0,0,0,0,0,0,0,0
"11081","Zoothera salimalii",0,0,0,0,0,0,0,0,0,0,0,0,0,0
"11082","Zoothera talaseae",0,0,0,0,0,2,0,0,0,4,0,0,0,0
"11083","Zoothera terrestris",0,0,0,0,0,0,0,0,0,6,0,0,0,0
"11084","Zoothera turipavae",0,0,6,0,0,4,0,0,0,5,0,0,6,0
"11085","Zosterops abyssinicus",0,0,0,0,0,0,0,0,0,0,0,0,0,0
"11086","Zosterops albogularis",0,0,0,0,0,4,0,0,0,7,0,0,6,0
"11087","Zosterops anomalus",0,0,0,0,0,0,0,0,0,0,0,0,6,0
"11088","Zosterops atricapilla",0,0,0,0,0,0,0,0,0,0,0,0,0,0
"11089","Zosterops atriceps",0,5,5,0,0,5,0,0,0,0,0,0,0,0
"11090","Zosterops atrifrons",0,0,0,0,0,0,0,0,0,0,0,0,0,0
"11091","Zosterops auriventer",0,0,0,0,6,4,0,0,0,0,0,0,0,0
"11092","Zosterops borbonicus",0,0,0,0,0,0,0,0,0,0,0,0,0,0
"11093","Zosterops brunneus",0,4,0,0,0,4,0,0,5,0,0,0,6,0
"11094","Zosterops buruensis",0,0,0,0,0,0,0,0,0,0,0,0,0,0
"11095","Zosterops ceylonensis",0,0,0,0,0,0,0,0,0,0,0,0,6,0
"11096","Zosterops chloris",0,0,0,0,4,4,0,0,0,0,0,0,0,0
"11097","Zosterops chloronothos",0,2,0,0,0,2,0,0,0,6,0,0,6,0
"11098","Zosterops chrysolaemus",0,0,0,0,0,0,0,0,0,0,0,0,0,0
"11099","Zosterops cinereus",0,0,0,0,0,0,0,0,0,0,0,0,0,0
"11100","Zosterops citrinella",0,0,0,0,6,5,0,0,0,0,0,0,4,0
"11101","Zosterops consobrinorum",0,0,0,0,0,0,0,0,0,0,0,0,0,0
"11102","Zosterops conspicillatus",0,0,0,0,0,0,0,0,0,6,0,0,6,0
"11103","Zosterops crookshanki",0,0,0,0,0,0,0,0,0,0,0,0,0,0
"11104","Zosterops dehaani",0,5,0,0,0,5,0,0,0,0,0,0,0,0
"11105","Zosterops emiliae",0,0,0,0,0,0,0,0,0,0,0,0,0,0
"11106","Zosterops erythropleurus",0,0,0,0,0,0,0,0,0,0,0,0,0,0
"11107","Zosterops eurycricotus",0,0,0,0,0,0,0,0,0,0,0,0,0,0
"11108","Zosterops everetti",0,0,0,0,5,4,0,0,0,0,0,0,0,0
"11109","Zosterops explorator",0,0,0,0,0,0,0,0,0,0,0,0,6,0
"11110","Zosterops feae",2,4,0,4,0,4,0,0,0,0,0,0,0,0
"11111","Zosterops ficedulinus",2,4,0,0,0,4,0,0,0,0,0,0,0,0
"11112","Zosterops finschii",0,0,0,0,0,0,0,0,0,0,0,0,6,0
"11113","Zosterops flavifrons",0,0,0,0,0,0,0,0,0,0,0,0,0,0
"11114","Zosterops flavilateralis",0,0,0,0,0,0,0,0,0,0,0,0,0,0
"11115","Zosterops flavissimus",0,0,0,0,0,0,0,0,0,0,0,0,0,0
"11116","Zosterops flavus",5,6,0,0,8,6,0,0,0,0,0,0,0,0
"11117","Zosterops fuscicapilla",0,0,0,0,0,0,0,0,0,0,0,0,0,0
"11118","Zosterops gibbsi",0,0,0,0,0,0,0,0,0,5,0,0,0,0
"11119","Zosterops grayi",0,0,0,0,0,0,0,0,0,0,0,0,0,0
"11120","Zosterops griseotinctus",0,0,0,0,0,0,0,0,0,0,0,0,0,0
"11121","Zosterops griseovirescens",0,2,0,0,0,0,0,0,0,0,0,0,0,0
"11122","Zosterops hamlini",0,0,0,0,0,0,0,0,0,0,0,0,0,0
"11123","Zosterops hypolais",0,0,0,0,0,0,0,0,0,7,0,0,6,0
"11124","Zosterops hypoxanthus",0,0,0,0,0,0,0,0,0,0,0,0,0,0
"11125","Zosterops inornatus",0,0,0,0,0,0,0,0,0,0,0,0,6,0
"11126","Zosterops japonicus",0,0,0,0,4,0,0,0,0,0,0,0,0,0
"11127","Zosterops kaffensis",0,0,0,0,0,0,0,0,0,0,0,0,0,0
"11128","Zosterops kikuyuensis",0,0,0,0,0,0,0,0,0,0,0,0,0,0
"11129","Zosterops kirki",0,0,0,0,0,0,0,0,0,0,0,0,0,0
"11130","Zosterops kuehni",0,0,0,0,0,0,0,0,0,0,0,0,0,0
"11131","Zosterops kulalensis",0,7,0,0,0,0,0,0,0,0,0,0,0,0
"11132","Zosterops kulambangrae",0,0,0,0,0,0,0,0,0,0,0,0,0,0
"11133","Zosterops lacertosus",0,0,4,0,0,7,0,0,0,0,0,0,0,0
"11134","Zosterops lateralis",0,0,0,0,0,0,0,0,0,0,0,0,0,0
"11135","Zosterops leucophaeus",2,3,0,0,0,0,0,0,0,0,3,0,0,0
"11136","Zosterops lugubris",0,0,0,0,0,0,0,0,0,0,0,0,6,0
"11137","Zosterops luteirostris",0,4,0,0,0,4,0,0,0,0,0,0,6,0
"11138","Zosterops luteus",0,0,0,0,0,0,0,0,0,0,0,0,0,0
"11139","Zosterops maderaspatanus",0,0,0,0,0,0,0,0,0,0,0,0,0,0
"11140","Zosterops mauritianus",0,0,0,0,0,0,0,0,0,0,0,0,0,0
"11141","Zosterops mayottensis",0,0,0,0,0,0,0,0,0,0,0,0,0,0
"11142","Zosterops mbuluensis",0,0,0,0,0,0,0,0,0,0,0,0,0,0
"11143","Zosterops meeki",0,5,4,4,0,5,0,0,0,0,0,0,5,0
"11144","Zosterops melanocephalus",0,0,0,0,0,0,0,0,6,0,0,5,0,0
"11145","Zosterops melanurus",0,4,0,0,7,0,0,0,0,0,0,0,0,0
"11146","Zosterops meratusensis",0,0,0,0,8,0,0,0,0,0,0,0,0,0
"11147","Zosterops metcalfii",0,0,0,0,0,0,0,0,0,0,0,0,0,0
"11148","Zosterops meyeni",0,0,0,0,0,0,0,0,0,0,0,0,0,0
"11149","Zosterops minor",0,0,0,0,0,0,0,0,0,0,0,0,0,0
"11150","Zosterops minutus",0,0,0,0,0,0,0,0,0,0,0,0,6,0
"11151","Zosterops modestus",0,2,0,0,0,2,0,0,3,7,0,0,5,0
"11152","Zosterops mouroniensis",0,6,0,4,0,0,0,0,0,8,0,6,5,0
"11153","Zosterops murphyi",0,0,0,0,0,0,0,0,0,0,0,0,6,0
"11154","Zosterops mysorensis",0,5,0,0,0,6,0,0,0,0,0,0,0,0
"11155","Zosterops natalis",0,0,1,0,0,0,0,0,0,6,0,0,0,0
"11156","Zosterops nehrkorni",0,6,0,0,0,6,0,0,0,0,0,0,6,0
"11157","Zosterops nigrorum",0,0,0,0,0,0,0,0,0,0,0,0,0,0
"11158","Zosterops novaeguineae",0,0,0,0,0,0,0,0,0,0,0,0,0,0
"11159","Zosterops oleagineus",0,0,0,0,0,0,0,0,6,7,0,0,6,0
"11160","Zosterops olivaceus",0,0,0,0,0,0,0,0,0,0,0,0,0,0
"11161","Zosterops pallidus",0,0,0,0,0,0,0,0,0,0,0,0,0,0
"11162","Zosterops palpebrosus",0,0,0,0,5,0,0,0,0,0,0,0,0,0
"11163","Zosterops paruhbesar",6,6,0,0,6,6,0,0,0,0,0,0,0,0
"11164","Zosterops poliogastrus",0,0,0,0,0,0,0,0,0,0,0,0,0,0
"11165","Zosterops ponapensis",0,0,0,0,0,0,0,0,0,0,0,0,0,0
"11166","Zosterops rendovae",0,0,0,0,0,0,0,0,0,0,0,0,0,0
"11167","Zosterops rennellianus",0,0,0,0,0,7,0,0,0,0,0,0,0,0
"11168","Zosterops rotensis",5,7,0,0,0,0,0,0,0,8,6,0,7,0
"11169","Zosterops samoensis",0,4,0,0,0,4,0,0,0,4,0,0,0,0
"11170","Zosterops sanctaecrucis",0,0,0,0,0,0,0,0,0,0,0,0,0,0
"11171","Zosterops saypani",0,0,0,0,0,0,0,0,0,5,0,0,0,0
"11172","Zosterops semiflavus",0,0,0,0,0,0,0,0,0,5,0,0,0,0
"11173","Zosterops semperi",0,0,0,0,0,0,0,0,0,0,0,0,0,0
"11174","Zosterops senegalensis",0,0,0,0,0,0,0,0,0,0,0,0,0,0
"11175","Zosterops silvanus",0,5,0,0,0,5,0,0,0,0,0,0,0,0
"11176","Zosterops simplex",0,0,0,0,7,0,0,0,0,0,0,0,0,0
"11177","Zosterops somadikartai",5,6,3,0,0,6,0,0,0,0,0,0,0,0
"11178","Zosterops splendidus",0,7,0,0,0,4,0,0,0,0,0,0,6,0
"11179","Zosterops stalkeri",0,0,0,0,0,0,0,0,0,0,0,0,0,0
"11180","Zosterops strenuus",0,0,0,0,0,0,0,0,0,6,0,0,0,0
"11181","Zosterops stresemanni",0,0,0,0,0,0,0,0,0,0,0,0,0,0
"11182","Zosterops superciliosus",0,0,0,0,0,0,0,0,0,0,0,0,6,0
"11183","Zosterops tenuirostris",3,3,0,0,0,3,0,0,0,7,0,0,0,0
"11184","Zosterops tetiparius",0,0,0,0,0,0,0,0,0,0,0,0,0,0
"11185","Zosterops uropygialis",0,4,0,0,0,5,0,0,4,0,0,0,0,0
"11186","Zosterops vaughani",0,0,0,0,0,0,0,0,0,0,0,0,6,0
"11187","Zosterops vellalavella",0,0,0,0,0,7,0,0,0,0,0,0,0,0
"11188","Zosterops virens",0,0,0,0,0,0,0,0,0,0,0,0,0,0
"11189","Zosterops winifredae",0,5,0,0,0,0,0,0,0,0,0,0,0,0
"11190","Zosterops xanthochroa",0,0,0,0,0,0,0,0,0,0,0,0,0,0
"11191","Zosterornis hypogrammicus",0,0,0,0,0,0,0,0,0,0,0,0,6,0
"11192","Zosterornis latistriatus",0,5,0,0,0,5,0,0,0,0,0,0,6,0
"11193","Zosterornis nigrorum",0,7,0,0,0,7,0,0,0,0,0,0,6,0
"11194","Zosterornis striatus",0,5,5,0,0,4,0,0,0,0,0,0,0,0
"11195","Zosterornis whiteheadi",0,0,0,0,0,0,0,0,0,0,0,0,0,0
