,purpose,scale,level,timing,sn
1,Food - human,,non-trivial,recent,Struthio camelus
2,Food - human,,non-trivial,recent,Struthio camelus
3,"Handicrafts, jewellery, etc.",,non-trivial,recent,Struthio camelus
4,"Handicrafts, jewellery, etc.",,non-trivial,recent,Struthio camelus
5,"Pets/display animals, horticulture",international,non-trivial,recent,Struthio camelus
6,"Pets/display animals, horticulture",international,non-trivial,recent,Struthio camelus
7,Food - human,NA,non-trivial,recent,Struthio molybdophanes
8,"Handicrafts, jewellery, etc.",NA,non-trivial,recent,Struthio molybdophanes
9,"Wearing apparel, accessories",NA,non-trivial,recent,Struthio molybdophanes
10,Food - human,,non-trivial,recent,Rhea americana
11,Medicine - human & veterinary,,non-trivial,recent,Rhea americana
12,Other household goods,,non-trivial,recent,Rhea americana
13,"Pets/display animals, horticulture",international,non-trivial,recent,Rhea americana
14,Food - human,,non-trivial,recent,Rhea pennata
15,"Handicrafts, jewellery, etc.",international,non-trivial,recent,Rhea pennata
16,NA,NA,NA,NA,Nothocercus julius
17,Food - human,NA,non-trivial,recent,Nothocercus bonapartei
18,NA,NA,NA,NA,Nothocercus nigrocapillus
19,Food - human,NA,non-trivial,recent,Tinamus tao
20,Food - human,,non-trivial,recent,Tinamus solitarius
21,"Pets/display animals, horticulture",international,non-trivial,recent,Tinamus solitarius
22,Food - human,NA,non-trivial,recent,Tinamus osgoodi
23,Food - human,,non-trivial,recent,Tinamus major
24,"Pets/display animals, horticulture",international,non-trivial,recent,Tinamus major
25,Food - human,,non-trivial,recent,Tinamus guttatus
26,"Pets/display animals, horticulture",international,non-trivial,recent,Tinamus guttatus
27,NA,NA,NA,NA,Crypturellus berlepschi
28,NA,NA,NA,NA,Crypturellus cinereus
29,Food - human,NA,non-trivial,recent,Crypturellus ptaritepui
30,Food - human,,non-trivial,recent,Crypturellus soui
31,"Pets/display animals, horticulture",international,non-trivial,recent,Crypturellus soui
32,Food - human,NA,non-trivial,recent,Crypturellus obsoletus
33,"Pets/display animals, horticulture",NA,non-trivial,recent,Crypturellus obsoletus
34,NA,NA,NA,NA,Crypturellus undulatus
35,NA,NA,NA,NA,Crypturellus strigulosus
36,NA,NA,NA,NA,Crypturellus duidae
37,NA,NA,NA,NA,Crypturellus erythropus
38,Food - human,NA,non-trivial,recent,Crypturellus noctivagus
39,NA,NA,NA,NA,Crypturellus atrocapillus
40,Food - human,NA,non-trivial,recent,Crypturellus cinnamomeus
41,Food - human,NA,non-trivial,recent,Crypturellus transfasciatus
42,Food - human,NA,non-trivial,recent,Crypturellus boucardi
43,Food - human,NA,non-trivial,recent,Crypturellus kerriae
44,NA,NA,NA,NA,Crypturellus variegatus
45,NA,NA,NA,NA,Crypturellus brevirostris
46,NA,NA,NA,NA,Crypturellus bartletti
47,NA,NA,NA,NA,Crypturellus casiquiare
48,Food - human,,non-trivial,recent,Crypturellus parvirostris
49,"Pets/display animals, horticulture",international,non-trivial,recent,Crypturellus parvirostris
50,Food - human,NA,non-trivial,recent,Crypturellus tataupa
51,"Pets/display animals, horticulture",NA,non-trivial,recent,Crypturellus tataupa
52,Food - human,,non-trivial,recent,Rhynchotus rufescens
53,"Pets/display animals, horticulture",international,non-trivial,recent,Rhynchotus rufescens
54,NA,NA,NA,NA,Rhynchotus maculicollis
55,Food - human,NA,non-trivial,recent,Nothoprocta taczanowskii
56,NA,NA,NA,NA,Nothoprocta ornata
57,Food - human,,non-trivial,recent,Nothoprocta perdicaria
58,"Pets/display animals, horticulture",international,non-trivial,recent,Nothoprocta perdicaria
59,NA,NA,NA,NA,Nothoprocta cinerascens
60,NA,NA,NA,NA,Nothoprocta pentlandii
61,NA,NA,NA,NA,Nothoprocta curvirostris
62,NA,NA,NA,NA,Nothura boraquira
63,NA,NA,NA,NA,Nothura minor
64,NA,NA,NA,NA,Nothura darwinii
65,Food - human,NA,non-trivial,recent,Nothura maculosa
66,"Pets/display animals, horticulture",NA,non-trivial,recent,Nothura maculosa
67,Sport hunting/specimen collecting,NA,non-trivial,recent,Nothura maculosa
68,NA,NA,NA,NA,Taoniscus nanus
69,NA,NA,NA,NA,Eudromia elegans
70,NA,NA,NA,NA,Eudromia formosa
71,NA,NA,NA,NA,Tinamotis pentlandii
72,NA,NA,NA,NA,Tinamotis ingoufi
73,Food - human,NA,non-trivial,recent,Casuarius casuarius
74,"Pets/display animals, horticulture",NA,non-trivial,recent,Casuarius casuarius
75,Sport hunting/specimen collecting,NA,non-trivial,recent,Casuarius casuarius
76,Food - human,,non-trivial,recent,Casuarius bennetti
77,"Pets/display animals, horticulture",international,non-trivial,recent,Casuarius bennetti
78,Food - human,,non-trivial,recent,Casuarius unappendiculatus
79,"Handicrafts, jewellery, etc.",,non-trivial,recent,Casuarius unappendiculatus
80,"Pets/display animals, horticulture",international,non-trivial,recent,Casuarius unappendiculatus
81,Food - human,,non-trivial,recent,Dromaius novaehollandiae
82,"Pets/display animals, horticulture",international,non-trivial,recent,Dromaius novaehollandiae
83,NA,NA,NA,NA,Apteryx haastii
84,NA,NA,NA,NA,Apteryx owenii
85,NA,NA,NA,NA,Apteryx mantelli
86,"Pets/display animals, horticulture",international,non-trivial,recent,Apteryx australis
87,NA,NA,NA,NA,Apteryx rowi
88,Food - human,,non-trivial,recent,Alectura lathami
89,"Pets/display animals, horticulture",international,non-trivial,recent,Alectura lathami
90,NA,NA,NA,NA,Aepypodius arfakianus
91,Food - human,NA,non-trivial,recent,Aepypodius bruijnii
92,Food - human,NA,non-trivial,recent,Talegalla cuvieri
93,NA,NA,NA,NA,Talegalla fuscirostris
94,NA,NA,NA,NA,Talegalla jobiensis
95,NA,NA,NA,NA,Leipoa ocellata
96,Food - human,,non-trivial,recent,Macrocephalon maleo
97,Other household goods,,non-trivial,recent,Macrocephalon maleo
98,"Pets/display animals, horticulture",international,non-trivial,recent,Macrocephalon maleo
99,Sport hunting/specimen collecting,,non-trivial,recent,Macrocephalon maleo
100,Food - human,NA,non-trivial,recent,Eulipoa wallacei
101,Food - human,NA,non-trivial,recent,Megapodius nicobariensis
102,Food - human,NA,non-trivial,recent,Megapodius cumingii
103,Food - human,NA,non-trivial,recent,Megapodius bernsteinii
104,Food - human,NA,non-trivial,recent,Megapodius tenimberensis
105,NA,NA,NA,NA,Megapodius layardi
106,Food - human,NA,non-trivial,recent,Megapodius laperouse
107,Food - human,,non-trivial,recent,Megapodius pritchardii
108,"Pets/display animals, horticulture",international,non-trivial,recent,Megapodius pritchardii
109,Food - human,,non-trivial,recent,Megapodius freycinet
110,"Pets/display animals, horticulture",international,non-trivial,recent,Megapodius freycinet
111,Food - human,NA,non-trivial,recent,Megapodius geelvinkianus
112,NA,NA,NA,NA,Megapodius decollatus
113,Food - human,NA,non-trivial,recent,Megapodius eremita
114,NA,NA,NA,NA,Megapodius reinwardt
115,Food - human,NA,non-trivial,recent,Chamaepetes unicolor
116,NA,NA,NA,NA,Chamaepetes goudotii
117,Food - human,,non-trivial,recent,Penelopina nigra
118,"Pets/display animals, horticulture",international,non-trivial,recent,Penelopina nigra
119,Food - human,NA,non-trivial,recent,Penelope argyrotis
120,Food - human,NA,non-trivial,recent,Penelope barbata
121,Food - human,NA,non-trivial,recent,Penelope ortoni
122,NA,NA,NA,NA,Penelope montagnii
123,NA,NA,NA,NA,Penelope marail
124,Food - human,NA,non-trivial,recent,Penelope superciliaris
125,"Pets/display animals, horticulture",NA,non-trivial,recent,Penelope superciliaris
126,NA,NA,NA,NA,Penelope dabbenei
127,NA,NA,NA,NA,Penelope jacquacu
128,Food - human,,non-trivial,recent,Penelope purpurascens
129,"Pets/display animals, horticulture",international,non-trivial,recent,Penelope purpurascens
130,Sport hunting/specimen collecting,,non-trivial,recent,Penelope purpurascens
131,Food - human,,non-trivial,recent,Penelope perspicax
132,"Pets/display animals, horticulture",international,non-trivial,recent,Penelope perspicax
133,Food - human,,non-trivial,recent,Penelope albipennis
134,Food - human,,non-trivial,recent,Penelope albipennis
135,"Pets/display animals, horticulture",international,non-trivial,recent,Penelope albipennis
136,"Pets/display animals, horticulture",international,non-trivial,recent,Penelope albipennis
137,NA,NA,NA,NA,Penelope obscura
138,Food - human,,non-trivial,recent,Penelope pileata
139,"Pets/display animals, horticulture",international,non-trivial,recent,Penelope pileata
140,Food - human,NA,non-trivial,recent,Penelope ochrogaster
141,Food - human,NA,non-trivial,recent,Penelope jacucaca
142,Medicine - human & veterinary,NA,non-trivial,recent,Penelope jacucaca
143,"Pets/display animals, horticulture",NA,non-trivial,recent,Penelope jacucaca
144,Food - human,,non-trivial,recent,Pipile pipile
145,"Pets/display animals, horticulture",international,non-trivial,recent,Pipile pipile
146,Sport hunting/specimen collecting,,non-trivial,recent,Pipile pipile
147,Food - human,,non-trivial,recent,Pipile cumanensis
148,"Pets/display animals, horticulture",international,non-trivial,recent,Pipile cumanensis
149,Food - human,,non-trivial,recent,Pipile grayi
150,"Pets/display animals, horticulture",international,non-trivial,recent,Pipile grayi
151,Food - human,NA,non-trivial,recent,Pipile cujubi
152,Food - human,NA,non-trivial,recent,Pipile jacutinga
153,"Pets/display animals, horticulture",NA,non-trivial,recent,Pipile jacutinga
154,Food - human,NA,non-trivial,recent,Aburria aburri
155,Food - human,,non-trivial,recent,Oreophasis derbianus
156,"Pets/display animals, horticulture",international,non-trivial,recent,Oreophasis derbianus
157,Food - human,,non-trivial,recent,Ortalis vetula
158,"Pets/display animals, horticulture",international,non-trivial,recent,Ortalis vetula
159,Food - human,,non-trivial,recent,Ortalis cinereiceps
160,"Pets/display animals, horticulture",international,non-trivial,recent,Ortalis cinereiceps
161,NA,NA,NA,NA,Ortalis garrula
162,Food - human,NA,non-trivial,recent,Ortalis ruficauda
163,Food - human,NA,non-trivial,recent,Ortalis erythroptera
164,Food - human,NA,non-trivial,recent,Ortalis wagleri
165,Food - human,,non-trivial,recent,Ortalis poliocephala
166,"Pets/display animals, horticulture",international,non-trivial,recent,Ortalis poliocephala
167,NA,NA,NA,NA,Ortalis canicollis
168,Food - human,,non-trivial,recent,Ortalis leucogastra
169,"Pets/display animals, horticulture",international,non-trivial,recent,Ortalis leucogastra
170,NA,NA,NA,NA,Ortalis columbiana
171,NA,NA,NA,NA,Ortalis guttata
172,NA,NA,NA,NA,Ortalis araucuan
173,NA,NA,NA,NA,Ortalis squamata
174,NA,NA,NA,NA,Ortalis motmot
175,NA,NA,NA,NA,Ortalis superciliaris
176,NA,NA,NA,NA,Nothocrax urumutum
177,Food - human,,non-trivial,recent,Crax rubra
178,"Pets/display animals, horticulture",international,non-trivial,recent,Crax rubra
179,Food - human,,non-trivial,recent,Crax alberti
180,"Pets/display animals, horticulture",international,non-trivial,recent,Crax alberti
181,Food - human,,non-trivial,recent,Crax daubentoni
182,"Pets/display animals, horticulture",international,non-trivial,recent,Crax daubentoni
183,Sport hunting/specimen collecting,,non-trivial,recent,Crax daubentoni
184,Food - human,,non-trivial,recent,Crax alector
185,"Pets/display animals, horticulture",international,non-trivial,recent,Crax alector
186,Food - human,NA,non-trivial,recent,Crax fasciolata
187,"Pets/display animals, horticulture",NA,non-trivial,recent,Crax fasciolata
188,Food - human,,non-trivial,recent,Crax pinima
189,"Pets/display animals, horticulture",international,non-trivial,recent,Crax pinima
190,Food - human,NA,non-trivial,recent,Crax globulosa
191,Food - human,NA,non-trivial,recent,Crax blumenbachii
192,Food - human,NA,non-trivial,recent,Mitu tomentosum
193,Food - human,,non-trivial,recent,Mitu tuberosum
194,Medicine - human & veterinary,,non-trivial,recent,Mitu tuberosum
195,"Pets/display animals, horticulture",international,non-trivial,recent,Mitu tuberosum
196,NA,NA,NA,NA,Mitu salvini
197,Food - human,NA,non-trivial,recent,Pauxi unicornis
198,Food - human,NA,non-trivial,recent,Pauxi koepckeae
199,Food - human,NA,non-trivial,recent,Pauxi pauxi
200,"Handicrafts, jewellery, etc.",NA,non-trivial,recent,Pauxi pauxi
201,Food - human,NA,non-trivial,recent,Numida meleagris
202,"Pets/display animals, horticulture",NA,non-trivial,recent,Numida meleagris
203,Food - human,,non-trivial,recent,Agelastes meleagrides
204,"Pets/display animals, horticulture",international,non-trivial,recent,Agelastes meleagrides
205,Food - human,NA,non-trivial,recent,Agelastes niger
206,NA,NA,NA,NA,Acryllium vulturinum
207,Food - human,NA,non-trivial,recent,Guttera plumifera
208,Food - human,,non-trivial,recent,Guttera verreauxi
209,"Pets/display animals, horticulture",international,non-trivial,recent,Guttera verreauxi
210,Food - human,,non-trivial,recent,Guttera pucherani
211,"Pets/display animals, horticulture",international,non-trivial,recent,Guttera pucherani
212,Food - human,NA,non-trivial,recent,Guttera edouardi
213,"Pets/display animals, horticulture",NA,non-trivial,recent,Guttera edouardi
214,NA,NA,NA,NA,Ptilopachus petrosus
215,Food - human,NA,non-trivial,recent,Ptilopachus nahani
216,Other household goods,NA,non-trivial,recent,Ptilopachus nahani
217,Food - human,NA,non-trivial,recent,Philortyx fasciatus
218,Food - human,,non-trivial,recent,Oreortyx pictus
219,"Pets/display animals, horticulture",international,non-trivial,recent,Oreortyx pictus
220,Food - human,,non-trivial,recent,Colinus virginianus
221,"Pets/display animals, horticulture",international,non-trivial,recent,Colinus virginianus
222,Sport hunting/specimen collecting,,non-trivial,recent,Colinus virginianus
223,"Pets/display animals, horticulture",international,non-trivial,recent,Colinus nigrogularis
224,NA,NA,NA,NA,Colinus leucopogon
225,NA,NA,NA,NA,Colinus cristatus
226,Food - human,,non-trivial,recent,Callipepla squamata
227,"Pets/display animals, horticulture",international,non-trivial,recent,Callipepla squamata
228,Sport hunting/specimen collecting,,non-trivial,recent,Callipepla squamata
229,Food - human,,non-trivial,recent,Callipepla douglasii
230,"Pets/display animals, horticulture",international,non-trivial,recent,Callipepla douglasii
231,Food - human,,non-trivial,recent,Callipepla gambelii
232,"Pets/display animals, horticulture",international,non-trivial,recent,Callipepla gambelii
233,Food - human,,non-trivial,recent,Callipepla californica
234,"Pets/display animals, horticulture",international,non-trivial,recent,Callipepla californica
235,Sport hunting/specimen collecting,,non-trivial,recent,Callipepla californica
236,Food - human,,non-trivial,recent,Dendrortyx barbatus
237,"Pets/display animals, horticulture",international,non-trivial,recent,Dendrortyx barbatus
238,Sport hunting/specimen collecting,,non-trivial,recent,Dendrortyx barbatus
239,Food - human,NA,non-trivial,recent,Dendrortyx macroura
240,Food - human,NA,non-trivial,recent,Dendrortyx leucophrys
241,Food - human,NA,non-trivial,recent,Odontophorus gujanensis
242,NA,NA,NA,NA,Odontophorus capueira
243,Food - human,NA,non-trivial,recent,Odontophorus melanotis
244,NA,NA,NA,NA,Odontophorus erythrops
245,Food - human,NA,non-trivial,recent,Odontophorus atrifrons
246,Food - human,NA,non-trivial,recent,Odontophorus hyperythrus
247,Food - human,NA,non-trivial,recent,Odontophorus melanonotus
248,Food - human,NA,non-trivial,recent,Odontophorus speciosus
249,Food - human,NA,non-trivial,recent,Odontophorus dialeucos
250,Food - human,NA,non-trivial,recent,Odontophorus strophium
251,Food - human,NA,non-trivial,recent,Odontophorus columbianus
252,Food - human,NA,non-trivial,recent,Odontophorus leucolaemus
253,NA,NA,NA,NA,Odontophorus balliviani
254,NA,NA,NA,NA,Odontophorus stellatus
255,Food - human,NA,non-trivial,recent,Odontophorus guttatus
256,Food - human,NA,non-trivial,recent,Rhynchortyx cinctus
257,Food - human,NA,non-trivial,recent,Dactylortyx thoracicus
258,Food - human,,non-trivial,recent,Cyrtonyx montezumae
259,"Pets/display animals, horticulture",international,non-trivial,recent,Cyrtonyx montezumae
260,Food - human,,non-trivial,recent,Cyrtonyx sallei
261,"Pets/display animals, horticulture",international,non-trivial,recent,Cyrtonyx sallei
262,Food - human,NA,non-trivial,recent,Cyrtonyx ocellatus
263,"Pets/display animals, horticulture",NA,non-trivial,recent,Cyrtonyx ocellatus
264,Food - human,NA,non-trivial,recent,Xenoperdix udzungwensis
265,Food - human,,non-trivial,recent,Rollulus rouloul
266,"Pets/display animals, horticulture",international,non-trivial,recent,Rollulus rouloul
267,"Pets/display animals, horticulture",international,non-trivial,recent,Arborophila torqueola
268,NA,NA,NA,NA,Arborophila rufogularis
269,Food - human,NA,non-trivial,recent,Arborophila atrogularis
270,NA,NA,NA,NA,Arborophila crudigularis
271,Food - human,NA,non-trivial,recent,Arborophila mandellii
272,NA,NA,NA,NA,Arborophila brunneopectus
273,NA,NA,NA,NA,Arborophila rufipectus
274,NA,NA,NA,NA,Arborophila gingica
275,Food - human,NA,non-trivial,recent,Arborophila davidi
276,NA,NA,NA,NA,Arborophila cambodiana
277,NA,NA,NA,NA,Arborophila campbelli
278,NA,NA,NA,NA,Arborophila rolli
279,NA,NA,NA,NA,Arborophila sumatrana
280,Food - human,NA,non-trivial,recent,Arborophila orientalis
281,"Pets/display animals, horticulture",NA,non-trivial,recent,Arborophila orientalis
282,NA,NA,NA,NA,Arborophila javanica
283,NA,NA,NA,NA,Arborophila rubrirostris
284,NA,NA,NA,NA,Arborophila hyperythra
285,NA,NA,NA,NA,Arborophila ardens
286,Food - human,NA,non-trivial,recent,Tropicoperdix chloropus
287,Food - human,NA,non-trivial,recent,Tropicoperdix tonkinensis
288,"Pets/display animals, horticulture",international,non-trivial,recent,Tropicoperdix charltonii
289,"Pets/display animals, horticulture",international,non-trivial,recent,Tropicoperdix graydoni
290,NA,NA,NA,NA,Rhizothera longirostris
291,Food - human,,non-trivial,recent,Melanoperdix niger
292,"Pets/display animals, horticulture",international,non-trivial,recent,Melanoperdix niger
293,NA,NA,NA,NA,Haematortyx sanguiniceps
294,NA,NA,NA,NA,Caloperdix oculeus
295,NA,NA,NA,NA,Galloperdix spadicea
296,NA,NA,NA,NA,Galloperdix lunulata
297,NA,NA,NA,NA,Galloperdix bicalcarata
298,Food - human,NA,non-trivial,recent,Afropavo congensis
299,NA,NA,NA,NA,Pavo cristatus
300,Food - human,NA,non-trivial,recent,Pavo muticus
301,"Handicrafts, jewellery, etc.",NA,non-trivial,recent,Pavo muticus
302,Other household goods,NA,non-trivial,recent,Pavo muticus
303,"Pets/display animals, horticulture",NA,non-trivial,recent,Pavo muticus
304,Sport hunting/specimen collecting,NA,non-trivial,recent,Pavo muticus
305,Food - human,,non-trivial,recent,Argusianus argus
306,"Pets/display animals, horticulture",international,non-trivial,recent,Argusianus argus
307,"Pets/display animals, horticulture",international,non-trivial,recent,Rheinardia nigrescens
308,Food - human,NA,non-trivial,recent,Polyplectron napoleonis
309,"Pets/display animals, horticulture",NA,non-trivial,recent,Polyplectron napoleonis
310,Food - human,,non-trivial,recent,Polyplectron malacense
311,"Pets/display animals, horticulture",international,non-trivial,recent,Polyplectron malacense
312,Sport hunting/specimen collecting,,non-trivial,recent,Polyplectron malacense
313,NA,NA,NA,NA,Polyplectron schleiermacheri
314,Food - human,,non-trivial,recent,Polyplectron germaini
315,"Pets/display animals, horticulture",international,non-trivial,recent,Polyplectron germaini
316,NA,NA,NA,NA,Polyplectron katsumatae
317,NA,NA,NA,NA,Polyplectron bicalcaratum
318,Food - human,NA,non-trivial,recent,Polyplectron inopinatum
319,NA,NA,NA,NA,Polyplectron chalcurum
320,Food - human,,non-trivial,recent,Margaroperdix madagarensis
321,"Pets/display animals, horticulture",international,non-trivial,recent,Margaroperdix madagarensis
322,Food - human,,non-trivial,recent,Coturnix coturnix
323,"Pets/display animals, horticulture",international,non-trivial,recent,Coturnix coturnix
324,Sport hunting/specimen collecting,,non-trivial,recent,Coturnix coturnix
325,Food - human,,non-trivial,recent,Coturnix japonica
326,"Pets/display animals, horticulture",international,non-trivial,recent,Coturnix japonica
327,NA,NA,NA,NA,Coturnix coromandelica
328,NA,NA,NA,NA,Coturnix delegorguei
329,NA,NA,NA,NA,Coturnix pectoralis
330,NA,NA,NA,NA,Synoicus ypsilophorus
331,Food - human,,non-trivial,recent,Synoicus chinensis
332,"Pets/display animals, horticulture",international,non-trivial,recent,Synoicus chinensis
333,Food - human,,non-trivial,recent,Synoicus adansonii
334,"Pets/display animals, horticulture",international,non-trivial,recent,Synoicus adansonii
335,Food - human,NA,non-trivial,recent,Anurophasis monorthonyx
336,Food - human,NA,non-trivial,recent,Tetraogallus caucasicus
337,NA,NA,NA,NA,Tetraogallus caspius
338,Food - human,,non-trivial,recent,Tetraogallus himalayensis
339,Medicine - human & veterinary,,non-trivial,recent,Tetraogallus himalayensis
340,"Pets/display animals, horticulture",international,non-trivial,recent,Tetraogallus himalayensis
341,NA,NA,NA,NA,Tetraogallus tibetanus
342,NA,NA,NA,NA,Tetraogallus altaicus
343,Food - human,,non-trivial,recent,Alectoris graeca
344,"Pets/display animals, horticulture",international,non-trivial,recent,Alectoris graeca
345,Sport hunting/specimen collecting,,non-trivial,recent,Alectoris graeca
346,Food - human,,non-trivial,recent,Alectoris chukar
347,"Pets/display animals, horticulture",international,non-trivial,recent,Alectoris chukar
348,Sport hunting/specimen collecting,,non-trivial,recent,Alectoris chukar
349,NA,NA,NA,NA,Alectoris magna
350,NA,NA,NA,NA,Alectoris philbyi
351,Food - human,,non-trivial,recent,Alectoris barbara
352,"Pets/display animals, horticulture",international,non-trivial,recent,Alectoris barbara
353,Sport hunting/specimen collecting,,non-trivial,recent,Alectoris barbara
354,Food - human,,non-trivial,recent,Alectoris rufa
355,"Pets/display animals, horticulture",international,non-trivial,recent,Alectoris rufa
356,Sport hunting/specimen collecting,,non-trivial,recent,Alectoris rufa
357,NA,NA,NA,NA,Alectoris melanocephala
358,NA,NA,NA,NA,Lerwa lerwa
359,NA,NA,NA,NA,Ammoperdix griseogularis
360,NA,NA,NA,NA,Ammoperdix heyi
361,"Pets/display animals, horticulture",international,non-trivial,recent,Perdicula asiatica
362,NA,NA,NA,NA,Perdicula argoondah
363,NA,NA,NA,NA,Perdicula erythrorhyncha
364,Food - human,NA,non-trivial,recent,Perdicula manipurensis
365,Food - human,NA,non-trivial,recent,Ophrysia superciliosa
366,NA,NA,NA,NA,Pternistis hartlaubi
367,NA,NA,NA,NA,Pternistis bicalcaratus
368,NA,NA,NA,NA,Pternistis icterorhynchus
369,NA,NA,NA,NA,Pternistis clappertoni
370,Food - human,NA,non-trivial,recent,Pternistis harwoodi
371,NA,NA,NA,NA,Pternistis adspersus
372,Food - human,NA,non-trivial,recent,Pternistis capensis
373,NA,NA,NA,NA,Pternistis natalensis
374,"Pets/display animals, horticulture",international,non-trivial,recent,Pternistis hildebrandti
375,NA,NA,NA,NA,Pternistis ahantensis
376,NA,NA,NA,NA,Pternistis squamatus
377,NA,NA,NA,NA,Pternistis griseostriatus
378,NA,NA,NA,NA,Pternistis leucoscepus
379,NA,NA,NA,NA,Pternistis rufopictus
380,Food - human,,non-trivial,recent,Pternistis afer
381,"Pets/display animals, horticulture",international,non-trivial,recent,Pternistis afer
382,NA,NA,NA,NA,Pternistis swainsonii
383,Food - human,NA,non-trivial,recent,Pternistis jacksoni
384,NA,NA,NA,NA,Pternistis nobilis
385,Food - human,NA,non-trivial,recent,Pternistis camerunensis
386,Food - human,NA,non-trivial,recent,Pternistis swierstrai
387,NA,NA,NA,NA,Pternistis castaneicollis
388,NA,NA,NA,NA,Pternistis atrifrons
389,"Pets/display animals, horticulture",international,non-trivial,recent,Pternistis erckelii
390,Food - human,NA,non-trivial,recent,Pternistis ochropectus
391,Food - human,NA,non-trivial,recent,Pternistis ochropectus
392,Food - human,,non-trivial,recent,Francolinus francolinus
393,Food - human,,non-trivial,recent,Francolinus francolinus
394,"Pets/display animals, horticulture",international,non-trivial,recent,Francolinus francolinus
395,"Pets/display animals, horticulture",international,non-trivial,recent,Francolinus francolinus
396,Sport hunting/specimen collecting,,non-trivial,recent,Francolinus francolinus
397,Sport hunting/specimen collecting,,non-trivial,recent,Francolinus francolinus
398,NA,NA,NA,NA,Francolinus pictus
399,NA,NA,NA,NA,Francolinus pintadeanus
400,Food - human,,non-trivial,recent,Ortygornis pondicerianus
401,"Pets/display animals, horticulture",international,non-trivial,recent,Ortygornis pondicerianus
402,NA,NA,NA,NA,Ortygornis gularis
403,NA,NA,NA,NA,Ortygornis sephaena
404,Food - human,NA,non-trivial,recent,Campocolinus coqui
405,"Pets/display animals, horticulture",NA,non-trivial,recent,Campocolinus coqui
406,NA,NA,NA,NA,Campocolinus albogularis
407,NA,NA,NA,NA,Campocolinus schlegelii
408,NA,NA,NA,NA,Peliperdix lathami
409,NA,NA,NA,NA,Scleroptila streptophora
410,NA,NA,NA,NA,Scleroptila levaillantii
411,NA,NA,NA,NA,Scleroptila afra
412,NA,NA,NA,NA,Scleroptila finschi
413,Food - human,NA,non-trivial,recent,Scleroptila psilolaema
414,Food - human,NA,non-trivial,recent,Scleroptila elgonensis
415,"Pets/display animals, horticulture",international,non-trivial,recent,Scleroptila shelleyi
416,"Pets/display animals, horticulture",international,non-trivial,recent,Scleroptila whytei
417,NA,NA,NA,NA,Scleroptila gutturalis
418,NA,NA,NA,NA,Bambusicola fytchii
419,Food - human,,non-trivial,recent,Bambusicola thoracicus
420,"Pets/display animals, horticulture",international,non-trivial,recent,Bambusicola thoracicus
421,Food - human,,non-trivial,recent,Bambusicola sonorivox
422,"Pets/display animals, horticulture",international,non-trivial,recent,Bambusicola sonorivox
423,NA,NA,NA,NA,Gallus gallus
424,NA,NA,NA,NA,Gallus sonneratii
425,NA,NA,NA,NA,Gallus lafayettii
426,Food - human,,non-trivial,recent,Gallus varius
427,"Pets/display animals, horticulture",international,non-trivial,recent,Gallus varius
428,Sport hunting/specimen collecting,,non-trivial,recent,Gallus varius
429,NA,NA,NA,NA,Tetraophasis obscurus
430,NA,NA,NA,NA,Tetraophasis szechenyii
431,NA,NA,NA,NA,Lophophorus impejanus
432,Food - human,NA,non-trivial,recent,Lophophorus sclateri
433,Food - human,,non-trivial,recent,Lophophorus lhuysii
434,"Pets/display animals, horticulture",international,non-trivial,recent,Lophophorus lhuysii
435,Food - human,,non-trivial,recent,Tragopan melanocephalus
436,Other household goods,,non-trivial,recent,Tragopan melanocephalus
437,"Pets/display animals, horticulture",international,non-trivial,recent,Tragopan melanocephalus
438,NA,NA,NA,NA,Tragopan satyra
439,Food - human,,non-trivial,recent,Tragopan blythii
440,"Pets/display animals, horticulture",international,non-trivial,recent,Tragopan blythii
441,NA,NA,NA,NA,Tragopan temminckii
442,Food - human,,non-trivial,recent,Tragopan caboti
443,"Pets/display animals, horticulture",international,non-trivial,recent,Tragopan caboti
444,NA,NA,NA,NA,Ithaginis cruentus
445,NA,NA,NA,NA,Pucrasia macrolopha
446,Food - human,NA,non-trivial,recent,Syrmaticus ellioti
447,Food - human,international,non-trivial,recent,Syrmaticus humiae
448,"Pets/display animals, horticulture",international,non-trivial,recent,Syrmaticus humiae
449,Food - human,NA,non-trivial,recent,Syrmaticus mikado
450,NA,NA,NA,NA,Syrmaticus soemmerringii
451,Food - human,,non-trivial,recent,Syrmaticus reevesii
452,"Handicrafts, jewellery, etc.",,non-trivial,recent,Syrmaticus reevesii
453,"Pets/display animals, horticulture",international,non-trivial,recent,Syrmaticus reevesii
454,Food - human,NA,non-trivial,recent,Chrysolophus pictus
455,"Pets/display animals, horticulture",NA,non-trivial,recent,Chrysolophus pictus
456,Food - human,,non-trivial,recent,Chrysolophus amherstiae
457,"Pets/display animals, horticulture",international,non-trivial,recent,Chrysolophus amherstiae
458,Food - human,,non-trivial,recent,Phasianus colchicus
459,"Pets/display animals, horticulture",international,non-trivial,recent,Phasianus colchicus
460,Sport hunting/specimen collecting,,non-trivial,recent,Phasianus colchicus
461,Food - human,NA,non-trivial,recent,Phasianus versicolor
462,"Pets/display animals, horticulture",NA,non-trivial,recent,Phasianus versicolor
463,Sport hunting/specimen collecting,NA,non-trivial,recent,Phasianus versicolor
464,NA,NA,NA,NA,Crossoptilon crossoptilon
465,Food - human,NA,non-trivial,recent,Crossoptilon harmani
466,NA,NA,NA,NA,Crossoptilon mantchuricum
467,NA,NA,NA,NA,Crossoptilon auritum
468,Food - human,NA,non-trivial,recent,Catreus wallichii
469,NA,NA,NA,NA,Lophura leucomelanos
470,NA,NA,NA,NA,Lophura nycthemera
471,Food - human,,non-trivial,recent,Lophura edwardsi
472,Food - human,,non-trivial,recent,Lophura edwardsi
473,"Pets/display animals, horticulture",international,non-trivial,recent,Lophura edwardsi
474,"Pets/display animals, horticulture",international,non-trivial,recent,Lophura edwardsi
475,"Pets/display animals, horticulture",international,non-trivial,recent,Lophura swinhoii
476,Food - human,,non-trivial,recent,Lophura inornata
477,"Pets/display animals, horticulture",international,non-trivial,recent,Lophura inornata
478,Food - human,NA,non-trivial,recent,Lophura erythrophthalma
479,NA,NA,NA,NA,Lophura pyronota
480,Food - human,NA,non-trivial,recent,Lophura ignita
481,Food - human,NA,non-trivial,recent,Lophura rufa
482,NA,NA,NA,NA,Lophura diardi
483,Food - human,,non-trivial,recent,Lophura bulweri
484,"Pets/display animals, horticulture",international,non-trivial,recent,Lophura bulweri
485,Food - human,,non-trivial,recent,Perdix perdix
486,"Pets/display animals, horticulture",international,non-trivial,recent,Perdix perdix
487,Sport hunting/specimen collecting,,non-trivial,recent,Perdix perdix
488,NA,NA,NA,NA,Perdix dauurica
489,NA,NA,NA,NA,Perdix hodgsoniae
490,Food - human,,non-trivial,recent,Meleagris gallopavo
491,"Pets/display animals, horticulture",international,non-trivial,recent,Meleagris gallopavo
492,Sport hunting/specimen collecting,,non-trivial,recent,Meleagris gallopavo
493,Food - human,,non-trivial,recent,Meleagris ocellata
494,"Pets/display animals, horticulture",international,non-trivial,recent,Meleagris ocellata
495,Sport hunting/specimen collecting,,non-trivial,recent,Meleagris ocellata
496,Food - human,,non-trivial,recent,Bonasa umbellus
497,"Pets/display animals, horticulture",international,non-trivial,recent,Bonasa umbellus
498,NA,NA,NA,NA,Tetrastes bonasia
499,Food - human,NA,non-trivial,recent,Tetrastes sewerzowi
500,NA,NA,NA,NA,Lagopus lagopus
501,Food - human,,non-trivial,recent,Lagopus muta
502,"Pets/display animals, horticulture",international,non-trivial,recent,Lagopus muta
503,Sport hunting/specimen collecting,,non-trivial,recent,Lagopus muta
504,Food - human,NA,non-trivial,recent,Lagopus leucura
505,Food - human,,non-trivial,recent,Dendragapus obscurus
506,"Pets/display animals, horticulture",international,non-trivial,recent,Dendragapus obscurus
507,Sport hunting/specimen collecting,,non-trivial,recent,Dendragapus obscurus
508,NA,NA,NA,NA,Dendragapus fuliginosus
509,Food - human,NA,non-trivial,recent,Falcipennis falcipennis
510,Food - human,,non-trivial,recent,Canachites canadensis
511,"Pets/display animals, horticulture",international,non-trivial,recent,Canachites canadensis
512,Food - human,,non-trivial,recent,Canachites franklinii
513,"Pets/display animals, horticulture",international,non-trivial,recent,Canachites franklinii
514,NA,NA,NA,NA,Tetrao urogallus
515,NA,NA,NA,NA,Tetrao urogalloides
516,Food - human,,non-trivial,recent,Lyrurus tetrix
517,"Pets/display animals, horticulture",international,non-trivial,recent,Lyrurus tetrix
518,Sport hunting/specimen collecting,,non-trivial,recent,Lyrurus tetrix
519,Food - human,NA,non-trivial,recent,Lyrurus mlokosiewiczi
520,Sport hunting/specimen collecting,NA,non-trivial,recent,Lyrurus mlokosiewiczi
521,NA,NA,NA,NA,Centrocercus urophasianus
522,Food - human,NA,non-trivial,recent,Centrocercus minimus
523,Sport hunting/specimen collecting,NA,non-trivial,recent,Centrocercus minimus
524,Food - human,,non-trivial,recent,Tympanuchus phasianellus
525,"Pets/display animals, horticulture",international,non-trivial,recent,Tympanuchus phasianellus
526,Food - human,,non-trivial,recent,Tympanuchus cupido
527,"Pets/display animals, horticulture",international,non-trivial,recent,Tympanuchus cupido
528,Sport hunting/specimen collecting,,non-trivial,recent,Tympanuchus cupido
529,Food - human,NA,non-trivial,recent,Tympanuchus pallidicinctus
530,Sport hunting/specimen collecting,NA,non-trivial,recent,Tympanuchus pallidicinctus
531,NA,NA,NA,NA,Anhima cornuta
532,Food - human,NA,non-trivial,recent,Chauna chavaria
533,"Pets/display animals, horticulture",NA,non-trivial,recent,Chauna chavaria
534,NA,NA,NA,NA,Chauna torquata
535,NA,NA,NA,NA,Anseranas semipalmata
536,NA,NA,NA,NA,Dendrocygna viduata
537,Food - human,,non-trivial,recent,Dendrocygna autumnalis
538,"Pets/display animals, horticulture",international,non-trivial,recent,Dendrocygna autumnalis
539,"Pets/display animals, horticulture",international,non-trivial,recent,Dendrocygna guttata
540,Food - human,,non-trivial,recent,Dendrocygna arborea
541,"Pets/display animals, horticulture",international,non-trivial,recent,Dendrocygna arborea
542,Sport hunting/specimen collecting,,non-trivial,recent,Dendrocygna arborea
543,NA,NA,NA,NA,Dendrocygna bicolor
544,"Pets/display animals, horticulture",international,non-trivial,recent,Dendrocygna eytoni
545,Food - human,,non-trivial,recent,Dendrocygna arcuata
546,"Pets/display animals, horticulture",international,non-trivial,recent,Dendrocygna arcuata
547,NA,NA,NA,NA,Dendrocygna javanica
548,NA,NA,NA,NA,Thalassornis leuconotus
549,NA,NA,NA,NA,Heteronetta atricapilla
550,Food - human,NA,non-trivial,recent,Nomonyx dominicus
551,Sport hunting/specimen collecting,NA,non-trivial,recent,Nomonyx dominicus
552,Food - human,,non-trivial,recent,Oxyura jamaicensis
553,Food - human,,non-trivial,recent,Oxyura jamaicensis
554,"Pets/display animals, horticulture",international,non-trivial,recent,Oxyura jamaicensis
555,"Pets/display animals, horticulture",international,non-trivial,recent,Oxyura jamaicensis
556,Food - human,,non-trivial,recent,Oxyura ferruginea
557,"Pets/display animals, horticulture",international,non-trivial,recent,Oxyura ferruginea
558,Food - human,,non-trivial,recent,Oxyura vittata
559,"Pets/display animals, horticulture",international,non-trivial,recent,Oxyura vittata
560,NA,NA,NA,NA,Oxyura australis
561,Food - human,,non-trivial,recent,Oxyura maccoa
562,"Pets/display animals, horticulture",international,non-trivial,recent,Oxyura maccoa
563,Food - human,,non-trivial,recent,Oxyura leucocephala
564,"Pets/display animals, horticulture",international,non-trivial,recent,Oxyura leucocephala
565,Sport hunting/specimen collecting,,non-trivial,recent,Oxyura leucocephala
566,NA,NA,NA,NA,Biziura lobata
567,NA,NA,NA,NA,Malacorhynchus membranaceus
568,NA,NA,NA,NA,Stictonetta naevosa
569,"Pets/display animals, horticulture",international,non-trivial,recent,Cereopsis novaehollandiae
570,NA,NA,NA,NA,Coscoroba coscoroba
571,NA,NA,NA,NA,Cygnus melancoryphus
572,Food - human,,non-trivial,recent,Cygnus atratus
573,"Pets/display animals, horticulture",international,non-trivial,recent,Cygnus atratus
574,Sport hunting/specimen collecting,,non-trivial,recent,Cygnus atratus
575,NA,NA,NA,NA,Cygnus olor
576,"Handicrafts, jewellery, etc.",,non-trivial,recent,Cygnus buccinator
577,"Pets/display animals, horticulture",international,non-trivial,recent,Cygnus buccinator
578,NA,NA,NA,NA,Cygnus cygnus
579,Food - human,,non-trivial,recent,Cygnus columbianus
580,"Pets/display animals, horticulture",international,non-trivial,recent,Cygnus columbianus
581,Sport hunting/specimen collecting,,non-trivial,recent,Cygnus columbianus
582,Food - human,,non-trivial,recent,Branta bernicla
583,"Pets/display animals, horticulture",international,non-trivial,recent,Branta bernicla
584,Sport hunting/specimen collecting,,non-trivial,recent,Branta bernicla
585,Food - human,,non-trivial,recent,Branta leucopsis
586,Other household goods,,non-trivial,recent,Branta leucopsis
587,"Pets/display animals, horticulture",international,non-trivial,recent,Branta leucopsis
588,Food - human,NA,non-trivial,recent,Branta ruficollis
589,"Pets/display animals, horticulture",NA,non-trivial,recent,Branta ruficollis
590,Sport hunting/specimen collecting,NA,non-trivial,recent,Branta ruficollis
591,"Pets/display animals, horticulture",international,non-trivial,recent,Branta hutchinsii
592,Sport hunting/specimen collecting,,non-trivial,recent,Branta hutchinsii
593,Food - human,,non-trivial,recent,Branta canadensis
594,"Pets/display animals, horticulture",international,non-trivial,recent,Branta canadensis
595,Sport hunting/specimen collecting,,non-trivial,recent,Branta canadensis
596,Food - human,,non-trivial,recent,Branta sandvicensis
597,"Pets/display animals, horticulture",international,non-trivial,recent,Branta sandvicensis
598,Food - human,,non-trivial,recent,Anser canagicus
599,Sport hunting/specimen collecting,international,non-trivial,recent,Anser canagicus
600,"Pets/display animals, horticulture",international,non-trivial,recent,Anser caerulescens
601,Sport hunting/specimen collecting,,non-trivial,recent,Anser caerulescens
602,"Pets/display animals, horticulture",international,non-trivial,recent,Anser rossii
603,Sport hunting/specimen collecting,,non-trivial,recent,Anser rossii
604,Food - human,NA,non-trivial,recent,Anser indicus
605,"Pets/display animals, horticulture",NA,non-trivial,recent,Anser indicus
606,Food - human,NA,non-trivial,recent,Anser anser
607,"Pets/display animals, horticulture",NA,non-trivial,recent,Anser anser
608,Sport hunting/specimen collecting,NA,non-trivial,recent,Anser anser
609,Food - human,NA,non-trivial,recent,Anser cygnoid
610,Food - human,,non-trivial,recent,Anser fabalis
611,Food - human,,non-trivial,recent,Anser fabalis
612,"Pets/display animals, horticulture",international,non-trivial,recent,Anser fabalis
613,"Pets/display animals, horticulture",international,non-trivial,recent,Anser fabalis
614,Sport hunting/specimen collecting,,non-trivial,recent,Anser fabalis
615,Sport hunting/specimen collecting,,non-trivial,recent,Anser fabalis
616,Food - human,,non-trivial,recent,Anser brachyrhynchus
617,"Pets/display animals, horticulture",international,non-trivial,recent,Anser brachyrhynchus
618,Sport hunting/specimen collecting,,non-trivial,recent,Anser brachyrhynchus
619,Food - human,NA,non-trivial,recent,Anser albifrons
620,Sport hunting/specimen collecting,NA,non-trivial,recent,Anser albifrons
621,Food - human,NA,non-trivial,recent,Anser erythropus
622,"Pets/display animals, horticulture",NA,non-trivial,recent,Anser erythropus
623,Sport hunting/specimen collecting,NA,non-trivial,recent,Anser erythropus
624,Food - human,,non-trivial,recent,Clangula hyemalis
625,"Pets/display animals, horticulture",international,non-trivial,recent,Clangula hyemalis
626,Sport hunting/specimen collecting,,non-trivial,recent,Clangula hyemalis
627,Food - human,,non-trivial,recent,Somateria fischeri
628,"Pets/display animals, horticulture",international,non-trivial,recent,Somateria fischeri
629,Food - human,,non-trivial,recent,Somateria spectabilis
630,"Pets/display animals, horticulture",international,non-trivial,recent,Somateria spectabilis
631,"Pets/display animals, horticulture",international,non-trivial,recent,Somateria mollissima
632,"Pets/display animals, horticulture",international,non-trivial,recent,Somateria mollissima
633,Sport hunting/specimen collecting,,non-trivial,recent,Somateria mollissima
634,Sport hunting/specimen collecting,,non-trivial,recent,Somateria mollissima
635,Food - human,,non-trivial,recent,Polysticta stelleri
636,Food - human,,non-trivial,recent,Polysticta stelleri
637,"Pets/display animals, horticulture",international,non-trivial,recent,Polysticta stelleri
638,"Pets/display animals, horticulture",international,non-trivial,recent,Polysticta stelleri
639,Sport hunting/specimen collecting,,non-trivial,recent,Polysticta stelleri
640,Sport hunting/specimen collecting,,non-trivial,recent,Polysticta stelleri
641,Food - human,,non-trivial,recent,Melanitta perspicillata
642,"Pets/display animals, horticulture",international,non-trivial,recent,Melanitta perspicillata
643,"Pets/display animals, horticulture",international,non-trivial,recent,Melanitta fusca
644,Sport hunting/specimen collecting,,non-trivial,recent,Melanitta fusca
645,"Pets/display animals, horticulture",international,non-trivial,recent,Melanitta stejnegeri
646,Sport hunting/specimen collecting,,non-trivial,recent,Melanitta stejnegeri
647,"Pets/display animals, horticulture",international,non-trivial,recent,Melanitta deglandi
648,Sport hunting/specimen collecting,,non-trivial,recent,Melanitta deglandi
649,"Pets/display animals, horticulture",international,non-trivial,recent,Melanitta nigra
650,Sport hunting/specimen collecting,,non-trivial,recent,Melanitta nigra
651,"Pets/display animals, horticulture",international,non-trivial,recent,Melanitta americana
652,Sport hunting/specimen collecting,,non-trivial,recent,Melanitta americana
653,Sport hunting/specimen collecting,NA,non-trivial,recent,Bucephala albeola
654,Food - human,,non-trivial,recent,Bucephala clangula
655,"Pets/display animals, horticulture",international,non-trivial,recent,Bucephala clangula
656,Sport hunting/specimen collecting,,non-trivial,recent,Bucephala clangula
657,Food - human,,non-trivial,recent,Bucephala islandica
658,"Pets/display animals, horticulture",international,non-trivial,recent,Bucephala islandica
659,Food - human,,non-trivial,recent,Mergellus albellus
660,"Pets/display animals, horticulture",international,non-trivial,recent,Mergellus albellus
661,"Pets/display animals, horticulture",international,non-trivial,recent,Lophodytes cucullatus
662,Sport hunting/specimen collecting,,non-trivial,recent,Lophodytes cucullatus
663,Food - human,,non-trivial,recent,Mergus merganser
664,"Pets/display animals, horticulture",international,non-trivial,recent,Mergus merganser
665,Sport hunting/specimen collecting,,non-trivial,recent,Mergus merganser
666,Food - human,NA,non-trivial,recent,Mergus squamatus
667,Sport hunting/specimen collecting,NA,non-trivial,recent,Mergus squamatus
668,Food - human,,non-trivial,recent,Mergus serrator
669,"Pets/display animals, horticulture",international,non-trivial,recent,Mergus serrator
670,Sport hunting/specimen collecting,,non-trivial,recent,Mergus serrator
671,Sport hunting/specimen collecting,NA,non-trivial,recent,Mergus octosetaceus
672,"Pets/display animals, horticulture",international,non-trivial,recent,Histrionicus histrionicus
673,"Pets/display animals, horticulture",international,non-trivial,recent,Histrionicus histrionicus
674,NA,NA,NA,NA,Neochen jubata
675,NA,NA,NA,NA,Chloephaga melanoptera
676,NA,NA,NA,NA,Chloephaga picta
677,NA,NA,NA,NA,Chloephaga hybrida
678,NA,NA,NA,NA,Chloephaga poliocephala
679,NA,NA,NA,NA,Chloephaga rubidiceps
680,NA,NA,NA,NA,Radjah radjah
681,Food - human,,non-trivial,recent,Alopochen aegyptiaca
682,"Pets/display animals, horticulture",international,non-trivial,recent,Alopochen aegyptiaca
683,Sport hunting/specimen collecting,,non-trivial,recent,Alopochen aegyptiaca
684,Food - human,NA,non-trivial,recent,Tadorna tadorna
685,"Pets/display animals, horticulture",NA,non-trivial,recent,Tadorna tadorna
686,Sport hunting/specimen collecting,NA,non-trivial,recent,Tadorna tadorna
687,Food - human,,non-trivial,recent,Tadorna ferruginea
688,"Pets/display animals, horticulture",international,non-trivial,recent,Tadorna ferruginea
689,Sport hunting/specimen collecting,,non-trivial,recent,Tadorna ferruginea
690,NA,NA,NA,NA,Tadorna cana
691,NA,NA,NA,NA,Tadorna tadornoides
692,NA,NA,NA,NA,Tadorna variegata
693,Food - human,NA,non-trivial,recent,Tadorna cristata
694,"Pets/display animals, horticulture",NA,non-trivial,recent,Tadorna cristata
695,NA,NA,NA,NA,Plectropterus gambensis
696,Food - human,,non-trivial,recent,Cairina moschata
697,"Pets/display animals, horticulture",international,non-trivial,recent,Cairina moschata
698,Food - human,NA,non-trivial,recent,Sarkidiornis sylvicola
699,"Pets/display animals, horticulture",NA,non-trivial,recent,Sarkidiornis sylvicola
700,Food - human,,non-trivial,recent,Sarkidiornis melanotos
701,"Pets/display animals, horticulture",international,non-trivial,recent,Sarkidiornis melanotos
702,NA,NA,NA,NA,Nettapus auritus
703,NA,NA,NA,NA,Nettapus coromandelianus
704,NA,NA,NA,NA,Nettapus pulchellus
705,Food - human,,non-trivial,recent,Callonetta leucophrys
706,"Pets/display animals, horticulture",international,non-trivial,recent,Callonetta leucophrys
707,"Pets/display animals, horticulture",international,non-trivial,recent,Aix sponsa
708,Sport hunting/specimen collecting,,non-trivial,recent,Aix sponsa
709,Food - human,NA,non-trivial,recent,Aix galericulata
710,"Pets/display animals, horticulture",NA,non-trivial,recent,Aix galericulata
711,NA,NA,NA,NA,Chenonetta jubata
712,NA,NA,NA,NA,Hymenolaimus malacorhynchos
713,NA,NA,NA,NA,Merganetta armata
714,NA,NA,NA,NA,Pteronetta hartlaubii
715,Food - human,NA,non-trivial,recent,Cyanochen cyanoptera
716,Food - human,,non-trivial,recent,Marmaronetta angustirostris
717,"Pets/display animals, horticulture",international,non-trivial,recent,Marmaronetta angustirostris
718,Sport hunting/specimen collecting,,non-trivial,recent,Marmaronetta angustirostris
719,Food - human,,non-trivial,recent,Asarcornis scutulata
720,"Pets/display animals, horticulture",international,non-trivial,recent,Asarcornis scutulata
721,NA,NA,NA,NA,Netta rufina
722,NA,NA,NA,NA,Netta peposaca
723,Food - human,,non-trivial,recent,Netta erythrophthalma
724,"Pets/display animals, horticulture",international,non-trivial,recent,Netta erythrophthalma
725,Food - human,,non-trivial,recent,Aythya ferina
726,"Pets/display animals, horticulture",international,non-trivial,recent,Aythya ferina
727,Sport hunting/specimen collecting,,non-trivial,recent,Aythya ferina
728,"Pets/display animals, horticulture",international,non-trivial,recent,Aythya americana
729,Sport hunting/specimen collecting,,non-trivial,recent,Aythya americana
730,Food - human,,non-trivial,recent,Aythya valisineria
731,"Pets/display animals, horticulture",international,non-trivial,recent,Aythya valisineria
732,Sport hunting/specimen collecting,,non-trivial,recent,Aythya valisineria
733,"Pets/display animals, horticulture",international,non-trivial,recent,Aythya australis
734,Food - human,,non-trivial,recent,Aythya innotata
735,"Pets/display animals, horticulture",international,non-trivial,recent,Aythya innotata
736,Food - human,,non-trivial,recent,Aythya baeri
737,"Pets/display animals, horticulture",international,non-trivial,recent,Aythya baeri
738,Sport hunting/specimen collecting,,non-trivial,recent,Aythya baeri
739,Food - human,NA,non-trivial,recent,Aythya nyroca
740,"Pets/display animals, horticulture",NA,non-trivial,recent,Aythya nyroca
741,Sport hunting/specimen collecting,NA,non-trivial,recent,Aythya nyroca
742,NA,NA,NA,NA,Aythya novaeseelandiae
743,"Pets/display animals, horticulture",international,non-trivial,recent,Aythya collaris
744,Food - human,NA,non-trivial,recent,Aythya fuligula
745,"Pets/display animals, horticulture",NA,non-trivial,recent,Aythya fuligula
746,Sport hunting/specimen collecting,NA,non-trivial,recent,Aythya fuligula
747,Food - human,,non-trivial,recent,Aythya marila
748,"Pets/display animals, horticulture",international,non-trivial,recent,Aythya marila
749,Sport hunting/specimen collecting,,non-trivial,recent,Aythya marila
750,Food - human,,non-trivial,recent,Aythya affinis
751,"Pets/display animals, horticulture",international,non-trivial,recent,Aythya affinis
752,Food - human,NA,non-trivial,recent,Rhodonessa caryophyllacea
753,"Pets/display animals, horticulture",NA,non-trivial,recent,Rhodonessa caryophyllacea
754,Sport hunting/specimen collecting,NA,non-trivial,recent,Rhodonessa caryophyllacea
755,Food - human,NA,non-trivial,recent,Salvadorina waigiuensis
756,Food - human,NA,non-trivial,recent,Tachyeres patachonicus
757,Food - human,NA,non-trivial,recent,Tachyeres leucocephalus
758,"Pets/display animals, horticulture",international,non-trivial,recent,Tachyeres pteneres
759,"Pets/display animals, horticulture",international,non-trivial,recent,Tachyeres brachypterus
760,NA,NA,NA,NA,Lophonetta specularioides
761,Food - human,,non-trivial,recent,Speculanas specularis
762,"Pets/display animals, horticulture",international,non-trivial,recent,Speculanas specularis
763,Food - human,,non-trivial,recent,Amazonetta brasiliensis
764,"Pets/display animals, horticulture",international,non-trivial,recent,Amazonetta brasiliensis
765,Food - human,,non-trivial,recent,Spatula querquedula
766,"Pets/display animals, horticulture",international,non-trivial,recent,Spatula querquedula
767,Sport hunting/specimen collecting,,non-trivial,recent,Spatula querquedula
768,NA,NA,NA,NA,Spatula hottentota
769,NA,NA,NA,NA,Spatula puna
770,NA,NA,NA,NA,Spatula versicolor
771,NA,NA,NA,NA,Spatula platalea
772,NA,NA,NA,NA,Spatula smithii
773,NA,NA,NA,NA,Spatula rhynchotis
774,Food - human,NA,non-trivial,recent,Spatula clypeata
775,"Pets/display animals, horticulture",NA,non-trivial,recent,Spatula clypeata
776,Sport hunting/specimen collecting,NA,non-trivial,recent,Spatula clypeata
777,"Pets/display animals, horticulture",international,non-trivial,recent,Spatula cyanoptera
778,Sport hunting/specimen collecting,,non-trivial,recent,Spatula cyanoptera
779,Food - human,,non-trivial,recent,Spatula discors
780,"Pets/display animals, horticulture",international,non-trivial,recent,Spatula discors
781,Sport hunting/specimen collecting,,non-trivial,recent,Spatula discors
782,NA,NA,NA,NA,Sibirionetta formosa
783,Food - human,NA,non-trivial,recent,Mareca falcata
784,Other household goods,NA,non-trivial,recent,Mareca falcata
785,"Pets/display animals, horticulture",NA,non-trivial,recent,Mareca falcata
786,Food - human,,non-trivial,recent,Mareca strepera
787,"Pets/display animals, horticulture",international,non-trivial,recent,Mareca strepera
788,Sport hunting/specimen collecting,,non-trivial,recent,Mareca strepera
789,Food - human,NA,non-trivial,recent,Mareca penelope
790,"Pets/display animals, horticulture",NA,non-trivial,recent,Mareca penelope
791,Sport hunting/specimen collecting,NA,non-trivial,recent,Mareca penelope
792,Food - human,,non-trivial,recent,Mareca americana
793,"Pets/display animals, horticulture",international,non-trivial,recent,Mareca americana
794,Sport hunting/specimen collecting,,non-trivial,recent,Mareca americana
795,NA,NA,NA,NA,Mareca sibilatrix
796,NA,NA,NA,NA,Anas sparsa
797,NA,NA,NA,NA,Anas undulata
798,Food - human,,non-trivial,recent,Anas melleri
799,"Pets/display animals, horticulture",international,non-trivial,recent,Anas melleri
800,Sport hunting/specimen collecting,,non-trivial,recent,Anas melleri
801,NA,NA,NA,NA,Anas superciliosa
802,NA,NA,NA,NA,Anas luzonica
803,NA,NA,NA,NA,Anas zonorhyncha
804,NA,NA,NA,NA,Anas poecilorhyncha
805,Food - human,,non-trivial,recent,Anas laysanensis
806,Food - human,,non-trivial,recent,Anas laysanensis
807,"Pets/display animals, horticulture",international,non-trivial,recent,Anas laysanensis
808,"Pets/display animals, horticulture",international,non-trivial,recent,Anas laysanensis
809,Food - human,NA,non-trivial,recent,Anas platyrhynchos
810,"Pets/display animals, horticulture",NA,non-trivial,recent,Anas platyrhynchos
811,Sport hunting/specimen collecting,NA,non-trivial,recent,Anas platyrhynchos
812,Food - human,,non-trivial,recent,Anas rubripes
813,"Pets/display animals, horticulture",international,non-trivial,recent,Anas rubripes
814,"Pets/display animals, horticulture",international,non-trivial,recent,Anas fulvigula
815,Sport hunting/specimen collecting,,non-trivial,recent,Anas fulvigula
816,Food - human,,non-trivial,recent,Anas wyvilliana
817,"Pets/display animals, horticulture",international,non-trivial,recent,Anas wyvilliana
818,Food - human,,non-trivial,recent,Anas albogularis
819,"Pets/display animals, horticulture",international,non-trivial,recent,Anas albogularis
820,Food - human,,non-trivial,recent,Anas gibberifrons
821,"Pets/display animals, horticulture",international,non-trivial,recent,Anas gibberifrons
822,NA,NA,NA,NA,Anas gracilis
823,NA,NA,NA,NA,Anas castanea
824,"Pets/display animals, horticulture",international,non-trivial,recent,Anas chlorotis
825,"Pets/display animals, horticulture",international,non-trivial,recent,Anas aucklandica
826,NA,NA,NA,NA,Anas nesiotis
827,Food - human,,non-trivial,recent,Anas bernieri
828,"Pets/display animals, horticulture",international,non-trivial,recent,Anas bernieri
829,Sport hunting/specimen collecting,,non-trivial,recent,Anas bernieri
830,NA,NA,NA,NA,Anas capensis
831,NA,NA,NA,NA,Anas bahamensis
832,NA,NA,NA,NA,Anas erythrorhyncha
833,Food - human,NA,non-trivial,recent,Anas acuta
834,"Pets/display animals, horticulture",NA,non-trivial,recent,Anas acuta
835,Sport hunting/specimen collecting,NA,non-trivial,recent,Anas acuta
836,NA,NA,NA,NA,Anas eatoni
837,NA,NA,NA,NA,Anas georgica
838,NA,NA,NA,NA,Anas crecca
839,NA,NA,NA,NA,Anas carolinensis
840,NA,NA,NA,NA,Anas andium
841,NA,NA,NA,NA,Anas flavirostris
842,Food - human,,non-trivial,recent,Tachybaptus ruficollis
843,"Pets/display animals, horticulture",international,non-trivial,recent,Tachybaptus ruficollis
844,Sport hunting/specimen collecting,,non-trivial,recent,Tachybaptus ruficollis
845,NA,NA,NA,NA,Tachybaptus novaehollandiae
846,NA,NA,NA,NA,Tachybaptus pelzelnii
847,Food - human,NA,non-trivial,recent,Tachybaptus dominicus
848,Food - human,,non-trivial,recent,Podilymbus podiceps
849,"Pets/display animals, horticulture",international,non-trivial,recent,Podilymbus podiceps
850,NA,NA,NA,NA,Rollandia rolland
851,Food - human,NA,non-trivial,recent,Rollandia microptera
852,NA,NA,NA,NA,Poliocephalus poliocephalus
853,NA,NA,NA,NA,Poliocephalus rufopectus
854,NA,NA,NA,NA,Podiceps major
855,NA,NA,NA,NA,Podiceps grisegena
856,Food - human,,non-trivial,recent,Podiceps cristatus
857,"Handicrafts, jewellery, etc.",,non-trivial,recent,Podiceps cristatus
858,"Pets/display animals, horticulture",international,non-trivial,recent,Podiceps cristatus
859,Sport hunting/specimen collecting,,non-trivial,recent,Podiceps cristatus
860,NA,NA,NA,NA,Podiceps auritus
861,Food - human,,non-trivial,recent,Podiceps nigricollis
862,"Pets/display animals, horticulture",international,non-trivial,recent,Podiceps nigricollis
863,Sport hunting/specimen collecting,,non-trivial,recent,Podiceps nigricollis
864,NA,NA,NA,NA,Podiceps juninensis
865,NA,NA,NA,NA,Podiceps occipitalis
866,NA,NA,NA,NA,Podiceps taczanowskii
867,NA,NA,NA,NA,Podiceps gallardoi
868,NA,NA,NA,NA,Aechmophorus occidentalis
869,NA,NA,NA,NA,Aechmophorus clarkii
870,Food - human,,non-trivial,recent,Phoenicopterus roseus
871,"Pets/display animals, horticulture",international,non-trivial,recent,Phoenicopterus roseus
872,"Pets/display animals, horticulture",NA,non-trivial,recent,Phoenicopterus ruber
873,Food - human,,non-trivial,recent,Phoenicopterus chilensis
874,Food - human,,non-trivial,recent,Phoenicopterus chilensis
875,"Pets/display animals, horticulture",international,non-trivial,recent,Phoenicopterus chilensis
876,"Pets/display animals, horticulture",international,non-trivial,recent,Phoenicopterus chilensis
877,Food - human,NA,non-trivial,recent,Phoeniconaias minor
878,Food - human,NA,non-trivial,recent,Phoeniconaias minor
879,"Pets/display animals, horticulture",NA,non-trivial,recent,Phoeniconaias minor
880,"Pets/display animals, horticulture",NA,non-trivial,recent,Phoeniconaias minor
881,Food - human,,non-trivial,recent,Phoenicoparrus andinus
882,"Pets/display animals, horticulture",international,non-trivial,recent,Phoenicoparrus andinus
883,Food - human,,non-trivial,recent,Phoenicoparrus jamesi
884,"Pets/display animals, horticulture",international,non-trivial,recent,Phoenicoparrus jamesi
885,Food - human,,non-trivial,recent,Phaethon aethereus
886,"Pets/display animals, horticulture",international,non-trivial,recent,Phaethon aethereus
887,Food - human,,non-trivial,recent,Phaethon rubricauda
888,"Pets/display animals, horticulture",international,non-trivial,recent,Phaethon rubricauda
889,"Pets/display animals, horticulture",international,non-trivial,recent,Phaethon lepturus
890,Food - human,,non-trivial,recent,Rhynochetos jubatus
891,"Pets/display animals, horticulture",international,non-trivial,recent,Rhynochetos jubatus
892,"Pets/display animals, horticulture",international,non-trivial,recent,Eurypyga helias
893,Food - human,NA,non-trivial,recent,Mesitornis variegatus
894,Food - human,NA,non-trivial,recent,Mesitornis unicolor
895,Food - human,NA,non-trivial,recent,Monias benschi
896,Food - human,NA,non-trivial,recent,Columba livia
897,"Pets/display animals, horticulture",NA,non-trivial,recent,Columba livia
898,Sport hunting/specimen collecting,NA,non-trivial,recent,Columba livia
899,NA,NA,NA,NA,Columba rupestris
900,NA,NA,NA,NA,Columba leuconota
901,"Pets/display animals, horticulture",international,non-trivial,recent,Columba guinea
902,NA,NA,NA,NA,Columba albitorques
903,"Pets/display animals, horticulture",international,non-trivial,recent,Columba oenas
904,Sport hunting/specimen collecting,,non-trivial,recent,Columba oenas
905,Food - human,NA,non-trivial,recent,Columba eversmanni
906,NA,NA,NA,NA,Columba oliviae
907,"Pets/display animals, horticulture",NA,non-trivial,recent,Columba palumbus
908,Sport hunting/specimen collecting,NA,non-trivial,recent,Columba palumbus
909,Food - human,NA,non-trivial,recent,Columba trocaz
910,Food - human,NA,non-trivial,recent,Columba bollii
911,Food - human,NA,non-trivial,recent,Columba junoniae
912,Sport hunting/specimen collecting,NA,non-trivial,recent,Columba junoniae
913,"Pets/display animals, horticulture",international,non-trivial,recent,Columba unicincta
914,NA,NA,NA,NA,Columba arquatrix
915,NA,NA,NA,NA,Columba sjostedti
916,Food - human,NA,non-trivial,recent,Columba thomensis
917,Food - human,NA,non-trivial,recent,Columba pollenii
918,NA,NA,NA,NA,Columba hodgsonii
919,"Pets/display animals, horticulture",international,non-trivial,recent,Columba albinucha
920,NA,NA,NA,NA,Columba pulchricollis
921,Food - human,,non-trivial,recent,Columba elphinstonii
922,"Pets/display animals, horticulture",international,non-trivial,recent,Columba elphinstonii
923,Sport hunting/specimen collecting,,non-trivial,recent,Columba elphinstonii
924,Food - human,NA,non-trivial,recent,Columba torringtoniae
925,Food - human,NA,non-trivial,recent,Columba punicea
926,"Pets/display animals, horticulture",NA,non-trivial,recent,Columba punicea
927,Food - human,NA,non-trivial,recent,Columba argentina
928,Food - human,NA,non-trivial,recent,Columba palumboides
929,NA,NA,NA,NA,Columba janthina
930,NA,NA,NA,NA,Columba vitiensis
931,NA,NA,NA,NA,Columba leucomela
932,Food - human,NA,non-trivial,recent,Columba pallidiceps
933,NA,NA,NA,NA,Columba delegorguei
934,NA,NA,NA,NA,Columba iriditorques
935,NA,NA,NA,NA,Columba malherbii
936,NA,NA,NA,NA,Aplopelia larvata
937,Food - human,,non-trivial,recent,Streptopelia turtur
938,"Pets/display animals, horticulture",international,non-trivial,recent,Streptopelia turtur
939,Sport hunting/specimen collecting,,non-trivial,recent,Streptopelia turtur
940,NA,NA,NA,NA,Streptopelia lugens
941,NA,NA,NA,NA,Streptopelia hypopyrrha
942,NA,NA,NA,NA,Streptopelia orientalis
943,"Pets/display animals, horticulture",NA,non-trivial,recent,Streptopelia dusumieri
944,"Pets/display animals, horticulture",international,non-trivial,recent,Streptopelia bitorquata
945,Food - human,NA,non-trivial,recent,Streptopelia decaocto
946,"Pets/display animals, horticulture",NA,non-trivial,recent,Streptopelia decaocto
947,Sport hunting/specimen collecting,NA,non-trivial,recent,Streptopelia decaocto
948,Food - human,,non-trivial,recent,Streptopelia xanthocycla
949,"Pets/display animals, horticulture",international,non-trivial,recent,Streptopelia xanthocycla
950,Sport hunting/specimen collecting,,non-trivial,recent,Streptopelia xanthocycla
951,"Pets/display animals, horticulture",international,non-trivial,recent,Streptopelia roseogrisea
952,NA,NA,NA,NA,Streptopelia reichenowi
953,NA,NA,NA,NA,Streptopelia decipiens
954,NA,NA,NA,NA,Streptopelia semitorquata
955,"Pets/display animals, horticulture",international,non-trivial,recent,Streptopelia capicola
956,NA,NA,NA,NA,Streptopelia vinacea
957,Food - human,NA,non-trivial,recent,Streptopelia tranquebarica
958,"Pets/display animals, horticulture",NA,non-trivial,recent,Streptopelia tranquebarica
959,Food - human,NA,non-trivial,recent,Spilopelia chinensis
960,"Pets/display animals, horticulture",NA,non-trivial,recent,Spilopelia chinensis
961,Food - human,NA,non-trivial,recent,Spilopelia suratensis
962,"Pets/display animals, horticulture",NA,non-trivial,recent,Spilopelia suratensis
963,Food - human,,non-trivial,recent,Spilopelia senegalensis
964,Food - human,,non-trivial,recent,Spilopelia senegalensis
965,"Pets/display animals, horticulture",international,non-trivial,recent,Spilopelia senegalensis
966,"Pets/display animals, horticulture",international,non-trivial,recent,Spilopelia senegalensis
967,Sport hunting/specimen collecting,,non-trivial,recent,Spilopelia senegalensis
968,Sport hunting/specimen collecting,,non-trivial,recent,Spilopelia senegalensis
969,NA,NA,NA,NA,Nesoenas picturatus
970,Food - human,,non-trivial,recent,Nesoenas mayeri
971,"Pets/display animals, horticulture",international,non-trivial,recent,Nesoenas mayeri
972,NA,NA,NA,NA,Macropygia unchall
973,Food - human,NA,non-trivial,recent,Macropygia rufipennis
974,Food - human,NA,non-trivial,recent,Macropygia emiliana
975,Food - human,NA,non-trivial,recent,Macropygia cinnamomea
976,Food - human,NA,non-trivial,recent,Macropygia tenuirostris
977,NA,NA,NA,NA,Macropygia macassariensis
978,NA,NA,NA,NA,Macropygia magna
979,NA,NA,NA,NA,Macropygia timorlaoensis
980,"Pets/display animals, horticulture",international,non-trivial,recent,Macropygia amboinensis
981,"Pets/display animals, horticulture",international,non-trivial,recent,Macropygia phasianella
982,NA,NA,NA,NA,Macropygia ruficeps
983,NA,NA,NA,NA,Macropygia nigrirostris
984,NA,NA,NA,NA,Macropygia mackinlayi
985,"Pets/display animals, horticulture",NA,non-trivial,recent,Turacoena manadensis
986,NA,NA,NA,NA,Turacoena sulaensis
987,Food - human,,non-trivial,recent,Turacoena modesta
988,"Pets/display animals, horticulture",international,non-trivial,recent,Turacoena modesta
989,NA,NA,NA,NA,Reinwardtoena reinwardti
990,NA,NA,NA,NA,Reinwardtoena browni
991,Food - human,NA,non-trivial,recent,Reinwardtoena crassirostris
992,Food - human,,non-trivial,recent,Patagioenas leucocephala
993,"Pets/display animals, horticulture",international,non-trivial,recent,Patagioenas leucocephala
994,Sport hunting/specimen collecting,,non-trivial,recent,Patagioenas leucocephala
995,NA,NA,NA,NA,Patagioenas squamosa
996,"Pets/display animals, horticulture",NA,non-trivial,recent,Patagioenas speciosa
997,NA,NA,NA,NA,Patagioenas corensis
998,NA,NA,NA,NA,Patagioenas picazuro
999,NA,NA,NA,NA,Patagioenas maculosa
1000,NA,NA,NA,NA,Patagioenas albipennis
1001,Food - human,,non-trivial,recent,Patagioenas fasciata
1002,"Pets/display animals, horticulture",international,non-trivial,recent,Patagioenas fasciata
1003,Food - human,,non-trivial,recent,Patagioenas albilinea
1004,"Pets/display animals, horticulture",international,non-trivial,recent,Patagioenas albilinea
1005,NA,NA,NA,NA,Patagioenas araucana
1006,Food - human,,non-trivial,recent,Patagioenas caribaea
1007,"Pets/display animals, horticulture",international,non-trivial,recent,Patagioenas caribaea
1008,Sport hunting/specimen collecting,,non-trivial,recent,Patagioenas caribaea
1009,Food - human,NA,non-trivial,recent,Patagioenas cayennensis
1010,"Pets/display animals, horticulture",NA,non-trivial,recent,Patagioenas cayennensis
1011,Food - human,,non-trivial,recent,Patagioenas flavirostris
1012,"Pets/display animals, horticulture",international,non-trivial,recent,Patagioenas flavirostris
1013,Food - human,,non-trivial,recent,Patagioenas oenops
1014,"Pets/display animals, horticulture",international,non-trivial,recent,Patagioenas oenops
1015,Food - human,NA,non-trivial,recent,Patagioenas inornata
1016,NA,NA,NA,NA,Patagioenas plumbea
1017,Food - human,NA,non-trivial,recent,Patagioenas subvinacea
1018,NA,NA,NA,NA,Patagioenas nigrirostris
1019,NA,NA,NA,NA,Patagioenas goodsoni
1020,Food - human,NA,non-trivial,recent,Starnoenas cyanocephala
1021,NA,NA,NA,NA,Geotrygon purpurata
1022,NA,NA,NA,NA,Geotrygon saphirina
1023,Food - human,NA,non-trivial,recent,Geotrygon versicolor
1024,"Pets/display animals, horticulture",NA,non-trivial,recent,Geotrygon versicolor
1025,Food - human,NA,non-trivial,recent,Geotrygon caniceps
1026,Food - human,NA,non-trivial,recent,Geotrygon leucometopia
1027,Food - human,NA,non-trivial,recent,Geotrygon montana
1028,"Pets/display animals, horticulture",NA,non-trivial,recent,Geotrygon montana
1029,NA,NA,NA,NA,Geotrygon violacea
1030,NA,NA,NA,NA,Geotrygon chrysia
1031,NA,NA,NA,NA,Geotrygon mystacea
1032,NA,NA,NA,NA,Leptotrygon veraguensis
1033,Food - human,,non-trivial,recent,Leptotila verreauxi
1034,"Pets/display animals, horticulture",international,non-trivial,recent,Leptotila verreauxi
1035,NA,NA,NA,NA,Leptotila jamaicensis
1036,NA,NA,NA,NA,Leptotila cassinii
1037,Food - human,NA,non-trivial,recent,Leptotila conoveri
1038,Food - human,NA,non-trivial,recent,Leptotila ochraceiventris
1039,NA,NA,NA,NA,Leptotila plumbeiceps
1040,Food - human,NA,non-trivial,recent,Leptotila battyi
1041,Food - human,,non-trivial,recent,Leptotila rufaxilla
1042,"Pets/display animals, horticulture",international,non-trivial,recent,Leptotila rufaxilla
1043,Food - human,NA,non-trivial,recent,Leptotila wellsi
1044,NA,NA,NA,NA,Leptotila pallida
1045,NA,NA,NA,NA,Leptotila megalura
1046,NA,NA,NA,NA,Zentrygon carrikeri
1047,NA,NA,NA,NA,Zentrygon costaricensis
1048,NA,NA,NA,NA,Zentrygon lawrencii
1049,NA,NA,NA,NA,Zentrygon albifacies
1050,NA,NA,NA,NA,Zentrygon frenata
1051,NA,NA,NA,NA,Zentrygon linearis
1052,NA,NA,NA,NA,Zentrygon chiriquensis
1053,NA,NA,NA,NA,Zentrygon goldmani
1054,Food - human,,non-trivial,recent,Zenaida asiatica
1055,"Pets/display animals, horticulture",international,non-trivial,recent,Zenaida asiatica
1056,NA,NA,NA,NA,Zenaida meloda
1057,Food - human,,non-trivial,recent,Zenaida aurita
1058,"Pets/display animals, horticulture",international,non-trivial,recent,Zenaida aurita
1059,Food - human,,non-trivial,recent,Zenaida galapagoensis
1060,"Pets/display animals, horticulture",international,non-trivial,recent,Zenaida galapagoensis
1061,Food - human,NA,non-trivial,recent,Zenaida auriculata
1062,"Pets/display animals, horticulture",NA,non-trivial,recent,Zenaida auriculata
1063,Food - human,,non-trivial,recent,Zenaida macroura
1064,"Pets/display animals, horticulture",international,non-trivial,recent,Zenaida macroura
1065,NA,NA,NA,NA,Columbina inca
1066,Food - human,NA,non-trivial,recent,Columbina squammata
1067,"Pets/display animals, horticulture",NA,non-trivial,recent,Columbina squammata
1068,Food - human,,non-trivial,recent,Columbina passerina
1069,"Pets/display animals, horticulture",international,non-trivial,recent,Columbina passerina
1070,Food - human,,non-trivial,recent,Columbina minuta
1071,"Pets/display animals, horticulture",international,non-trivial,recent,Columbina minuta
1072,"Pets/display animals, horticulture",international,non-trivial,recent,Columbina buckleyi
1073,Food - human,NA,non-trivial,recent,Columbina talpacoti
1074,"Pets/display animals, horticulture",NA,non-trivial,recent,Columbina talpacoti
1075,NA,NA,NA,NA,Columbina picui
1076,"Pets/display animals, horticulture",international,non-trivial,recent,Columbina cruziana
1077,NA,NA,NA,NA,Columbina cyanopis
1078,Food - human,NA,non-trivial,recent,Claravis pretiosa
1079,"Pets/display animals, horticulture",NA,non-trivial,recent,Claravis pretiosa
1080,NA,NA,NA,NA,Paraclaravis mondetoura
1081,"Pets/display animals, horticulture",NA,non-trivial,recent,Paraclaravis geoffroyi
1082,NA,NA,NA,NA,Metriopelia ceciliae
1083,NA,NA,NA,NA,Metriopelia morenoi
1084,NA,NA,NA,NA,Metriopelia melanoptera
1085,NA,NA,NA,NA,Metriopelia aymara
1086,NA,NA,NA,NA,Uropelia campestris
1087,NA,NA,NA,NA,Henicophaps albifrons
1088,NA,NA,NA,NA,Henicophaps foersteri
1089,NA,NA,NA,NA,Gallicolumba luzonica
1090,Food - human,NA,non-trivial,recent,Gallicolumba crinigera
1091,Food - human,NA,non-trivial,recent,Gallicolumba platenae
1092,"Pets/display animals, horticulture",NA,non-trivial,recent,Gallicolumba platenae
1093,Food - human,NA,non-trivial,recent,Gallicolumba keayi
1094,"Pets/display animals, horticulture",NA,non-trivial,recent,Gallicolumba keayi
1095,Food - human,NA,non-trivial,recent,Gallicolumba menagei
1096,"Pets/display animals, horticulture",NA,non-trivial,recent,Gallicolumba menagei
1097,Sport hunting/specimen collecting,NA,non-trivial,recent,Gallicolumba menagei
1098,"Pets/display animals, horticulture",international,non-trivial,recent,Gallicolumba tristigmata
1099,"Pets/display animals, horticulture",international,non-trivial,recent,Gallicolumba rufigula
1100,Food - human,NA,non-trivial,recent,Pampusana hoedtii
1101,NA,NA,NA,NA,Pampusana jobiensis
1102,Food - human,NA,non-trivial,recent,Pampusana kubaryi
1103,Food - human,NA,non-trivial,recent,Pampusana xanthonura
1104,Food - human,NA,non-trivial,recent,Pampusana erythroptera
1105,Food - human,NA,non-trivial,recent,Pampusana rubescens
1106,"Pets/display animals, horticulture",international,non-trivial,recent,Pampusana beccarii
1107,"Pets/display animals, horticulture",international,non-trivial,recent,Pampusana johannae
1108,NA,NA,NA,NA,Pampusana canifrons
1109,Food - human,NA,non-trivial,recent,Pampusana sanctaecrucis
1110,NA,NA,NA,NA,Pampusana stairi
1111,NA,NA,NA,NA,Leucosarcia melanoleuca
1112,NA,NA,NA,NA,Petrophassa rufipennis
1113,NA,NA,NA,NA,Petrophassa albipennis
1114,"Pets/display animals, horticulture",international,non-trivial,recent,Geophaps plumifera
1115,NA,NA,NA,NA,Geophaps scripta
1116,NA,NA,NA,NA,Geophaps smithii
1117,NA,NA,NA,NA,Phaps chalcoptera
1118,NA,NA,NA,NA,Phaps elegans
1119,NA,NA,NA,NA,Phaps histrionica
1120,NA,NA,NA,NA,Ocyphaps lophotes
1121,NA,NA,NA,NA,Geopelia cuneata
1122,NA,NA,NA,NA,Geopelia striata
1123,NA,NA,NA,NA,Geopelia placida
1124,NA,NA,NA,NA,Geopelia maugeus
1125,NA,NA,NA,NA,Geopelia humeralis
1126,NA,NA,NA,NA,Trugon terrestris
1127,"Pets/display animals, horticulture",international,non-trivial,recent,Otidiphaps aruensis
1128,"Pets/display animals, horticulture",international,non-trivial,recent,Otidiphaps nobilis
1129,"Pets/display animals, horticulture",international,non-trivial,recent,Otidiphaps cervicalis
1130,Food - human,,non-trivial,recent,Otidiphaps insularis
1131,"Pets/display animals, horticulture",international,non-trivial,recent,Otidiphaps insularis
1132,Food - human,,non-trivial,recent,Goura cristata
1133,"Handicrafts, jewellery, etc.",,non-trivial,recent,Goura cristata
1134,"Pets/display animals, horticulture",international,non-trivial,recent,Goura cristata
1135,Food - human,,non-trivial,recent,Goura sclaterii
1136,"Handicrafts, jewellery, etc.",,non-trivial,recent,Goura sclaterii
1137,"Pets/display animals, horticulture",international,non-trivial,recent,Goura sclaterii
1138,Food - human,,non-trivial,recent,Goura scheepmakeri
1139,"Handicrafts, jewellery, etc.",,non-trivial,recent,Goura scheepmakeri
1140,"Pets/display animals, horticulture",international,non-trivial,recent,Goura scheepmakeri
1141,Food - human,,non-trivial,recent,Goura victoria
1142,"Handicrafts, jewellery, etc.",,non-trivial,recent,Goura victoria
1143,"Pets/display animals, horticulture",international,non-trivial,recent,Goura victoria
1144,Food - human,NA,non-trivial,recent,Caloenas nicobarica
1145,"Handicrafts, jewellery, etc.",NA,non-trivial,recent,Caloenas nicobarica
1146,"Pets/display animals, horticulture",NA,non-trivial,recent,Caloenas nicobarica
1147,Food - human,NA,non-trivial,recent,Didunculus strigirostris
1148,Food - human,NA,non-trivial,recent,Chalcophaps indica
1149,"Pets/display animals, horticulture",NA,non-trivial,recent,Chalcophaps indica
1150,Food - human,NA,non-trivial,recent,Chalcophaps longirostris
1151,"Pets/display animals, horticulture",NA,non-trivial,recent,Chalcophaps longirostris
1152,"Pets/display animals, horticulture",international,non-trivial,recent,Chalcophaps stephani
1153,"Pets/display animals, horticulture",international,non-trivial,recent,Chalcophaps stephani
1154,NA,NA,NA,NA,Turtur chalcospilos
1155,NA,NA,NA,NA,Turtur abyssinicus
1156,NA,NA,NA,NA,Turtur afer
1157,"Pets/display animals, horticulture",NA,non-trivial,recent,Turtur tympanistria
1158,NA,NA,NA,NA,Turtur brehmeri
1159,"Pets/display animals, horticulture",international,non-trivial,recent,Oena capensis
1160,NA,NA,NA,NA,Phapitreron leucotis
1161,NA,NA,NA,NA,Phapitreron nigrorum
1162,NA,NA,NA,NA,Phapitreron brevirostris
1163,"Pets/display animals, horticulture",international,non-trivial,recent,Phapitreron amethystinus
1164,Food - human,NA,non-trivial,recent,Phapitreron maculipectus
1165,"Pets/display animals, horticulture",international,non-trivial,recent,Phapitreron frontalis
1166,NA,NA,NA,NA,Phapitreron brunneiceps
1167,NA,NA,NA,NA,Phapitreron cinereiceps
1168,Food - human,NA,non-trivial,recent,Treron fulvicollis
1169,"Pets/display animals, horticulture",international,non-trivial,recent,Treron olax
1170,NA,NA,NA,NA,Treron vernans
1171,NA,NA,NA,NA,Treron bicinctus
1172,Food - human,NA,non-trivial,recent,Treron phayrei
1173,"Pets/display animals, horticulture",NA,non-trivial,recent,Treron phayrei
1174,Food - human,NA,non-trivial,recent,Treron affinis
1175,"Pets/display animals, horticulture",NA,non-trivial,recent,Treron affinis
1176,Food - human,NA,non-trivial,recent,Treron pompadora
1177,"Pets/display animals, horticulture",NA,non-trivial,recent,Treron pompadora
1178,Food - human,NA,non-trivial,recent,Treron chloropterus
1179,"Pets/display animals, horticulture",NA,non-trivial,recent,Treron chloropterus
1180,Food - human,NA,non-trivial,recent,Treron axillaris
1181,"Pets/display animals, horticulture",NA,non-trivial,recent,Treron axillaris
1182,Food - human,NA,non-trivial,recent,Treron aromaticus
1183,"Pets/display animals, horticulture",international,non-trivial,recent,Treron curvirostra
1184,NA,NA,NA,NA,Treron griseicauda
1185,Food - human,NA,non-trivial,recent,Treron teysmannii
1186,Food - human,NA,non-trivial,recent,Treron floris
1187,"Pets/display animals, horticulture",NA,non-trivial,recent,Treron floris
1188,Food - human,NA,non-trivial,recent,Treron psittaceus
1189,Food - human,NA,non-trivial,recent,Treron capellei
1190,NA,NA,NA,NA,Treron phoenicopterus
1191,NA,NA,NA,NA,Treron waalia
1192,Food - human,,non-trivial,recent,Treron griveaudi
1193,"Pets/display animals, horticulture",international,non-trivial,recent,Treron griveaudi
1194,Food - human,,non-trivial,recent,Treron australis
1195,"Pets/display animals, horticulture",international,non-trivial,recent,Treron australis
1196,Food - human,NA,non-trivial,recent,Treron calvus
1197,"Pets/display animals, horticulture",NA,non-trivial,recent,Treron calvus
1198,Food - human,,non-trivial,recent,Treron delalandii
1199,"Pets/display animals, horticulture",international,non-trivial,recent,Treron delalandii
1200,Food - human,NA,non-trivial,recent,Treron pembaensis
1201,Sport hunting/specimen collecting,NA,non-trivial,recent,Treron pembaensis
1202,Food - human,NA,non-trivial,recent,Treron sanctithomae
1203,"Pets/display animals, horticulture",NA,non-trivial,recent,Treron apicauda
1204,NA,NA,NA,NA,Treron oxyurus
1205,NA,NA,NA,NA,Treron seimundi
1206,NA,NA,NA,NA,Treron sphenurus
1207,NA,NA,NA,NA,Treron sieboldii
1208,Food - human,NA,non-trivial,recent,Treron permagnus
1209,Food - human,NA,non-trivial,recent,Treron formosae
1210,NA,NA,NA,NA,Ducula poliocephala
1211,"Pets/display animals, horticulture",international,non-trivial,recent,Ducula forsteni
1212,NA,NA,NA,NA,Ducula mindorensis
1213,"Pets/display animals, horticulture",international,non-trivial,recent,Ducula radiata
1214,Food - human,NA,non-trivial,recent,Ducula carola
1215,Food - human,NA,non-trivial,recent,Ducula aenea
1216,"Pets/display animals, horticulture",NA,non-trivial,recent,Ducula aenea
1217,NA,NA,NA,NA,Ducula nicobarica
1218,"Pets/display animals, horticulture",international,non-trivial,recent,Ducula oenothorax
1219,"Pets/display animals, horticulture",international,non-trivial,recent,Ducula perspicillata
1220,"Pets/display animals, horticulture",international,non-trivial,recent,Ducula neglecta
1221,NA,NA,NA,NA,Ducula concinna
1222,NA,NA,NA,NA,Ducula pacifica
1223,Food - human,NA,non-trivial,recent,Ducula oceanica
1224,Food - human,NA,non-trivial,recent,Ducula aurorae
1225,Food - human,NA,non-trivial,recent,Ducula galeata
1226,Food - human,NA,non-trivial,recent,Ducula rubricera
1227,NA,NA,NA,NA,Ducula myristicivora
1228,NA,NA,NA,NA,Ducula geelvinkiana
1229,NA,NA,NA,NA,Ducula rufigaster
1230,NA,NA,NA,NA,Ducula basilica
1231,NA,NA,NA,NA,Ducula obiensis
1232,NA,NA,NA,NA,Ducula finschii
1233,NA,NA,NA,NA,Ducula chalconota
1234,NA,NA,NA,NA,Ducula pistrinaria
1235,Food - human,NA,non-trivial,recent,Ducula rosacea
1236,NA,NA,NA,NA,Ducula whartoni
1237,NA,NA,NA,NA,Ducula pickeringii
1238,NA,NA,NA,NA,Ducula latrans
1239,Food - human,NA,non-trivial,recent,Ducula brenchleyi
1240,Food - human,NA,non-trivial,recent,Ducula bakeri
1241,NA,NA,NA,NA,Ducula goliath
1242,Food - human,NA,non-trivial,recent,Ducula pinon
1243,NA,NA,NA,NA,Ducula melanochroa
1244,NA,NA,NA,NA,Ducula mullerii
1245,NA,NA,NA,NA,Ducula zoeae
1246,Food - human,NA,non-trivial,recent,Ducula cuprea
1247,"Pets/display animals, horticulture",NA,non-trivial,recent,Ducula cuprea
1248,Food - human,NA,non-trivial,recent,Ducula badia
1249,"Pets/display animals, horticulture",NA,non-trivial,recent,Ducula badia
1250,NA,NA,NA,NA,Ducula lacernulata
1251,Food - human,NA,non-trivial,recent,Ducula cineracea
1252,Food - human,NA,non-trivial,recent,Ducula bicolor
1253,"Pets/display animals, horticulture",NA,non-trivial,recent,Ducula bicolor
1254,NA,NA,NA,NA,Ducula spilorrhoa
1255,NA,NA,NA,NA,Ducula subflavescens
1256,"Pets/display animals, horticulture",international,non-trivial,recent,Ducula luctuosa
1257,NA,NA,NA,NA,Megaloprepia magnifica
1258,NA,NA,NA,NA,Megaloprepia formosa
1259,NA,NA,NA,NA,Ramphiculus merrilli
1260,NA,NA,NA,NA,Ramphiculus marchei
1261,"Pets/display animals, horticulture",international,non-trivial,recent,Ramphiculus leclancheri
1262,"Pets/display animals, horticulture",international,non-trivial,recent,Ramphiculus jambu
1263,NA,NA,NA,NA,Ramphiculus epius
1264,NA,NA,NA,NA,Ramphiculus subgularis
1265,NA,NA,NA,NA,Ramphiculus mangoliensis
1266,NA,NA,NA,NA,Ramphiculus fischeri
1267,"Pets/display animals, horticulture",international,non-trivial,recent,Ramphiculus occipitalis
1268,NA,NA,NA,NA,Alectroenas madagascariensis
1269,Food - human,NA,non-trivial,recent,Alectroenas sganzini
1270,NA,NA,NA,NA,Alectroenas pulcherrimus
1271,NA,NA,NA,NA,Drepanoptila holosericea
1272,NA,NA,NA,NA,Chrysoena victor
1273,NA,NA,NA,NA,Chrysoena luteovirens
1274,NA,NA,NA,NA,Chrysoena viridis
1275,NA,NA,NA,NA,Ptilinopus nainus
1276,Food - human,NA,non-trivial,recent,Ptilinopus arcanus
1277,NA,NA,NA,NA,Ptilinopus melanospilus
1278,Food - human,,non-trivial,recent,Ptilinopus cinctus
1279,"Pets/display animals, horticulture",international,non-trivial,recent,Ptilinopus cinctus
1280,Food - human,,non-trivial,recent,Ptilinopus alligator
1281,"Pets/display animals, horticulture",international,non-trivial,recent,Ptilinopus alligator
1282,NA,NA,NA,NA,Ptilinopus dohertyi
1283,NA,NA,NA,NA,Ptilinopus porphyreus
1284,"Pets/display animals, horticulture",international,non-trivial,recent,Ptilinopus temminckii
1285,"Pets/display animals, horticulture",international,non-trivial,recent,Ptilinopus superbus
1286,NA,NA,NA,NA,Ptilinopus rivoli
1287,NA,NA,NA,NA,Ptilinopus speciosus
1288,NA,NA,NA,NA,Ptilinopus solomonensis
1289,NA,NA,NA,NA,Ptilinopus tannensis
1290,NA,NA,NA,NA,Ptilinopus hyogastrus
1291,Food - animal,NA,non-trivial,recent,Ptilinopus granulifrons
1292,NA,NA,NA,NA,Ptilinopus wallacii
1293,NA,NA,NA,NA,Ptilinopus aurantiifrons
1294,"Pets/display animals, horticulture",international,non-trivial,recent,Ptilinopus ornatus
1295,"Pets/display animals, horticulture",international,non-trivial,recent,Ptilinopus gestroi
1296,NA,NA,NA,NA,Ptilinopus perlatus
1297,NA,NA,NA,NA,Ptilinopus iozonus
1298,NA,NA,NA,NA,Ptilinopus insolitus
1299,NA,NA,NA,NA,Ptilinopus viridis
1300,NA,NA,NA,NA,Ptilinopus eugeniae
1301,NA,NA,NA,NA,Ptilinopus pulchellus
1302,NA,NA,NA,NA,Ptilinopus monacha
1303,NA,NA,NA,NA,Ptilinopus coronulatus
1304,NA,NA,NA,NA,Ptilinopus regina
1305,NA,NA,NA,NA,Ptilinopus dupetithouarsii
1306,NA,NA,NA,NA,Ptilinopus pelewensis
1307,NA,NA,NA,NA,Ptilinopus richardsii
1308,Food - human,NA,non-trivial,recent,Ptilinopus roseicapilla
1309,Food - human,,non-trivial,recent,Ptilinopus ponapensis
1310,"Pets/display animals, horticulture",international,non-trivial,recent,Ptilinopus ponapensis
1311,Food - human,,non-trivial,recent,Ptilinopus hernsheimi
1312,"Pets/display animals, horticulture",international,non-trivial,recent,Ptilinopus hernsheimi
1313,NA,NA,NA,NA,Ptilinopus greyi
1314,Food - human,,non-trivial,recent,Ptilinopus porphyraceus
1315,"Pets/display animals, horticulture",international,non-trivial,recent,Ptilinopus porphyraceus
1316,Food - human,,non-trivial,recent,Ptilinopus fasciatus
1317,"Pets/display animals, horticulture",international,non-trivial,recent,Ptilinopus fasciatus
1318,NA,NA,NA,NA,Ptilinopus perousii
1319,Food - human,NA,non-trivial,recent,Ptilinopus huttoni
1320,Food - human,NA,non-trivial,recent,Ptilinopus huttoni
1321,NA,NA,NA,NA,Ptilinopus insularis
1322,NA,NA,NA,NA,Ptilinopus chalcurus
1323,Food - human,NA,non-trivial,recent,Ptilinopus coralensis
1324,Food - human,NA,non-trivial,recent,Ptilinopus chrysogaster
1325,Food - human,NA,non-trivial,recent,Ptilinopus chrysogaster
1326,NA,NA,NA,NA,Ptilinopus rarotongensis
1327,Food - human,NA,non-trivial,recent,Ptilinopus purpuratus
1328,Food - human,,non-trivial,recent,Hemiphaga novaeseelandiae
1329,"Pets/display animals, horticulture",international,non-trivial,recent,Hemiphaga novaeseelandiae
1330,Food - human,,non-trivial,recent,Hemiphaga chathamensis
1331,"Pets/display animals, horticulture",international,non-trivial,recent,Hemiphaga chathamensis
1332,Food - human,NA,non-trivial,recent,Cryptophaps poecilorrhoa
1333,NA,NA,NA,NA,Gymnophaps albertisii
1334,NA,NA,NA,NA,Gymnophaps stalkeri
1335,NA,NA,NA,NA,Gymnophaps mada
1336,NA,NA,NA,NA,Gymnophaps solomonensis
1337,NA,NA,NA,NA,Lopholaimus antarcticus
1338,Food - human,NA,non-trivial,recent,Syrrhaptes paradoxus
1339,"Pets/display animals, horticulture",NA,non-trivial,recent,Syrrhaptes paradoxus
1340,NA,NA,NA,NA,Syrrhaptes tibetanus
1341,Food - human,NA,non-trivial,recent,Pterocles orientalis
1342,Sport hunting/specimen collecting,NA,non-trivial,recent,Pterocles orientalis
1343,NA,NA,NA,NA,Pterocles namaqua
1344,Food - human,NA,non-trivial,recent,Pterocles exustus
1345,"Pets/display animals, horticulture",NA,non-trivial,recent,Pterocles exustus
1346,NA,NA,NA,NA,Pterocles senegallus
1347,NA,NA,NA,NA,Pterocles gutturalis
1348,NA,NA,NA,NA,Pterocles personatus
1349,NA,NA,NA,NA,Pterocles coronatus
1350,Food - human,NA,non-trivial,recent,Pterocles alchata
1351,Sport hunting/specimen collecting,NA,non-trivial,recent,Pterocles alchata
1352,NA,NA,NA,NA,Pterocles burchelli
1353,NA,NA,NA,NA,Pterocles decoratus
1354,NA,NA,NA,NA,Pterocles bicinctus
1355,NA,NA,NA,NA,Pterocles quadricinctus
1356,NA,NA,NA,NA,Pterocles lichtensteinii
1357,NA,NA,NA,NA,Pterocles indicus
1358,Fuels,NA,non-trivial,recent,Steatornis caripensis
1359,NA,NA,NA,NA,Rigidipenna inexpectata
1360,NA,NA,NA,NA,Podargus ocellatus
1361,NA,NA,NA,NA,Podargus papuensis
1362,NA,NA,NA,NA,Podargus strigoides
1363,NA,NA,NA,NA,Batrachostomus auritus
1364,NA,NA,NA,NA,Batrachostomus harterti
1365,NA,NA,NA,NA,Batrachostomus septimus
1366,NA,NA,NA,NA,Batrachostomus stellatus
1367,NA,NA,NA,NA,Batrachostomus moniliger
1368,NA,NA,NA,NA,Batrachostomus hodgsoni
1369,NA,NA,NA,NA,Batrachostomus poliolophus
1370,NA,NA,NA,NA,Batrachostomus mixtus
1371,NA,NA,NA,NA,Batrachostomus javensis
1372,NA,NA,NA,NA,Batrachostomus cornutus
1373,NA,NA,NA,NA,Nyctibius grandis
1374,NA,NA,NA,NA,Nyctibius aethereus
1375,NA,NA,NA,NA,Nyctibius jamaicensis
1376,NA,NA,NA,NA,Nyctibius griseus
1377,NA,NA,NA,NA,Nyctibius maculosus
1378,NA,NA,NA,NA,Nyctibius leucopterus
1379,NA,NA,NA,NA,Phyllaemulor bracteatus
1380,NA,NA,NA,NA,Eurostopodus argus
1381,NA,NA,NA,NA,Eurostopodus mystacalis
1382,NA,NA,NA,NA,Eurostopodus nigripennis
1383,NA,NA,NA,NA,Eurostopodus diabolicus
1384,NA,NA,NA,NA,Eurostopodus archboldi
1385,NA,NA,NA,NA,Eurostopodus papuensis
1386,NA,NA,NA,NA,Lyncornis macrotis
1387,NA,NA,NA,NA,Lyncornis temminckii
1388,NA,NA,NA,NA,Gactornis enarratus
1389,NA,NA,NA,NA,Chordeiles nacunda
1390,NA,NA,NA,NA,Chordeiles pusillus
1391,"Pets/display animals, horticulture",international,non-trivial,recent,Chordeiles minor
1392,NA,NA,NA,NA,Chordeiles gundlachii
1393,NA,NA,NA,NA,Chordeiles acutipennis
1394,NA,NA,NA,NA,Chordeiles rupestris
1395,NA,NA,NA,NA,Lurocalis semitorquatus
1396,NA,NA,NA,NA,Lurocalis rufiventris
1397,NA,NA,NA,NA,Nyctiprogne leucopyga
1398,NA,NA,NA,NA,Nyctiprogne vielliardi
1399,NA,NA,NA,NA,Nyctipolus nigrescens
1400,NA,NA,NA,NA,Nyctipolus hirundinaceus
1401,NA,NA,NA,NA,Systellura roraimae
1402,NA,NA,NA,NA,Systellura decussata
1403,NA,NA,NA,NA,Systellura longirostris
1404,"Pets/display animals, horticulture",NA,non-trivial,recent,Nyctidromus albicollis
1405,NA,NA,NA,NA,Nyctidromus anthonyi
1406,NA,NA,NA,NA,Eleothreptus anomalus
1407,NA,NA,NA,NA,Eleothreptus candicans
1408,NA,NA,NA,NA,Uropsalis segmentata
1409,NA,NA,NA,NA,Uropsalis lyra
1410,NA,NA,NA,NA,Setopagis heterura
1411,NA,NA,NA,NA,Setopagis parvula
1412,NA,NA,NA,NA,Setopagis whitelyi
1413,NA,NA,NA,NA,Hydropsalis climacocerca
1414,NA,NA,NA,NA,Hydropsalis torquata
1415,NA,NA,NA,NA,Hydropsalis cayennensis
1416,NA,NA,NA,NA,Hydropsalis maculicaudus
1417,NA,NA,NA,NA,Macropsalis forcipata
1418,NA,NA,NA,NA,Siphonorhis americana
1419,NA,NA,NA,NA,Siphonorhis brewsteri
1420,NA,NA,NA,NA,Nyctiphrynus rosenbergi
1421,NA,NA,NA,NA,Nyctiphrynus mcleodii
1422,NA,NA,NA,NA,Nyctiphrynus yucatanicus
1423,NA,NA,NA,NA,Nyctiphrynus ocellatus
1424,NA,NA,NA,NA,Phalaenoptilus nuttallii
1425,NA,NA,NA,NA,Antrostomus vociferus
1426,NA,NA,NA,NA,Antrostomus arizonae
1427,NA,NA,NA,NA,Antrostomus noctitherus
1428,NA,NA,NA,NA,Antrostomus saturatus
1429,NA,NA,NA,NA,Antrostomus ridgwayi
1430,NA,NA,NA,NA,Antrostomus salvini
1431,NA,NA,NA,NA,Antrostomus badius
1432,NA,NA,NA,NA,Antrostomus sericocaudatus
1433,NA,NA,NA,NA,Antrostomus carolinensis
1434,NA,NA,NA,NA,Antrostomus rufus
1435,NA,NA,NA,NA,Antrostomus cubanensis
1436,NA,NA,NA,NA,Antrostomus ekmani
1437,NA,NA,NA,NA,Caprimulgus ruficollis
1438,Food - human,NA,non-trivial,recent,Caprimulgus indicus
1439,Food - human,NA,non-trivial,recent,Caprimulgus jotaka
1440,Food - human,NA,non-trivial,recent,Caprimulgus phalaena
1441,NA,NA,NA,NA,Caprimulgus europaeus
1442,NA,NA,NA,NA,Caprimulgus fraenatus
1443,NA,NA,NA,NA,Caprimulgus rufigena
1444,Sport hunting/specimen collecting,NA,non-trivial,recent,Caprimulgus aegyptius
1445,NA,NA,NA,NA,Caprimulgus mahrattensis
1446,NA,NA,NA,NA,Caprimulgus nubicus
1447,NA,NA,NA,NA,Caprimulgus eximius
1448,NA,NA,NA,NA,Caprimulgus atripennis
1449,NA,NA,NA,NA,Caprimulgus macrurus
1450,NA,NA,NA,NA,Caprimulgus meesi
1451,NA,NA,NA,NA,Caprimulgus andamanicus
1452,NA,NA,NA,NA,Caprimulgus manillensis
1453,NA,NA,NA,NA,Caprimulgus celebensis
1454,NA,NA,NA,NA,Caprimulgus concretus
1455,NA,NA,NA,NA,Caprimulgus pulchellus
1456,NA,NA,NA,NA,Caprimulgus donaldsoni
1457,NA,NA,NA,NA,Caprimulgus pectoralis
1458,NA,NA,NA,NA,Caprimulgus poliocephalus
1459,NA,NA,NA,NA,Caprimulgus asiaticus
1460,NA,NA,NA,NA,Caprimulgus madagascariensis
1461,NA,NA,NA,NA,Caprimulgus natalensis
1462,NA,NA,NA,NA,Caprimulgus solala
1463,NA,NA,NA,NA,Caprimulgus inornatus
1464,NA,NA,NA,NA,Caprimulgus stellatus
1465,NA,NA,NA,NA,Caprimulgus affinis
1466,NA,NA,NA,NA,Caprimulgus tristigma
1467,NA,NA,NA,NA,Caprimulgus prigoginei
1468,NA,NA,NA,NA,Caprimulgus batesi
1469,NA,NA,NA,NA,Caprimulgus climacurus
1470,NA,NA,NA,NA,Caprimulgus clarus
1471,NA,NA,NA,NA,Caprimulgus fossii
1472,NA,NA,NA,NA,Caprimulgus longipennis
1473,NA,NA,NA,NA,Caprimulgus vexillarius
1474,NA,NA,NA,NA,Veles binotatus
1475,NA,NA,NA,NA,Aegotheles savesi
1476,NA,NA,NA,NA,Aegotheles insignis
1477,NA,NA,NA,NA,Aegotheles tatei
1478,NA,NA,NA,NA,Aegotheles crinifrons
1479,NA,NA,NA,NA,Aegotheles cristatus
1480,NA,NA,NA,NA,Aegotheles affinis
1481,NA,NA,NA,NA,Aegotheles bennettii
1482,NA,NA,NA,NA,Aegotheles wallacii
1483,NA,NA,NA,NA,Aegotheles archboldi
1484,NA,NA,NA,NA,Aegotheles albertisi
1485,NA,NA,NA,NA,Hemiprocne coronata
1486,Sport hunting/specimen collecting,NA,non-trivial,recent,Hemiprocne longipennis
1487,NA,NA,NA,NA,Hemiprocne comata
1488,NA,NA,NA,NA,Hemiprocne mystacea
1489,NA,NA,NA,NA,Cypseloides cherriei
1490,NA,NA,NA,NA,Cypseloides cryptus
1491,NA,NA,NA,NA,Cypseloides storeri
1492,NA,NA,NA,NA,Cypseloides niger
1493,NA,NA,NA,NA,Cypseloides lemosi
1494,NA,NA,NA,NA,Cypseloides rothschildi
1495,NA,NA,NA,NA,Cypseloides fumigatus
1496,NA,NA,NA,NA,Cypseloides senex
1497,NA,NA,NA,NA,Streptoprocne rutila
1498,NA,NA,NA,NA,Streptoprocne phelpsi
1499,NA,NA,NA,NA,Streptoprocne zonaris
1500,NA,NA,NA,NA,Streptoprocne biscutata
1501,NA,NA,NA,NA,Streptoprocne semicollaris
1502,NA,NA,NA,NA,Mearnsia picina
1503,NA,NA,NA,NA,Mearnsia novaeguineae
1504,NA,NA,NA,NA,Zoonavena grandidieri
1505,NA,NA,NA,NA,Zoonavena thomensis
1506,NA,NA,NA,NA,Zoonavena sylvatica
1507,NA,NA,NA,NA,Telacanthura ussheri
1508,NA,NA,NA,NA,Telacanthura melanopygia
1509,NA,NA,NA,NA,Rhaphidura leucopygialis
1510,NA,NA,NA,NA,Rhaphidura sabini
1511,NA,NA,NA,NA,Neafrapus cassini
1512,NA,NA,NA,NA,Neafrapus boehmi
1513,NA,NA,NA,NA,Chaetura fumosa
1514,NA,NA,NA,NA,Chaetura spinicaudus
1515,NA,NA,NA,NA,Chaetura martinica
1516,NA,NA,NA,NA,Chaetura cinereiventris
1517,NA,NA,NA,NA,Chaetura egregia
1518,NA,NA,NA,NA,Chaetura vauxi
1519,NA,NA,NA,NA,Chaetura andrei
1520,NA,NA,NA,NA,Chaetura pelagica
1521,NA,NA,NA,NA,Chaetura chapmani
1522,NA,NA,NA,NA,Chaetura meridionalis
1523,NA,NA,NA,NA,Chaetura brachyura
1524,NA,NA,NA,NA,Hirundapus caudacutus
1525,NA,NA,NA,NA,Hirundapus cochinchinensis
1526,NA,NA,NA,NA,Hirundapus giganteus
1527,NA,NA,NA,NA,Hirundapus celebensis
1528,NA,NA,NA,NA,Collocalia troglodytes
1529,NA,NA,NA,NA,Collocalia linchi
1530,NA,NA,NA,NA,Collocalia esculenta
1531,NA,NA,NA,NA,Hydrochous gigas
1532,NA,NA,NA,NA,Aerodramus papuensis
1533,NA,NA,NA,NA,Aerodramus whiteheadi
1534,NA,NA,NA,NA,Aerodramus nuditarsus
1535,NA,NA,NA,NA,Aerodramus infuscatus
1536,NA,NA,NA,NA,Aerodramus hirundinaceus
1537,NA,NA,NA,NA,Aerodramus terraereginae
1538,NA,NA,NA,NA,Aerodramus brevirostris
1539,NA,NA,NA,NA,Aerodramus vulcanorum
1540,NA,NA,NA,NA,Aerodramus maximus
1541,NA,NA,NA,NA,Aerodramus vanikorensis
1542,NA,NA,NA,NA,Aerodramus sawtelli
1543,NA,NA,NA,NA,Aerodramus leucophaeus
1544,NA,NA,NA,NA,Aerodramus inquietus
1545,NA,NA,NA,NA,Aerodramus pelewensis
1546,NA,NA,NA,NA,Aerodramus bartschi
1547,NA,NA,NA,NA,Aerodramus mearnsi
1548,NA,NA,NA,NA,Aerodramus spodiopygius
1549,NA,NA,NA,NA,Aerodramus unicolor
1550,NA,NA,NA,NA,Aerodramus francicus
1551,NA,NA,NA,NA,Aerodramus elaphrus
1552,Food - human,NA,non-trivial,recent,Aerodramus fuciphagus
1553,NA,NA,NA,NA,Aerodramus salangana
1554,NA,NA,NA,NA,Schoutedenapus myoptilus
1555,NA,NA,NA,NA,Aeronautes saxatalis
1556,NA,NA,NA,NA,Aeronautes montivagus
1557,NA,NA,NA,NA,Aeronautes andecolus
1558,NA,NA,NA,NA,Tachornis phoenicobia
1559,NA,NA,NA,NA,Tachornis furcata
1560,NA,NA,NA,NA,Tachornis squamata
1561,NA,NA,NA,NA,Panyptila sanctihieronymi
1562,NA,NA,NA,NA,Panyptila cayennensis
1563,NA,NA,NA,NA,Cypsiurus parvus
1564,NA,NA,NA,NA,Cypsiurus gracilis
1565,NA,NA,NA,NA,Cypsiurus balasiensis
1566,NA,NA,NA,NA,Tachymarptis melba
1567,NA,NA,NA,NA,Tachymarptis aequatorialis
1568,NA,NA,NA,NA,Apus acuticauda
1569,NA,NA,NA,NA,Apus pacificus
1570,NA,NA,NA,NA,Apus caffer
1571,NA,NA,NA,NA,Apus batesi
1572,NA,NA,NA,NA,Apus horus
1573,NA,NA,NA,NA,Apus nipalensis
1574,NA,NA,NA,NA,Apus affinis
1575,NA,NA,NA,NA,Apus niansae
1576,NA,NA,NA,NA,Apus bradfieldi
1577,NA,NA,NA,NA,Apus barbatus
1578,NA,NA,NA,NA,Apus sladeniae
1579,NA,NA,NA,NA,Apus balstoni
1580,NA,NA,NA,NA,Apus berliozi
1581,NA,NA,NA,NA,Apus unicolor
1582,NA,NA,NA,NA,Apus alexandri
1583,NA,NA,NA,NA,Apus pallidus
1584,NA,NA,NA,NA,Apus apus
1585,NA,NA,NA,NA,Topaza pella
1586,NA,NA,NA,NA,Topaza pyra
1587,"Pets/display animals, horticulture",international,non-trivial,recent,Florisuga mellivora
1588,NA,NA,NA,NA,Florisuga fusca
1589,NA,NA,NA,NA,Eutoxeres aquila
1590,NA,NA,NA,NA,Eutoxeres condamini
1591,NA,NA,NA,NA,Ramphodon naevius
1592,NA,NA,NA,NA,Glaucis dohrnii
1593,"Pets/display animals, horticulture",international,non-trivial,recent,Glaucis aeneus
1594,"Pets/display animals, horticulture",international,non-trivial,recent,Glaucis hirsutus
1595,"Pets/display animals, horticulture",international,non-trivial,recent,Threnetes ruckeri
1596,NA,NA,NA,NA,Threnetes leucurus
1597,NA,NA,NA,NA,Threnetes niger
1598,NA,NA,NA,NA,Anopetia gounellei
1599,"Pets/display animals, horticulture",international,non-trivial,recent,Phaethornis hispidus
1600,NA,NA,NA,NA,Phaethornis yaruqui
1601,"Pets/display animals, horticulture",international,non-trivial,recent,Phaethornis guy
1602,NA,NA,NA,NA,Phaethornis syrmatophorus
1603,NA,NA,NA,NA,Phaethornis koepckeae
1604,NA,NA,NA,NA,Phaethornis philippii
1605,"Pets/display animals, horticulture",international,non-trivial,recent,Phaethornis bourcieri
1606,"Pets/display animals, horticulture",international,non-trivial,recent,Phaethornis major
1607,NA,NA,NA,NA,Phaethornis longirostris
1608,NA,NA,NA,NA,Phaethornis mexicanus
1609,"Pets/display animals, horticulture",international,non-trivial,recent,Phaethornis superciliosus
1610,NA,NA,NA,NA,Phaethornis baroni
1611,"Pets/display animals, horticulture",international,non-trivial,recent,Phaethornis malaris
1612,NA,NA,NA,NA,Phaethornis anthophilus
1613,NA,NA,NA,NA,Phaethornis squalidus
1614,NA,NA,NA,NA,Phaethornis rupurumii
1615,NA,NA,NA,NA,Phaethornis longuemareus
1616,NA,NA,NA,NA,Phaethornis aethopygus
1617,NA,NA,NA,NA,Phaethornis idaliae
1618,NA,NA,NA,NA,Phaethornis nattereri
1619,NA,NA,NA,NA,Phaethornis atrimentalis
1620,NA,NA,NA,NA,Phaethornis striigularis
1621,"Pets/display animals, horticulture",international,non-trivial,recent,Phaethornis griseogularis
1622,"Pets/display animals, horticulture",international,non-trivial,recent,Phaethornis porcullae
1623,NA,NA,NA,NA,Phaethornis ruber
1624,NA,NA,NA,NA,Phaethornis stuarti
1625,NA,NA,NA,NA,Phaethornis subochraceus
1626,"Pets/display animals, horticulture",international,non-trivial,recent,Phaethornis augusti
1627,NA,NA,NA,NA,Phaethornis pretrei
1628,NA,NA,NA,NA,Phaethornis eurynome
1629,NA,NA,NA,NA,Doryfera ludovicae
1630,NA,NA,NA,NA,Doryfera johannae
1631,"Pets/display animals, horticulture",international,non-trivial,recent,Schistes albogularis
1632,"Pets/display animals, horticulture",international,non-trivial,recent,Schistes geoffroyi
1633,NA,NA,NA,NA,Augastes scutatus
1634,NA,NA,NA,NA,Augastes lumachella
1635,NA,NA,NA,NA,Colibri serrirostris
1636,NA,NA,NA,NA,Colibri coruscans
1637,"Pets/display animals, horticulture",international,non-trivial,recent,Colibri delphinae
1638,"Pets/display animals, horticulture",international,non-trivial,recent,Colibri thalassinus
1639,NA,NA,NA,NA,Heliactin bilophus
1640,NA,NA,NA,NA,Androdon aequatorialis
1641,"Pets/display animals, horticulture",international,non-trivial,recent,Heliothryx barroti
1642,NA,NA,NA,NA,Heliothryx auritus
1643,NA,NA,NA,NA,Polytmus guainumbi
1644,NA,NA,NA,NA,Polytmus milleri
1645,NA,NA,NA,NA,Polytmus theresiae
1646,NA,NA,NA,NA,Avocettula recurvirostris
1647,NA,NA,NA,NA,Chrysolampis mosquitus
1648,NA,NA,NA,NA,Anthracothorax mango
1649,"Pets/display animals, horticulture",international,non-trivial,recent,Anthracothorax nigricollis
1650,NA,NA,NA,NA,Anthracothorax viridigula
1651,"Pets/display animals, horticulture",international,non-trivial,recent,Anthracothorax prevostii
1652,"Pets/display animals, horticulture",international,non-trivial,recent,Anthracothorax veraguensis
1653,"Pets/display animals, horticulture",international,non-trivial,recent,Anthracothorax dominicus
1654,"Pets/display animals, horticulture",international,non-trivial,recent,Anthracothorax aurulentus
1655,NA,NA,NA,NA,Anthracothorax viridis
1656,NA,NA,NA,NA,Eulampis jugularis
1657,NA,NA,NA,NA,Eulampis holosericeus
1658,NA,NA,NA,NA,Heliangelus mavors
1659,"Pets/display animals, horticulture",international,non-trivial,recent,Heliangelus clarisse
1660,"Pets/display animals, horticulture",international,non-trivial,recent,Heliangelus spencei
1661,"Pets/display animals, horticulture",international,non-trivial,recent,Heliangelus amethysticollis
1662,NA,NA,NA,NA,Heliangelus strophianus
1663,"Pets/display animals, horticulture",international,non-trivial,recent,Heliangelus exortis
1664,NA,NA,NA,NA,Heliangelus micraster
1665,NA,NA,NA,NA,Heliangelus viola
1666,"Pets/display animals, horticulture",international,non-trivial,recent,Heliangelus regalis
1667,NA,NA,NA,NA,Sephanoides sephaniodes
1668,"Pets/display animals, horticulture",international,non-trivial,recent,Sephanoides fernandensis
1669,"Pets/display animals, horticulture",international,non-trivial,recent,Discosura popelairii
1670,"Pets/display animals, horticulture",international,non-trivial,recent,Discosura langsdorffi
1671,"Pets/display animals, horticulture",international,non-trivial,recent,Discosura conversii
1672,NA,NA,NA,NA,Discosura longicaudus
1673,"Pets/display animals, horticulture",international,non-trivial,recent,Lophornis ornatus
1674,"Pets/display animals, horticulture",international,non-trivial,recent,Lophornis gouldii
1675,NA,NA,NA,NA,Lophornis magnificus
1676,NA,NA,NA,NA,Lophornis brachylophus
1677,NA,NA,NA,NA,Lophornis delattrei
1678,NA,NA,NA,NA,Lophornis stictolophus
1679,NA,NA,NA,NA,Lophornis verreauxii
1680,NA,NA,NA,NA,Lophornis chalybeus
1681,NA,NA,NA,NA,Lophornis pavoninus
1682,"Pets/display animals, horticulture",international,non-trivial,recent,Lophornis helenae
1683,NA,NA,NA,NA,Lophornis adorabilis
1684,NA,NA,NA,NA,Phlogophilus hemileucurus
1685,NA,NA,NA,NA,Phlogophilus harterti
1686,NA,NA,NA,NA,Adelomyia melanogenys
1687,NA,NA,NA,NA,Aglaiocercus kingii
1688,NA,NA,NA,NA,Aglaiocercus coelestis
1689,NA,NA,NA,NA,Aglaiocercus berlepschi
1690,NA,NA,NA,NA,Sappho sparganurus
1691,NA,NA,NA,NA,Polyonymus caroli
1692,NA,NA,NA,NA,Taphrolesbia griseiventris
1693,NA,NA,NA,NA,Oreotrochilus chimborazo
1694,NA,NA,NA,NA,Oreotrochilus cyanolaemus
1695,"Pets/display animals, horticulture",international,non-trivial,recent,Oreotrochilus stolzmanni
1696,NA,NA,NA,NA,Oreotrochilus melanogaster
1697,"Pets/display animals, horticulture",international,non-trivial,recent,Oreotrochilus estella
1698,NA,NA,NA,NA,Oreotrochilus leucopleurus
1699,NA,NA,NA,NA,Oreotrochilus adela
1700,NA,NA,NA,NA,Opisthoprora euryptera
1701,NA,NA,NA,NA,Lesbia victoriae
1702,NA,NA,NA,NA,Lesbia nuna
1703,NA,NA,NA,NA,Ramphomicron dorsale
1704,NA,NA,NA,NA,Ramphomicron microrhynchum
1705,NA,NA,NA,NA,Chalcostigma ruficeps
1706,NA,NA,NA,NA,Chalcostigma olivaceum
1707,NA,NA,NA,NA,Chalcostigma stanleyi
1708,NA,NA,NA,NA,Chalcostigma heteropogon
1709,NA,NA,NA,NA,Chalcostigma herrani
1710,NA,NA,NA,NA,Oxypogon stuebelii
1711,NA,NA,NA,NA,Oxypogon cyanolaemus
1712,NA,NA,NA,NA,Oxypogon lindenii
1713,NA,NA,NA,NA,Oxypogon guerinii
1714,"Pets/display animals, horticulture",international,non-trivial,recent,Oreonympha albolimbata
1715,"Pets/display animals, horticulture",international,non-trivial,recent,Oreonympha nobilis
1716,NA,NA,NA,NA,Metallura iracunda
1717,NA,NA,NA,NA,Metallura tyrianthina
1718,"Pets/display animals, horticulture",international,non-trivial,recent,Metallura williami
1719,NA,NA,NA,NA,Metallura baroni
1720,NA,NA,NA,NA,Metallura odomae
1721,NA,NA,NA,NA,Metallura theresiae
1722,NA,NA,NA,NA,Metallura eupogon
1723,NA,NA,NA,NA,Metallura aeneocauda
1724,NA,NA,NA,NA,Metallura phoebe
1725,NA,NA,NA,NA,Haplophaedia aureliae
1726,NA,NA,NA,NA,Haplophaedia assimilis
1727,"Pets/display animals, horticulture",NA,non-trivial,recent,Haplophaedia lugens
1728,"Pets/display animals, horticulture",international,non-trivial,recent,Eriocnemis nigrivestis
1729,NA,NA,NA,NA,Eriocnemis isabellae
1730,NA,NA,NA,NA,Eriocnemis vestita
1731,NA,NA,NA,NA,Eriocnemis derbyi
1732,NA,NA,NA,NA,Eriocnemis godini
1733,NA,NA,NA,NA,Eriocnemis cupreoventris
1734,"Pets/display animals, horticulture",international,non-trivial,recent,Eriocnemis luciani
1735,"Pets/display animals, horticulture",international,non-trivial,recent,Eriocnemis sapphiropygia
1736,"Pets/display animals, horticulture",international,non-trivial,recent,Eriocnemis mosquera
1737,NA,NA,NA,NA,Eriocnemis glaucopoides
1738,NA,NA,NA,NA,Eriocnemis mirabilis
1739,NA,NA,NA,NA,Eriocnemis aline
1740,Medicine - human & veterinary,NA,non-trivial,recent,Loddigesia mirabilis
1741,NA,NA,NA,NA,Aglaeactis cupripennis
1742,"Pets/display animals, horticulture",international,non-trivial,recent,Aglaeactis castelnaudii
1743,NA,NA,NA,NA,Aglaeactis aliciae
1744,NA,NA,NA,NA,Aglaeactis pamela
1745,NA,NA,NA,NA,Coeligena coeligena
1746,NA,NA,NA,NA,Coeligena wilsoni
1747,NA,NA,NA,NA,Coeligena prunellei
1748,"Pets/display animals, horticulture",international,non-trivial,recent,Coeligena torquata
1749,"Pets/display animals, horticulture",international,non-trivial,recent,Coeligena conradii
1750,"Pets/display animals, horticulture",international,non-trivial,recent,Coeligena eisenmanni
1751,"Pets/display animals, horticulture",international,non-trivial,recent,Coeligena inca
1752,"Pets/display animals, horticulture",international,non-trivial,recent,Coeligena dichroura
1753,"Pets/display animals, horticulture",international,non-trivial,recent,Coeligena albicaudata
1754,"Pets/display animals, horticulture",international,non-trivial,recent,Coeligena osculans
1755,"Pets/display animals, horticulture",international,non-trivial,recent,Coeligena violifer
1756,NA,NA,NA,NA,Coeligena iris
1757,NA,NA,NA,NA,Coeligena phalerata
1758,NA,NA,NA,NA,Coeligena orina
1759,NA,NA,NA,NA,Coeligena lutetiae
1760,"Pets/display animals, horticulture",international,non-trivial,recent,Coeligena consita
1761,"Pets/display animals, horticulture",international,non-trivial,recent,Coeligena bonapartei
1762,"Pets/display animals, horticulture",international,non-trivial,recent,Coeligena eos
1763,NA,NA,NA,NA,Coeligena helianthea
1764,NA,NA,NA,NA,Lafresnaya lafresnayi
1765,NA,NA,NA,NA,Ensifera ensifera
1766,NA,NA,NA,NA,Pterophanes cyanopterus
1767,NA,NA,NA,NA,Boissonneaua flavescens
1768,NA,NA,NA,NA,Boissonneaua matthewsii
1769,"Pets/display animals, horticulture",international,non-trivial,recent,Boissonneaua jardini
1770,NA,NA,NA,NA,Ocreatus underwoodii
1771,"Pets/display animals, horticulture",international,non-trivial,recent,Urochroa bougueri
1772,"Pets/display animals, horticulture",international,non-trivial,recent,Urochroa leucura
1773,"Pets/display animals, horticulture",international,non-trivial,recent,Urosticte benjamini
1774,NA,NA,NA,NA,Urosticte ruficrissa
1775,NA,NA,NA,NA,Heliodoxa xanthogonys
1776,NA,NA,NA,NA,Heliodoxa gularis
1777,NA,NA,NA,NA,Heliodoxa branickii
1778,"Pets/display animals, horticulture",international,non-trivial,recent,Heliodoxa schreibersii
1779,"Pets/display animals, horticulture",international,non-trivial,recent,Heliodoxa whitelyana
1780,NA,NA,NA,NA,Heliodoxa aurescens
1781,NA,NA,NA,NA,Heliodoxa rubinoides
1782,NA,NA,NA,NA,Heliodoxa jacula
1783,NA,NA,NA,NA,Heliodoxa imperatrix
1784,"Pets/display animals, horticulture",international,non-trivial,recent,Heliodoxa leadbeateri
1785,NA,NA,NA,NA,Clytolaema rubricauda
1786,NA,NA,NA,NA,Patagona gigas
1787,NA,NA,NA,NA,Sternoclyta cyanopectus
1788,NA,NA,NA,NA,Hylonympha macrocerca
1789,Medicine - human & veterinary,NA,non-trivial,recent,Eugenes fulgens
1790,NA,NA,NA,NA,Eugenes spectabilis
1791,"Pets/display animals, horticulture",international,non-trivial,recent,Heliomaster longirostris
1792,"Pets/display animals, horticulture",international,non-trivial,recent,Heliomaster constantii
1793,NA,NA,NA,NA,Heliomaster squamosus
1794,"Pets/display animals, horticulture",international,non-trivial,recent,Heliomaster furcifer
1795,NA,NA,NA,NA,Panterpe insignis
1796,NA,NA,NA,NA,Lampornis viridipallens
1797,NA,NA,NA,NA,Lampornis sybillae
1798,"Pets/display animals, horticulture",international,non-trivial,recent,Lampornis amethystinus
1799,"Pets/display animals, horticulture",international,non-trivial,recent,Lampornis clemenciae
1800,NA,NA,NA,NA,Lampornis hemileucus
1801,"Pets/display animals, horticulture",international,non-trivial,recent,Lampornis calolaemus
1802,"Pets/display animals, horticulture",international,non-trivial,recent,Lampornis cinereicauda
1803,"Pets/display animals, horticulture",international,non-trivial,recent,Lampornis castaneoventris
1804,"Pets/display animals, horticulture",international,non-trivial,recent,Lamprolaima rhami
1805,NA,NA,NA,NA,Tilmatura dupontii
1806,NA,NA,NA,NA,Calliphlox amethystina
1807,NA,NA,NA,NA,Thaumastura cora
1808,NA,NA,NA,NA,Myrmia micrura
1809,NA,NA,NA,NA,Myrtis fanny
1810,NA,NA,NA,NA,Rhodopis vesper
1811,"Pets/display animals, horticulture",international,non-trivial,recent,Eulidia yarrellii
1812,NA,NA,NA,NA,Microstilbon burmeisteri
1813,NA,NA,NA,NA,Chaetocercus mulsant
1814,"Pets/display animals, horticulture",international,non-trivial,recent,Chaetocercus bombus
1815,NA,NA,NA,NA,Chaetocercus heliodor
1816,NA,NA,NA,NA,Chaetocercus astreans
1817,"Pets/display animals, horticulture",international,non-trivial,recent,Chaetocercus berlepschi
1818,NA,NA,NA,NA,Chaetocercus jourdanii
1819,NA,NA,NA,NA,Philodice bryantae
1820,NA,NA,NA,NA,Philodice mitchellii
1821,NA,NA,NA,NA,Doricha enicura
1822,NA,NA,NA,NA,Doricha eliza
1823,NA,NA,NA,NA,Calothorax lucifer
1824,NA,NA,NA,NA,Calothorax pulcher
1825,"Pets/display animals, horticulture",international,non-trivial,recent,Archilochus colubris
1826,"Pets/display animals, horticulture",international,non-trivial,recent,Archilochus alexandri
1827,"Pets/display animals, horticulture",international,non-trivial,recent,Nesophlox evelynae
1828,"Pets/display animals, horticulture",international,non-trivial,recent,Nesophlox lyrura
1829,NA,NA,NA,NA,Mellisuga minima
1830,NA,NA,NA,NA,Mellisuga helenae
1831,"Pets/display animals, horticulture",international,non-trivial,recent,Calypte anna
1832,"Pets/display animals, horticulture",international,non-trivial,recent,Calypte costae
1833,NA,NA,NA,NA,Selasphorus calliope
1834,"Pets/display animals, horticulture",international,non-trivial,recent,Selasphorus rufus
1835,NA,NA,NA,NA,Selasphorus sasin
1836,NA,NA,NA,NA,Selasphorus platycercus
1837,NA,NA,NA,NA,Selasphorus heloisa
1838,NA,NA,NA,NA,Selasphorus ellioti
1839,NA,NA,NA,NA,Selasphorus flammula
1840,NA,NA,NA,NA,Selasphorus scintilla
1841,"Pets/display animals, horticulture",international,non-trivial,recent,Selasphorus ardens
1842,"Pets/display animals, horticulture",international,non-trivial,recent,Phaeoptila sordida
1843,NA,NA,NA,NA,Riccordia ricordii
1844,NA,NA,NA,NA,Riccordia swainsonii
1845,NA,NA,NA,NA,Riccordia maugaeus
1846,NA,NA,NA,NA,Riccordia bicolor
1847,"Pets/display animals, horticulture",international,non-trivial,recent,Cynanthus latirostris
1848,"Pets/display animals, horticulture",international,non-trivial,recent,Cynanthus lawrencei
1849,"Pets/display animals, horticulture",international,non-trivial,recent,Cynanthus doubledayi
1850,NA,NA,NA,NA,Cynanthus auriceps
1851,NA,NA,NA,NA,Cynanthus forficatus
1852,"Pets/display animals, horticulture",international,non-trivial,recent,Cynanthus canivetii
1853,NA,NA,NA,NA,Chlorostilbon mellisugus
1854,NA,NA,NA,NA,Chlorostilbon olivaresi
1855,NA,NA,NA,NA,Chlorostilbon gibsoni
1856,NA,NA,NA,NA,Chlorostilbon lucidus
1857,"Pets/display animals, horticulture",international,non-trivial,recent,Chlorostilbon poortmani
1858,NA,NA,NA,NA,Chlorostilbon stenurus
1859,"Pets/display animals, horticulture",international,non-trivial,recent,Chlorostilbon alice
1860,NA,NA,NA,NA,Chlorostilbon russatus
1861,NA,NA,NA,NA,Chlorostilbon assimilis
1862,NA,NA,NA,NA,Basilinna leucotis
1863,"Pets/display animals, horticulture",international,non-trivial,recent,Basilinna xantusii
1864,"Pets/display animals, horticulture",international,non-trivial,recent,Pampa curvipennis
1865,"Pets/display animals, horticulture",international,non-trivial,recent,Pampa rufa
1866,"Pets/display animals, horticulture",international,non-trivial,recent,Klais guimeti
1867,NA,NA,NA,NA,Abeillia abeillei
1868,NA,NA,NA,NA,Orthorhyncus cristatus
1869,"Pets/display animals, horticulture",international,non-trivial,recent,Stephanoxis lalandi
1870,"Pets/display animals, horticulture",international,non-trivial,recent,Stephanoxis loddigesii
1871,NA,NA,NA,NA,Anthocephala floriceps
1872,NA,NA,NA,NA,Anthocephala berlepschi
1873,"Pets/display animals, horticulture",international,non-trivial,recent,Campylopterus largipennis
1874,NA,NA,NA,NA,Campylopterus diamantinensis
1875,"Pets/display animals, horticulture",international,non-trivial,recent,Campylopterus hemileucurus
1876,NA,NA,NA,NA,Campylopterus hyperythrus
1877,NA,NA,NA,NA,Campylopterus duidae
1878,NA,NA,NA,NA,Campylopterus villaviscensio
1879,NA,NA,NA,NA,Campylopterus falcatus
1880,"Pets/display animals, horticulture",international,non-trivial,recent,Campylopterus phainopeplus
1881,"Pets/display animals, horticulture",international,non-trivial,recent,Campylopterus ensipennis
1882,NA,NA,NA,NA,Chalybura urochrysia
1883,NA,NA,NA,NA,Chalybura buffonii
1884,NA,NA,NA,NA,Thalurania glaucopis
1885,"Pets/display animals, horticulture",international,non-trivial,recent,Thalurania watertonii
1886,NA,NA,NA,NA,Thalurania colombica
1887,NA,NA,NA,NA,Thalurania furcata
1888,NA,NA,NA,NA,Microchera albocoronata
1889,NA,NA,NA,NA,Microchera cupreiceps
1890,"Pets/display animals, horticulture",international,non-trivial,recent,Microchera chionura
1891,"Pets/display animals, horticulture",international,non-trivial,recent,Goldmania violiceps
1892,NA,NA,NA,NA,Goldmania bella
1893,NA,NA,NA,NA,Eupherusa ridgwayi
1894,NA,NA,NA,NA,Eupherusa poliocerca
1895,"Pets/display animals, horticulture",international,non-trivial,recent,Eupherusa cyanophrys
1896,NA,NA,NA,NA,Eupherusa eximia
1897,NA,NA,NA,NA,Eupherusa nigriventris
1898,"Pets/display animals, horticulture",international,non-trivial,recent,Phaeochroa cuvierii
1899,"Pets/display animals, horticulture",international,non-trivial,recent,Leucippus fallax
1900,NA,NA,NA,NA,Thaumasius baeri
1901,NA,NA,NA,NA,Thaumasius taczanowskii
1902,NA,NA,NA,NA,Taphrospilus hypostictus
1903,NA,NA,NA,NA,Eupetomena macroura
1904,NA,NA,NA,NA,Eupetomena cirrochloris
1905,NA,NA,NA,NA,Talaphorus chlorocercus
1906,NA,NA,NA,NA,Trochilus polytmus
1907,NA,NA,NA,NA,Trochilus scitulus
1908,"Pets/display animals, horticulture",international,non-trivial,recent,Leucolia violiceps
1909,NA,NA,NA,NA,Leucolia viridifrons
1910,NA,NA,NA,NA,Leucolia wagneri
1911,"Pets/display animals, horticulture",international,non-trivial,recent,Saucerottia cyanocephala
1912,"Pets/display animals, horticulture",international,non-trivial,recent,Saucerottia beryllina
1913,"Pets/display animals, horticulture",international,non-trivial,recent,Saucerottia cyanura
1914,"Pets/display animals, horticulture",international,non-trivial,recent,Saucerottia edward
1915,"Pets/display animals, horticulture",international,non-trivial,recent,Saucerottia saucerottei
1916,"Pets/display animals, horticulture",international,non-trivial,recent,Saucerottia castaneiventris
1917,"Pets/display animals, horticulture",international,non-trivial,recent,Saucerottia viridigaster
1918,"Pets/display animals, horticulture",international,non-trivial,recent,Saucerottia cupreicauda
1919,NA,NA,NA,NA,Saucerottia tobaci
1920,"Pets/display animals, horticulture",international,non-trivial,recent,Amazilia cyanifrons
1921,"Pets/display animals, horticulture",international,non-trivial,recent,Amazilia alfaroana
1922,"Pets/display animals, horticulture",international,non-trivial,recent,Amazilia rutila
1923,NA,NA,NA,NA,Amazilia yucatanensis
1924,"Pets/display animals, horticulture",international,non-trivial,recent,Amazilia tzacatl
1925,"Pets/display animals, horticulture",international,non-trivial,recent,Amazilia luciae
1926,"Pets/display animals, horticulture",international,non-trivial,recent,Amazilia boucardi
1927,NA,NA,NA,NA,Amazilia franciae
1928,NA,NA,NA,NA,Amazilis amazilia
1929,NA,NA,NA,NA,Chrysuronia versicolor
1930,NA,NA,NA,NA,Chrysuronia goudoti
1931,"Pets/display animals, horticulture",international,non-trivial,recent,Chrysuronia oenone
1932,NA,NA,NA,NA,Chrysuronia coeruleogularis
1933,NA,NA,NA,NA,Chrysuronia lilliae
1934,NA,NA,NA,NA,Chrysuronia humboldtii
1935,NA,NA,NA,NA,Chrysuronia grayi
1936,NA,NA,NA,NA,Chrysuronia brevirostris
1937,NA,NA,NA,NA,Chrysuronia leucogaster
1938,NA,NA,NA,NA,Leucochloris albicollis
1939,NA,NA,NA,NA,Chionomesa fimbriata
1940,"Pets/display animals, horticulture",international,non-trivial,recent,Chionomesa lactea
1941,"Pets/display animals, horticulture",international,non-trivial,recent,Chionomesa bartletti
1942,NA,NA,NA,NA,Hylocharis sapphirina
1943,NA,NA,NA,NA,Hylocharis chrysura
1944,NA,NA,NA,NA,Elliotomyia chionogaster
1945,NA,NA,NA,NA,Elliotomyia viridicauda
1946,NA,NA,NA,NA,Polyerata rosenbergi
1947,"Pets/display animals, horticulture",international,non-trivial,recent,Polyerata amabilis
1948,"Pets/display animals, horticulture",international,non-trivial,recent,Polyerata decora
1949,NA,NA,NA,NA,Chlorestes candida
1950,NA,NA,NA,NA,Chlorestes eliciae
1951,NA,NA,NA,NA,Chlorestes cyanus
1952,"Pets/display animals, horticulture",international,non-trivial,recent,Chlorestes julie
1953,NA,NA,NA,NA,Chlorestes notata
1954,NA,NA,NA,NA,Opisthocomus hoazin
1955,Food - human,NA,non-trivial,recent,Crotophaga major
1956,"Pets/display animals, horticulture",NA,non-trivial,recent,Crotophaga ani
1957,NA,NA,NA,NA,Crotophaga sulcirostris
1958,NA,NA,NA,NA,Guira guira
1959,NA,NA,NA,NA,Tapera naevia
1960,NA,NA,NA,NA,Dromococcyx phasianellus
1961,NA,NA,NA,NA,Dromococcyx pavoninus
1962,NA,NA,NA,NA,Morococcyx erythropygus
1963,NA,NA,NA,NA,Geococcyx velox
1964,NA,NA,NA,NA,Geococcyx californianus
1965,NA,NA,NA,NA,Neomorphus geoffroyi
1966,NA,NA,NA,NA,Neomorphus radiolosus
1967,NA,NA,NA,NA,Neomorphus rufipennis
1968,NA,NA,NA,NA,Neomorphus pucheranii
1969,NA,NA,NA,NA,Coua gigas
1970,Food - human,NA,non-trivial,recent,Coua coquereli
1971,NA,NA,NA,NA,Coua serriana
1972,NA,NA,NA,NA,Coua reynaudii
1973,NA,NA,NA,NA,Coua cursor
1974,NA,NA,NA,NA,Coua ruficeps
1975,NA,NA,NA,NA,Coua olivaceiceps
1976,Food - human,NA,non-trivial,recent,Coua cristata
1977,Food - human,NA,non-trivial,recent,Coua pyropyga
1978,NA,NA,NA,NA,Coua verreauxi
1979,Food - human,,non-trivial,recent,Coua caerulea
1980,"Pets/display animals, horticulture",international,non-trivial,recent,Coua caerulea
1981,NA,NA,NA,NA,Carpococcyx radiceus
1982,Food - human,NA,non-trivial,recent,Carpococcyx viridis
1983,Food - human,,non-trivial,recent,Carpococcyx renauldi
1984,"Pets/display animals, horticulture",international,non-trivial,recent,Carpococcyx renauldi
1985,NA,NA,NA,NA,Centropus milo
1986,NA,NA,NA,NA,Centropus ateralbus
1987,NA,NA,NA,NA,Centropus menbeki
1988,NA,NA,NA,NA,Centropus chalybeus
1989,NA,NA,NA,NA,Centropus unirufus
1990,NA,NA,NA,NA,Centropus chlororhynchos
1991,NA,NA,NA,NA,Centropus melanops
1992,NA,NA,NA,NA,Centropus steerii
1993,NA,NA,NA,NA,Centropus rectunguis
1994,NA,NA,NA,NA,Centropus celebensis
1995,NA,NA,NA,NA,Centropus anselli
1996,NA,NA,NA,NA,Centropus leucogaster
1997,NA,NA,NA,NA,Centropus senegalensis
1998,NA,NA,NA,NA,Centropus monachus
1999,NA,NA,NA,NA,Centropus cupreicaudus
2000,NA,NA,NA,NA,Centropus superciliosus
2001,"Pets/display animals, horticulture",NA,non-trivial,recent,Centropus nigrorufus
2002,NA,NA,NA,NA,Centropus sinensis
2003,NA,NA,NA,NA,Centropus andamanensis
2004,NA,NA,NA,NA,Centropus goliath
2005,NA,NA,NA,NA,Centropus toulou
2006,NA,NA,NA,NA,Centropus grillii
2007,NA,NA,NA,NA,Centropus viridis
2008,NA,NA,NA,NA,Centropus bengalensis
2009,NA,NA,NA,NA,Centropus violaceus
2010,NA,NA,NA,NA,Centropus bernsteini
2011,NA,NA,NA,NA,Centropus phasianinus
2012,NA,NA,NA,NA,Centropus spilopterus
2013,NA,NA,NA,NA,Rhinortha chlorophaea
2014,"Pets/display animals, horticulture",international,non-trivial,recent,Ceuthmochares aereus
2015,"Pets/display animals, horticulture",international,non-trivial,recent,Ceuthmochares australis
2016,NA,NA,NA,NA,Taccocua leschenaultii
2017,"Pets/display animals, horticulture",NA,non-trivial,recent,Zanclostomus javanicus
2018,NA,NA,NA,NA,Phaenicophaeus pyrrhocephalus
2019,NA,NA,NA,NA,Phaenicophaeus viridirostris
2020,NA,NA,NA,NA,Phaenicophaeus diardi
2021,NA,NA,NA,NA,Phaenicophaeus sumatranus
2022,NA,NA,NA,NA,Phaenicophaeus tristis
2023,"Pets/display animals, horticulture",NA,non-trivial,recent,Phaenicophaeus curvirostris
2024,"Pets/display animals, horticulture",international,non-trivial,recent,Phaenicophaeus oeneicaudus
2025,NA,NA,NA,NA,Dasylophus superciliosus
2026,NA,NA,NA,NA,Lepidogrammus cumingi
2027,NA,NA,NA,NA,Rhamphococcyx calyorhynchus
2028,NA,NA,NA,NA,Clamator jacobinus
2029,NA,NA,NA,NA,Clamator levaillantii
2030,NA,NA,NA,NA,Clamator coromandus
2031,Sport hunting/specimen collecting,NA,non-trivial,recent,Clamator glandarius
2032,NA,NA,NA,NA,Coccycua minuta
2033,NA,NA,NA,NA,Coccycua pumila
2034,NA,NA,NA,NA,Coccycua cinerea
2035,Food - human,NA,non-trivial,recent,Piaya mexicana
2036,Food - human,NA,non-trivial,recent,Piaya cayana
2037,NA,NA,NA,NA,Piaya melanogaster
2038,"Pets/display animals, horticulture",international,non-trivial,recent,Coccyzus americanus
2039,NA,NA,NA,NA,Coccyzus euleri
2040,NA,NA,NA,NA,Coccyzus minor
2041,NA,NA,NA,NA,Coccyzus ferrugineus
2042,NA,NA,NA,NA,Coccyzus melacoryphus
2043,NA,NA,NA,NA,Coccyzus erythropthalmus
2044,NA,NA,NA,NA,Coccyzus lansbergi
2045,NA,NA,NA,NA,Coccyzus pluvialis
2046,Medicine - human & veterinary,NA,non-trivial,recent,Coccyzus rufigularis
2047,Medicine - human & veterinary,NA,non-trivial,recent,Coccyzus merlini
2048,Medicine - human & veterinary,NA,non-trivial,recent,Coccyzus bahamensis
2049,NA,NA,NA,NA,Coccyzus vetula
2050,Medicine - human & veterinary,NA,non-trivial,recent,Coccyzus longirostris
2051,NA,NA,NA,NA,Coccyzus vieilloti
2052,NA,NA,NA,NA,Pachycoccyx audeberti
2053,NA,NA,NA,NA,Microdynamis parva
2054,NA,NA,NA,NA,Eudynamys scolopaceus
2055,"Pets/display animals, horticulture",international,non-trivial,recent,Eudynamys orientalis
2056,NA,NA,NA,NA,Urodynamis taitensis
2057,NA,NA,NA,NA,Scythrops novaehollandiae
2058,NA,NA,NA,NA,Chalcites megarhynchus
2059,NA,NA,NA,NA,Chalcites basalis
2060,NA,NA,NA,NA,Chalcites osculans
2061,NA,NA,NA,NA,Chalcites ruficollis
2062,NA,NA,NA,NA,Chalcites lucidus
2063,NA,NA,NA,NA,Chalcites meyerii
2064,NA,NA,NA,NA,Chalcites minutillus
2065,NA,NA,NA,NA,Chalcites crassirostris
2066,NA,NA,NA,NA,Chrysococcyx maculatus
2067,NA,NA,NA,NA,Chrysococcyx xanthorhynchus
2068,NA,NA,NA,NA,Chrysococcyx flavigularis
2069,NA,NA,NA,NA,Chrysococcyx klaas
2070,Food - human,NA,non-trivial,recent,Chrysococcyx cupreus
2071,NA,NA,NA,NA,Chrysococcyx caprius
2072,NA,NA,NA,NA,Cacomantis castaneiventris
2073,NA,NA,NA,NA,Cacomantis flabelliformis
2074,NA,NA,NA,NA,Cacomantis sonneratii
2075,NA,NA,NA,NA,Cacomantis merulinus
2076,NA,NA,NA,NA,Cacomantis passerinus
2077,NA,NA,NA,NA,Cacomantis variolosus
2078,"Pets/display animals, horticulture",international,non-trivial,recent,Cacomantis aeruginosus
2079,NA,NA,NA,NA,Heteroscenes pallidus
2080,NA,NA,NA,NA,Caliechthrus leucolophus
2081,NA,NA,NA,NA,Cercococcyx mechowi
2082,NA,NA,NA,NA,Cercococcyx lemaireae
2083,NA,NA,NA,NA,Cercococcyx olivinus
2084,NA,NA,NA,NA,Cercococcyx montanus
2085,Food - human,NA,non-trivial,recent,Surniculus dicruroides
2086,"Pets/display animals, horticulture",NA,non-trivial,recent,Surniculus dicruroides
2087,Food - human,NA,non-trivial,recent,Surniculus lugubris
2088,"Pets/display animals, horticulture",NA,non-trivial,recent,Surniculus lugubris
2089,Food - human,,non-trivial,recent,Surniculus velutinus
2090,"Pets/display animals, horticulture",international,non-trivial,recent,Surniculus velutinus
2091,Food - human,NA,non-trivial,recent,Surniculus musschenbroeki
2092,"Pets/display animals, horticulture",NA,non-trivial,recent,Surniculus musschenbroeki
2093,"Pets/display animals, horticulture",international,non-trivial,recent,Hierococcyx bocki
2094,"Pets/display animals, horticulture",NA,non-trivial,recent,Hierococcyx sparverioides
2095,NA,NA,NA,NA,Hierococcyx varius
2096,NA,NA,NA,NA,Hierococcyx vagans
2097,NA,NA,NA,NA,Hierococcyx nisicolor
2098,NA,NA,NA,NA,Hierococcyx fugax
2099,NA,NA,NA,NA,Hierococcyx hyperythrus
2100,NA,NA,NA,NA,Hierococcyx pectoralis
2101,NA,NA,NA,NA,Cuculus crassirostris
2102,NA,NA,NA,NA,Cuculus solitarius
2103,NA,NA,NA,NA,Cuculus clamosus
2104,"Pets/display animals, horticulture",NA,non-trivial,recent,Cuculus micropterus
2105,Food - human,NA,non-trivial,recent,Cuculus canorus
2106,"Pets/display animals, horticulture",NA,non-trivial,recent,Cuculus canorus
2107,NA,NA,NA,NA,Cuculus gularis
2108,Food - human,,non-trivial,recent,Cuculus saturatus
2109,"Pets/display animals, horticulture",international,non-trivial,recent,Cuculus saturatus
2110,NA,NA,NA,NA,Cuculus optatus
2111,NA,NA,NA,NA,Cuculus lepidus
2112,NA,NA,NA,NA,Cuculus poliocephalus
2113,NA,NA,NA,NA,Cuculus rochii
2114,NA,NA,NA,NA,Podica senegalensis
2115,Food - human,NA,non-trivial,recent,Heliopais personatus
2116,NA,NA,NA,NA,Heliornis fulica
2117,NA,NA,NA,NA,Sarothrura pulchra
2118,NA,NA,NA,NA,Sarothrura elegans
2119,NA,NA,NA,NA,Sarothrura rufa
2120,NA,NA,NA,NA,Sarothrura lugens
2121,NA,NA,NA,NA,Sarothrura boehmi
2122,NA,NA,NA,NA,Sarothrura affinis
2123,NA,NA,NA,NA,Sarothrura insularis
2124,NA,NA,NA,NA,Sarothrura ayresi
2125,NA,NA,NA,NA,Sarothrura watersi
2126,Food - human,NA,non-trivial,recent,Himantornis haematopus
2127,Medicine - human & veterinary,NA,non-trivial,recent,Himantornis haematopus
2128,NA,NA,NA,NA,Canirallus oculeus
2129,NA,NA,NA,NA,Mentocrex kioloides
2130,NA,NA,NA,NA,Mentocrex beankaensis
2131,NA,NA,NA,NA,Rallicula rubra
2132,Food - human,NA,non-trivial,recent,Rallicula leucospila
2133,NA,NA,NA,NA,Rallicula forbesi
2134,NA,NA,NA,NA,Rallicula mayri
2135,NA,NA,NA,NA,Rallina tricolor
2136,NA,NA,NA,NA,Rallina canningi
2137,NA,NA,NA,NA,Rallina fasciata
2138,"Pets/display animals, horticulture",international,non-trivial,recent,Rallina eurizonoides
2139,NA,NA,NA,NA,Coturnicops exquisitus
2140,NA,NA,NA,NA,Coturnicops noveboracensis
2141,NA,NA,NA,NA,Coturnicops notatus
2142,NA,NA,NA,NA,Micropygia schomburgkii
2143,NA,NA,NA,NA,Rufirallus castaneiceps
2144,NA,NA,NA,NA,Rufirallus viridis
2145,NA,NA,NA,NA,Laterallus melanophaius
2146,NA,NA,NA,NA,Laterallus levraudi
2147,NA,NA,NA,NA,Laterallus ruber
2148,NA,NA,NA,NA,Laterallus albigularis
2149,NA,NA,NA,NA,Laterallus exilis
2150,NA,NA,NA,NA,Laterallus jamaicensis
2151,NA,NA,NA,NA,Laterallus tuerosi
2152,NA,NA,NA,NA,Laterallus spilonota
2153,NA,NA,NA,NA,Laterallus leucopyrrhus
2154,NA,NA,NA,NA,Laterallus xenopterus
2155,NA,NA,NA,NA,Laterallus flaviventer
2156,NA,NA,NA,NA,Laterallus spilopterus
2157,NA,NA,NA,NA,Laterallus rogersi
2158,Food - human,NA,non-trivial,recent,Rallus longirostris
2159,Sport hunting/specimen collecting,NA,non-trivial,recent,Rallus longirostris
2160,NA,NA,NA,NA,Rallus tenuirostris
2161,Food - human,NA,non-trivial,recent,Rallus obsoletus
2162,Sport hunting/specimen collecting,NA,non-trivial,recent,Rallus obsoletus
2163,NA,NA,NA,NA,Rallus elegans
2164,Food - human,NA,non-trivial,recent,Rallus crepitans
2165,Food - human,NA,non-trivial,recent,Rallus crepitans
2166,Sport hunting/specimen collecting,NA,non-trivial,recent,Rallus crepitans
2167,Sport hunting/specimen collecting,NA,non-trivial,recent,Rallus crepitans
2168,Food - human,NA,non-trivial,recent,Rallus wetmorei
2169,Food - human,,non-trivial,recent,Rallus limicola
2170,"Pets/display animals, horticulture",international,non-trivial,recent,Rallus limicola
2171,Sport hunting/specimen collecting,,non-trivial,recent,Rallus limicola
2172,Food - human,NA,non-trivial,recent,Rallus semiplumbeus
2173,NA,NA,NA,NA,Rallus antarcticus
2174,Food - human,,non-trivial,recent,Rallus aquaticus
2175,"Pets/display animals, horticulture",international,non-trivial,recent,Rallus aquaticus
2176,Sport hunting/specimen collecting,,non-trivial,recent,Rallus aquaticus
2177,Food - human,,non-trivial,recent,Rallus indicus
2178,"Pets/display animals, horticulture",international,non-trivial,recent,Rallus indicus
2179,Sport hunting/specimen collecting,,non-trivial,recent,Rallus indicus
2180,NA,NA,NA,NA,Rallus caerulescens
2181,NA,NA,NA,NA,Rallus madagascariensis
2182,NA,NA,NA,NA,Aramidopsis plateni
2183,NA,NA,NA,NA,Lewinia striata
2184,Food - human,NA,non-trivial,recent,Lewinia mirifica
2185,NA,NA,NA,NA,Lewinia pectoralis
2186,NA,NA,NA,NA,Lewinia muelleri
2187,NA,NA,NA,NA,Habroptila wallacii
2188,NA,NA,NA,NA,Aptenorallus calayanensis
2189,NA,NA,NA,NA,Gallirallus lafresnayanus
2190,Food - human,,non-trivial,recent,Gallirallus australis
2191,"Pets/display animals, horticulture",international,non-trivial,recent,Gallirallus australis
2192,NA,NA,NA,NA,Eulabeornis castaneoventris
2193,NA,NA,NA,NA,Hypotaenidia okinawae
2194,NA,NA,NA,NA,Hypotaenidia torquata
2195,Food - human,NA,non-trivial,recent,Hypotaenidia insignis
2196,Food - human,NA,non-trivial,recent,Hypotaenidia tertia
2197,Food - human,NA,non-trivial,recent,Hypotaenidia immaculata
2198,NA,NA,NA,NA,Hypotaenidia woodfordi
2199,NA,NA,NA,NA,Hypotaenidia rovianae
2200,"Pets/display animals, horticulture",international,non-trivial,recent,Hypotaenidia owstoni
2201,Food - human,NA,non-trivial,recent,Hypotaenidia sylvestris
2202,NA,NA,NA,NA,Hypotaenidia philippensis
2203,NA,NA,NA,NA,Dryolimnas cuvieri
2204,NA,NA,NA,NA,Crex egregia
2205,NA,NA,NA,NA,Crex crex
2206,NA,NA,NA,NA,Rougetius rougetii
2207,NA,NA,NA,NA,Aramides ypecaha
2208,NA,NA,NA,NA,Aramides wolfi
2209,NA,NA,NA,NA,Aramides mangle
2210,NA,NA,NA,NA,Aramides albiventris
2211,Food - human,NA,non-trivial,recent,Aramides cajaneus
2212,"Pets/display animals, horticulture",NA,non-trivial,recent,Aramides cajaneus
2213,NA,NA,NA,NA,Aramides axillaris
2214,NA,NA,NA,NA,Aramides calopterus
2215,NA,NA,NA,NA,Aramides saracura
2216,NA,NA,NA,NA,Amaurolimnas concolor
2217,NA,NA,NA,NA,Cyanolimnas cerverai
2218,NA,NA,NA,NA,Neocrex colombiana
2219,NA,NA,NA,NA,Neocrex erythrops
2220,NA,NA,NA,NA,Pardirallus maculatus
2221,NA,NA,NA,NA,Pardirallus nigricans
2222,NA,NA,NA,NA,Pardirallus sanguinolentus
2223,Food - human,NA,non-trivial,recent,Gymnocrex rosenbergii
2224,Food - human,NA,non-trivial,recent,Gymnocrex talaudensis
2225,NA,NA,NA,NA,Gymnocrex plumbeiventris
2226,NA,NA,NA,NA,Porzana fasciata
2227,NA,NA,NA,NA,Porzana albicollis
2228,NA,NA,NA,NA,Porzana carolina
2229,NA,NA,NA,NA,Porzana porzana
2230,NA,NA,NA,NA,Porzana fluminea
2231,NA,NA,NA,NA,Zapornia fusca
2232,NA,NA,NA,NA,Zapornia paykullii
2233,NA,NA,NA,NA,Zapornia akool
2234,NA,NA,NA,NA,Zapornia flavirostra
2235,NA,NA,NA,NA,Zapornia parva
2236,Food - human,NA,non-trivial,recent,Zapornia pusilla
2237,Sport hunting/specimen collecting,NA,non-trivial,recent,Zapornia pusilla
2238,Food - human,NA,non-trivial,recent,Zapornia olivieri
2239,NA,NA,NA,NA,Zapornia bicolor
2240,NA,NA,NA,NA,Zapornia atra
2241,NA,NA,NA,NA,Zapornia tabuensis
2242,NA,NA,NA,NA,Amaurornis isabellina
2243,NA,NA,NA,NA,Amaurornis olivacea
2244,NA,NA,NA,NA,Amaurornis magnirostris
2245,NA,NA,NA,NA,Amaurornis moluccana
2246,Food - human,NA,non-trivial,recent,Amaurornis phoenicurus
2247,"Pets/display animals, horticulture",NA,non-trivial,recent,Amaurornis phoenicurus
2248,NA,NA,NA,NA,Amaurornis cinerea
2249,NA,NA,NA,NA,Amaurornis marginalis
2250,Food - human,NA,non-trivial,recent,Megacrex inepta
2251,NA,NA,NA,NA,Gallicrex cinerea
2252,Food - human,NA,non-trivial,recent,Porphyrio porphyrio
2253,"Pets/display animals, horticulture",NA,non-trivial,recent,Porphyrio porphyrio
2254,Sport hunting/specimen collecting,NA,non-trivial,recent,Porphyrio porphyrio
2255,Food - human,NA,non-trivial,recent,Porphyrio hochstetteri
2256,NA,NA,NA,NA,Porphyrio alleni
2257,NA,NA,NA,NA,Porphyrio martinicus
2258,NA,NA,NA,NA,Porphyrio flavirostris
2259,Food - human,NA,non-trivial,recent,Pareudiastes silvestris
2260,Food - human,NA,non-trivial,recent,Pareudiastes pacificus
2261,NA,NA,NA,NA,Gallinula comeri
2262,Food - human,NA,non-trivial,recent,Gallinula chloropus
2263,"Pets/display animals, horticulture",NA,non-trivial,recent,Gallinula chloropus
2264,Sport hunting/specimen collecting,NA,non-trivial,recent,Gallinula chloropus
2265,Food - human,NA,non-trivial,recent,Gallinula galeata
2266,"Pets/display animals, horticulture",NA,non-trivial,recent,Gallinula galeata
2267,Sport hunting/specimen collecting,NA,non-trivial,recent,Gallinula galeata
2268,NA,NA,NA,NA,Gallinula tenebrosa
2269,NA,NA,NA,NA,Paragallinula angulata
2270,NA,NA,NA,NA,Porphyriops melanops
2271,NA,NA,NA,NA,Tribonyx ventralis
2272,NA,NA,NA,NA,Tribonyx mortierii
2273,NA,NA,NA,NA,Fulica cristata
2274,Food - human,,non-trivial,recent,Fulica atra
2275,"Pets/display animals, horticulture",international,non-trivial,recent,Fulica atra
2276,Sport hunting/specimen collecting,,non-trivial,recent,Fulica atra
2277,NA,NA,NA,NA,Fulica alai
2278,Food - human,,non-trivial,recent,Fulica americana
2279,"Pets/display animals, horticulture",international,non-trivial,recent,Fulica americana
2280,Sport hunting/specimen collecting,,non-trivial,recent,Fulica americana
2281,NA,NA,NA,NA,Fulica leucoptera
2282,NA,NA,NA,NA,Fulica ardesiaca
2283,NA,NA,NA,NA,Fulica armillata
2284,NA,NA,NA,NA,Fulica rufifrons
2285,NA,NA,NA,NA,Fulica gigantea
2286,NA,NA,NA,NA,Fulica cornuta
2287,Food - human,,non-trivial,recent,Psophia crepitans
2288,Other (free text),,non-trivial,recent,Psophia crepitans
2289,"Pets/display animals, horticulture",international,non-trivial,recent,Psophia crepitans
2290,Food - human,,non-trivial,recent,Psophia ochroptera
2291,"Pets/display animals, horticulture",international,non-trivial,recent,Psophia ochroptera
2292,Food - human,NA,non-trivial,recent,Psophia leucoptera
2293,Food - human,NA,non-trivial,recent,Psophia viridis
2294,Food - human,NA,non-trivial,recent,Psophia dextralis
2295,Food - human,NA,non-trivial,recent,Psophia obscura
2296,NA,NA,NA,NA,Aramus guarauna
2297,NA,NA,NA,NA,Balearica regulorum
2298,NA,NA,NA,NA,Balearica pavonina
2299,Food - human,,non-trivial,recent,Leucogeranus leucogeranus
2300,Food - human,,non-trivial,recent,Leucogeranus leucogeranus
2301,"Pets/display animals, horticulture",international,non-trivial,recent,Leucogeranus leucogeranus
2302,"Pets/display animals, horticulture",international,non-trivial,recent,Leucogeranus leucogeranus
2303,Sport hunting/specimen collecting,,non-trivial,recent,Leucogeranus leucogeranus
2304,Sport hunting/specimen collecting,,non-trivial,recent,Leucogeranus leucogeranus
2305,Food - human,,non-trivial,recent,Bugeranus carunculatus
2306,"Pets/display animals, horticulture",international,non-trivial,recent,Bugeranus carunculatus
2307,Food - human,NA,non-trivial,recent,Anthropoides paradiseus
2308,"Pets/display animals, horticulture",NA,non-trivial,recent,Anthropoides paradiseus
2309,Food - human,,non-trivial,recent,Anthropoides virgo
2310,"Pets/display animals, horticulture",international,non-trivial,recent,Anthropoides virgo
2311,Sport hunting/specimen collecting,,non-trivial,recent,Anthropoides virgo
2312,Food - human,,non-trivial,recent,Grus canadensis
2313,"Pets/display animals, horticulture",international,non-trivial,recent,Grus canadensis
2314,Food - human,,non-trivial,recent,Grus vipio
2315,"Pets/display animals, horticulture",international,non-trivial,recent,Grus vipio
2316,NA,NA,NA,NA,Grus antigone
2317,NA,NA,NA,NA,Grus rubicunda
2318,"Pets/display animals, horticulture",international,non-trivial,recent,Grus japonensis
2319,Food - human,,non-trivial,recent,Grus americana
2320,"Pets/display animals, horticulture",international,non-trivial,recent,Grus americana
2321,Sport hunting/specimen collecting,,non-trivial,recent,Grus americana
2322,Food - human,NA,non-trivial,recent,Grus grus
2323,"Pets/display animals, horticulture",NA,non-trivial,recent,Grus grus
2324,Sport hunting/specimen collecting,NA,non-trivial,recent,Grus grus
2325,NA,NA,NA,NA,Grus monacha
2326,Food - human,,non-trivial,recent,Grus nigricollis
2327,"Pets/display animals, horticulture",international,non-trivial,recent,Grus nigricollis
2328,Food - human,,non-trivial,recent,Tetrax tetrax
2329,"Pets/display animals, horticulture",international,non-trivial,recent,Tetrax tetrax
2330,Sport hunting/specimen collecting,,non-trivial,recent,Tetrax tetrax
2331,Food - human,,non-trivial,recent,Otis tarda
2332,"Pets/display animals, horticulture",international,non-trivial,recent,Otis tarda
2333,Sport hunting/specimen collecting,international,non-trivial,recent,Otis tarda
2334,Food - human,NA,non-trivial,recent,Chlamydotis undulata
2335,Food - human,,non-trivial,recent,Chlamydotis macqueenii
2336,"Pets/display animals, horticulture",,non-trivial,recent,Chlamydotis macqueenii
2337,Sport hunting/specimen collecting,international,non-trivial,recent,Chlamydotis macqueenii
2338,NA,NA,NA,NA,Lissotis hartlaubii
2339,NA,NA,NA,NA,Lissotis melanogaster
2340,NA,NA,NA,NA,Neotis ludwigii
2341,Food - human,,non-trivial,recent,Neotis denhami
2342,"Pets/display animals, horticulture",international,non-trivial,recent,Neotis denhami
2343,NA,NA,NA,NA,Neotis heuglinii
2344,NA,NA,NA,NA,Neotis nuba
2345,Food - human,,non-trivial,recent,Ardeotis arabs
2346,Food - human,,non-trivial,recent,Ardeotis arabs
2347,"Pets/display animals, horticulture",international,non-trivial,recent,Ardeotis arabs
2348,"Pets/display animals, horticulture",international,non-trivial,recent,Ardeotis arabs
2349,NA,NA,NA,NA,Ardeotis kori
2350,Food - human,,non-trivial,recent,Ardeotis nigriceps
2351,"Pets/display animals, horticulture",international,non-trivial,recent,Ardeotis nigriceps
2352,Sport hunting/specimen collecting,,non-trivial,recent,Ardeotis nigriceps
2353,NA,NA,NA,NA,Ardeotis australis
2354,Food - human,NA,non-trivial,recent,Houbaropsis bengalensis
2355,Food - human,NA,non-trivial,recent,Sypheotides indicus
2356,"Pets/display animals, horticulture",NA,non-trivial,recent,Sypheotides indicus
2357,Sport hunting/specimen collecting,NA,non-trivial,recent,Sypheotides indicus
2358,"Pets/display animals, horticulture",international,non-trivial,recent,Lophotis savilei
2359,NA,NA,NA,NA,Lophotis gindiana
2360,NA,NA,NA,NA,Lophotis ruficrista
2361,NA,NA,NA,NA,Heterotetrax vigorsii
2362,NA,NA,NA,NA,Heterotetrax rueppelii
2363,NA,NA,NA,NA,Heterotetrax humilis
2364,NA,NA,NA,NA,Afrotis afra
2365,NA,NA,NA,NA,Afrotis afraoides
2366,NA,NA,NA,NA,Eupodotis senegalensis
2367,NA,NA,NA,NA,Eupodotis caerulescens
2368,Food - human,,non-trivial,recent,Corythaeola cristata
2369,"Pets/display animals, horticulture",international,non-trivial,recent,Corythaeola cristata
2370,NA,NA,NA,NA,Criniferoides leucogaster
2371,NA,NA,NA,NA,Crinifer zonurus
2372,NA,NA,NA,NA,Crinifer piscator
2373,"Pets/display animals, horticulture",international,non-trivial,recent,Corythaixoides personatus
2374,"Pets/display animals, horticulture",NA,non-trivial,recent,Corythaixoides leopoldi
2375,NA,NA,NA,NA,Corythaixoides concolor
2376,NA,NA,NA,NA,Gallirex porphyreolophus
2377,NA,NA,NA,NA,Gallirex johnstoni
2378,NA,NA,NA,NA,Tauraco schalowi
2379,NA,NA,NA,NA,Tauraco hartlaubi
2380,NA,NA,NA,NA,Tauraco schuettii
2381,"Pets/display animals, horticulture",international,non-trivial,recent,Tauraco livingstonii
2382,"Pets/display animals, horticulture",NA,non-trivial,recent,Tauraco fischeri
2383,"Pets/display animals, horticulture",international,non-trivial,recent,Tauraco corythaix
2384,NA,NA,NA,NA,Tauraco persa
2385,"Pets/display animals, horticulture",international,non-trivial,recent,Tauraco leucotis
2386,Food - human,NA,non-trivial,recent,Tauraco ruspolii
2387,NA,NA,NA,NA,Tauraco bannermani
2388,NA,NA,NA,NA,Tauraco erythrolophus
2389,NA,NA,NA,NA,Tauraco leucolophus
2390,"Pets/display animals, horticulture",international,non-trivial,recent,Tauraco macrorhynchus
2391,NA,NA,NA,NA,Musophaga rossae
2392,NA,NA,NA,NA,Musophaga violacea
2393,NA,NA,NA,NA,Gavia stellata
2394,NA,NA,NA,NA,Gavia arctica
2395,NA,NA,NA,NA,Gavia pacifica
2396,"Pets/display animals, horticulture",international,non-trivial,recent,Gavia immer
2397,NA,NA,NA,NA,Gavia adamsii
2398,Food - human,,non-trivial,recent,Aptenodytes patagonicus
2399,Fuels,,non-trivial,recent,Aptenodytes patagonicus
2400,"Pets/display animals, horticulture",international,non-trivial,recent,Aptenodytes patagonicus
2401,"Pets/display animals, horticulture",international,non-trivial,recent,Aptenodytes forsteri
2402,Food - human,,non-trivial,recent,Pygoscelis papua
2403,Fuels,,non-trivial,recent,Pygoscelis papua
2404,"Pets/display animals, horticulture",international,non-trivial,recent,Pygoscelis papua
2405,"Pets/display animals, horticulture",international,non-trivial,recent,Pygoscelis adeliae
2406,Research,international,non-trivial,recent,Pygoscelis adeliae
2407,"Pets/display animals, horticulture",international,non-trivial,recent,Pygoscelis antarcticus
2408,Fuels,NA,non-trivial,recent,Eudyptes schlegeli
2409,Fuels,NA,non-trivial,recent,Eudyptes schlegeli
2410,"Pets/display animals, horticulture",international,non-trivial,recent,Eudyptes chrysolophus
2411,NA,NA,NA,NA,Eudyptes moseleyi
2412,Food - human,,non-trivial,recent,Eudyptes chrysocome
2413,Fuels,,non-trivial,recent,Eudyptes chrysocome
2414,Other household goods,,non-trivial,recent,Eudyptes chrysocome
2415,"Pets/display animals, horticulture",international,non-trivial,recent,Eudyptes chrysocome
2416,NA,NA,NA,NA,Eudyptes sclateri
2417,"Pets/display animals, horticulture",international,non-trivial,recent,Eudyptes pachyrhynchus
2418,NA,NA,NA,NA,Eudyptes robustus
2419,NA,NA,NA,NA,Megadyptes antipodes
2420,"Pets/display animals, horticulture",NA,non-trivial,recent,Eudyptula minor
2421,"Pets/display animals, horticulture",international,non-trivial,recent,Spheniscus demersus
2422,Food - human,,non-trivial,recent,Spheniscus magellanicus
2423,"Pets/display animals, horticulture",international,non-trivial,recent,Spheniscus magellanicus
2424,Food - human,NA,non-trivial,recent,Spheniscus humboldti
2425,Fuels,NA,non-trivial,recent,Spheniscus humboldti
2426,"Handicrafts, jewellery, etc.",NA,non-trivial,recent,Spheniscus humboldti
2427,"Pets/display animals, horticulture",NA,non-trivial,recent,Spheniscus humboldti
2428,Food - human,international,non-trivial,recent,Spheniscus mendiculus
2429,NA,NA,NA,NA,Oceanites oceanicus
2430,NA,NA,NA,NA,Oceanites gracilis
2431,NA,NA,NA,NA,Oceanites pincoyae
2432,NA,NA,NA,NA,Garrodia nereis
2433,Food - human,NA,non-trivial,recent,Pelagodroma marina
2434,NA,NA,NA,NA,Fregetta grallaria
2435,NA,NA,NA,NA,Fregetta tropica
2436,NA,NA,NA,NA,Fregetta maoriana
2437,NA,NA,NA,NA,Fregetta lineata
2438,Food - human,NA,non-trivial,recent,Nesofregetta fuliginosa
2439,Sport hunting/specimen collecting,NA,non-trivial,recent,Hydrobates pelagicus
2440,NA,NA,NA,NA,Hydrobates jabejabe
2441,NA,NA,NA,NA,Hydrobates castro
2442,NA,NA,NA,NA,Hydrobates monteiroi
2443,NA,NA,NA,NA,Hydrobates matsudairae
2444,NA,NA,NA,NA,Hydrobates melania
2445,NA,NA,NA,NA,Hydrobates homochroa
2446,NA,NA,NA,NA,Hydrobates microsoma
2447,NA,NA,NA,NA,Hydrobates tethys
2448,NA,NA,NA,NA,Hydrobates socorroensis
2449,NA,NA,NA,NA,Hydrobates cheimomnestes
2450,NA,NA,NA,NA,Hydrobates leucorhous
2451,NA,NA,NA,NA,Hydrobates monorhis
2452,NA,NA,NA,NA,Hydrobates macrodactylus
2453,NA,NA,NA,NA,Hydrobates tristrami
2454,NA,NA,NA,NA,Hydrobates markhami
2455,NA,NA,NA,NA,Hydrobates furcatus
2456,NA,NA,NA,NA,Hydrobates hornbyi
2457,NA,NA,NA,NA,Diomedea sanfordi
2458,Food - human,NA,non-trivial,recent,Diomedea epomophora
2459,Food - human,NA,non-trivial,recent,Diomedea exulans
2460,NA,NA,NA,NA,Diomedea antipodensis
2461,NA,NA,NA,NA,Diomedea amsterdamensis
2462,Food - human,NA,non-trivial,recent,Diomedea dabbenena
2463,Food - human,NA,non-trivial,recent,Phoebetria fusca
2464,Food - human,NA,non-trivial,recent,Phoebetria palpebrata
2465,Food - human,NA,non-trivial,recent,Phoebastria irrorata
2466,Food - human,,non-trivial,recent,Phoebastria nigripes
2467,"Handicrafts, jewellery, etc.",international,non-trivial,recent,Phoebastria nigripes
2468,Food - human,,non-trivial,recent,Phoebastria immutabilis
2469,"Handicrafts, jewellery, etc.",international,non-trivial,recent,Phoebastria immutabilis
2470,Food - human,,non-trivial,recent,Phoebastria albatrus
2471,"Handicrafts, jewellery, etc.",international,non-trivial,recent,Phoebastria albatrus
2472,Food - human,NA,non-trivial,recent,Thalassarche chlororhynchos
2473,NA,NA,NA,NA,Thalassarche carteri
2474,Food - human,NA,non-trivial,recent,Thalassarche chrysostoma
2475,NA,NA,NA,NA,Thalassarche melanophris
2476,NA,NA,NA,NA,Thalassarche impavida
2477,NA,NA,NA,NA,Thalassarche bulleri
2478,"Handicrafts, jewellery, etc.",international,non-trivial,recent,Thalassarche cauta
2479,NA,NA,NA,NA,Thalassarche steadi
2480,Food - human,NA,non-trivial,recent,Thalassarche eremita
2481,NA,NA,NA,NA,Thalassarche salvini
2482,NA,NA,NA,NA,Macronectes halli
2483,Food - human,NA,non-trivial,recent,Macronectes giganteus
2484,Food - human,NA,non-trivial,recent,Fulmarus glacialis
2485,NA,NA,NA,NA,Fulmarus glacialoides
2486,NA,NA,NA,NA,Thalassoica antarctica
2487,NA,NA,NA,NA,Daption capense
2488,NA,NA,NA,NA,Pagodroma nivea
2489,NA,NA,NA,NA,Halobaena caerulea
2490,NA,NA,NA,NA,Pachyptila vittata
2491,NA,NA,NA,NA,Pachyptila salvini
2492,NA,NA,NA,NA,Pachyptila desolata
2493,NA,NA,NA,NA,Pachyptila belcheri
2494,NA,NA,NA,NA,Pachyptila turtur
2495,NA,NA,NA,NA,Pachyptila crassirostris
2496,NA,NA,NA,NA,Aphrodroma brevirostris
2497,NA,NA,NA,NA,Pterodroma leucoptera
2498,Other household goods,NA,non-trivial,recent,Pterodroma brevipes
2499,NA,NA,NA,NA,Pterodroma defilippiana
2500,NA,NA,NA,NA,Pterodroma longirostris
2501,NA,NA,NA,NA,Pterodroma cookii
2502,NA,NA,NA,NA,Pterodroma pycrofti
2503,NA,NA,NA,NA,Pterodroma hypoleuca
2504,NA,NA,NA,NA,Pterodroma nigripennis
2505,Food - human,NA,non-trivial,recent,Pterodroma axillaris
2506,Food - human,NA,non-trivial,recent,Pterodroma axillaris
2507,NA,NA,NA,NA,Pterodroma ultima
2508,Food - human,NA,non-trivial,recent,Pterodroma solandri
2509,Food - human,NA,non-trivial,recent,Pterodroma neglecta
2510,NA,NA,NA,NA,Pterodroma arminjoniana
2511,Food - human,NA,non-trivial,recent,Pterodroma heraldica
2512,NA,NA,NA,NA,Pterodroma atrata
2513,Food - human,NA,non-trivial,recent,Pterodroma alba
2514,Food - human,NA,non-trivial,recent,Pterodroma baraui
2515,Food - human,NA,non-trivial,recent,Pterodroma inexpectata
2516,Food - human,NA,non-trivial,recent,Pterodroma inexpectata
2517,NA,NA,NA,NA,Pterodroma sandwichensis
2518,Food - human,NA,non-trivial,recent,Pterodroma phaeopygia
2519,NA,NA,NA,NA,Pterodroma cervicalis
2520,NA,NA,NA,NA,Pterodroma externa
2521,Food - human,NA,non-trivial,recent,Pterodroma mollis
2522,Food - human,NA,non-trivial,recent,Pterodroma cahow
2523,Food - human,NA,non-trivial,recent,Pterodroma hasitata
2524,Food - human,NA,non-trivial,recent,Pterodroma caribbaea
2525,Food - human,NA,non-trivial,recent,Pterodroma caribbaea
2526,Food - human,NA,non-trivial,recent,Pterodroma feae
2527,Fuels,NA,non-trivial,recent,Pterodroma feae
2528,Food - human,NA,non-trivial,recent,Pterodroma deserta
2529,Fuels,NA,non-trivial,recent,Pterodroma deserta
2530,Food - human,NA,non-trivial,recent,Pterodroma madeira
2531,Food - human,NA,non-trivial,recent,Pterodroma magentae
2532,Food - human,NA,non-trivial,recent,Pterodroma magentae
2533,Food - human,NA,non-trivial,recent,Pterodroma incerta
2534,NA,NA,NA,NA,Pterodroma lessonii
2535,Food - human,NA,non-trivial,recent,Pterodroma macroptera
2536,Food - human,NA,non-trivial,recent,Pterodroma macroptera
2537,Food - human,NA,non-trivial,recent,Pterodroma gouldi
2538,Food - human,NA,non-trivial,recent,Pterodroma gouldi
2539,Food - human,NA,non-trivial,recent,Procellaria cinerea
2540,Food - human,NA,non-trivial,recent,Procellaria aequinoctialis
2541,NA,NA,NA,NA,Procellaria conspicillata
2542,NA,NA,NA,NA,Procellaria westlandica
2543,Food - human,NA,non-trivial,recent,Procellaria parkinsoni
2544,Food - human,NA,non-trivial,recent,Ardenna pacifica
2545,Food - human,NA,non-trivial,recent,Ardenna bulleri
2546,Food - human,NA,non-trivial,recent,Ardenna tenuirostris
2547,Fuels,NA,non-trivial,recent,Ardenna tenuirostris
2548,Other household goods,NA,non-trivial,recent,Ardenna tenuirostris
2549,Food - human,NA,non-trivial,recent,Ardenna grisea
2550,Fuels,NA,non-trivial,recent,Ardenna grisea
2551,Sport hunting/specimen collecting,NA,non-trivial,recent,Ardenna grisea
2552,Food - human,NA,non-trivial,recent,Ardenna gravis
2553,Food - human,NA,non-trivial,recent,Ardenna carneipes
2554,Food - human,NA,non-trivial,recent,Ardenna creatopus
2555,Food - human,NA,non-trivial,recent,Calonectris leucomelas
2556,Food - human,NA,non-trivial,recent,Calonectris diomedea
2557,Sport hunting/specimen collecting,NA,non-trivial,recent,Calonectris diomedea
2558,Food - human,NA,non-trivial,recent,Calonectris borealis
2559,Sport hunting/specimen collecting,NA,non-trivial,recent,Calonectris borealis
2560,Food - human,NA,non-trivial,recent,Calonectris edwardsii
2561,Food - human,NA,non-trivial,recent,Puffinus nativitatis
2562,NA,NA,NA,NA,Puffinus subalaris
2563,Food - human,NA,non-trivial,recent,Puffinus gavia
2564,NA,NA,NA,NA,Puffinus huttoni
2565,NA,NA,NA,NA,Puffinus opisthomelas
2566,NA,NA,NA,NA,Puffinus bryani
2567,NA,NA,NA,NA,Puffinus myrtae
2568,NA,NA,NA,NA,Puffinus newelli
2569,NA,NA,NA,NA,Puffinus auricularis
2570,Food - human,NA,non-trivial,recent,Puffinus bailloni
2571,Food - human,NA,non-trivial,recent,Puffinus bailloni
2572,NA,NA,NA,NA,Puffinus persicus
2573,NA,NA,NA,NA,Puffinus bannermani
2574,Food - human,NA,non-trivial,recent,Puffinus puffinus
2575,Food - human,NA,non-trivial,recent,Puffinus puffinus
2576,Sport hunting/specimen collecting,NA,non-trivial,recent,Puffinus puffinus
2577,Sport hunting/specimen collecting,NA,non-trivial,recent,Puffinus puffinus
2578,Food - human,NA,non-trivial,recent,Puffinus yelkouan
2579,Food - human,NA,non-trivial,recent,Puffinus yelkouan
2580,Fuels,NA,non-trivial,recent,Puffinus yelkouan
2581,Fuels,NA,non-trivial,recent,Puffinus yelkouan
2582,Food - human,NA,non-trivial,recent,Puffinus mauretanicus
2583,Food - human,NA,non-trivial,recent,Puffinus elegans
2584,Food - human,NA,non-trivial,recent,Puffinus elegans
2585,Food - human,NA,non-trivial,recent,Puffinus assimilis
2586,Food - human,NA,non-trivial,recent,Puffinus assimilis
2587,Food - human,NA,non-trivial,recent,Puffinus lherminieri
2588,NA,NA,NA,NA,Puffinus heinrothi
2589,NA,NA,NA,NA,Pseudobulweria macgillivrayi
2590,Food - human,NA,non-trivial,recent,Pseudobulweria aterrima
2591,NA,NA,NA,NA,Pseudobulweria becki
2592,Food - human,NA,non-trivial,recent,Pseudobulweria rostrata
2593,Food - human,NA,non-trivial,recent,Bulweria bulwerii
2594,Food - human,NA,non-trivial,recent,Bulweria fallax
2595,NA,NA,NA,NA,Pelecanoides whenuahouensis
2596,Food - human,NA,non-trivial,recent,Pelecanoides garnotii
2597,NA,NA,NA,NA,Pelecanoides magellani
2598,NA,NA,NA,NA,Pelecanoides georgicus
2599,NA,NA,NA,NA,Pelecanoides urinatrix
2600,NA,NA,NA,NA,Leptoptilos crumenifer
2601,Food - human,NA,non-trivial,recent,Leptoptilos dubius
2602,"Pets/display animals, horticulture",NA,non-trivial,recent,Leptoptilos dubius
2603,Food - human,NA,non-trivial,recent,Leptoptilos javanicus
2604,NA,NA,NA,NA,Mycteria americana
2605,NA,NA,NA,NA,Mycteria ibis
2606,Food - human,NA,non-trivial,recent,Mycteria leucocephala
2607,Food - human,NA,non-trivial,recent,Mycteria cinerea
2608,"Pets/display animals, horticulture",NA,non-trivial,recent,Mycteria cinerea
2609,NA,NA,NA,NA,Anastomus oscitans
2610,Other household goods,NA,non-trivial,recent,Anastomus lamelligerus
2611,"Pets/display animals, horticulture",NA,non-trivial,recent,Anastomus lamelligerus
2612,Food - human,,non-trivial,recent,Ciconia nigra
2613,"Pets/display animals, horticulture",international,non-trivial,recent,Ciconia nigra
2614,Sport hunting/specimen collecting,,non-trivial,recent,Ciconia nigra
2615,NA,NA,NA,NA,Ciconia abdimii
2616,Food - human,,non-trivial,recent,Ciconia microscelis
2617,"Pets/display animals, horticulture",international,non-trivial,recent,Ciconia microscelis
2618,Food - human,NA,non-trivial,recent,Ciconia episcopus
2619,"Pets/display animals, horticulture",NA,non-trivial,recent,Ciconia episcopus
2620,Food - human,NA,non-trivial,recent,Ciconia stormi
2621,NA,NA,NA,NA,Ciconia maguari
2622,Food - human,NA,non-trivial,recent,Ciconia ciconia
2623,"Pets/display animals, horticulture",NA,non-trivial,recent,Ciconia ciconia
2624,Sport hunting/specimen collecting,NA,non-trivial,recent,Ciconia ciconia
2625,Food - human,,non-trivial,recent,Ciconia boyciana
2626,Other household goods,,non-trivial,recent,Ciconia boyciana
2627,"Pets/display animals, horticulture",international,non-trivial,recent,Ciconia boyciana
2628,Food - human,,non-trivial,recent,Jabiru mycteria
2629,"Pets/display animals, horticulture",international,non-trivial,recent,Jabiru mycteria
2630,NA,NA,NA,NA,Ephippiorhynchus asiaticus
2631,NA,NA,NA,NA,Ephippiorhynchus senegalensis
2632,NA,NA,NA,NA,Platalea flavipes
2633,NA,NA,NA,NA,Platalea ajaja
2634,NA,NA,NA,NA,Platalea alba
2635,Food - human,,non-trivial,recent,Platalea leucorodia
2636,"Pets/display animals, horticulture",international,non-trivial,recent,Platalea leucorodia
2637,Food - human,,non-trivial,recent,Platalea minor
2638,"Pets/display animals, horticulture",international,non-trivial,recent,Platalea minor
2639,NA,NA,NA,NA,Platalea regia
2640,Food - human,NA,non-trivial,recent,Threskiornis aethiopicus
2641,"Pets/display animals, horticulture",NA,non-trivial,recent,Threskiornis aethiopicus
2642,Food - human,NA,non-trivial,recent,Threskiornis bernieri
2643,NA,NA,NA,NA,Threskiornis melanocephalus
2644,NA,NA,NA,NA,Threskiornis moluccus
2645,"Pets/display animals, horticulture",international,non-trivial,recent,Threskiornis spinicollis
2646,NA,NA,NA,NA,Pseudibis papillosa
2647,Food - human,,non-trivial,recent,Pseudibis davisoni
2648,"Pets/display animals, horticulture",international,non-trivial,recent,Pseudibis davisoni
2649,Food - human,NA,non-trivial,recent,Thaumatibis gigantea
2650,Food - human,,non-trivial,recent,Geronticus eremita
2651,"Pets/display animals, horticulture",international,non-trivial,recent,Geronticus eremita
2652,Food - human,,non-trivial,recent,Geronticus calvus
2653,"Pets/display animals, horticulture",international,non-trivial,recent,Geronticus calvus
2654,Food - human,,non-trivial,recent,Nipponia nippon
2655,"Pets/display animals, horticulture",international,non-trivial,recent,Nipponia nippon
2656,NA,NA,NA,NA,Bostrychia olivacea
2657,Food - human,NA,non-trivial,recent,Bostrychia bocagei
2658,Food - human,NA,non-trivial,recent,Bostrychia rara
2659,NA,NA,NA,NA,Bostrychia hagedash
2660,NA,NA,NA,NA,Bostrychia carunculata
2661,NA,NA,NA,NA,Theristicus caerulescens
2662,NA,NA,NA,NA,Theristicus caudatus
2663,NA,NA,NA,NA,Theristicus branickii
2664,NA,NA,NA,NA,Theristicus melanopis
2665,NA,NA,NA,NA,Cercibis oxycerca
2666,Food - human,,non-trivial,recent,Mesembrinibis cayennensis
2667,"Pets/display animals, horticulture",international,non-trivial,recent,Mesembrinibis cayennensis
2668,NA,NA,NA,NA,Phimosus infuscatus
2669,"Pets/display animals, horticulture",international,non-trivial,recent,Eudocimus albus
2670,NA,NA,NA,NA,Eudocimus ruber
2671,Food - human,,non-trivial,recent,Plegadis falcinellus
2672,"Pets/display animals, horticulture",international,non-trivial,recent,Plegadis falcinellus
2673,Sport hunting/specimen collecting,,non-trivial,recent,Plegadis falcinellus
2674,NA,NA,NA,NA,Plegadis chihi
2675,NA,NA,NA,NA,Plegadis ridgwayi
2676,NA,NA,NA,NA,Lophotibis cristata
2677,NA,NA,NA,NA,Zonerodius heliosylus
2678,Other household goods,NA,non-trivial,recent,Tigriornis leucolopha
2679,NA,NA,NA,NA,Tigrisoma lineatum
2680,"Pets/display animals, horticulture",international,non-trivial,recent,Tigrisoma fasciatum
2681,"Pets/display animals, horticulture",international,non-trivial,recent,Tigrisoma mexicanum
2682,Food - human,NA,non-trivial,recent,Agamia agami
2683,Other household goods,NA,non-trivial,recent,Agamia agami
2684,"Pets/display animals, horticulture",international,non-trivial,recent,Cochlearius cochlearius
2685,Food - human,NA,non-trivial,recent,Zebrilus undulatus
2686,NA,NA,NA,NA,Botaurus stellaris
2687,Sport hunting/specimen collecting,NA,non-trivial,recent,Botaurus poiciloptilus
2688,NA,NA,NA,NA,Botaurus lentiginosus
2689,NA,NA,NA,NA,Botaurus pinnatus
2690,NA,NA,NA,NA,Ixobrychus involucris
2691,NA,NA,NA,NA,Ixobrychus exilis
2692,"Pets/display animals, horticulture",international,non-trivial,recent,Ixobrychus minutus
2693,Sport hunting/specimen collecting,,non-trivial,recent,Ixobrychus minutus
2694,"Pets/display animals, horticulture",international,non-trivial,recent,Ixobrychus dubius
2695,Sport hunting/specimen collecting,,non-trivial,recent,Ixobrychus dubius
2696,Food - human,,non-trivial,recent,Ixobrychus sinensis
2697,"Pets/display animals, horticulture",international,non-trivial,recent,Ixobrychus sinensis
2698,NA,NA,NA,NA,Ixobrychus eurhythmus
2699,NA,NA,NA,NA,Ixobrychus cinnamomeus
2700,NA,NA,NA,NA,Ixobrychus sturmii
2701,NA,NA,NA,NA,Ixobrychus flavicollis
2702,Food - human,NA,non-trivial,recent,Oroanassa magnifica
2703,Food - human,,non-trivial,recent,Gorsachius goisagi
2704,"Handicrafts, jewellery, etc.",,non-trivial,recent,Gorsachius goisagi
2705,"Pets/display animals, horticulture",international,non-trivial,recent,Gorsachius goisagi
2706,NA,NA,NA,NA,Gorsachius melanolophus
2707,Medicine - human & veterinary,NA,non-trivial,recent,Calherodius leuconotus
2708,Food - human,NA,non-trivial,recent,Nycticorax nycticorax
2709,Other household goods,NA,non-trivial,recent,Nycticorax nycticorax
2710,"Pets/display animals, horticulture",NA,non-trivial,recent,Nycticorax nycticorax
2711,NA,NA,NA,NA,Nycticorax caledonicus
2712,"Pets/display animals, horticulture",international,non-trivial,recent,Nyctanassa violacea
2713,Food - human,NA,non-trivial,recent,Butorides striata
2714,Other household goods,,non-trivial,recent,Ardeola ralloides
2715,"Pets/display animals, horticulture",international,non-trivial,recent,Ardeola ralloides
2716,Sport hunting/specimen collecting,,non-trivial,recent,Ardeola ralloides
2717,NA,NA,NA,NA,Ardeola grayii
2718,NA,NA,NA,NA,Ardeola bacchus
2719,NA,NA,NA,NA,Ardeola speciosa
2720,Food - human,NA,non-trivial,recent,Ardeola idae
2721,NA,NA,NA,NA,Ardeola rufiventris
2722,Food - human,NA,non-trivial,recent,Bubulcus ibis
2723,Other household goods,NA,non-trivial,recent,Bubulcus ibis
2724,"Pets/display animals, horticulture",NA,non-trivial,recent,Bubulcus ibis
2725,Sport hunting/specimen collecting,NA,non-trivial,recent,Bubulcus ibis
2726,Food - human,,non-trivial,recent,Ardea cinerea
2727,Other household goods,,non-trivial,recent,Ardea cinerea
2728,"Pets/display animals, horticulture",international,non-trivial,recent,Ardea cinerea
2729,Sport hunting/specimen collecting,,non-trivial,recent,Ardea cinerea
2730,"Pets/display animals, horticulture",international,non-trivial,recent,Ardea herodias
2731,"Pets/display animals, horticulture",international,non-trivial,recent,Ardea occidentalis
2732,"Pets/display animals, horticulture",international,non-trivial,recent,Ardea cocoi
2733,NA,NA,NA,NA,Ardea pacifica
2734,NA,NA,NA,NA,Ardea melanocephala
2735,NA,NA,NA,NA,Ardea humbloti
2736,Food - human,NA,non-trivial,recent,Ardea insignis
2737,NA,NA,NA,NA,Ardea sumatrana
2738,NA,NA,NA,NA,Ardea goliath
2739,Food - human,,non-trivial,recent,Ardea purpurea
2740,"Pets/display animals, horticulture",international,non-trivial,recent,Ardea purpurea
2741,Sport hunting/specimen collecting,,non-trivial,recent,Ardea purpurea
2742,Food - human,,non-trivial,recent,Ardea alba
2743,"Handicrafts, jewellery, etc.",international,non-trivial,recent,Ardea alba
2744,"Pets/display animals, horticulture",,non-trivial,recent,Ardea alba
2745,Food - human,NA,non-trivial,recent,Ardea brachyrhyncha
2746,Other household goods,NA,non-trivial,recent,Ardea brachyrhyncha
2747,"Pets/display animals, horticulture",NA,non-trivial,recent,Ardea brachyrhyncha
2748,Food - human,NA,non-trivial,recent,Ardea intermedia
2749,Other household goods,NA,non-trivial,recent,Ardea intermedia
2750,"Pets/display animals, horticulture",NA,non-trivial,recent,Ardea intermedia
2751,Food - human,NA,non-trivial,recent,Ardea plumifera
2752,Other household goods,NA,non-trivial,recent,Ardea plumifera
2753,"Pets/display animals, horticulture",NA,non-trivial,recent,Ardea plumifera
2754,NA,NA,NA,NA,Syrigma sibilatrix
2755,"Pets/display animals, horticulture",international,non-trivial,recent,Pilherodius pileatus
2756,"Pets/display animals, horticulture",international,non-trivial,recent,Egretta picata
2757,NA,NA,NA,NA,Egretta novaehollandiae
2758,"Handicrafts, jewellery, etc.",international,non-trivial,recent,Egretta rufescens
2759,"Pets/display animals, horticulture",international,non-trivial,recent,Egretta rufescens
2760,NA,NA,NA,NA,Egretta ardesiaca
2761,NA,NA,NA,NA,Egretta vinaceigula
2762,NA,NA,NA,NA,Egretta tricolor
2763,"Pets/display animals, horticulture",international,non-trivial,recent,Egretta caerulea
2764,NA,NA,NA,NA,Egretta thula
2765,NA,NA,NA,NA,Egretta garzetta
2766,"Pets/display animals, horticulture",international,non-trivial,recent,Egretta gularis
2767,"Pets/display animals, horticulture",international,non-trivial,recent,Egretta sacra
2768,NA,NA,NA,NA,Egretta eulophotes
2769,NA,NA,NA,NA,Scopus umbretta
2770,Food - human,,non-trivial,recent,Balaeniceps rex
2771,Food - human,,non-trivial,recent,Balaeniceps rex
2772,"Pets/display animals, horticulture",,non-trivial,recent,Balaeniceps rex
2773,"Pets/display animals, horticulture",international,non-trivial,recent,Balaeniceps rex
2774,Food - human,,non-trivial,recent,Pelecanus crispus
2775,"Pets/display animals, horticulture",international,non-trivial,recent,Pelecanus crispus
2776,Food - human,NA,non-trivial,recent,Pelecanus philippensis
2777,"Pets/display animals, horticulture",NA,non-trivial,recent,Pelecanus rufescens
2778,NA,NA,NA,NA,Pelecanus conspicillatus
2779,Food - human,,non-trivial,recent,Pelecanus onocrotalus
2780,"Pets/display animals, horticulture",international,non-trivial,recent,Pelecanus onocrotalus
2781,Sport hunting/specimen collecting,,non-trivial,recent,Pelecanus onocrotalus
2782,Food - human,,non-trivial,recent,Pelecanus occidentalis
2783,"Pets/display animals, horticulture",international,non-trivial,recent,Pelecanus occidentalis
2784,NA,NA,NA,NA,Pelecanus thagus
2785,NA,NA,NA,NA,Pelecanus erythrorhynchos
2786,Food - human,,non-trivial,recent,Fregata ariel
2787,"Pets/display animals, horticulture",international,non-trivial,recent,Fregata ariel
2788,"Pets/display animals, horticulture",international,non-trivial,recent,Fregata minor
2789,Food - human,NA,non-trivial,recent,Fregata andrewsi
2790,Food - human,,non-trivial,recent,Fregata magnificens
2791,"Pets/display animals, horticulture",international,non-trivial,recent,Fregata magnificens
2792,"Pets/display animals, horticulture",international,non-trivial,recent,Fregata aquila
2793,"Pets/display animals, horticulture",international,non-trivial,recent,Papasula abbotti
2794,Food - human,,non-trivial,recent,Morus bassanus
2795,"Pets/display animals, horticulture",international,non-trivial,recent,Morus bassanus
2796,Sport hunting/specimen collecting,,non-trivial,recent,Morus bassanus
2797,Food - human,,non-trivial,recent,Morus capensis
2798,"Pets/display animals, horticulture",international,non-trivial,recent,Morus capensis
2799,Food - human,,non-trivial,recent,Morus serrator
2800,"Pets/display animals, horticulture",international,non-trivial,recent,Morus serrator
2801,Food - human,,non-trivial,recent,Sula sula
2802,"Pets/display animals, horticulture",international,non-trivial,recent,Sula sula
2803,Food - human,,non-trivial,recent,Sula leucogaster
2804,"Pets/display animals, horticulture",international,non-trivial,recent,Sula leucogaster
2805,Food - human,,non-trivial,recent,Sula nebouxii
2806,"Pets/display animals, horticulture",international,non-trivial,recent,Sula nebouxii
2807,Food - human,,non-trivial,recent,Sula variegata
2808,"Pets/display animals, horticulture",international,non-trivial,recent,Sula variegata
2809,NA,NA,NA,NA,Sula dactylatra
2810,"Pets/display animals, horticulture",international,non-trivial,recent,Sula granti
2811,"Pets/display animals, horticulture",international,non-trivial,recent,Microcarbo coronatus
2812,NA,NA,NA,NA,Microcarbo africanus
2813,Food - human,,non-trivial,recent,Microcarbo pygmaeus
2814,"Pets/display animals, horticulture",international,non-trivial,recent,Microcarbo pygmaeus
2815,Sport hunting/specimen collecting,,non-trivial,recent,Microcarbo pygmaeus
2816,NA,NA,NA,NA,Microcarbo niger
2817,"Pets/display animals, horticulture",international,non-trivial,recent,Microcarbo melanoleucos
2818,Food - human,,non-trivial,recent,Poikilocarbo gaimardi
2819,"Pets/display animals, horticulture",international,non-trivial,recent,Poikilocarbo gaimardi
2820,"Pets/display animals, horticulture",international,non-trivial,recent,Leucocarbo magellanicus
2821,"Pets/display animals, horticulture",international,non-trivial,recent,Leucocarbo bougainvilliorum
2822,"Pets/display animals, horticulture",international,non-trivial,recent,Leucocarbo bougainvilliorum
2823,Food - human,,non-trivial,recent,Leucocarbo atriceps
2824,Food - human,,non-trivial,recent,Leucocarbo atriceps
2825,"Pets/display animals, horticulture",international,non-trivial,recent,Leucocarbo atriceps
2826,"Pets/display animals, horticulture",international,non-trivial,recent,Leucocarbo atriceps
2827,Food - human,,non-trivial,recent,Leucocarbo verrucosus
2828,Food - human,,non-trivial,recent,Leucocarbo verrucosus
2829,"Pets/display animals, horticulture",international,non-trivial,recent,Leucocarbo verrucosus
2830,"Pets/display animals, horticulture",international,non-trivial,recent,Leucocarbo verrucosus
2831,Food - human,,non-trivial,recent,Leucocarbo carunculatus
2832,"Handicrafts, jewellery, etc.",international,non-trivial,recent,Leucocarbo carunculatus
2833,"Pets/display animals, horticulture",international,non-trivial,recent,Leucocarbo carunculatus
2834,"Pets/display animals, horticulture",international,non-trivial,recent,Leucocarbo chalconotus
2835,"Pets/display animals, horticulture",international,non-trivial,recent,Leucocarbo onslowi
2836,"Pets/display animals, horticulture",international,non-trivial,recent,Leucocarbo campbelli
2837,"Pets/display animals, horticulture",international,non-trivial,recent,Leucocarbo ranfurlyi
2838,"Pets/display animals, horticulture",international,non-trivial,recent,Leucocarbo colensoi
2839,Food - human,,non-trivial,recent,Nannopterum auritum
2840,"Pets/display animals, horticulture",international,non-trivial,recent,Nannopterum auritum
2841,Food - human,,non-trivial,recent,Nannopterum brasilianum
2842,"Pets/display animals, horticulture",international,non-trivial,recent,Nannopterum brasilianum
2843,"Pets/display animals, horticulture",international,non-trivial,recent,Nannopterum harrisi
2844,Food - human,,non-trivial,recent,Urile penicillatus
2845,"Pets/display animals, horticulture",international,non-trivial,recent,Urile penicillatus
2846,"Pets/display animals, horticulture",international,non-trivial,recent,Urile pelagicus
2847,"Pets/display animals, horticulture",international,non-trivial,recent,Urile urile
2848,"Pets/display animals, horticulture",international,non-trivial,recent,Gulosus aristotelis
2849,Sport hunting/specimen collecting,,non-trivial,recent,Gulosus aristotelis
2850,Food - human,,non-trivial,recent,Phalacrocorax carbo
2851,"Pets/display animals, horticulture",international,non-trivial,recent,Phalacrocorax carbo
2852,Sport hunting/specimen collecting,,non-trivial,recent,Phalacrocorax carbo
2853,Food - human,,non-trivial,recent,Phalacrocorax capillatus
2854,"Pets/display animals, horticulture",international,non-trivial,recent,Phalacrocorax capillatus
2855,"Pets/display animals, horticulture",international,non-trivial,recent,Phalacrocorax capensis
2856,"Pets/display animals, horticulture",international,non-trivial,recent,Phalacrocorax nigrogularis
2857,"Pets/display animals, horticulture",international,non-trivial,recent,Phalacrocorax neglectus
2858,Food - human,,non-trivial,recent,Phalacrocorax fuscicollis
2859,"Pets/display animals, horticulture",international,non-trivial,recent,Phalacrocorax fuscicollis
2860,NA,NA,NA,NA,Phalacrocorax sulcirostris
2861,Food - human,,non-trivial,recent,Phalacrocorax fuscescens
2862,"Pets/display animals, horticulture",international,non-trivial,recent,Phalacrocorax fuscescens
2863,NA,NA,NA,NA,Phalacrocorax varius
2864,Food - human,,non-trivial,recent,Phalacrocorax punctatus
2865,"Pets/display animals, horticulture",international,non-trivial,recent,Phalacrocorax punctatus
2866,"Pets/display animals, horticulture",international,non-trivial,recent,Phalacrocorax featherstoni
2867,NA,NA,NA,NA,Anhinga anhinga
2868,"Pets/display animals, horticulture",international,non-trivial,recent,Anhinga rufa
2869,NA,NA,NA,NA,Anhinga melanogaster
2870,NA,NA,NA,NA,Anhinga novaehollandiae
2871,Food - human,,non-trivial,recent,Burhinus oedicnemus
2872,Food - human,,non-trivial,recent,Burhinus oedicnemus
2873,"Pets/display animals, horticulture",international,non-trivial,recent,Burhinus oedicnemus
2874,"Pets/display animals, horticulture",international,non-trivial,recent,Burhinus oedicnemus
2875,Sport hunting/specimen collecting,,non-trivial,recent,Burhinus oedicnemus
2876,Sport hunting/specimen collecting,,non-trivial,recent,Burhinus oedicnemus
2877,Food - human,,non-trivial,recent,Burhinus indicus
2878,"Pets/display animals, horticulture",international,non-trivial,recent,Burhinus indicus
2879,Sport hunting/specimen collecting,,non-trivial,recent,Burhinus indicus
2880,NA,NA,NA,NA,Burhinus senegalensis
2881,NA,NA,NA,NA,Burhinus vermiculatus
2882,NA,NA,NA,NA,Burhinus capensis
2883,Food - human,,non-trivial,recent,Burhinus bistriatus
2884,"Pets/display animals, horticulture",international,non-trivial,recent,Burhinus bistriatus
2885,NA,NA,NA,NA,Burhinus superciliaris
2886,NA,NA,NA,NA,Burhinus grallarius
2887,NA,NA,NA,NA,Esacus recurvirostris
2888,NA,NA,NA,NA,Esacus magnirostris
2889,NA,NA,NA,NA,Chionis albus
2890,NA,NA,NA,NA,Chionis minor
2891,NA,NA,NA,NA,Pluvianellus socialis
2892,NA,NA,NA,NA,Pluvianus aegyptius
2893,NA,NA,NA,NA,Haematopus leucopodus
2894,"Pets/display animals, horticulture",international,non-trivial,recent,Haematopus ater
2895,NA,NA,NA,NA,Haematopus palliatus
2896,NA,NA,NA,NA,Haematopus moquini
2897,"Pets/display animals, horticulture",international,non-trivial,recent,Haematopus ostralegus
2898,Sport hunting/specimen collecting,,non-trivial,recent,Haematopus ostralegus
2899,NA,NA,NA,NA,Haematopus finschi
2900,NA,NA,NA,NA,Haematopus longirostris
2901,NA,NA,NA,NA,Haematopus chathamensis
2902,NA,NA,NA,NA,Haematopus unicolor
2903,NA,NA,NA,NA,Haematopus fuliginosus
2904,NA,NA,NA,NA,Ibidorhyncha struthersii
2905,NA,NA,NA,NA,Cladorhynchus leucocephalus
2906,Food - human,,non-trivial,recent,Recurvirostra avosetta
2907,"Pets/display animals, horticulture",international,non-trivial,recent,Recurvirostra avosetta
2908,Sport hunting/specimen collecting,,non-trivial,recent,Recurvirostra avosetta
2909,NA,NA,NA,NA,Recurvirostra americana
2910,NA,NA,NA,NA,Recurvirostra novaehollandiae
2911,NA,NA,NA,NA,Recurvirostra andina
2912,Food - human,,non-trivial,recent,Himantopus himantopus
2913,"Pets/display animals, horticulture",international,non-trivial,recent,Himantopus himantopus
2914,Sport hunting/specimen collecting,,non-trivial,recent,Himantopus himantopus
2915,NA,NA,NA,NA,Himantopus novaezelandiae
2916,Food - human,,non-trivial,recent,Pluvialis squatarola
2917,"Pets/display animals, horticulture",international,non-trivial,recent,Pluvialis squatarola
2918,Sport hunting/specimen collecting,,non-trivial,recent,Pluvialis squatarola
2919,NA,NA,NA,NA,Pluvialis apricaria
2920,Food - human,,non-trivial,recent,Pluvialis fulva
2921,"Pets/display animals, horticulture",international,non-trivial,recent,Pluvialis fulva
2922,NA,NA,NA,NA,Pluvialis dominica
2923,NA,NA,NA,NA,Oreopholus ruficollis
2924,NA,NA,NA,NA,Phegornis mitchellii
2925,Food - human,,non-trivial,recent,Eudromias morinellus
2926,"Pets/display animals, horticulture",international,non-trivial,recent,Eudromias morinellus
2927,Sport hunting/specimen collecting,,non-trivial,recent,Eudromias morinellus
2928,"Pets/display animals, horticulture",international,non-trivial,recent,Charadrius aquilonius
2929,"Pets/display animals, horticulture",international,non-trivial,recent,Charadrius obscurus
2930,"Pets/display animals, horticulture",international,non-trivial,recent,Charadrius hiaticula
2931,Sport hunting/specimen collecting,,non-trivial,recent,Charadrius hiaticula
2932,"Pets/display animals, horticulture",international,non-trivial,recent,Charadrius semipalmatus
2933,NA,NA,NA,NA,Charadrius placidus
2934,Food - human,,non-trivial,recent,Charadrius dubius
2935,"Pets/display animals, horticulture",international,non-trivial,recent,Charadrius dubius
2936,Sport hunting/specimen collecting,,non-trivial,recent,Charadrius dubius
2937,NA,NA,NA,NA,Charadrius wilsonia
2938,NA,NA,NA,NA,Charadrius vociferus
2939,Food - human,,non-trivial,recent,Charadrius melodus
2940,"Pets/display animals, horticulture",international,non-trivial,recent,Charadrius melodus
2941,Sport hunting/specimen collecting,,non-trivial,recent,Charadrius melodus
2942,Food - human,NA,non-trivial,recent,Charadrius thoracicus
2943,Sport hunting/specimen collecting,NA,non-trivial,recent,Charadrius thoracicus
2944,NA,NA,NA,NA,Charadrius pecuarius
2945,Sport hunting/specimen collecting,NA,non-trivial,recent,Charadrius sanctaehelenae
2946,"Pets/display animals, horticulture",international,non-trivial,recent,Charadrius tricollaris
2947,"Pets/display animals, horticulture",NA,non-trivial,recent,Charadrius bifrontatus
2948,NA,NA,NA,NA,Charadrius forbesi
2949,NA,NA,NA,NA,Charadrius marginatus
2950,Food - human,,non-trivial,recent,Charadrius alexandrinus
2951,"Pets/display animals, horticulture",international,non-trivial,recent,Charadrius alexandrinus
2952,Sport hunting/specimen collecting,,non-trivial,recent,Charadrius alexandrinus
2953,Food - human,,non-trivial,recent,Charadrius dealbatus
2954,"Pets/display animals, horticulture",international,non-trivial,recent,Charadrius dealbatus
2955,Sport hunting/specimen collecting,,non-trivial,recent,Charadrius dealbatus
2956,Food - human,,non-trivial,recent,Charadrius nivosus
2957,"Pets/display animals, horticulture",international,non-trivial,recent,Charadrius nivosus
2958,Sport hunting/specimen collecting,,non-trivial,recent,Charadrius nivosus
2959,NA,NA,NA,NA,Charadrius javanicus
2960,NA,NA,NA,NA,Charadrius ruficapillus
2961,NA,NA,NA,NA,Charadrius peronii
2962,"Pets/display animals, horticulture",NA,non-trivial,recent,Charadrius pallidus
2963,NA,NA,NA,NA,Charadrius collaris
2964,NA,NA,NA,NA,Charadrius alticola
2965,NA,NA,NA,NA,Charadrius falklandicus
2966,NA,NA,NA,NA,Charadrius bicinctus
2967,Food - human,NA,non-trivial,recent,Charadrius mongolus
2968,Food - human,NA,non-trivial,recent,Charadrius atrifrons
2969,Food - human,NA,non-trivial,recent,Charadrius leschenaultii
2970,NA,NA,NA,NA,Charadrius asiaticus
2971,NA,NA,NA,NA,Charadrius veredus
2972,Food - human,NA,non-trivial,recent,Charadrius montanus
2973,NA,NA,NA,NA,Charadrius modestus
2974,"Pets/display animals, horticulture",international,non-trivial,recent,Thinornis cucullatus
2975,NA,NA,NA,NA,Thinornis novaeseelandiae
2976,NA,NA,NA,NA,Elseyornis melanops
2977,NA,NA,NA,NA,Hoploxypterus cayanus
2978,Food - human,,non-trivial,recent,Vanellus vanellus
2979,"Pets/display animals, horticulture",international,non-trivial,recent,Vanellus vanellus
2980,Sport hunting/specimen collecting,,non-trivial,recent,Vanellus vanellus
2981,NA,NA,NA,NA,Vanellus crassirostris
2982,NA,NA,NA,NA,Vanellus armatus
2983,Food - human,,non-trivial,recent,Vanellus spinosus
2984,"Pets/display animals, horticulture",international,non-trivial,recent,Vanellus spinosus
2985,NA,NA,NA,NA,Vanellus duvaucelii
2986,NA,NA,NA,NA,Vanellus tectus
2987,Food - human,,non-trivial,recent,Vanellus malabaricus
2988,Medicine - human & veterinary,,non-trivial,recent,Vanellus malabaricus
2989,"Pets/display animals, horticulture",international,non-trivial,recent,Vanellus malabaricus
2990,"Pets/display animals, horticulture",international,non-trivial,recent,Vanellus albiceps
2991,NA,NA,NA,NA,Vanellus lugubris
2992,NA,NA,NA,NA,Vanellus melanopterus
2993,NA,NA,NA,NA,Vanellus coronatus
2994,NA,NA,NA,NA,Vanellus senegallus
2995,NA,NA,NA,NA,Vanellus melanocephalus
2996,NA,NA,NA,NA,Vanellus superciliosus
2997,NA,NA,NA,NA,Vanellus cinereus
2998,Food - human,NA,non-trivial,recent,Vanellus indicus
2999,"Pets/display animals, horticulture",NA,non-trivial,recent,Vanellus indicus
3000,Food - human,NA,non-trivial,recent,Vanellus macropterus
3001,NA,NA,NA,NA,Vanellus tricolor
3002,"Pets/display animals, horticulture",international,non-trivial,recent,Vanellus miles
3003,"Pets/display animals, horticulture",NA,non-trivial,recent,Vanellus novaehollandiae
3004,NA,NA,NA,NA,Vanellus gregarius
3005,Food - human,NA,non-trivial,recent,Vanellus leucurus
3006,"Pets/display animals, horticulture",international,non-trivial,recent,Vanellus chilensis
3007,NA,NA,NA,NA,Vanellus resplendens
3008,NA,NA,NA,NA,Erythrogonys cinctus
3009,NA,NA,NA,NA,Peltohyas australis
3010,NA,NA,NA,NA,Anarhynchus frontalis
3011,Food - human,NA,non-trivial,recent,Pedionomus torquatus
3012,NA,NA,NA,NA,Attagis gayi
3013,NA,NA,NA,NA,Attagis malouinus
3014,NA,NA,NA,NA,Thinocorus orbignyianus
3015,NA,NA,NA,NA,Thinocorus rumicivorus
3016,NA,NA,NA,NA,Rostratula benghalensis
3017,NA,NA,NA,NA,Rostratula australis
3018,NA,NA,NA,NA,Nycticryphes semicollaris
3019,"Pets/display animals, horticulture",international,non-trivial,recent,Jacana spinosa
3020,"Pets/display animals, horticulture",NA,non-trivial,recent,Jacana jacana
3021,NA,NA,NA,NA,Hydrophasianus chirurgus
3022,NA,NA,NA,NA,Actophilornis africanus
3023,NA,NA,NA,NA,Actophilornis albinucha
3024,NA,NA,NA,NA,Metopidius indicus
3025,NA,NA,NA,NA,Irediparra gallinacea
3026,NA,NA,NA,NA,Microparra capensis
3027,Food - human,,non-trivial,recent,Bartramia longicauda
3028,"Pets/display animals, horticulture",international,non-trivial,recent,Bartramia longicauda
3029,Sport hunting/specimen collecting,,non-trivial,recent,Bartramia longicauda
3030,Food - human,NA,non-trivial,recent,Numenius tahitiensis
3031,NA,NA,NA,NA,Numenius phaeopus
3032,NA,NA,NA,NA,Numenius minutus
3033,Food - human,NA,non-trivial,recent,Numenius tenuirostris
3034,Food - human,NA,non-trivial,recent,Numenius tenuirostris
3035,Sport hunting/specimen collecting,NA,non-trivial,recent,Numenius tenuirostris
3036,Sport hunting/specimen collecting,NA,non-trivial,recent,Numenius tenuirostris
3037,NA,NA,NA,NA,Numenius americanus
3038,Food - human,,non-trivial,recent,Numenius arquata
3039,"Pets/display animals, horticulture",international,non-trivial,recent,Numenius arquata
3040,Sport hunting/specimen collecting,,non-trivial,recent,Numenius arquata
3041,Food - human,NA,non-trivial,recent,Numenius madagascariensis
3042,Food - human,NA,non-trivial,recent,Limosa lapponica
3043,Sport hunting/specimen collecting,NA,non-trivial,recent,Limosa lapponica
3044,NA,NA,NA,NA,Limosa fedoa
3045,NA,NA,NA,NA,Limosa haemastica
3046,Food - human,,non-trivial,recent,Limosa limosa
3047,"Pets/display animals, horticulture",international,non-trivial,recent,Limosa limosa
3048,Sport hunting/specimen collecting,,non-trivial,recent,Limosa limosa
3049,Food - human,,non-trivial,recent,Arenaria interpres
3050,"Pets/display animals, horticulture",international,non-trivial,recent,Arenaria interpres
3051,Sport hunting/specimen collecting,,non-trivial,recent,Arenaria interpres
3052,NA,NA,NA,NA,Arenaria melanocephala
3053,NA,NA,NA,NA,Calidris tenuirostris
3054,Food - human,NA,non-trivial,recent,Calidris canutus
3055,Sport hunting/specimen collecting,NA,non-trivial,recent,Calidris canutus
3056,NA,NA,NA,NA,Calidris virgata
3057,Food - human,,non-trivial,recent,Calidris pugnax
3058,"Pets/display animals, horticulture",international,non-trivial,recent,Calidris pugnax
3059,Sport hunting/specimen collecting,,non-trivial,recent,Calidris pugnax
3060,"Pets/display animals, horticulture",international,non-trivial,recent,Calidris falcinellus
3061,Food - human,NA,non-trivial,recent,Calidris acuminata
3062,NA,NA,NA,NA,Calidris himantopus
3063,Food - human,NA,non-trivial,recent,Calidris ferruginea
3064,Sport hunting/specimen collecting,NA,non-trivial,recent,Calidris ferruginea
3065,Food - human,NA,non-trivial,recent,Calidris temminckii
3066,Sport hunting/specimen collecting,NA,non-trivial,recent,Calidris temminckii
3067,NA,NA,NA,NA,Calidris subminuta
3068,Food - human,NA,non-trivial,recent,Calidris pygmaea
3069,Food - human,NA,non-trivial,recent,Calidris ruficollis
3070,NA,NA,NA,NA,Calidris alba
3071,"Pets/display animals, horticulture",international,non-trivial,recent,Calidris alpina
3072,Sport hunting/specimen collecting,,non-trivial,recent,Calidris alpina
3073,NA,NA,NA,NA,Calidris ptilocnemis
3074,NA,NA,NA,NA,Calidris maritima
3075,"Pets/display animals, horticulture",international,non-trivial,recent,Calidris bairdii
3076,Food - human,NA,non-trivial,recent,Calidris minuta
3077,Sport hunting/specimen collecting,NA,non-trivial,recent,Calidris minuta
3078,"Pets/display animals, horticulture",international,non-trivial,recent,Calidris minutilla
3079,NA,NA,NA,NA,Calidris fuscicollis
3080,Food - human,NA,non-trivial,recent,Calidris subruficollis
3081,Sport hunting/specimen collecting,NA,non-trivial,recent,Calidris subruficollis
3082,NA,NA,NA,NA,Calidris melanotos
3083,NA,NA,NA,NA,Calidris pusilla
3084,NA,NA,NA,NA,Calidris mauri
3085,NA,NA,NA,NA,Prosobonia parvirostris
3086,NA,NA,NA,NA,Limnodromus semipalmatus
3087,NA,NA,NA,NA,Limnodromus griseus
3088,NA,NA,NA,NA,Limnodromus scolopaceus
3089,Food - human,NA,non-trivial,recent,Scolopax rusticola
3090,Sport hunting/specimen collecting,NA,non-trivial,recent,Scolopax rusticola
3091,NA,NA,NA,NA,Scolopax mira
3092,NA,NA,NA,NA,Scolopax saturata
3093,NA,NA,NA,NA,Scolopax rosenbergii
3094,NA,NA,NA,NA,Scolopax bukidnonensis
3095,NA,NA,NA,NA,Scolopax celebensis
3096,NA,NA,NA,NA,Scolopax rochussenii
3097,Food - human,,non-trivial,recent,Scolopax minor
3098,"Pets/display animals, horticulture",international,non-trivial,recent,Scolopax minor
3099,Sport hunting/specimen collecting,,non-trivial,recent,Scolopax minor
3100,NA,NA,NA,NA,Coenocorypha pusilla
3101,NA,NA,NA,NA,Coenocorypha iredalei
3102,NA,NA,NA,NA,Coenocorypha huegeli
3103,NA,NA,NA,NA,Coenocorypha aucklandica
3104,NA,NA,NA,NA,Gallinago imperialis
3105,NA,NA,NA,NA,Gallinago jamesoni
3106,NA,NA,NA,NA,Gallinago stricklandii
3107,NA,NA,NA,NA,Gallinago solitaria
3108,Food - human,NA,non-trivial,recent,Gallinago hardwickii
3109,Sport hunting/specimen collecting,NA,non-trivial,recent,Gallinago hardwickii
3110,Food - human,NA,non-trivial,recent,Gallinago nemoricola
3111,Food - human,NA,non-trivial,recent,Gallinago stenura
3112,Sport hunting/specimen collecting,NA,non-trivial,recent,Gallinago stenura
3113,NA,NA,NA,NA,Gallinago megala
3114,NA,NA,NA,NA,Gallinago nigripennis
3115,Food - human,NA,non-trivial,recent,Gallinago macrodactyla
3116,Food - human,NA,non-trivial,recent,Gallinago media
3117,Sport hunting/specimen collecting,NA,non-trivial,recent,Gallinago media
3118,NA,NA,NA,NA,Gallinago gallinago
3119,NA,NA,NA,NA,Gallinago delicata
3120,NA,NA,NA,NA,Gallinago paraguaiae
3121,Food - human,NA,non-trivial,recent,Gallinago magellanica
3122,NA,NA,NA,NA,Gallinago andina
3123,NA,NA,NA,NA,Gallinago nobilis
3124,NA,NA,NA,NA,Gallinago undulata
3125,Food - human,NA,non-trivial,recent,Lymnocryptes minimus
3126,Sport hunting/specimen collecting,NA,non-trivial,recent,Lymnocryptes minimus
3127,NA,NA,NA,NA,Steganopus tricolor
3128,Food - human,,non-trivial,recent,Phalaropus lobatus
3129,"Pets/display animals, horticulture",international,non-trivial,recent,Phalaropus lobatus
3130,"Pets/display animals, horticulture",international,non-trivial,recent,Phalaropus fulicarius
3131,"Pets/display animals, horticulture",international,non-trivial,recent,Phalaropus fulicarius
3132,Food - human,NA,non-trivial,recent,Xenus cinereus
3133,NA,NA,NA,NA,Actitis hypoleucos
3134,NA,NA,NA,NA,Actitis macularius
3135,NA,NA,NA,NA,Tringa ochropus
3136,"Pets/display animals, horticulture",NA,non-trivial,recent,Tringa solitaria
3137,Food - human,NA,non-trivial,recent,Tringa brevipes
3138,NA,NA,NA,NA,Tringa incana
3139,NA,NA,NA,NA,Tringa semipalmata
3140,"Pets/display animals, horticulture",international,non-trivial,recent,Tringa flavipes
3141,Food - human,,non-trivial,recent,Tringa erythropus
3142,"Pets/display animals, horticulture",international,non-trivial,recent,Tringa erythropus
3143,Sport hunting/specimen collecting,,non-trivial,recent,Tringa erythropus
3144,Food - human,,non-trivial,recent,Tringa nebularia
3145,"Pets/display animals, horticulture",international,non-trivial,recent,Tringa nebularia
3146,Sport hunting/specimen collecting,,non-trivial,recent,Tringa nebularia
3147,NA,NA,NA,NA,Tringa melanoleuca
3148,NA,NA,NA,NA,Tringa totanus
3149,Food - human,,non-trivial,recent,Tringa glareola
3150,"Pets/display animals, horticulture",international,non-trivial,recent,Tringa glareola
3151,Sport hunting/specimen collecting,,non-trivial,recent,Tringa glareola
3152,NA,NA,NA,NA,Tringa stagnatilis
3153,NA,NA,NA,NA,Tringa guttifer
3154,Food - human,,non-trivial,recent,Turnix sylvaticus
3155,"Pets/display animals, horticulture",international,non-trivial,recent,Turnix sylvaticus
3156,NA,NA,NA,NA,Turnix maculosus
3157,NA,NA,NA,NA,Turnix tanki
3158,NA,NA,NA,NA,Turnix nanus
3159,NA,NA,NA,NA,Turnix hottentottus
3160,NA,NA,NA,NA,Turnix ocellatus
3161,NA,NA,NA,NA,Turnix suscitator
3162,NA,NA,NA,NA,Turnix nigricollis
3163,NA,NA,NA,NA,Turnix melanogaster
3164,Food - human,,non-trivial,recent,Turnix varius
3165,"Pets/display animals, horticulture",international,non-trivial,recent,Turnix varius
3166,NA,NA,NA,NA,Turnix olivii
3167,NA,NA,NA,NA,Turnix castanotus
3168,NA,NA,NA,NA,Turnix pyrrhothorax
3169,Food - human,NA,non-trivial,recent,Turnix everetti
3170,Food - human,NA,non-trivial,recent,Turnix worcesteri
3171,NA,NA,NA,NA,Turnix velox
3172,NA,NA,NA,NA,Ortyxelos meiffrenii
3173,NA,NA,NA,NA,Dromas ardeola
3174,NA,NA,NA,NA,Smutsornis africanus
3175,NA,NA,NA,NA,Rhinoptilus cinctus
3176,NA,NA,NA,NA,Rhinoptilus chalcopterus
3177,NA,NA,NA,NA,Rhinoptilus bitorquatus
3178,NA,NA,NA,NA,Cursorius cursor
3179,NA,NA,NA,NA,Cursorius somalensis
3180,NA,NA,NA,NA,Cursorius rufus
3181,NA,NA,NA,NA,Cursorius temminckii
3182,NA,NA,NA,NA,Cursorius coromandelicus
3183,NA,NA,NA,NA,Stiltia isabella
3184,Food - human,,non-trivial,recent,Glareola pratincola
3185,"Pets/display animals, horticulture",international,non-trivial,recent,Glareola pratincola
3186,Food - human,,non-trivial,recent,Glareola maldivarum
3187,"Pets/display animals, horticulture",international,non-trivial,recent,Glareola maldivarum
3188,NA,NA,NA,NA,Glareola nordmanni
3189,NA,NA,NA,NA,Glareola ocularis
3190,NA,NA,NA,NA,Glareola nuchalis
3191,NA,NA,NA,NA,Glareola cinerea
3192,NA,NA,NA,NA,Glareola lactea
3193,NA,NA,NA,NA,Anous stolidus
3194,NA,NA,NA,NA,Anous tenuirostris
3195,NA,NA,NA,NA,Anous minutus
3196,NA,NA,NA,NA,Anous ceruleus
3197,NA,NA,NA,NA,Anous albivittus
3198,NA,NA,NA,NA,Gygis alba
3199,NA,NA,NA,NA,Gygis candida
3200,NA,NA,NA,NA,Gygis microrhyncha
3201,NA,NA,NA,NA,Rynchops niger
3202,Food - human,NA,non-trivial,recent,Rynchops flavirostris
3203,Food - human,NA,non-trivial,recent,Rynchops albicollis
3204,Food - human,NA,non-trivial,recent,Saundersilarus saundersi
3205,"Pets/display animals, horticulture",NA,non-trivial,recent,Saundersilarus saundersi
3206,Sport hunting/specimen collecting,NA,non-trivial,recent,Hydrocoloeus minutus
3207,Food - human,NA,non-trivial,recent,Rhodostethia rosea
3208,NA,NA,NA,NA,Creagrus furcatus
3209,NA,NA,NA,NA,Xema sabini
3210,NA,NA,NA,NA,Pagophila eburnea
3211,Food - human,NA,non-trivial,recent,Rissa brevirostris
3212,Food - human,,non-trivial,recent,Rissa tridactyla
3213,"Pets/display animals, horticulture",international,non-trivial,recent,Rissa tridactyla
3214,"Pets/display animals, horticulture",international,non-trivial,recent,Larus philadelphia
3215,Sport hunting/specimen collecting,NA,non-trivial,recent,Larus genei
3216,Food - human,NA,non-trivial,recent,Larus brunnicephalus
3217,Food - human,,non-trivial,recent,Larus ridibundus
3218,"Pets/display animals, horticulture",international,non-trivial,recent,Larus ridibundus
3219,Sport hunting/specimen collecting,,non-trivial,recent,Larus ridibundus
3220,NA,NA,NA,NA,Larus serranus
3221,NA,NA,NA,NA,Larus maculipennis
3222,NA,NA,NA,NA,Larus hartlaubii
3223,Food - human,,non-trivial,recent,Larus cirrocephalus
3224,Medicine - human & veterinary,,non-trivial,recent,Larus cirrocephalus
3225,"Pets/display animals, horticulture",international,non-trivial,recent,Larus cirrocephalus
3226,"Pets/display animals, horticulture",international,non-trivial,recent,Larus novaehollandiae
3227,"Pets/display animals, horticulture",international,non-trivial,recent,Larus novaehollandiae
3228,NA,NA,NA,NA,Larus bulleri
3229,Food - human,,non-trivial,recent,Larus modestus
3230,"Pets/display animals, horticulture",international,non-trivial,recent,Larus modestus
3231,NA,NA,NA,NA,Larus scoresbii
3232,"Pets/display animals, horticulture",international,non-trivial,recent,Larus pipixcan
3233,"Pets/display animals, horticulture",international,non-trivial,recent,Larus atricilla
3234,NA,NA,NA,NA,Larus fuliginosus
3235,"Pets/display animals, horticulture",international,non-trivial,recent,Larus ichthyaetus
3236,Food - human,NA,non-trivial,recent,Larus relictus
3237,Food - human,NA,non-trivial,recent,Larus melanocephalus
3238,Sport hunting/specimen collecting,NA,non-trivial,recent,Larus melanocephalus
3239,Food - human,NA,non-trivial,recent,Larus hemprichii
3240,Food - human,,non-trivial,recent,Larus leucophthalmus
3241,Food - human,,non-trivial,recent,Larus leucophthalmus
3242,"Pets/display animals, horticulture",international,non-trivial,recent,Larus leucophthalmus
3243,"Pets/display animals, horticulture",international,non-trivial,recent,Larus leucophthalmus
3244,Food - human,,non-trivial,recent,Larus audouinii
3245,"Pets/display animals, horticulture",international,non-trivial,recent,Larus audouinii
3246,Sport hunting/specimen collecting,,non-trivial,recent,Larus audouinii
3247,"Pets/display animals, horticulture",international,non-trivial,recent,Larus heermanni
3248,NA,NA,NA,NA,Larus pacificus
3249,Food - human,,non-trivial,recent,Larus crassirostris
3250,Food - human,,non-trivial,recent,Larus crassirostris
3251,"Pets/display animals, horticulture",international,non-trivial,recent,Larus crassirostris
3252,"Pets/display animals, horticulture",international,non-trivial,recent,Larus crassirostris
3253,NA,NA,NA,NA,Larus belcheri
3254,Food - human,NA,non-trivial,recent,Larus atlanticus
3255,"Pets/display animals, horticulture",international,non-trivial,recent,Larus delawarensis
3256,Food - human,,non-trivial,recent,Larus canus
3257,"Pets/display animals, horticulture",international,non-trivial,recent,Larus canus
3258,Sport hunting/specimen collecting,,non-trivial,recent,Larus canus
3259,NA,NA,NA,NA,Larus livens
3260,"Pets/display animals, horticulture",international,non-trivial,recent,Larus occidentalis
3261,Food - human,,non-trivial,recent,Larus californicus
3262,"Pets/display animals, horticulture",international,non-trivial,recent,Larus californicus
3263,"Pets/display animals, horticulture",international,non-trivial,recent,Larus dominicanus
3264,Sport hunting/specimen collecting,,non-trivial,recent,Larus dominicanus
3265,"Pets/display animals, horticulture",international,non-trivial,recent,Larus fuscus
3266,Sport hunting/specimen collecting,,non-trivial,recent,Larus fuscus
3267,Food - human,,non-trivial,recent,Larus argentatus
3268,"Pets/display animals, horticulture",international,non-trivial,recent,Larus argentatus
3269,Sport hunting/specimen collecting,,non-trivial,recent,Larus argentatus
3270,Food - human,NA,non-trivial,recent,Larus armenicus
3271,NA,NA,NA,NA,Larus michahellis
3272,NA,NA,NA,NA,Larus cachinnans
3273,Food - human,,non-trivial,recent,Larus smithsonianus
3274,"Pets/display animals, horticulture",international,non-trivial,recent,Larus smithsonianus
3275,Sport hunting/specimen collecting,,non-trivial,recent,Larus smithsonianus
3276,Food - human,NA,non-trivial,recent,Larus glaucoides
3277,"Pets/display animals, horticulture",international,non-trivial,recent,Larus schistisagus
3278,NA,NA,NA,NA,Larus glaucescens
3279,NA,NA,NA,NA,Larus hyperboreus
3280,"Pets/display animals, horticulture",international,non-trivial,recent,Larus marinus
3281,Sport hunting/specimen collecting,,non-trivial,recent,Larus marinus
3282,NA,NA,NA,NA,Onychoprion aleuticus
3283,Food - human,,non-trivial,recent,Onychoprion fuscatus
3284,"Pets/display animals, horticulture",international,non-trivial,recent,Onychoprion fuscatus
3285,"Pets/display animals, horticulture",international,non-trivial,recent,Onychoprion anaethetus
3286,NA,NA,NA,NA,Onychoprion lunatus
3287,Sport hunting/specimen collecting,NA,non-trivial,recent,Sternula albifrons
3288,NA,NA,NA,NA,Sternula saundersi
3289,NA,NA,NA,NA,Sternula antillarum
3290,NA,NA,NA,NA,Sternula superciliaris
3291,NA,NA,NA,NA,Sternula lorata
3292,NA,NA,NA,NA,Sternula nereis
3293,NA,NA,NA,NA,Sternula balaenarum
3294,NA,NA,NA,NA,Phaetusa simplex
3295,NA,NA,NA,NA,Gelochelidon nilotica
3296,NA,NA,NA,NA,Gelochelidon macrotarsa
3297,"Pets/display animals, horticulture",international,non-trivial,recent,Hydroprogne caspia
3298,Sport hunting/specimen collecting,,non-trivial,recent,Hydroprogne caspia
3299,"Pets/display animals, horticulture",international,non-trivial,recent,Larosterna inca
3300,NA,NA,NA,NA,Chlidonias albostriatus
3301,Food - human,,non-trivial,recent,Chlidonias hybrida
3302,"Pets/display animals, horticulture",international,non-trivial,recent,Chlidonias hybrida
3303,Sport hunting/specimen collecting,,non-trivial,recent,Chlidonias hybrida
3304,Food - human,,non-trivial,recent,Chlidonias leucopterus
3305,"Pets/display animals, horticulture",international,non-trivial,recent,Chlidonias leucopterus
3306,Sport hunting/specimen collecting,,non-trivial,recent,Chlidonias leucopterus
3307,Sport hunting/specimen collecting,NA,non-trivial,recent,Chlidonias niger
3308,NA,NA,NA,NA,Sterna aurantia
3309,Food - human,,non-trivial,recent,Sterna dougallii
3310,"Pets/display animals, horticulture",international,non-trivial,recent,Sterna dougallii
3311,Sport hunting/specimen collecting,,non-trivial,recent,Sterna dougallii
3312,NA,NA,NA,NA,Sterna striata
3313,NA,NA,NA,NA,Sterna sumatrana
3314,NA,NA,NA,NA,Sterna hirundinacea
3315,Food - human,,non-trivial,recent,Sterna hirundo
3316,"Pets/display animals, horticulture",international,non-trivial,recent,Sterna hirundo
3317,Food - human,NA,non-trivial,recent,Sterna repressa
3318,"Pets/display animals, horticulture",international,non-trivial,recent,Sterna paradisaea
3319,NA,NA,NA,NA,Sterna vittata
3320,NA,NA,NA,NA,Sterna virgata
3321,"Pets/display animals, horticulture",international,non-trivial,recent,Sterna forsteri
3322,NA,NA,NA,NA,Sterna trudeaui
3323,Food - human,NA,non-trivial,recent,Sterna acuticauda
3324,NA,NA,NA,NA,Thalasseus bengalensis
3325,Food - human,NA,non-trivial,recent,Thalasseus bernsteini
3326,Food - human,NA,non-trivial,recent,Thalasseus elegans
3327,Food - human,NA,non-trivial,recent,Thalasseus sandvicensis
3328,Sport hunting/specimen collecting,NA,non-trivial,recent,Thalasseus sandvicensis
3329,"Pets/display animals, horticulture",international,non-trivial,recent,Thalasseus maximus
3330,Food - human,,non-trivial,recent,Thalasseus bergii
3331,Food - human,,non-trivial,recent,Thalasseus bergii
3332,"Pets/display animals, horticulture",international,non-trivial,recent,Thalasseus bergii
3333,"Pets/display animals, horticulture",international,non-trivial,recent,Thalasseus bergii
3334,NA,NA,NA,NA,Stercorarius longicaudus
3335,Sport hunting/specimen collecting,NA,non-trivial,recent,Stercorarius parasiticus
3336,Sport hunting/specimen collecting,NA,non-trivial,recent,Stercorarius pomarinus
3337,"Pets/display animals, horticulture",international,non-trivial,recent,Catharacta skua
3338,NA,NA,NA,NA,Catharacta maccormicki
3339,NA,NA,NA,NA,Catharacta antarctica
3340,Food - human,NA,non-trivial,recent,Catharacta chilensis
3341,Food - human,,non-trivial,recent,Cerorhinca monocerata
3342,"Pets/display animals, horticulture",international,non-trivial,recent,Cerorhinca monocerata
3343,"Pets/display animals, horticulture",international,non-trivial,recent,Fratercula cirrhata
3344,Food - human,NA,non-trivial,recent,Fratercula arctica
3345,"Pets/display animals, horticulture",international,non-trivial,recent,Fratercula corniculata
3346,Food - human,NA,non-trivial,recent,Ptychoramphus aleuticus
3347,Food - human,,non-trivial,recent,Aethia psittacula
3348,"Pets/display animals, horticulture",international,non-trivial,recent,Aethia psittacula
3349,Food - human,,non-trivial,recent,Aethia pusilla
3350,"Pets/display animals, horticulture",international,non-trivial,recent,Aethia pusilla
3351,"Pets/display animals, horticulture",international,non-trivial,recent,Aethia pygmaea
3352,Food - human,,non-trivial,recent,Aethia cristatella
3353,"Pets/display animals, horticulture",international,non-trivial,recent,Aethia cristatella
3354,NA,NA,NA,NA,Brachyramphus perdix
3355,NA,NA,NA,NA,Brachyramphus marmoratus
3356,NA,NA,NA,NA,Brachyramphus brevirostris
3357,"Pets/display animals, horticulture",international,non-trivial,recent,Cepphus grylle
3358,"Pets/display animals, horticulture",international,non-trivial,recent,Cepphus columba
3359,Food - human,,non-trivial,recent,Cepphus carbo
3360,"Pets/display animals, horticulture",international,non-trivial,recent,Cepphus carbo
3361,NA,NA,NA,NA,Synthliboramphus antiquus
3362,Food - human,NA,non-trivial,recent,Synthliboramphus wumizusume
3363,NA,NA,NA,NA,Synthliboramphus scrippsi
3364,NA,NA,NA,NA,Synthliboramphus hypoleucus
3365,Food - human,NA,non-trivial,recent,Synthliboramphus craveri
3366,Food - human,,non-trivial,recent,Alca torda
3367,"Pets/display animals, horticulture",international,non-trivial,recent,Alca torda
3368,Food - human,NA,non-trivial,recent,Alle alle
3369,Food - human,,non-trivial,recent,Uria lomvia
3370,Food - human,,non-trivial,recent,Uria lomvia
3371,"Pets/display animals, horticulture",international,non-trivial,recent,Uria lomvia
3372,"Pets/display animals, horticulture",international,non-trivial,recent,Uria lomvia
3373,Food - human,,non-trivial,recent,Uria aalge
3374,Food - human,,non-trivial,recent,Uria aalge
3375,"Pets/display animals, horticulture",international,non-trivial,recent,Uria aalge
3376,"Pets/display animals, horticulture",international,non-trivial,recent,Uria aalge
3377,"Pets/display animals, horticulture",international,non-trivial,recent,Phodilus badius
3378,"Pets/display animals, horticulture",international,non-trivial,recent,Phodilus assimilis
3379,NA,NA,NA,NA,Phodilus prigoginei
3380,NA,NA,NA,NA,Tyto capensis
3381,NA,NA,NA,NA,Tyto longimembris
3382,"Pets/display animals, horticulture",international,non-trivial,recent,Tyto tenebricosa
3383,"Pets/display animals, horticulture",international,non-trivial,recent,Tyto multipunctata
3384,NA,NA,NA,NA,Tyto novaehollandiae
3385,"Pets/display animals, horticulture",international,non-trivial,recent,Tyto aurantia
3386,NA,NA,NA,NA,Tyto nigrobrunnea
3387,NA,NA,NA,NA,Tyto inexspectata
3388,NA,NA,NA,NA,Tyto rosenbergii
3389,Food - human,,non-trivial,recent,Tyto soumagnei
3390,Medicine - human & veterinary,international,non-trivial,recent,Tyto soumagnei
3391,Other household goods,,non-trivial,recent,Tyto alba
3392,"Pets/display animals, horticulture",international,non-trivial,recent,Tyto alba
3393,Sport hunting/specimen collecting,,non-trivial,recent,Tyto alba
3394,NA,NA,NA,NA,Tyto glaucops
3395,NA,NA,NA,NA,Ninox rufa
3396,NA,NA,NA,NA,Ninox strenua
3397,NA,NA,NA,NA,Ninox connivens
3398,NA,NA,NA,NA,Ninox rudolfi
3399,NA,NA,NA,NA,Ninox affinis
3400,NA,NA,NA,NA,Ninox boobook
3401,NA,NA,NA,NA,Ninox rotiensis
3402,Food - human,NA,non-trivial,recent,Ninox fusca
3403,NA,NA,NA,NA,Ninox plesseni
3404,"Pets/display animals, horticulture",international,non-trivial,recent,Ninox leucopsis
3405,"Pets/display animals, horticulture",international,non-trivial,recent,Ninox novaeseelandiae
3406,NA,NA,NA,NA,Ninox sumbaensis
3407,Food - human,,non-trivial,recent,Ninox scutulata
3408,"Pets/display animals, horticulture",international,non-trivial,recent,Ninox scutulata
3409,Food - human,,non-trivial,recent,Ninox obscura
3410,"Pets/display animals, horticulture",international,non-trivial,recent,Ninox obscura
3411,Food - human,,non-trivial,recent,Ninox japonica
3412,"Pets/display animals, horticulture",international,non-trivial,recent,Ninox japonica
3413,Food - human,,non-trivial,recent,Ninox randi
3414,"Pets/display animals, horticulture",international,non-trivial,recent,Ninox randi
3415,"Pets/display animals, horticulture",international,non-trivial,recent,Ninox philippensis
3416,"Pets/display animals, horticulture",international,non-trivial,recent,Ninox spilocephala
3417,"Pets/display animals, horticulture",international,non-trivial,recent,Ninox mindorensis
3418,"Pets/display animals, horticulture",international,non-trivial,recent,Ninox spilonotus
3419,"Pets/display animals, horticulture",international,non-trivial,recent,Ninox rumseyi
3420,"Pets/display animals, horticulture",international,non-trivial,recent,Ninox leventisi
3421,"Pets/display animals, horticulture",international,non-trivial,recent,Ninox reyi
3422,NA,NA,NA,NA,Ninox ochracea
3423,NA,NA,NA,NA,Ninox burhani
3424,NA,NA,NA,NA,Ninox ios
3425,NA,NA,NA,NA,Ninox hypogramma
3426,NA,NA,NA,NA,Ninox forbesi
3427,NA,NA,NA,NA,Ninox squamipila
3428,NA,NA,NA,NA,Ninox hantu
3429,NA,NA,NA,NA,Ninox natalis
3430,NA,NA,NA,NA,Ninox theomacha
3431,NA,NA,NA,NA,Ninox meeki
3432,NA,NA,NA,NA,Ninox punctulata
3433,NA,NA,NA,NA,Ninox variegata
3434,NA,NA,NA,NA,Ninox odiosa
3435,"Pets/display animals, horticulture",international,non-trivial,recent,Ninox jacquinoti
3436,"Pets/display animals, horticulture",international,non-trivial,recent,Ninox granti
3437,"Pets/display animals, horticulture",international,non-trivial,recent,Ninox malaitae
3438,"Pets/display animals, horticulture",international,non-trivial,recent,Ninox roseoaxillaris
3439,NA,NA,NA,NA,Uroglaux dimorpha
3440,"Pets/display animals, horticulture",international,non-trivial,recent,Surnia ulula
3441,NA,NA,NA,NA,Glaucidium passerinum
3442,NA,NA,NA,NA,Glaucidium brodiei
3443,NA,NA,NA,NA,Glaucidium sylvaticum
3444,NA,NA,NA,NA,Glaucidium perlatum
3445,NA,NA,NA,NA,Glaucidium tephronotum
3446,NA,NA,NA,NA,Glaucidium sjostedti
3447,NA,NA,NA,NA,Glaucidium cuculoides
3448,NA,NA,NA,NA,Glaucidium castanopterum
3449,NA,NA,NA,NA,Glaucidium radiatum
3450,NA,NA,NA,NA,Glaucidium castanotum
3451,"Pets/display animals, horticulture",international,non-trivial,recent,Glaucidium capense
3452,NA,NA,NA,NA,Glaucidium castaneum
3453,NA,NA,NA,NA,Glaucidium albertinum
3454,NA,NA,NA,NA,Glaucidium gnoma
3455,NA,NA,NA,NA,Glaucidium costaricanum
3456,NA,NA,NA,NA,Glaucidium nubicola
3457,NA,NA,NA,NA,Glaucidium jardinii
3458,NA,NA,NA,NA,Glaucidium bolivianum
3459,NA,NA,NA,NA,Glaucidium palmarum
3460,NA,NA,NA,NA,Glaucidium sanchezi
3461,NA,NA,NA,NA,Glaucidium griseiceps
3462,"Pets/display animals, horticulture",international,non-trivial,recent,Glaucidium parkeri
3463,"Pets/display animals, horticulture",international,non-trivial,recent,Glaucidium hardyi
3464,"Pets/display animals, horticulture",international,non-trivial,recent,Glaucidium minutissimum
3465,"Pets/display animals, horticulture",international,non-trivial,recent,Glaucidium brasilianum
3466,NA,NA,NA,NA,Glaucidium peruanum
3467,NA,NA,NA,NA,Glaucidium nana
3468,NA,NA,NA,NA,Glaucidium siju
3469,NA,NA,NA,NA,Xenoglaux loweryi
3470,"Pets/display animals, horticulture",international,non-trivial,recent,Micrathene whitneyi
3471,NA,NA,NA,NA,Athene cunicularia
3472,NA,NA,NA,NA,Athene brama
3473,"Pets/display animals, horticulture",international,non-trivial,recent,Athene noctua
3474,Sport hunting/specimen collecting,,non-trivial,recent,Athene noctua
3475,NA,NA,NA,NA,Athene superciliaris
3476,Other household goods,,non-trivial,recent,Athene blewitti
3477,"Pets/display animals, horticulture",international,non-trivial,recent,Athene blewitti
3478,"Pets/display animals, horticulture",international,non-trivial,recent,Aegolius funereus
3479,NA,NA,NA,NA,Aegolius acadicus
3480,NA,NA,NA,NA,Aegolius ridgwayi
3481,NA,NA,NA,NA,Aegolius harrisii
3482,NA,NA,NA,NA,Otus sagittatus
3483,NA,NA,NA,NA,Otus rufescens
3484,NA,NA,NA,NA,Otus thilohoffmanni
3485,NA,NA,NA,NA,Otus icterorhynchus
3486,NA,NA,NA,NA,Otus ireneae
3487,NA,NA,NA,NA,Otus gurneyi
3488,Food - human,,non-trivial,recent,Otus semitorques
3489,Medicine - human & veterinary,,non-trivial,recent,Otus semitorques
3490,"Pets/display animals, horticulture",international,non-trivial,recent,Otus semitorques
3491,Food - human,,non-trivial,recent,Otus lettia
3492,Medicine - human & veterinary,,non-trivial,recent,Otus lettia
3493,"Pets/display animals, horticulture",international,non-trivial,recent,Otus lettia
3494,Food - human,,non-trivial,recent,Otus lempiji
3495,Medicine - human & veterinary,,non-trivial,recent,Otus lempiji
3496,"Pets/display animals, horticulture",international,non-trivial,recent,Otus lempiji
3497,Food - human,,non-trivial,recent,Otus bakkamoena
3498,Medicine - human & veterinary,,non-trivial,recent,Otus bakkamoena
3499,"Pets/display animals, horticulture",international,non-trivial,recent,Otus bakkamoena
3500,"Pets/display animals, horticulture",international,non-trivial,recent,Otus megalotis
3501,"Pets/display animals, horticulture",international,non-trivial,recent,Otus nigrorum
3502,"Pets/display animals, horticulture",international,non-trivial,recent,Otus everetti
3503,NA,NA,NA,NA,Otus fuliginosus
3504,NA,NA,NA,NA,Otus mentawi
3505,NA,NA,NA,NA,Otus silvicola
3506,NA,NA,NA,NA,Otus enganensis
3507,NA,NA,NA,NA,Otus umbra
3508,NA,NA,NA,NA,Otus alius
3509,NA,NA,NA,NA,Otus balli
3510,NA,NA,NA,NA,Otus alfredi
3511,NA,NA,NA,NA,Otus spilocephalus
3512,NA,NA,NA,NA,Otus angelinae
3513,"Pets/display animals, horticulture",international,non-trivial,recent,Otus brookii
3514,NA,NA,NA,NA,Otus pamelae
3515,NA,NA,NA,NA,Otus pembaensis
3516,"Pets/display animals, horticulture",international,non-trivial,recent,Otus senegalensis
3517,NA,NA,NA,NA,Otus feae
3518,NA,NA,NA,NA,Otus hartlaubi
3519,NA,NA,NA,NA,Otus bikegila
3520,"Pets/display animals, horticulture",international,non-trivial,recent,Otus scops
3521,NA,NA,NA,NA,Otus cyprius
3522,"Pets/display animals, horticulture",international,non-trivial,recent,Otus brucei
3523,NA,NA,NA,NA,Otus longicornis
3524,NA,NA,NA,NA,Otus mirus
3525,NA,NA,NA,NA,Otus mindorensis
3526,NA,NA,NA,NA,Otus rutilus
3527,NA,NA,NA,NA,Otus mayottensis
3528,Food - human,NA,non-trivial,recent,Otus capnodes
3529,NA,NA,NA,NA,Otus pauliani
3530,Food - human,NA,non-trivial,recent,Otus moheliensis
3531,NA,NA,NA,NA,Otus socotranus
3532,NA,NA,NA,NA,Otus insularis
3533,Food - human,,non-trivial,recent,Otus sunia
3534,"Pets/display animals, horticulture",international,non-trivial,recent,Otus sunia
3535,"Pets/display animals, horticulture",international,non-trivial,recent,Otus elegans
3536,NA,NA,NA,NA,Otus siaoensis
3537,NA,NA,NA,NA,Otus manadensis
3538,NA,NA,NA,NA,Otus sulaensis
3539,NA,NA,NA,NA,Otus collari
3540,NA,NA,NA,NA,Otus mantananensis
3541,NA,NA,NA,NA,Otus magicus
3542,NA,NA,NA,NA,Otus jolandae
3543,NA,NA,NA,NA,Otus tempestatis
3544,NA,NA,NA,NA,Otus beccarii
3545,NA,NA,NA,NA,Pyrroglaux podargina
3546,"Pets/display animals, horticulture",international,non-trivial,recent,Ptilopsis leucotis
3547,"Pets/display animals, horticulture",international,non-trivial,recent,Ptilopsis granti
3548,"Pets/display animals, horticulture",international,non-trivial,recent,Asio stygius
3549,Food - human,,non-trivial,recent,Asio otus
3550,"Pets/display animals, horticulture",international,non-trivial,recent,Asio otus
3551,Sport hunting/specimen collecting,,non-trivial,recent,Asio otus
3552,NA,NA,NA,NA,Asio abyssinicus
3553,NA,NA,NA,NA,Asio madagascariensis
3554,"Pets/display animals, horticulture",international,non-trivial,recent,Asio clamator
3555,"Pets/display animals, horticulture",international,non-trivial,recent,Asio flammeus
3556,Sport hunting/specimen collecting,,non-trivial,recent,Asio flammeus
3557,"Pets/display animals, horticulture",international,non-trivial,recent,Asio capensis
3558,NA,NA,NA,NA,Pseudoscops grammicus
3559,NA,NA,NA,NA,Nesasio solomonensis
3560,NA,NA,NA,NA,Psiloscops flammeolus
3561,NA,NA,NA,NA,Megascops kennicottii
3562,NA,NA,NA,NA,Megascops seductus
3563,NA,NA,NA,NA,Megascops cooperi
3564,"Pets/display animals, horticulture",international,non-trivial,recent,Megascops asio
3565,NA,NA,NA,NA,Megascops trichopsis
3566,"Pets/display animals, horticulture",NA,non-trivial,recent,Megascops choliba
3567,NA,NA,NA,NA,Megascops roboratus
3568,NA,NA,NA,NA,Megascops koepckeae
3569,NA,NA,NA,NA,Megascops clarkii
3570,"Pets/display animals, horticulture",international,non-trivial,recent,Megascops barbarus
3571,NA,NA,NA,NA,Megascops ingens
3572,NA,NA,NA,NA,Megascops petersoni
3573,NA,NA,NA,NA,Megascops marshalli
3574,"Pets/display animals, horticulture",international,non-trivial,recent,Megascops watsonii
3575,"Pets/display animals, horticulture",international,non-trivial,recent,Megascops guatemalae
3576,"Pets/display animals, horticulture",international,non-trivial,recent,Megascops vermiculatus
3577,NA,NA,NA,NA,Megascops hoyi
3578,NA,NA,NA,NA,Megascops atricapilla
3579,NA,NA,NA,NA,Megascops sanctaecatarinae
3580,NA,NA,NA,NA,Megascops nudipes
3581,NA,NA,NA,NA,Megascops albogularis
3582,NA,NA,NA,NA,Megascops gilesi
3583,NA,NA,NA,NA,Margarobyas lawrencii
3584,"Pets/display animals, horticulture",international,non-trivial,recent,Pulsatrix perspicillata
3585,"Pets/display animals, horticulture",international,non-trivial,recent,Pulsatrix koeniswaldiana
3586,"Pets/display animals, horticulture",international,non-trivial,recent,Pulsatrix melanota
3587,NA,NA,NA,NA,Strix seloputo
3588,NA,NA,NA,NA,Strix ocellata
3589,NA,NA,NA,NA,Strix leptogrammica
3590,"Pets/display animals, horticulture",international,non-trivial,recent,Strix aluco
3591,"Pets/display animals, horticulture",international,non-trivial,recent,Strix nivicolum
3592,"Pets/display animals, horticulture",international,non-trivial,recent,Strix hadorami
3593,NA,NA,NA,NA,Strix butleri
3594,"Pets/display animals, horticulture",international,non-trivial,recent,Strix occidentalis
3595,NA,NA,NA,NA,Strix varia
3596,NA,NA,NA,NA,Strix fulvescens
3597,"Pets/display animals, horticulture",international,non-trivial,recent,Strix hylophila
3598,NA,NA,NA,NA,Strix chacoensis
3599,NA,NA,NA,NA,Strix rufipes
3600,"Pets/display animals, horticulture",international,non-trivial,recent,Strix uralensis
3601,"Pets/display animals, horticulture",international,non-trivial,recent,Strix nebulosa
3602,NA,NA,NA,NA,Strix woodfordii
3603,NA,NA,NA,NA,Jubula lettii
3604,"Pets/display animals, horticulture",international,non-trivial,recent,Lophostrix cristata
3605,Food - human,,non-trivial,recent,Bubo scandiacus
3606,Other household goods,,non-trivial,recent,Bubo scandiacus
3607,"Pets/display animals, horticulture",international,non-trivial,recent,Bubo scandiacus
3608,"Pets/display animals, horticulture",international,non-trivial,recent,Bubo virginianus
3609,"Pets/display animals, horticulture",international,non-trivial,recent,Bubo virginianus
3610,Sport hunting/specimen collecting,,non-trivial,recent,Bubo virginianus
3611,Sport hunting/specimen collecting,,non-trivial,recent,Bubo virginianus
3612,"Pets/display animals, horticulture",international,non-trivial,recent,Bubo magellanicus
3613,Sport hunting/specimen collecting,,non-trivial,recent,Bubo magellanicus
3614,Medicine - human & veterinary,,non-trivial,recent,Bubo bubo
3615,"Pets/display animals, horticulture",international,non-trivial,recent,Bubo bubo
3616,"Pets/display animals, horticulture",international,non-trivial,recent,Bubo ascalaphus
3617,NA,NA,NA,NA,Bubo bengalensis
3618,NA,NA,NA,NA,Bubo capensis
3619,NA,NA,NA,NA,Bubo africanus
3620,NA,NA,NA,NA,Bubo milesi
3621,"Pets/display animals, horticulture",international,non-trivial,recent,Bubo cinerascens
3622,"Pets/display animals, horticulture",international,non-trivial,recent,Bubo poensis
3623,NA,NA,NA,NA,Bubo lacteus
3624,NA,NA,NA,NA,Bubo shelleyi
3625,Food - human,international,non-trivial,recent,Bubo sumatranus
3626,"Pets/display animals, horticulture",international,non-trivial,recent,Bubo sumatranus
3627,"Pets/display animals, horticulture",international,non-trivial,recent,Bubo nipalensis
3628,NA,NA,NA,NA,Bubo coromandus
3629,"Pets/display animals, horticulture",international,non-trivial,recent,Bubo leucostictus
3630,NA,NA,NA,NA,Bubo philippensis
3631,NA,NA,NA,NA,Bubo blakistoni
3632,NA,NA,NA,NA,Ketupa zeylonensis
3633,"Pets/display animals, horticulture",international,non-trivial,recent,Ketupa flavipes
3634,NA,NA,NA,NA,Ketupa ketupu
3635,"Pets/display animals, horticulture",international,non-trivial,recent,Scotopelia peli
3636,Food - human,NA,non-trivial,recent,Scotopelia ussheri
3637,"Pets/display animals, horticulture",NA,non-trivial,recent,Scotopelia ussheri
3638,"Pets/display animals, horticulture",international,non-trivial,recent,Scotopelia bouvieri
3639,NA,NA,NA,NA,Ciccaba virgata
3640,"Pets/display animals, horticulture",international,non-trivial,recent,Ciccaba nigrolineata
3641,NA,NA,NA,NA,Ciccaba huhula
3642,"Pets/display animals, horticulture",international,non-trivial,recent,Ciccaba albitarsis
3643,Food - human,,non-trivial,recent,Cathartes aura
3644,"Pets/display animals, horticulture",international,non-trivial,recent,Cathartes aura
3645,"Pets/display animals, horticulture",international,non-trivial,recent,Cathartes burrovianus
3646,NA,NA,NA,NA,Cathartes melambrotus
3647,NA,NA,NA,NA,Coragyps atratus
3648,Sport hunting/specimen collecting,NA,non-trivial,recent,Sarcoramphus papa
3649,"Pets/display animals, horticulture",international,non-trivial,recent,Gymnogyps californianus
3650,"Pets/display animals, horticulture",international,non-trivial,recent,Vultur gryphus
3651,Medicine - human & veterinary,,non-trivial,recent,Sagittarius serpentarius
3652,"Pets/display animals, horticulture",international,non-trivial,recent,Sagittarius serpentarius
3653,"Pets/display animals, horticulture",international,non-trivial,recent,Pandion haliaetus
3654,Sport hunting/specimen collecting,,non-trivial,recent,Pandion haliaetus
3655,"Pets/display animals, horticulture",international,non-trivial,recent,Gampsonyx swainsonii
3656,"Pets/display animals, horticulture",international,non-trivial,recent,Chelictinia riocourii
3657,NA,NA,NA,NA,Elanus axillaris
3658,"Pets/display animals, horticulture",international,non-trivial,recent,Elanus scriptus
3659,"Pets/display animals, horticulture",international,non-trivial,recent,Elanus leucurus
3660,Food - human,,non-trivial,recent,Elanus caeruleus
3661,"Pets/display animals, horticulture",international,non-trivial,recent,Elanus caeruleus
3662,Sport hunting/specimen collecting,,non-trivial,recent,Elanus caeruleus
3663,"Pets/display animals, horticulture",international,non-trivial,recent,Leptodon cayanensis
3664,"Pets/display animals, horticulture",international,non-trivial,recent,Leptodon forbesi
3665,"Pets/display animals, horticulture",international,non-trivial,recent,Chondrohierax uncinatus
3666,"Pets/display animals, horticulture",international,non-trivial,recent,Chondrohierax wilsonii
3667,NA,NA,NA,NA,Elanoides forficatus
3668,"Pets/display animals, horticulture",NA,non-trivial,recent,Pernis apivorus
3669,Sport hunting/specimen collecting,NA,non-trivial,recent,Pernis apivorus
3670,"Pets/display animals, horticulture",international,non-trivial,recent,Pernis ptilorhynchus
3671,Sport hunting/specimen collecting,,non-trivial,recent,Pernis ptilorhynchus
3672,"Pets/display animals, horticulture",international,non-trivial,recent,Pernis celebensis
3673,"Pets/display animals, horticulture",international,non-trivial,recent,Pernis steerei
3674,NA,NA,NA,NA,Hamirostra melanosternon
3675,"Pets/display animals, horticulture",international,non-trivial,recent,Lophoictinia isura
3676,Sport hunting/specimen collecting,,non-trivial,recent,Lophoictinia isura
3677,NA,NA,NA,NA,Henicopernis longicauda
3678,Food - human,,non-trivial,recent,Henicopernis infuscatus
3679,"Pets/display animals, horticulture",international,non-trivial,recent,Henicopernis infuscatus
3680,Sport hunting/specimen collecting,,non-trivial,recent,Henicopernis infuscatus
3681,Medicine - human & veterinary,,non-trivial,recent,Aviceda cuculoides
3682,"Pets/display animals, horticulture",international,non-trivial,recent,Aviceda cuculoides
3683,NA,NA,NA,NA,Aviceda madagascariensis
3684,"Pets/display animals, horticulture",international,non-trivial,recent,Aviceda jerdoni
3685,"Pets/display animals, horticulture",international,non-trivial,recent,Aviceda subcristata
3686,"Pets/display animals, horticulture",international,non-trivial,recent,Aviceda leuphotes
3687,NA,NA,NA,NA,Eutriorchis astur
3688,"Pets/display animals, horticulture",international,non-trivial,recent,Polyboroides typus
3689,NA,NA,NA,NA,Polyboroides radiatus
3690,"Pets/display animals, horticulture",international,non-trivial,recent,Gypohierax angolensis
3691,Food - human,,non-trivial,recent,Gypaetus barbatus
3692,Medicine - human & veterinary,,non-trivial,recent,Gypaetus barbatus
3693,"Pets/display animals, horticulture",international,non-trivial,recent,Gypaetus barbatus
3694,Sport hunting/specimen collecting,,non-trivial,recent,Gypaetus barbatus
3695,Medicine - human & veterinary,,non-trivial,recent,Neophron percnopterus
3696,"Pets/display animals, horticulture",international,non-trivial,recent,Neophron percnopterus
3697,"Pets/display animals, horticulture",international,non-trivial,recent,Spilornis cheela
3698,NA,NA,NA,NA,Spilornis holospilus
3699,NA,NA,NA,NA,Spilornis klossi
3700,"Pets/display animals, horticulture",international,non-trivial,recent,Spilornis kinabaluensis
3701,NA,NA,NA,NA,Spilornis rufipectus
3702,NA,NA,NA,NA,Spilornis elgini
3703,NA,NA,NA,NA,Dryotriorchis spectabilis
3704,"Pets/display animals, horticulture",international,non-trivial,recent,Terathopius ecaudatus
3705,Food - human,,non-trivial,recent,Pithecophaga jefferyi
3706,"Pets/display animals, horticulture",,non-trivial,recent,Pithecophaga jefferyi
3707,Sport hunting/specimen collecting,international,non-trivial,recent,Pithecophaga jefferyi
3708,"Pets/display animals, horticulture",international,non-trivial,recent,Circaetus gallicus
3709,Sport hunting/specimen collecting,,non-trivial,recent,Circaetus gallicus
3710,"Pets/display animals, horticulture",international,non-trivial,recent,Circaetus beaudouini
3711,"Pets/display animals, horticulture",international,non-trivial,recent,Circaetus pectoralis
3712,Medicine - human & veterinary,,non-trivial,recent,Circaetus cinereus
3713,"Pets/display animals, horticulture",international,non-trivial,recent,Circaetus cinereus
3714,"Pets/display animals, horticulture",international,non-trivial,recent,Circaetus fasciolatus
3715,NA,NA,NA,NA,Circaetus cinerascens
3716,Medicine - human & veterinary,,non-trivial,recent,Sarcogyps calvus
3717,"Pets/display animals, horticulture",international,non-trivial,recent,Sarcogyps calvus
3718,Medicine - human & veterinary,,non-trivial,recent,Trigonoceps occipitalis
3719,"Pets/display animals, horticulture",international,non-trivial,recent,Trigonoceps occipitalis
3720,Food - human,,non-trivial,recent,Necrosyrtes monachus
3721,Medicine - human & veterinary,,non-trivial,recent,Necrosyrtes monachus
3722,"Pets/display animals, horticulture",international,non-trivial,recent,Necrosyrtes monachus
3723,"Handicrafts, jewellery, etc.",,non-trivial,recent,Gyps himalayensis
3724,Medicine - human & veterinary,,non-trivial,recent,Gyps himalayensis
3725,"Pets/display animals, horticulture",international,non-trivial,recent,Gyps himalayensis
3726,"Pets/display animals, horticulture",international,non-trivial,recent,Gyps bengalensis
3727,Medicine - human & veterinary,,non-trivial,recent,Gyps africanus
3728,"Pets/display animals, horticulture",international,non-trivial,recent,Gyps africanus
3729,"Pets/display animals, horticulture",international,non-trivial,recent,Gyps indicus
3730,"Pets/display animals, horticulture",international,non-trivial,recent,Gyps tenuirostris
3731,Food - human,,non-trivial,recent,Gyps coprotheres
3732,Medicine - human & veterinary,,non-trivial,recent,Gyps coprotheres
3733,"Pets/display animals, horticulture",international,non-trivial,recent,Gyps coprotheres
3734,Food - human,international,non-trivial,recent,Gyps rueppelli
3735,Medicine - human & veterinary,,non-trivial,recent,Gyps rueppelli
3736,Other household goods,,non-trivial,recent,Gyps rueppelli
3737,"Pets/display animals, horticulture",international,non-trivial,recent,Gyps rueppelli
3738,"Pets/display animals, horticulture",international,non-trivial,recent,Gyps fulvus
3739,Medicine - human & veterinary,,non-trivial,recent,Aegypius monachus
3740,Other household goods,,non-trivial,recent,Aegypius monachus
3741,"Pets/display animals, horticulture",international,non-trivial,recent,Aegypius monachus
3742,Medicine - human & veterinary,,non-trivial,recent,Torgos tracheliotos
3743,"Pets/display animals, horticulture",international,non-trivial,recent,Torgos tracheliotos
3744,NA,NA,NA,NA,Macheiramphus alcinus
3745,"Handicrafts, jewellery, etc.",NA,non-trivial,recent,Harpyopsis novaeguineae
3746,Food - human,,non-trivial,recent,Morphnus guianensis
3747,"Pets/display animals, horticulture",international,non-trivial,recent,Morphnus guianensis
3748,Food - human,,non-trivial,recent,Harpia harpyja
3749,"Handicrafts, jewellery, etc.",,non-trivial,recent,Harpia harpyja
3750,Other (free text),,non-trivial,recent,Harpia harpyja
3751,"Pets/display animals, horticulture",international,non-trivial,recent,Harpia harpyja
3752,"Wearing apparel, accessories",,non-trivial,recent,Harpia harpyja
3753,"Pets/display animals, horticulture",international,non-trivial,recent,Stephanoaetus coronatus
3754,"Pets/display animals, horticulture",international,non-trivial,recent,Nisaetus nipalensis
3755,"Pets/display animals, horticulture",NA,non-trivial,recent,Nisaetus bartelsi
3756,"Pets/display animals, horticulture",international,non-trivial,recent,Nisaetus nanus
3757,NA,NA,NA,NA,Nisaetus alboniger
3758,NA,NA,NA,NA,Nisaetus lanceolatus
3759,NA,NA,NA,NA,Nisaetus philippensis
3760,NA,NA,NA,NA,Nisaetus pinskeri
3761,"Pets/display animals, horticulture",international,non-trivial,recent,Nisaetus cirrhatus
3762,"Pets/display animals, horticulture",NA,non-trivial,recent,Nisaetus floris
3763,NA,NA,NA,NA,Lophotriorchis kienerii
3764,"Pets/display animals, horticulture",international,non-trivial,recent,Polemaetus bellicosus
3765,"Pets/display animals, horticulture",international,non-trivial,recent,Spizaetus tyrannus
3766,"Pets/display animals, horticulture",international,non-trivial,recent,Spizaetus melanoleucus
3767,"Pets/display animals, horticulture",international,non-trivial,recent,Spizaetus ornatus
3768,NA,NA,NA,NA,Spizaetus isidori
3769,NA,NA,NA,NA,Ictinaetus malaiensis
3770,NA,NA,NA,NA,Lophaetus occipitalis
3771,"Pets/display animals, horticulture",international,non-trivial,recent,Clanga pomarina
3772,NA,NA,NA,NA,Clanga hastata
3773,"Pets/display animals, horticulture",NA,non-trivial,recent,Clanga clanga
3774,Sport hunting/specimen collecting,NA,non-trivial,recent,Clanga clanga
3775,Food - human,,non-trivial,recent,Aquila rapax
3776,Medicine - human & veterinary,,non-trivial,recent,Aquila rapax
3777,"Pets/display animals, horticulture",international,non-trivial,recent,Aquila rapax
3778,"Pets/display animals, horticulture",international,non-trivial,recent,Aquila nipalensis
3779,"Pets/display animals, horticulture",international,non-trivial,recent,Aquila adalberti
3780,"Pets/display animals, horticulture",international,non-trivial,recent,Aquila heliaca
3781,Sport hunting/specimen collecting,,non-trivial,recent,Aquila heliaca
3782,NA,NA,NA,NA,Aquila gurneyi
3783,"Pets/display animals, horticulture",international,non-trivial,recent,Aquila chrysaetos
3784,NA,NA,NA,NA,Aquila audax
3785,"Pets/display animals, horticulture",international,non-trivial,recent,Aquila verreauxii
3786,"Pets/display animals, horticulture",international,non-trivial,recent,Aquila fasciata
3787,NA,NA,NA,NA,Aquila spilogaster
3788,"Pets/display animals, horticulture",international,non-trivial,recent,Aquila africana
3789,"Pets/display animals, horticulture",international,non-trivial,recent,Hieraaetus wahlbergi
3790,"Pets/display animals, horticulture",international,non-trivial,recent,Hieraaetus pennatus
3791,NA,NA,NA,NA,Hieraaetus weiskei
3792,NA,NA,NA,NA,Hieraaetus morphnoides
3793,"Pets/display animals, horticulture",international,non-trivial,recent,Hieraaetus ayresii
3794,NA,NA,NA,NA,Kaupifalco monogrammicus
3795,NA,NA,NA,NA,Melierax metabates
3796,NA,NA,NA,NA,Melierax canorus
3797,NA,NA,NA,NA,Melierax poliopterus
3798,NA,NA,NA,NA,Micronisus gabar
3799,"Pets/display animals, horticulture",international,non-trivial,recent,Harpagus bidentatus
3800,"Pets/display animals, horticulture",international,non-trivial,recent,Harpagus diodon
3801,Medicine - human & veterinary,,non-trivial,recent,Circus aeruginosus
3802,"Pets/display animals, horticulture",international,non-trivial,recent,Circus aeruginosus
3803,Sport hunting/specimen collecting,,non-trivial,recent,Circus aeruginosus
3804,"Pets/display animals, horticulture",NA,non-trivial,recent,Circus spilonotus
3805,Sport hunting/specimen collecting,NA,non-trivial,recent,Circus spilonotus
3806,"Pets/display animals, horticulture",NA,non-trivial,recent,Circus spilothorax
3807,Sport hunting/specimen collecting,NA,non-trivial,recent,Circus spilothorax
3808,"Pets/display animals, horticulture",international,non-trivial,recent,Circus approximans
3809,NA,NA,NA,NA,Circus ranivorus
3810,Food - human,,non-trivial,recent,Circus maillardi
3811,"Pets/display animals, horticulture",international,non-trivial,recent,Circus maillardi
3812,NA,NA,NA,NA,Circus macrosceles
3813,NA,NA,NA,NA,Circus buffoni
3814,NA,NA,NA,NA,Circus assimilis
3815,"Pets/display animals, horticulture",international,non-trivial,recent,Circus maurus
3816,"Pets/display animals, horticulture",NA,non-trivial,recent,Circus cyaneus
3817,Sport hunting/specimen collecting,NA,non-trivial,recent,Circus cyaneus
3818,"Pets/display animals, horticulture",international,non-trivial,recent,Circus hudsonius
3819,Sport hunting/specimen collecting,,non-trivial,recent,Circus hudsonius
3820,NA,NA,NA,NA,Circus cinereus
3821,"Pets/display animals, horticulture",international,non-trivial,recent,Circus macrourus
3822,Sport hunting/specimen collecting,,non-trivial,recent,Circus macrourus
3823,"Pets/display animals, horticulture",international,non-trivial,recent,Circus melanoleucos
3824,Medicine - human & veterinary,NA,non-trivial,recent,Circus pygargus
3825,"Pets/display animals, horticulture",international,non-trivial,recent,Accipiter poliogaster
3826,NA,NA,NA,NA,Accipiter trivirgatus
3827,NA,NA,NA,NA,Accipiter griseiceps
3828,"Pets/display animals, horticulture",international,non-trivial,recent,Accipiter toussenelii
3829,"Pets/display animals, horticulture",international,non-trivial,recent,Accipiter tachiro
3830,NA,NA,NA,NA,Accipiter castanilius
3831,Food - human,,non-trivial,recent,Accipiter badius
3832,"Pets/display animals, horticulture",international,non-trivial,recent,Accipiter badius
3833,Sport hunting/specimen collecting,,non-trivial,recent,Accipiter badius
3834,NA,NA,NA,NA,Accipiter butleri
3835,"Pets/display animals, horticulture",international,non-trivial,recent,Accipiter brevipes
3836,Food - human,,non-trivial,recent,Accipiter soloensis
3837,"Pets/display animals, horticulture",international,non-trivial,recent,Accipiter soloensis
3838,NA,NA,NA,NA,Accipiter francesiae
3839,NA,NA,NA,NA,Accipiter trinotatus
3840,"Pets/display animals, horticulture",international,non-trivial,recent,Accipiter sylvestris
3841,"Pets/display animals, horticulture",international,non-trivial,recent,Accipiter hiogaster
3842,"Pets/display animals, horticulture",international,non-trivial,recent,Accipiter novaehollandiae
3843,NA,NA,NA,NA,Accipiter poliocephalus
3844,NA,NA,NA,NA,Accipiter princeps
3845,NA,NA,NA,NA,Accipiter fasciatus
3846,NA,NA,NA,NA,Accipiter melanochlamys
3847,NA,NA,NA,NA,Accipiter albogularis
3848,NA,NA,NA,NA,Accipiter haplochrous
3849,NA,NA,NA,NA,Accipiter rufitorques
3850,"Pets/display animals, horticulture",international,non-trivial,recent,Accipiter henicogrammus
3851,"Pets/display animals, horticulture",international,non-trivial,recent,Accipiter luteoschistaceus
3852,NA,NA,NA,NA,Accipiter imitator
3853,NA,NA,NA,NA,Accipiter erythropus
3854,NA,NA,NA,NA,Accipiter minullus
3855,Food - human,NA,non-trivial,recent,Accipiter gularis
3856,"Pets/display animals, horticulture",NA,non-trivial,recent,Accipiter gularis
3857,Food - human,,non-trivial,recent,Accipiter virgatus
3858,"Pets/display animals, horticulture",international,non-trivial,recent,Accipiter virgatus
3859,NA,NA,NA,NA,Accipiter nanus
3860,"Pets/display animals, horticulture",international,non-trivial,recent,Accipiter erythrauchen
3861,NA,NA,NA,NA,Accipiter cirrocephalus
3862,"Pets/display animals, horticulture",international,non-trivial,recent,Accipiter brachyurus
3863,NA,NA,NA,NA,Accipiter rhodogaster
3864,"Pets/display animals, horticulture",international,non-trivial,recent,Accipiter madagascariensis
3865,"Pets/display animals, horticulture",international,non-trivial,recent,Accipiter ovampensis
3866,"Pets/display animals, horticulture",international,non-trivial,recent,Accipiter nisus
3867,Sport hunting/specimen collecting,,non-trivial,recent,Accipiter nisus
3868,NA,NA,NA,NA,Accipiter rufiventris
3869,"Pets/display animals, horticulture",international,non-trivial,recent,Accipiter striatus
3870,NA,NA,NA,NA,Accipiter cooperii
3871,"Pets/display animals, horticulture",international,non-trivial,recent,Accipiter gundlachi
3872,"Pets/display animals, horticulture",international,non-trivial,recent,Accipiter bicolor
3873,"Pets/display animals, horticulture",international,non-trivial,recent,Accipiter henstii
3874,NA,NA,NA,NA,Accipiter melanoleucus
3875,"Pets/display animals, horticulture",international,non-trivial,recent,Accipiter gentilis
3876,Sport hunting/specimen collecting,,non-trivial,recent,Accipiter gentilis
3877,"Pets/display animals, horticulture",international,non-trivial,recent,Accipiter meyerianus
3878,"Pets/display animals, horticulture",international,non-trivial,recent,Accipiter collaris
3879,"Pets/display animals, horticulture",international,non-trivial,recent,Accipiter superciliosus
3880,NA,NA,NA,NA,Erythrotriorchis buergersi
3881,Sport hunting/specimen collecting,NA,non-trivial,recent,Erythrotriorchis radiatus
3882,NA,NA,NA,NA,Megatriorchis doriae
3883,"Pets/display animals, horticulture",international,non-trivial,recent,Urotriorchis macrourus
3884,"Pets/display animals, horticulture",international,non-trivial,recent,Haliaeetus leucogaster
3885,"Pets/display animals, horticulture",NA,non-trivial,recent,Haliaeetus sanfordi
3886,Sport hunting/specimen collecting,NA,non-trivial,recent,Haliaeetus sanfordi
3887,"Pets/display animals, horticulture",international,non-trivial,recent,Haliaeetus vocifer
3888,Food - human,,non-trivial,recent,Haliaeetus vociferoides
3889,Medicine - human & veterinary,,non-trivial,recent,Haliaeetus vociferoides
3890,"Pets/display animals, horticulture",international,non-trivial,recent,Haliaeetus vociferoides
3891,"Pets/display animals, horticulture",international,non-trivial,recent,Haliaeetus leucoryphus
3892,"Pets/display animals, horticulture",international,non-trivial,recent,Haliaeetus albicilla
3893,NA,NA,NA,NA,Haliaeetus leucocephalus
3894,"Pets/display animals, horticulture",international,non-trivial,recent,Haliaeetus pelagicus
3895,NA,NA,NA,NA,Icthyophaga humilis
3896,"Pets/display animals, horticulture",international,non-trivial,recent,Icthyophaga ichthyaetus
3897,NA,NA,NA,NA,Haliastur sphenurus
3898,NA,NA,NA,NA,Haliastur indus
3899,Food - human,,non-trivial,recent,Milvus milvus
3900,"Pets/display animals, horticulture",international,non-trivial,recent,Milvus milvus
3901,Sport hunting/specimen collecting,,non-trivial,recent,Milvus milvus
3902,"Pets/display animals, horticulture",NA,non-trivial,recent,Milvus migrans
3903,NA,NA,NA,NA,Milvus aegyptius
3904,"Pets/display animals, horticulture",international,non-trivial,recent,Busarellus nigricollis
3905,"Pets/display animals, horticulture",international,non-trivial,recent,Geranospiza caerulescens
3906,Food - human,,non-trivial,recent,Butastur rufipennis
3907,Medicine - human & veterinary,,non-trivial,recent,Butastur rufipennis
3908,Sport hunting/specimen collecting,international,non-trivial,recent,Butastur rufipennis
3909,NA,NA,NA,NA,Butastur teesa
3910,"Pets/display animals, horticulture",international,non-trivial,recent,Butastur liventer
3911,"Pets/display animals, horticulture",international,non-trivial,recent,Butastur indicus
3912,NA,NA,NA,NA,Ictinia mississippiensis
3913,"Pets/display animals, horticulture",international,non-trivial,recent,Ictinia plumbea
3914,"Pets/display animals, horticulture",international,non-trivial,recent,Rostrhamus sociabilis
3915,"Pets/display animals, horticulture",international,non-trivial,recent,Helicolestes hamatus
3916,Other (free text),NA,non-trivial,recent,Rupornis magnirostris
3917,"Pets/display animals, horticulture",NA,non-trivial,recent,Rupornis magnirostris
3918,NA,NA,NA,NA,Parabuteo unicinctus
3919,NA,NA,NA,NA,Parabuteo leucorrhous
3920,"Pets/display animals, horticulture",international,non-trivial,recent,Cryptoleucopteryx plumbea
3921,NA,NA,NA,NA,Buteogallus schistaceus
3922,NA,NA,NA,NA,Buteogallus anthracinus
3923,NA,NA,NA,NA,Buteogallus gundlachii
3924,"Pets/display animals, horticulture",international,non-trivial,recent,Buteogallus aequinoctialis
3925,"Pets/display animals, horticulture",international,non-trivial,recent,Buteogallus aequinoctialis
3926,"Pets/display animals, horticulture",NA,non-trivial,recent,Buteogallus meridionalis
3927,NA,NA,NA,NA,Buteogallus lacernulatus
3928,"Pets/display animals, horticulture",international,non-trivial,recent,Buteogallus urubitinga
3929,"Pets/display animals, horticulture",international,non-trivial,recent,Buteogallus solitarius
3930,NA,NA,NA,NA,Buteogallus coronatus
3931,"Pets/display animals, horticulture",international,non-trivial,recent,Morphnarchus princeps
3932,"Pets/display animals, horticulture",international,non-trivial,recent,Geranoaetus albicaudatus
3933,NA,NA,NA,NA,Geranoaetus polyosoma
3934,NA,NA,NA,NA,Geranoaetus melanoleucus
3935,"Pets/display animals, horticulture",international,non-trivial,recent,Pseudastur albicollis
3936,NA,NA,NA,NA,Pseudastur occidentalis
3937,"Pets/display animals, horticulture",NA,non-trivial,recent,Pseudastur polionotus
3938,"Pets/display animals, horticulture",international,non-trivial,recent,Leucopternis semiplumbeus
3939,NA,NA,NA,NA,Leucopternis melanops
3940,NA,NA,NA,NA,Leucopternis kuhli
3941,"Pets/display animals, horticulture",NA,non-trivial,recent,Buteo plagiatus
3942,Other (free text),,non-trivial,recent,Buteo nitidus
3943,"Pets/display animals, horticulture",international,non-trivial,recent,Buteo nitidus
3944,NA,NA,NA,NA,Buteo ridgwayi
3945,NA,NA,NA,NA,Buteo lineatus
3946,NA,NA,NA,NA,Buteo platypterus
3947,Sport hunting/specimen collecting,NA,non-trivial,recent,Buteo solitarius
3948,"Pets/display animals, horticulture",international,non-trivial,recent,Buteo albigula
3949,"Pets/display animals, horticulture",NA,non-trivial,recent,Buteo brachyurus
3950,NA,NA,NA,NA,Buteo swainsoni
3951,"Pets/display animals, horticulture",international,non-trivial,recent,Buteo galapagoensis
3952,Other (free text),NA,non-trivial,recent,Buteo albonotatus
3953,"Pets/display animals, horticulture",NA,non-trivial,recent,Buteo albonotatus
3954,NA,NA,NA,NA,Buteo jamaicensis
3955,NA,NA,NA,NA,Buteo ventralis
3956,"Pets/display animals, horticulture",international,non-trivial,recent,Buteo lagopus
3957,NA,NA,NA,NA,Buteo regalis
3958,Food - human,,non-trivial,recent,Buteo auguralis
3959,Medicine - human & veterinary,,non-trivial,recent,Buteo auguralis
3960,"Pets/display animals, horticulture",international,non-trivial,recent,Buteo auguralis
3961,NA,NA,NA,NA,Buteo augur
3962,NA,NA,NA,NA,Buteo rufofuscus
3963,"Pets/display animals, horticulture",,non-trivial,recent,Buteo buteo
3964,Sport hunting/specimen collecting,international,non-trivial,recent,Buteo buteo
3965,NA,NA,NA,NA,Buteo japonicus
3966,NA,NA,NA,NA,Buteo refectus
3967,"Pets/display animals, horticulture",international,non-trivial,recent,Buteo oreophilus
3968,"Pets/display animals, horticulture",international,non-trivial,recent,Buteo trizonatus
3969,NA,NA,NA,NA,Buteo brachypterus
3970,Unknown,international,non-trivial,recent,Buteo rufinus
3971,"Pets/display animals, horticulture",NA,non-trivial,recent,Buteo socotraensis
3972,"Pets/display animals, horticulture",international,non-trivial,recent,Buteo hemilasius
3973,NA,NA,NA,NA,Colius striatus
3974,NA,NA,NA,NA,Colius leucocephalus
3975,NA,NA,NA,NA,Colius castanotus
3976,NA,NA,NA,NA,Colius colius
3977,NA,NA,NA,NA,Urocolius macrourus
3978,"Pets/display animals, horticulture",international,non-trivial,recent,Urocolius indicus
3979,NA,NA,NA,NA,Leptosomus discolor
3980,NA,NA,NA,NA,Apaloderma narina
3981,NA,NA,NA,NA,Apaloderma aequatoriale
3982,NA,NA,NA,NA,Apaloderma vittatum
3983,"Pets/display animals, horticulture",international,non-trivial,recent,Apalharpactes reinwardtii
3984,NA,NA,NA,NA,Apalharpactes mackloti
3985,NA,NA,NA,NA,Harpactes oreskios
3986,NA,NA,NA,NA,Harpactes orrhophaeus
3987,NA,NA,NA,NA,Harpactes duvaucelii
3988,NA,NA,NA,NA,Harpactes fasciatus
3989,NA,NA,NA,NA,Harpactes diardii
3990,NA,NA,NA,NA,Harpactes erythrocephalus
3991,NA,NA,NA,NA,Harpactes wardi
3992,NA,NA,NA,NA,Harpactes whiteheadi
3993,NA,NA,NA,NA,Harpactes kasumba
3994,NA,NA,NA,NA,Harpactes ardens
3995,NA,NA,NA,NA,Pharomachrus pavoninus
3996,NA,NA,NA,NA,Pharomachrus auriceps
3997,NA,NA,NA,NA,Pharomachrus fulgidus
3998,"Handicrafts, jewellery, etc.",NA,non-trivial,recent,Pharomachrus mocinno
3999,NA,NA,NA,NA,Pharomachrus antisianus
4000,NA,NA,NA,NA,Euptilotis neoxenus
4001,NA,NA,NA,NA,Priotelus temnurus
4002,Food - human,NA,non-trivial,recent,Temnotrogon roseigaster
4003,NA,NA,NA,NA,Trogon clathratus
4004,NA,NA,NA,NA,Trogon massena
4005,"Pets/display animals, horticulture",international,non-trivial,recent,Trogon comptus
4006,NA,NA,NA,NA,Trogon mesurus
4007,NA,NA,NA,NA,Trogon melanurus
4008,NA,NA,NA,NA,Trogon viridis
4009,NA,NA,NA,NA,Trogon chionurus
4010,NA,NA,NA,NA,Trogon melanocephalus
4011,NA,NA,NA,NA,Trogon citreolus
4012,NA,NA,NA,NA,Trogon bairdii
4013,NA,NA,NA,NA,Trogon violaceus
4014,NA,NA,NA,NA,Trogon curucui
4015,NA,NA,NA,NA,Trogon aurantius
4016,NA,NA,NA,NA,Trogon surrucura
4017,NA,NA,NA,NA,Trogon rufus
4018,NA,NA,NA,NA,Trogon elegans
4019,NA,NA,NA,NA,Trogon ambiguus
4020,NA,NA,NA,NA,Trogon mexicanus
4021,NA,NA,NA,NA,Trogon collaris
4022,NA,NA,NA,NA,Trogon personatus
4023,NA,NA,NA,NA,Bucorvus leadbeateri
4024,"Handicrafts, jewellery, etc.",,non-trivial,recent,Bucorvus abyssinicus
4025,"Pets/display animals, horticulture",international,non-trivial,recent,Bucorvus abyssinicus
4026,NA,NA,NA,NA,Lophoceros pallidirostris
4027,NA,NA,NA,NA,Lophoceros nasutus
4028,"Pets/display animals, horticulture",international,non-trivial,recent,Lophoceros semifasciatus
4029,"Pets/display animals, horticulture",international,non-trivial,recent,Lophoceros fasciatus
4030,NA,NA,NA,NA,Lophoceros hemprichii
4031,NA,NA,NA,NA,Lophoceros camurus
4032,NA,NA,NA,NA,Lophoceros alboterminatus
4033,NA,NA,NA,NA,Lophoceros bradfieldi
4034,NA,NA,NA,NA,Tockus flavirostris
4035,NA,NA,NA,NA,Tockus leucomelas
4036,NA,NA,NA,NA,Tockus jacksoni
4037,NA,NA,NA,NA,Tockus deckeni
4038,NA,NA,NA,NA,Tockus monteiri
4039,"Pets/display animals, horticulture",NA,non-trivial,recent,Tockus damarensis
4040,"Pets/display animals, horticulture",NA,non-trivial,recent,Tockus erythrorhynchus
4041,"Pets/display animals, horticulture",international,non-trivial,recent,Berenicornis comatus
4042,"Pets/display animals, horticulture",international,non-trivial,recent,Horizocerus albocristatus
4043,"Pets/display animals, horticulture",international,non-trivial,recent,Horizocerus cassini
4044,NA,NA,NA,NA,Horizocerus granti
4045,NA,NA,NA,NA,Horizocerus hartlaubi
4046,NA,NA,NA,NA,Ceratogymna elata
4047,NA,NA,NA,NA,Ceratogymna atrata
4048,"Pets/display animals, horticulture",international,non-trivial,recent,Bycanistes brevis
4049,Food - human,,non-trivial,recent,Bycanistes subcylindricus
4050,"Pets/display animals, horticulture",international,non-trivial,recent,Bycanistes subcylindricus
4051,Food - human,,non-trivial,recent,Bycanistes cylindricus
4052,"Pets/display animals, horticulture",international,non-trivial,recent,Bycanistes cylindricus
4053,NA,NA,NA,NA,Bycanistes albotibialis
4054,"Pets/display animals, horticulture",NA,non-trivial,recent,Bycanistes bucinator
4055,"Pets/display animals, horticulture",international,non-trivial,recent,Bycanistes fistulator
4056,"Pets/display animals, horticulture",international,non-trivial,recent,Bycanistes fistulator
4057,"Pets/display animals, horticulture",international,non-trivial,recent,Bycanistes sharpii
4058,Other household goods,,non-trivial,recent,Rhinoplax vigil
4059,"Pets/display animals, horticulture",international,non-trivial,recent,Rhinoplax vigil
4060,Food - human,NA,non-trivial,recent,Buceros hydrocorax
4061,"Handicrafts, jewellery, etc.",NA,non-trivial,recent,Buceros hydrocorax
4062,"Pets/display animals, horticulture",NA,non-trivial,recent,Buceros hydrocorax
4063,Food - human,NA,non-trivial,recent,Buceros mindanensis
4064,"Handicrafts, jewellery, etc.",NA,non-trivial,recent,Buceros mindanensis
4065,"Pets/display animals, horticulture",NA,non-trivial,recent,Buceros mindanensis
4066,Food - human,,non-trivial,recent,Buceros bicornis
4067,Medicine - human & veterinary,,non-trivial,recent,Buceros bicornis
4068,"Pets/display animals, horticulture",international,non-trivial,recent,Buceros bicornis
4069,Food - human,,non-trivial,recent,Buceros rhinoceros
4070,"Handicrafts, jewellery, etc.",,non-trivial,recent,Buceros rhinoceros
4071,"Pets/display animals, horticulture",international,non-trivial,recent,Buceros rhinoceros
4072,"Pets/display animals, horticulture",international,non-trivial,recent,Anorrhinus galeritus
4073,Food - human,,non-trivial,recent,Anorrhinus austeni
4074,"Pets/display animals, horticulture",international,non-trivial,recent,Anorrhinus austeni
4075,Food - human,,non-trivial,recent,Anorrhinus tickelli
4076,"Pets/display animals, horticulture",international,non-trivial,recent,Anorrhinus tickelli
4077,Food - human,,non-trivial,recent,Ocyceros birostris
4078,Medicine - human & veterinary,,non-trivial,recent,Ocyceros birostris
4079,"Pets/display animals, horticulture",international,non-trivial,recent,Ocyceros birostris
4080,NA,NA,NA,NA,Ocyceros griseus
4081,NA,NA,NA,NA,Ocyceros gingalensis
4082,"Handicrafts, jewellery, etc.",international,non-trivial,recent,Anthracoceros malayanus
4083,Medicine - human & veterinary,international,non-trivial,recent,Anthracoceros malayanus
4084,"Pets/display animals, horticulture",international,non-trivial,recent,Anthracoceros malayanus
4085,"Pets/display animals, horticulture",international,non-trivial,recent,Anthracoceros malayanus
4086,Food - human,NA,non-trivial,recent,Anthracoceros montani
4087,"Pets/display animals, horticulture",NA,non-trivial,recent,Anthracoceros montani
4088,Sport hunting/specimen collecting,NA,non-trivial,recent,Anthracoceros montani
4089,NA,NA,NA,NA,Anthracoceros coronatus
4090,Food - human,NA,non-trivial,recent,Anthracoceros albirostris
4091,"Pets/display animals, horticulture",NA,non-trivial,recent,Anthracoceros albirostris
4092,Food - human,,non-trivial,recent,Anthracoceros marchei
4093,"Pets/display animals, horticulture",international,non-trivial,recent,Anthracoceros marchei
4094,Sport hunting/specimen collecting,,non-trivial,recent,Anthracoceros marchei
4095,Food - human,NA,non-trivial,recent,Aceros nipalensis
4096,Other household goods,NA,non-trivial,recent,Aceros nipalensis
4097,"Pets/display animals, horticulture",NA,non-trivial,recent,Aceros nipalensis
4098,"Pets/display animals, horticulture",NA,non-trivial,recent,Rhabdotorrhinus corrugatus
4099,Food - human,NA,non-trivial,recent,Rhabdotorrhinus exarhatus
4100,"Pets/display animals, horticulture",NA,non-trivial,recent,Rhabdotorrhinus exarhatus
4101,Food - human,NA,non-trivial,recent,Rhabdotorrhinus leucocephalus
4102,"Pets/display animals, horticulture",NA,non-trivial,recent,Rhabdotorrhinus leucocephalus
4103,Food - human,NA,non-trivial,recent,Rhabdotorrhinus waldeni
4104,Other household goods,NA,non-trivial,recent,Rhabdotorrhinus waldeni
4105,"Pets/display animals, horticulture",NA,non-trivial,recent,Rhabdotorrhinus waldeni
4106,Food - human,NA,non-trivial,recent,Penelopides panini
4107,"Pets/display animals, horticulture",NA,non-trivial,recent,Penelopides panini
4108,Sport hunting/specimen collecting,NA,non-trivial,recent,Penelopides panini
4109,Food - human,NA,non-trivial,recent,Penelopides affinis
4110,Food - human,NA,non-trivial,recent,Penelopides mindorensis
4111,Food - human,NA,non-trivial,recent,Penelopides manillae
4112,"Pets/display animals, horticulture",NA,non-trivial,recent,Penelopides manillae
4113,Food - human,,non-trivial,recent,Rhyticeros cassidix
4114,Other household goods,,non-trivial,recent,Rhyticeros cassidix
4115,"Pets/display animals, horticulture",international,non-trivial,recent,Rhyticeros cassidix
4116,Food - human,NA,non-trivial,recent,Rhyticeros everetti
4117,"Pets/display animals, horticulture",NA,non-trivial,recent,Rhyticeros everetti
4118,Food - human,,non-trivial,recent,Rhyticeros undulatus
4119,Medicine - human & veterinary,,non-trivial,recent,Rhyticeros undulatus
4120,"Pets/display animals, horticulture",international,non-trivial,recent,Rhyticeros undulatus
4121,Food - human,,non-trivial,recent,Rhyticeros subruficollis
4122,"Pets/display animals, horticulture",international,non-trivial,recent,Rhyticeros subruficollis
4123,Food - human,,non-trivial,recent,Rhyticeros narcondami
4124,"Pets/display animals, horticulture",international,non-trivial,recent,Rhyticeros narcondami
4125,Food - human,,non-trivial,recent,Rhyticeros plicatus
4126,Other household goods,,non-trivial,recent,Rhyticeros plicatus
4127,"Pets/display animals, horticulture",international,non-trivial,recent,Rhyticeros plicatus
4128,Sport hunting/specimen collecting,,non-trivial,recent,Rhyticeros plicatus
4129,Food - human,,non-trivial,recent,Upupa epops
4130,"Pets/display animals, horticulture",international,non-trivial,recent,Upupa epops
4131,NA,NA,NA,NA,Upupa marginata
4132,NA,NA,NA,NA,Phoeniculus purpureus
4133,NA,NA,NA,NA,Phoeniculus damarensis
4134,NA,NA,NA,NA,Phoeniculus somaliensis
4135,NA,NA,NA,NA,Phoeniculus bollei
4136,NA,NA,NA,NA,Rhinopomastus castaneiceps
4137,NA,NA,NA,NA,Rhinopomastus aterrimus
4138,NA,NA,NA,NA,Rhinopomastus cyanomelas
4139,NA,NA,NA,NA,Rhinopomastus minor
4140,NA,NA,NA,NA,Nyctyornis amictus
4141,NA,NA,NA,NA,Nyctyornis athertoni
4142,NA,NA,NA,NA,Meropogon forsteni
4143,NA,NA,NA,NA,Merops bullockoides
4144,NA,NA,NA,NA,Merops bulocki
4145,NA,NA,NA,NA,Merops breweri
4146,NA,NA,NA,NA,Merops albicollis
4147,NA,NA,NA,NA,Merops revoilii
4148,NA,NA,NA,NA,Merops malimbicus
4149,NA,NA,NA,NA,Merops nubicus
4150,NA,NA,NA,NA,Merops nubicoides
4151,"Pets/display animals, horticulture",NA,non-trivial,recent,Merops viridissimus
4152,"Pets/display animals, horticulture",NA,non-trivial,recent,Merops cyanophrys
4153,"Pets/display animals, horticulture",international,non-trivial,recent,Merops orientalis
4154,NA,NA,NA,NA,Merops leschenaulti
4155,"Pets/display animals, horticulture",international,non-trivial,recent,Merops viridis
4156,"Pets/display animals, horticulture",NA,non-trivial,recent,Merops americanus
4157,NA,NA,NA,NA,Merops philippinus
4158,NA,NA,NA,NA,Merops superciliosus
4159,Sport hunting/specimen collecting,NA,non-trivial,recent,Merops persicus
4160,Food - human,,non-trivial,recent,Merops apiaster
4161,"Pets/display animals, horticulture",international,non-trivial,recent,Merops apiaster
4162,Sport hunting/specimen collecting,,non-trivial,recent,Merops apiaster
4163,NA,NA,NA,NA,Merops ornatus
4164,NA,NA,NA,NA,Merops boehmi
4165,NA,NA,NA,NA,Merops hirundineus
4166,NA,NA,NA,NA,Merops lafresnayii
4167,NA,NA,NA,NA,Merops oreobates
4168,NA,NA,NA,NA,Merops variegatus
4169,NA,NA,NA,NA,Merops pusillus
4170,NA,NA,NA,NA,Merops gularis
4171,NA,NA,NA,NA,Merops muelleri
4172,NA,NA,NA,NA,Merops mentalis
4173,NA,NA,NA,NA,Coracias naevius
4174,Food - human,,non-trivial,recent,Coracias benghalensis
4175,"Pets/display animals, horticulture",international,non-trivial,recent,Coracias benghalensis
4176,Food - human,NA,non-trivial,recent,Coracias affinis
4177,"Pets/display animals, horticulture",NA,non-trivial,recent,Coracias affinis
4178,NA,NA,NA,NA,Coracias temminckii
4179,NA,NA,NA,NA,Coracias spatulatus
4180,NA,NA,NA,NA,Coracias caudatus
4181,NA,NA,NA,NA,Coracias abyssinicus
4182,Food - human,,non-trivial,recent,Coracias garrulus
4183,"Pets/display animals, horticulture",international,non-trivial,recent,Coracias garrulus
4184,Sport hunting/specimen collecting,,non-trivial,recent,Coracias garrulus
4185,NA,NA,NA,NA,Coracias cyanogaster
4186,NA,NA,NA,NA,Eurystomus gularis
4187,NA,NA,NA,NA,Eurystomus glaucurus
4188,NA,NA,NA,NA,Eurystomus orientalis
4189,NA,NA,NA,NA,Eurystomus azureus
4190,Food - human,NA,non-trivial,recent,Brachypteracias leptosomus
4191,Food - human,NA,non-trivial,recent,Geobiastes squamiger
4192,Food - human,,non-trivial,recent,Uratelornis chimaera
4193,"Pets/display animals, horticulture",international,non-trivial,recent,Uratelornis chimaera
4194,NA,NA,NA,NA,Atelornis pittoides
4195,NA,NA,NA,NA,Atelornis crossleyi
4196,NA,NA,NA,NA,Todus multicolor
4197,NA,NA,NA,NA,Todus angustirostris
4198,NA,NA,NA,NA,Todus subulatus
4199,NA,NA,NA,NA,Todus todus
4200,NA,NA,NA,NA,Todus mexicanus
4201,NA,NA,NA,NA,Hylomanes momotula
4202,NA,NA,NA,NA,Aspatha gularis
4203,"Pets/display animals, horticulture",international,non-trivial,recent,Momotus mexicanus
4204,"Pets/display animals, horticulture",international,non-trivial,recent,Momotus coeruliceps
4205,"Pets/display animals, horticulture",international,non-trivial,recent,Momotus lessonii
4206,"Pets/display animals, horticulture",international,non-trivial,recent,Momotus subrufescens
4207,"Pets/display animals, horticulture",international,non-trivial,recent,Momotus bahamensis
4208,"Pets/display animals, horticulture",international,non-trivial,recent,Momotus momota
4209,"Pets/display animals, horticulture",international,non-trivial,recent,Momotus aequatorialis
4210,"Pets/display animals, horticulture",NA,non-trivial,recent,Baryphthengus martii
4211,NA,NA,NA,NA,Baryphthengus ruficapillus
4212,NA,NA,NA,NA,Electron carinatum
4213,"Pets/display animals, horticulture",international,non-trivial,recent,Electron platyrhynchum
4214,"Pets/display animals, horticulture",international,non-trivial,recent,Eumomota superciliosa
4215,NA,NA,NA,NA,Ispidina lecontei
4216,NA,NA,NA,NA,Ispidina picta
4217,NA,NA,NA,NA,Corythornis madagascariensis
4218,NA,NA,NA,NA,Corythornis leucogaster
4219,NA,NA,NA,NA,Corythornis cristatus
4220,NA,NA,NA,NA,Corythornis thomensis
4221,NA,NA,NA,NA,Corythornis nais
4222,NA,NA,NA,NA,Corythornis vintsioides
4223,NA,NA,NA,NA,Ceyx sangirensis
4224,NA,NA,NA,NA,Ceyx fallax
4225,NA,NA,NA,NA,Ceyx melanurus
4226,NA,NA,NA,NA,Ceyx mindanensis
4227,NA,NA,NA,NA,Ceyx erithaca
4228,NA,NA,NA,NA,Ceyx rufidorsa
4229,NA,NA,NA,NA,Ceyx margarethae
4230,NA,NA,NA,NA,Ceyx lepidus
4231,NA,NA,NA,NA,Ceyx wallacii
4232,NA,NA,NA,NA,Ceyx cajeli
4233,NA,NA,NA,NA,Ceyx solitarius
4234,NA,NA,NA,NA,Ceyx dispar
4235,NA,NA,NA,NA,Ceyx mulcatus
4236,NA,NA,NA,NA,Ceyx sacerdotis
4237,NA,NA,NA,NA,Ceyx meeki
4238,NA,NA,NA,NA,Ceyx collectoris
4239,NA,NA,NA,NA,Ceyx nigromaxilla
4240,NA,NA,NA,NA,Ceyx gentianus
4241,NA,NA,NA,NA,Ceyx cyanopectus
4242,NA,NA,NA,NA,Ceyx nigrirostris
4243,NA,NA,NA,NA,Ceyx flumenicola
4244,NA,NA,NA,NA,Ceyx argentatus
4245,NA,NA,NA,NA,Ceyx pusillus
4246,NA,NA,NA,NA,Ceyx azureus
4247,NA,NA,NA,NA,Ceyx websteri
4248,NA,NA,NA,NA,Alcedo peninsulae
4249,NA,NA,NA,NA,Alcedo euryzona
4250,NA,NA,NA,NA,Alcedo meninting
4251,NA,NA,NA,NA,Alcedo hercules
4252,NA,NA,NA,NA,Alcedo quadribrachys
4253,NA,NA,NA,NA,Alcedo semitorquata
4254,NA,NA,NA,NA,Alcedo atthis
4255,NA,NA,NA,NA,Alcedo coerulescens
4256,NA,NA,NA,NA,Megaceryle lugubris
4257,NA,NA,NA,NA,Megaceryle maxima
4258,NA,NA,NA,NA,Megaceryle torquata
4259,NA,NA,NA,NA,Megaceryle alcyon
4260,"Pets/display animals, horticulture",NA,non-trivial,recent,Ceryle rudis
4261,NA,NA,NA,NA,Chloroceryle amazona
4262,"Pets/display animals, horticulture",international,non-trivial,recent,Chloroceryle aenea
4263,NA,NA,NA,NA,Chloroceryle americana
4264,NA,NA,NA,NA,Chloroceryle inda
4265,"Pets/display animals, horticulture",international,non-trivial,recent,Lacedo pulchella
4266,"Pets/display animals, horticulture",international,non-trivial,recent,Lacedo melanops
4267,NA,NA,NA,NA,Pelargopsis capensis
4268,NA,NA,NA,NA,Pelargopsis melanorhyncha
4269,NA,NA,NA,NA,Pelargopsis amauroptera
4270,NA,NA,NA,NA,Halcyon coromanda
4271,Food - human,NA,non-trivial,recent,Halcyon smyrnensis
4272,"Pets/display animals, horticulture",NA,non-trivial,recent,Halcyon smyrnensis
4273,Food - human,NA,non-trivial,recent,Halcyon gularis
4274,"Pets/display animals, horticulture",NA,non-trivial,recent,Halcyon gularis
4275,NA,NA,NA,NA,Halcyon cyanoventris
4276,NA,NA,NA,NA,Halcyon badia
4277,Food - human,NA,non-trivial,recent,Halcyon pileata
4278,"Pets/display animals, horticulture",NA,non-trivial,recent,Halcyon pileata
4279,NA,NA,NA,NA,Halcyon leucocephala
4280,NA,NA,NA,NA,Halcyon albiventris
4281,NA,NA,NA,NA,Halcyon chelicuti
4282,NA,NA,NA,NA,Halcyon malimbica
4283,NA,NA,NA,NA,Halcyon senegalensis
4284,NA,NA,NA,NA,Halcyon senegaloides
4285,NA,NA,NA,NA,Caridonax fulgidus
4286,NA,NA,NA,NA,Actenoides monachus
4287,NA,NA,NA,NA,Actenoides capucinus
4288,NA,NA,NA,NA,Actenoides princeps
4289,NA,NA,NA,NA,Actenoides bougainvillei
4290,NA,NA,NA,NA,Actenoides lindsayi
4291,NA,NA,NA,NA,Actenoides hombroni
4292,NA,NA,NA,NA,Actenoides concretus
4293,NA,NA,NA,NA,Syma torotoro
4294,NA,NA,NA,NA,Syma megarhyncha
4295,NA,NA,NA,NA,Todiramphus nigrocyaneus
4296,NA,NA,NA,NA,Todiramphus winchelli
4297,NA,NA,NA,NA,Todiramphus diops
4298,NA,NA,NA,NA,Todiramphus lazuli
4299,NA,NA,NA,NA,Todiramphus macleayii
4300,NA,NA,NA,NA,Todiramphus albonotatus
4301,NA,NA,NA,NA,Todiramphus leucopygius
4302,NA,NA,NA,NA,Todiramphus farquhari
4303,NA,NA,NA,NA,Todiramphus funebris
4304,"Pets/display animals, horticulture",international,non-trivial,recent,Todiramphus chloris
4305,NA,NA,NA,NA,Todiramphus enigma
4306,"Pets/display animals, horticulture",international,non-trivial,recent,Todiramphus pelewensis
4307,"Pets/display animals, horticulture",NA,non-trivial,recent,Todiramphus reichenbachii
4308,NA,NA,NA,NA,Todiramphus saurophagus
4309,NA,NA,NA,NA,Todiramphus sanctus
4310,NA,NA,NA,NA,Todiramphus recurvirostris
4311,NA,NA,NA,NA,Todiramphus australasia
4312,NA,NA,NA,NA,Todiramphus tutus
4313,NA,NA,NA,NA,Todiramphus ruficollaris
4314,NA,NA,NA,NA,Todiramphus youngi
4315,NA,NA,NA,NA,Todiramphus veneratus
4316,NA,NA,NA,NA,Todiramphus gambieri
4317,NA,NA,NA,NA,Todiramphus godeffroyi
4318,NA,NA,NA,NA,Todiramphus pyrrhopygius
4319,NA,NA,NA,NA,Cittura sanghirensis
4320,NA,NA,NA,NA,Cittura cyanotis
4321,NA,NA,NA,NA,Tanysiptera galatea
4322,NA,NA,NA,NA,Tanysiptera ellioti
4323,NA,NA,NA,NA,Tanysiptera riedelii
4324,NA,NA,NA,NA,Tanysiptera carolinae
4325,NA,NA,NA,NA,Tanysiptera hydrocharis
4326,NA,NA,NA,NA,Tanysiptera nigriceps
4327,NA,NA,NA,NA,Tanysiptera sylvia
4328,NA,NA,NA,NA,Tanysiptera nympha
4329,NA,NA,NA,NA,Tanysiptera danae
4330,NA,NA,NA,NA,Melidora macrorrhina
4331,NA,NA,NA,NA,Dacelo novaeguineae
4332,NA,NA,NA,NA,Dacelo leachii
4333,NA,NA,NA,NA,Dacelo tyro
4334,NA,NA,NA,NA,Dacelo gaudichaud
4335,NA,NA,NA,NA,Dacelo rex
4336,NA,NA,NA,NA,Galbalcyrhynchus leucotis
4337,NA,NA,NA,NA,Galbalcyrhynchus purusianus
4338,NA,NA,NA,NA,Brachygalba albogularis
4339,NA,NA,NA,NA,Brachygalba lugubris
4340,NA,NA,NA,NA,Brachygalba goeringi
4341,NA,NA,NA,NA,Brachygalba salmoni
4342,NA,NA,NA,NA,Jacamaralcyon tridactyla
4343,NA,NA,NA,NA,Galbula albirostris
4344,NA,NA,NA,NA,Galbula chalcocephala
4345,NA,NA,NA,NA,Galbula cyanicollis
4346,Food - human,NA,non-trivial,recent,Galbula ruficauda
4347,NA,NA,NA,NA,Galbula galbula
4348,NA,NA,NA,NA,Galbula tombacea
4349,NA,NA,NA,NA,Galbula cyanescens
4350,NA,NA,NA,NA,Galbula pastazae
4351,NA,NA,NA,NA,Galbula chalcothorax
4352,NA,NA,NA,NA,Galbula leucogastra
4353,NA,NA,NA,NA,Galbula dea
4354,NA,NA,NA,NA,Jacamerops aureus
4355,NA,NA,NA,NA,Notharchus hyperrhynchus
4356,NA,NA,NA,NA,Notharchus macrorhynchos
4357,NA,NA,NA,NA,Notharchus swainsoni
4358,NA,NA,NA,NA,Notharchus pectoralis
4359,NA,NA,NA,NA,Notharchus ordii
4360,NA,NA,NA,NA,Notharchus subtectus
4361,NA,NA,NA,NA,Notharchus tectus
4362,NA,NA,NA,NA,Cyphos macrodactylus
4363,NA,NA,NA,NA,Nystactes noanamae
4364,NA,NA,NA,NA,Nystactes tamatia
4365,NA,NA,NA,NA,Bucco capensis
4366,NA,NA,NA,NA,Nystalus radiatus
4367,NA,NA,NA,NA,Nystalus striolatus
4368,NA,NA,NA,NA,Nystalus chacuru
4369,NA,NA,NA,NA,Nystalus maculatus
4370,NA,NA,NA,NA,Hypnelus ruficollis
4371,NA,NA,NA,NA,Hypnelus bicinctus
4372,NA,NA,NA,NA,Malacoptila fusca
4373,NA,NA,NA,NA,Malacoptila semicincta
4374,NA,NA,NA,NA,Malacoptila minor
4375,NA,NA,NA,NA,Malacoptila striata
4376,NA,NA,NA,NA,Malacoptila rufa
4377,NA,NA,NA,NA,Malacoptila panamensis
4378,NA,NA,NA,NA,Malacoptila fulvogularis
4379,NA,NA,NA,NA,Malacoptila mystacalis
4380,NA,NA,NA,NA,Micromonacha lanceolata
4381,NA,NA,NA,NA,Nonnula rubecula
4382,NA,NA,NA,NA,Nonnula sclateri
4383,NA,NA,NA,NA,Nonnula brunnea
4384,NA,NA,NA,NA,Nonnula frontalis
4385,NA,NA,NA,NA,Nonnula ruficapilla
4386,NA,NA,NA,NA,Nonnula amaurocephala
4387,NA,NA,NA,NA,Hapaloptila castanea
4388,NA,NA,NA,NA,Monasa atra
4389,NA,NA,NA,NA,Monasa morphoeus
4390,NA,NA,NA,NA,Monasa flavirostris
4391,NA,NA,NA,NA,Chelidoptera tenebrosa
4392,Food - human,NA,non-trivial,recent,Ramphastos toco
4393,"Pets/display animals, horticulture",NA,non-trivial,recent,Ramphastos toco
4394,Food - human,NA,non-trivial,recent,Ramphastos ambiguus
4395,"Pets/display animals, horticulture",NA,non-trivial,recent,Ramphastos ambiguus
4396,Food - human,,non-trivial,recent,Ramphastos cuvieri
4397,"Pets/display animals, horticulture",international,non-trivial,recent,Ramphastos cuvieri
4398,Food - human,,non-trivial,recent,Ramphastos tucanus
4399,"Pets/display animals, horticulture",international,non-trivial,recent,Ramphastos tucanus
4400,Food - human,,non-trivial,recent,Ramphastos sulfuratus
4401,"Pets/display animals, horticulture",international,non-trivial,recent,Ramphastos sulfuratus
4402,NA,NA,NA,NA,Ramphastos brevis
4403,Food - human,,non-trivial,recent,Ramphastos citreolaemus
4404,"Handicrafts, jewellery, etc.",,non-trivial,recent,Ramphastos citreolaemus
4405,Medicine - human & veterinary,,non-trivial,recent,Ramphastos citreolaemus
4406,"Pets/display animals, horticulture",international,non-trivial,recent,Ramphastos citreolaemus
4407,Food - human,,non-trivial,recent,Ramphastos culminatus
4408,"Handicrafts, jewellery, etc.",,non-trivial,recent,Ramphastos culminatus
4409,Medicine - human & veterinary,,non-trivial,recent,Ramphastos culminatus
4410,"Pets/display animals, horticulture",international,non-trivial,recent,Ramphastos culminatus
4411,Food - human,,non-trivial,recent,Ramphastos vitellinus
4412,"Handicrafts, jewellery, etc.",,non-trivial,recent,Ramphastos vitellinus
4413,Medicine - human & veterinary,,non-trivial,recent,Ramphastos vitellinus
4414,"Pets/display animals, horticulture",international,non-trivial,recent,Ramphastos vitellinus
4415,Food - human,NA,non-trivial,recent,Ramphastos ariel
4416,"Pets/display animals, horticulture",NA,non-trivial,recent,Ramphastos ariel
4417,Food - human,NA,non-trivial,recent,Ramphastos dicolorus
4418,Medicine - human & veterinary,NA,non-trivial,recent,Ramphastos dicolorus
4419,"Pets/display animals, horticulture",NA,non-trivial,recent,Ramphastos dicolorus
4420,"Pets/display animals, horticulture",NA,non-trivial,recent,Aulacorhynchus wagleri
4421,"Pets/display animals, horticulture",international,non-trivial,recent,Aulacorhynchus prasinus
4422,"Pets/display animals, horticulture",NA,non-trivial,recent,Aulacorhynchus caeruleogularis
4423,"Pets/display animals, horticulture",NA,non-trivial,recent,Aulacorhynchus albivitta
4424,"Pets/display animals, horticulture",international,non-trivial,recent,Aulacorhynchus cyanolaemus
4425,"Pets/display animals, horticulture",international,non-trivial,recent,Aulacorhynchus atrogularis
4426,NA,NA,NA,NA,Aulacorhynchus haematopygus
4427,NA,NA,NA,NA,Aulacorhynchus huallagae
4428,NA,NA,NA,NA,Aulacorhynchus coeruleicinctis
4429,"Pets/display animals, horticulture",international,non-trivial,recent,Aulacorhynchus calorhynchus
4430,"Pets/display animals, horticulture",international,non-trivial,recent,Aulacorhynchus sulcatus
4431,NA,NA,NA,NA,Aulacorhynchus derbianus
4432,NA,NA,NA,NA,Aulacorhynchus whitelianus
4433,NA,NA,NA,NA,Andigena hypoglauca
4434,Food - human,,non-trivial,recent,Andigena laminirostris
4435,"Pets/display animals, horticulture",international,non-trivial,recent,Andigena laminirostris
4436,NA,NA,NA,NA,Andigena cucullata
4437,NA,NA,NA,NA,Andigena nigrirostris
4438,NA,NA,NA,NA,Selenidera spectabilis
4439,NA,NA,NA,NA,Selenidera piperivora
4440,NA,NA,NA,NA,Selenidera reinwardtii
4441,NA,NA,NA,NA,Selenidera langsdorffii
4442,NA,NA,NA,NA,Selenidera gouldii
4443,NA,NA,NA,NA,Selenidera maculirostris
4444,NA,NA,NA,NA,Selenidera nattereri
4445,Food - human,NA,non-trivial,recent,Pteroglossus bailloni
4446,"Pets/display animals, horticulture",NA,non-trivial,recent,Pteroglossus bailloni
4447,NA,NA,NA,NA,Pteroglossus viridis
4448,"Pets/display animals, horticulture",international,non-trivial,recent,Pteroglossus humboldti
4449,"Pets/display animals, horticulture",international,non-trivial,recent,Pteroglossus inscriptus
4450,Food - human,NA,non-trivial,recent,Pteroglossus torquatus
4451,Food - human,NA,non-trivial,recent,Pteroglossus sanguineus
4452,Food - human,,non-trivial,recent,Pteroglossus erythropygius
4453,"Pets/display animals, horticulture",international,non-trivial,recent,Pteroglossus erythropygius
4454,NA,NA,NA,NA,Pteroglossus frantzii
4455,NA,NA,NA,NA,Pteroglossus aracari
4456,NA,NA,NA,NA,Pteroglossus castanotis
4457,NA,NA,NA,NA,Pteroglossus pluricinctus
4458,NA,NA,NA,NA,Pteroglossus azara
4459,NA,NA,NA,NA,Pteroglossus beauharnaisii
4460,"Pets/display animals, horticulture",international,non-trivial,recent,Pteroglossus sturmii
4461,"Pets/display animals, horticulture",international,non-trivial,recent,Pteroglossus bitorquatus
4462,"Pets/display animals, horticulture",international,non-trivial,recent,Capito aurovirens
4463,NA,NA,NA,NA,Capito dayi
4464,NA,NA,NA,NA,Capito maculicoronatus
4465,"Pets/display animals, horticulture",international,non-trivial,recent,Capito squamatus
4466,NA,NA,NA,NA,Capito hypoleucus
4467,"Pets/display animals, horticulture",NA,non-trivial,recent,Capito wallacei
4468,NA,NA,NA,NA,Capito fitzpatricki
4469,"Pets/display animals, horticulture",international,non-trivial,recent,Capito quinticolor
4470,NA,NA,NA,NA,Capito brunneipectus
4471,NA,NA,NA,NA,Capito niger
4472,NA,NA,NA,NA,Capito auratus
4473,"Pets/display animals, horticulture",international,non-trivial,recent,Eubucco richardsoni
4474,"Pets/display animals, horticulture",international,non-trivial,recent,Eubucco aurantiicollis
4475,NA,NA,NA,NA,Eubucco tucinkae
4476,"Pets/display animals, horticulture",international,non-trivial,recent,Eubucco bourcierii
4477,NA,NA,NA,NA,Eubucco steerii
4478,NA,NA,NA,NA,Eubucco glaucogularis
4479,NA,NA,NA,NA,Eubucco versicolor
4480,NA,NA,NA,NA,Semnornis frantzii
4481,"Pets/display animals, horticulture",NA,non-trivial,recent,Semnornis ramphastinus
4482,"Pets/display animals, horticulture",international,non-trivial,recent,Caloramphus hayii
4483,"Pets/display animals, horticulture",NA,non-trivial,recent,Caloramphus fuliginosus
4484,NA,NA,NA,NA,Psilopogon haemacephalus
4485,NA,NA,NA,NA,Psilopogon rubricapillus
4486,NA,NA,NA,NA,Psilopogon malabaricus
4487,Food - human,,non-trivial,recent,Psilopogon cyanotis
4488,"Pets/display animals, horticulture",international,non-trivial,recent,Psilopogon cyanotis
4489,Food - human,,non-trivial,recent,Psilopogon duvaucelii
4490,Food - human,,non-trivial,recent,Psilopogon duvaucelii
4491,"Pets/display animals, horticulture",international,non-trivial,recent,Psilopogon duvaucelii
4492,"Pets/display animals, horticulture",international,non-trivial,recent,Psilopogon duvaucelii
4493,Food - human,NA,non-trivial,recent,Psilopogon australis
4494,"Pets/display animals, horticulture",NA,non-trivial,recent,Psilopogon australis
4495,NA,NA,NA,NA,Psilopogon eximius
4496,"Pets/display animals, horticulture",international,non-trivial,recent,Psilopogon lagrandieri
4497,Food - human,,non-trivial,recent,Psilopogon virens
4498,"Pets/display animals, horticulture",international,non-trivial,recent,Psilopogon virens
4499,NA,NA,NA,NA,Psilopogon pyrolophus
4500,NA,NA,NA,NA,Psilopogon mystacophanos
4501,"Pets/display animals, horticulture",NA,non-trivial,recent,Psilopogon javensis
4502,"Pets/display animals, horticulture",international,non-trivial,recent,Psilopogon rafflesii
4503,NA,NA,NA,NA,Psilopogon armillaris
4504,"Pets/display animals, horticulture",NA,non-trivial,recent,Psilopogon henricii
4505,NA,NA,NA,NA,Psilopogon pulcherrimus
4506,"Pets/display animals, horticulture",NA,non-trivial,recent,Psilopogon faiostrictus
4507,NA,NA,NA,NA,Psilopogon lineatus
4508,NA,NA,NA,NA,Psilopogon zeylanicus
4509,NA,NA,NA,NA,Psilopogon viridis
4510,NA,NA,NA,NA,Psilopogon flavifrons
4511,"Pets/display animals, horticulture",international,non-trivial,recent,Psilopogon franklinii
4512,"Pets/display animals, horticulture",international,non-trivial,recent,Psilopogon auricularis
4513,NA,NA,NA,NA,Psilopogon corvinus
4514,"Pets/display animals, horticulture",NA,non-trivial,recent,Psilopogon chrysopogon
4515,NA,NA,NA,NA,Psilopogon monticola
4516,NA,NA,NA,NA,Psilopogon nuchalis
4517,NA,NA,NA,NA,Psilopogon faber
4518,NA,NA,NA,NA,Psilopogon incognitus
4519,Food - human,NA,non-trivial,recent,Psilopogon asiaticus
4520,"Pets/display animals, horticulture",NA,non-trivial,recent,Psilopogon asiaticus
4521,Food - human,NA,non-trivial,recent,Psilopogon chersonesus
4522,"Pets/display animals, horticulture",NA,non-trivial,recent,Psilopogon chersonesus
4523,Food - human,,non-trivial,recent,Psilopogon annamensis
4524,"Pets/display animals, horticulture",international,non-trivial,recent,Psilopogon annamensis
4525,Food - human,NA,non-trivial,recent,Psilopogon oorti
4526,"Pets/display animals, horticulture",NA,non-trivial,recent,Psilopogon oorti
4527,NA,NA,NA,NA,Trachyphonus vaillantii
4528,NA,NA,NA,NA,Trachyphonus erythrocephalus
4529,NA,NA,NA,NA,Trachyphonus margaritatus
4530,"Pets/display animals, horticulture",international,non-trivial,recent,Trachyphonus darnaudii
4531,NA,NA,NA,NA,Trachyphonus usambiro
4532,"Pets/display animals, horticulture",international,non-trivial,recent,Trachyphonus emini
4533,NA,NA,NA,NA,Buccanodon duchaillui
4534,NA,NA,NA,NA,Buccanodon dowsetti
4535,NA,NA,NA,NA,Cryptolybia olivacea
4536,NA,NA,NA,NA,Gymnobucco bonapartei
4537,NA,NA,NA,NA,Gymnobucco cinereiceps
4538,NA,NA,NA,NA,Gymnobucco sladeni
4539,NA,NA,NA,NA,Gymnobucco peli
4540,"Pets/display animals, horticulture",international,non-trivial,recent,Gymnobucco calvus
4541,"Pets/display animals, horticulture",international,non-trivial,recent,Gymnobucco vernayi
4542,"Pets/display animals, horticulture",NA,non-trivial,recent,Stactolaema leucotis
4543,"Pets/display animals, horticulture",NA,non-trivial,recent,Stactolaema leucogrammica
4544,NA,NA,NA,NA,Stactolaema whytii
4545,NA,NA,NA,NA,Stactolaema anchietae
4546,NA,NA,NA,NA,Pogoniulus scolopaceus
4547,NA,NA,NA,NA,Pogoniulus simplex
4548,NA,NA,NA,NA,Pogoniulus leucomystax
4549,NA,NA,NA,NA,Pogoniulus coryphaea
4550,NA,NA,NA,NA,Pogoniulus atroflavus
4551,NA,NA,NA,NA,Pogoniulus subsulphureus
4552,NA,NA,NA,NA,Pogoniulus bilineatus
4553,NA,NA,NA,NA,Pogoniulus makawai
4554,NA,NA,NA,NA,Pogoniulus pusillus
4555,NA,NA,NA,NA,Pogoniulus chrysoconus
4556,NA,NA,NA,NA,Tricholaema hirsuta
4557,NA,NA,NA,NA,Tricholaema diademata
4558,NA,NA,NA,NA,Tricholaema frontata
4559,NA,NA,NA,NA,Tricholaema leucomelas
4560,NA,NA,NA,NA,Tricholaema lacrymosa
4561,NA,NA,NA,NA,Tricholaema melanocephala
4562,NA,NA,NA,NA,Lybius undatus
4563,NA,NA,NA,NA,Lybius vieilloti
4564,"Pets/display animals, horticulture",international,non-trivial,recent,Lybius leucocephalus
4565,"Pets/display animals, horticulture",international,non-trivial,recent,Lybius senex
4566,"Pets/display animals, horticulture",international,non-trivial,recent,Lybius leucogaster
4567,NA,NA,NA,NA,Lybius chaplini
4568,NA,NA,NA,NA,Lybius rubrifacies
4569,NA,NA,NA,NA,Lybius guifsobalito
4570,NA,NA,NA,NA,Lybius torquatus
4571,NA,NA,NA,NA,Pogonornis melanopterus
4572,NA,NA,NA,NA,Pogonornis minor
4573,NA,NA,NA,NA,Pogonornis macclounii
4574,NA,NA,NA,NA,Pogonornis bidentatus
4575,NA,NA,NA,NA,Pogonornis dubius
4576,NA,NA,NA,NA,Pogonornis rolleti
4577,"Pets/display animals, horticulture",international,non-trivial,recent,Trachylaemus goffinii
4578,"Pets/display animals, horticulture",international,non-trivial,recent,Trachylaemus togoensis
4579,"Pets/display animals, horticulture",international,non-trivial,recent,Trachylaemus purpuratus
4580,NA,NA,NA,NA,Prodotiscus insignis
4581,NA,NA,NA,NA,Prodotiscus zambesiae
4582,NA,NA,NA,NA,Prodotiscus regulus
4583,NA,NA,NA,NA,Melignomon zenkeri
4584,NA,NA,NA,NA,Melignomon eisentrauti
4585,NA,NA,NA,NA,Indicator pumilio
4586,NA,NA,NA,NA,Indicator willcocksi
4587,NA,NA,NA,NA,Indicator meliphilus
4588,NA,NA,NA,NA,Indicator exilis
4589,NA,NA,NA,NA,Indicator minor
4590,NA,NA,NA,NA,Indicator maculatus
4591,NA,NA,NA,NA,Indicator variegatus
4592,NA,NA,NA,NA,Indicator xanthonotus
4593,NA,NA,NA,NA,Indicator archipelagicus
4594,NA,NA,NA,NA,Indicator indicator
4595,NA,NA,NA,NA,Melichneutes robustus
4596,Food - human,,non-trivial,recent,Jynx torquilla
4597,Medicine - human & veterinary,,non-trivial,recent,Jynx torquilla
4598,"Pets/display animals, horticulture",international,non-trivial,recent,Jynx torquilla
4599,NA,NA,NA,NA,Jynx ruficollis
4600,NA,NA,NA,NA,Verreauxia africana
4601,NA,NA,NA,NA,Sasia abnormis
4602,NA,NA,NA,NA,Sasia ochracea
4603,"Pets/display animals, horticulture",international,non-trivial,recent,Picumnus innominatus
4604,NA,NA,NA,NA,Picumnus aurifrons
4605,NA,NA,NA,NA,Picumnus pumilus
4606,NA,NA,NA,NA,Picumnus lafresnayi
4607,NA,NA,NA,NA,Picumnus exilis
4608,NA,NA,NA,NA,Picumnus nigropunctatus
4609,NA,NA,NA,NA,Picumnus sclateri
4610,NA,NA,NA,NA,Picumnus squamulatus
4611,NA,NA,NA,NA,Picumnus spilogaster
4612,NA,NA,NA,NA,Picumnus minutissimus
4613,NA,NA,NA,NA,Picumnus pygmaeus
4614,NA,NA,NA,NA,Picumnus steindachneri
4615,NA,NA,NA,NA,Picumnus varzeae
4616,NA,NA,NA,NA,Picumnus cirratus
4617,NA,NA,NA,NA,Picumnus dorbignyanus
4618,NA,NA,NA,NA,Picumnus temminckii
4619,NA,NA,NA,NA,Picumnus albosquamatus
4620,NA,NA,NA,NA,Picumnus fuscus
4621,NA,NA,NA,NA,Picumnus rufiventris
4622,NA,NA,NA,NA,Picumnus limae
4623,NA,NA,NA,NA,Picumnus nebulosus
4624,NA,NA,NA,NA,Picumnus castelnau
4625,NA,NA,NA,NA,Picumnus subtilis
4626,NA,NA,NA,NA,Picumnus olivaceus
4627,NA,NA,NA,NA,Picumnus granadensis
4628,NA,NA,NA,NA,Picumnus cinnamomeus
4629,NA,NA,NA,NA,Nesoctites micromegas
4630,NA,NA,NA,NA,Hemicircus sordidus
4631,NA,NA,NA,NA,Hemicircus concretus
4632,NA,NA,NA,NA,Hemicircus canente
4633,NA,NA,NA,NA,Campephilus pollens
4634,NA,NA,NA,NA,Campephilus splendens
4635,NA,NA,NA,NA,Campephilus haematogaster
4636,"Pets/display animals, horticulture",international,non-trivial,recent,Campephilus rubricollis
4637,NA,NA,NA,NA,Campephilus robustus
4638,NA,NA,NA,NA,Campephilus guatemalensis
4639,NA,NA,NA,NA,Campephilus melanoleucos
4640,Food - human,NA,non-trivial,recent,Campephilus gayaquilensis
4641,NA,NA,NA,NA,Campephilus leucopogon
4642,NA,NA,NA,NA,Campephilus magellanicus
4643,Food - human,NA,non-trivial,recent,Campephilus imperialis
4644,Other household goods,NA,non-trivial,recent,Campephilus imperialis
4645,Sport hunting/specimen collecting,NA,non-trivial,recent,Campephilus imperialis
4646,NA,NA,NA,NA,Blythipicus rubiginosus
4647,NA,NA,NA,NA,Blythipicus pyrrhotis
4648,NA,NA,NA,NA,Chrysocolaptes validus
4649,"Pets/display animals, horticulture",international,non-trivial,recent,Chrysocolaptes guttacristatus
4650,"Pets/display animals, horticulture",international,non-trivial,recent,Chrysocolaptes stricklandi
4651,"Pets/display animals, horticulture",international,non-trivial,recent,Chrysocolaptes strictus
4652,"Pets/display animals, horticulture",international,non-trivial,recent,Chrysocolaptes erythrocephalus
4653,"Pets/display animals, horticulture",NA,non-trivial,recent,Chrysocolaptes haematribon
4654,"Pets/display animals, horticulture",NA,non-trivial,recent,Chrysocolaptes lucidus
4655,"Pets/display animals, horticulture",NA,non-trivial,recent,Chrysocolaptes xanthocephalus
4656,NA,NA,NA,NA,Chrysocolaptes festivus
4657,NA,NA,NA,NA,Dinopium shorii
4658,Food - human,,non-trivial,recent,Dinopium javanense
4659,"Pets/display animals, horticulture",international,non-trivial,recent,Dinopium javanense
4660,Food - human,,non-trivial,recent,Dinopium everetti
4661,"Pets/display animals, horticulture",international,non-trivial,recent,Dinopium everetti
4662,Food - human,,non-trivial,recent,Dinopium benghalense
4663,Medicine - human & veterinary,,non-trivial,recent,Dinopium benghalense
4664,"Pets/display animals, horticulture",international,non-trivial,recent,Dinopium benghalense
4665,Food - human,,non-trivial,recent,Dinopium psarodes
4666,Medicine - human & veterinary,,non-trivial,recent,Dinopium psarodes
4667,"Pets/display animals, horticulture",international,non-trivial,recent,Dinopium psarodes
4668,NA,NA,NA,NA,Chloropicoides rafflesii
4669,NA,NA,NA,NA,Gecinulus grantia
4670,NA,NA,NA,NA,Gecinulus viridis
4671,NA,NA,NA,NA,Micropternus brachyurus
4672,NA,NA,NA,NA,Meiglyptes grammithorax
4673,NA,NA,NA,NA,Meiglyptes tristis
4674,NA,NA,NA,NA,Meiglyptes jugularis
4675,NA,NA,NA,NA,Meiglyptes tukki
4676,NA,NA,NA,NA,Chrysophlegma miniaceum
4677,"Pets/display animals, horticulture",international,non-trivial,recent,Chrysophlegma humii
4678,"Pets/display animals, horticulture",international,non-trivial,recent,Chrysophlegma mentale
4679,"Pets/display animals, horticulture",international,non-trivial,recent,Chrysophlegma flavinucha
4680,NA,NA,NA,NA,Geocolaptes olivaceus
4681,NA,NA,NA,NA,Campethera punctuligera
4682,NA,NA,NA,NA,Campethera bennettii
4683,NA,NA,NA,NA,Campethera scriptoricauda
4684,NA,NA,NA,NA,Campethera nubica
4685,NA,NA,NA,NA,Campethera abingoni
4686,NA,NA,NA,NA,Campethera mombassica
4687,NA,NA,NA,NA,Campethera notata
4688,NA,NA,NA,NA,Campethera cailliautii
4689,"Pets/display animals, horticulture",international,non-trivial,recent,Campethera maculosa
4690,NA,NA,NA,NA,Campethera tullbergi
4691,NA,NA,NA,NA,Campethera taeniolaema
4692,"Pets/display animals, horticulture",international,non-trivial,recent,Pardipicus nivosus
4693,NA,NA,NA,NA,Pardipicus caroli
4694,NA,NA,NA,NA,Picus puniceus
4695,NA,NA,NA,NA,Picus chlorolophus
4696,NA,NA,NA,NA,Picus awokera
4697,NA,NA,NA,NA,Picus rabieri
4698,NA,NA,NA,NA,Picus xanthopygaeus
4699,NA,NA,NA,NA,Picus vittatus
4700,NA,NA,NA,NA,Picus viridanus
4701,"Pets/display animals, horticulture",international,non-trivial,recent,Picus canus
4702,"Pets/display animals, horticulture",NA,non-trivial,recent,Picus guerini
4703,"Pets/display animals, horticulture",NA,non-trivial,recent,Picus dedemi
4704,"Pets/display animals, horticulture",NA,non-trivial,recent,Picus erythropygius
4705,NA,NA,NA,NA,Picus viridis
4706,"Pets/display animals, horticulture",international,non-trivial,recent,Picus sharpei
4707,NA,NA,NA,NA,Picus vaillantii
4708,NA,NA,NA,NA,Picus squamatus
4709,NA,NA,NA,NA,Piculus simplex
4710,NA,NA,NA,NA,Piculus callopterus
4711,NA,NA,NA,NA,Piculus leucolaemus
4712,NA,NA,NA,NA,Piculus litae
4713,NA,NA,NA,NA,Piculus flavigula
4714,NA,NA,NA,NA,Piculus chrysochloros
4715,NA,NA,NA,NA,Piculus aurulentus
4716,NA,NA,NA,NA,Colaptes fernandinae
4717,"Pets/display animals, horticulture",international,non-trivial,recent,Colaptes cafer
4718,"Pets/display animals, horticulture",international,non-trivial,recent,Colaptes mexicanoides
4719,"Pets/display animals, horticulture",international,non-trivial,recent,Colaptes auratus
4720,NA,NA,NA,NA,Colaptes chrysoides
4721,"Pets/display animals, horticulture",international,non-trivial,recent,Colaptes melanochloros
4722,"Pets/display animals, horticulture",international,non-trivial,recent,Colaptes melanolaimus
4723,NA,NA,NA,NA,Colaptes rivolii
4724,NA,NA,NA,NA,Colaptes atriceps
4725,NA,NA,NA,NA,Colaptes cinereicapillus
4726,NA,NA,NA,NA,Colaptes rupicola
4727,NA,NA,NA,NA,Colaptes pitius
4728,"Pets/display animals, horticulture",NA,non-trivial,recent,Colaptes campestris
4729,"Pets/display animals, horticulture",NA,non-trivial,recent,Colaptes campestroides
4730,NA,NA,NA,NA,Colaptes punctigula
4731,"Pets/display animals, horticulture",international,non-trivial,recent,Colaptes auricularis
4732,NA,NA,NA,NA,Colaptes aeruginosus
4733,NA,NA,NA,NA,Colaptes rubiginosus
4734,NA,NA,NA,NA,Colaptes atricollis
4735,NA,NA,NA,NA,Celeus loricatus
4736,NA,NA,NA,NA,Celeus torquatus
4737,NA,NA,NA,NA,Celeus occidentalis
4738,NA,NA,NA,NA,Celeus tinnunculus
4739,NA,NA,NA,NA,Celeus flavus
4740,NA,NA,NA,NA,Celeus spectabilis
4741,NA,NA,NA,NA,Celeus obrieni
4742,NA,NA,NA,NA,Celeus castaneus
4743,NA,NA,NA,NA,Celeus undatus
4744,"Pets/display animals, horticulture",NA,non-trivial,recent,Celeus ochraceus
4745,"Pets/display animals, horticulture",NA,non-trivial,recent,Celeus flavescens
4746,NA,NA,NA,NA,Celeus elegans
4747,NA,NA,NA,NA,Celeus lugubris
4748,NA,NA,NA,NA,Celeus galeatus
4749,NA,NA,NA,NA,Hylatomus pileatus
4750,"Pets/display animals, horticulture",NA,non-trivial,recent,Hylatomus lineatus
4751,"Pets/display animals, horticulture",NA,non-trivial,recent,Hylatomus fuscipennis
4752,NA,NA,NA,NA,Hylatomus schulzii
4753,"Pets/display animals, horticulture",international,non-trivial,recent,Mulleripicus fulvus
4754,NA,NA,NA,NA,Mulleripicus funebris
4755,NA,NA,NA,NA,Mulleripicus fuliginosus
4756,Food - human,NA,non-trivial,recent,Mulleripicus pulverulentus
4757,"Pets/display animals, horticulture",international,non-trivial,recent,Dryocopus javensis
4758,NA,NA,NA,NA,Dryocopus hodgei
4759,"Pets/display animals, horticulture",international,non-trivial,recent,Dryocopus martius
4760,NA,NA,NA,NA,Sphyrapicus thyroideus
4761,NA,NA,NA,NA,Sphyrapicus varius
4762,NA,NA,NA,NA,Sphyrapicus nuchalis
4763,NA,NA,NA,NA,Sphyrapicus ruber
4764,NA,NA,NA,NA,Xiphidiopicus percussus
4765,NA,NA,NA,NA,Melanerpes candidus
4766,NA,NA,NA,NA,Melanerpes lewis
4767,NA,NA,NA,NA,Melanerpes herminieri
4768,NA,NA,NA,NA,Melanerpes portoricensis
4769,NA,NA,NA,NA,Melanerpes erythrocephalus
4770,NA,NA,NA,NA,Melanerpes formicivorus
4771,NA,NA,NA,NA,Melanerpes cruentatus
4772,NA,NA,NA,NA,Melanerpes flavifrons
4773,NA,NA,NA,NA,Melanerpes chrysauchen
4774,NA,NA,NA,NA,Melanerpes pulcher
4775,"Pets/display animals, horticulture",international,non-trivial,recent,Melanerpes pucherani
4776,"Pets/display animals, horticulture",international,non-trivial,recent,Melanerpes cactorum
4777,NA,NA,NA,NA,Melanerpes striatus
4778,NA,NA,NA,NA,Melanerpes radiolatus
4779,NA,NA,NA,NA,Melanerpes hypopolius
4780,NA,NA,NA,NA,Melanerpes pygmaeus
4781,NA,NA,NA,NA,Melanerpes rubricapillus
4782,NA,NA,NA,NA,Melanerpes hoffmannii
4783,"Pets/display animals, horticulture",international,non-trivial,recent,Melanerpes chrysogenys
4784,NA,NA,NA,NA,Melanerpes uropygialis
4785,NA,NA,NA,NA,Melanerpes superciliaris
4786,NA,NA,NA,NA,Melanerpes carolinus
4787,"Pets/display animals, horticulture",international,non-trivial,recent,Melanerpes aurifrons
4788,NA,NA,NA,NA,Picoides tridactylus
4789,NA,NA,NA,NA,Picoides funebris
4790,NA,NA,NA,NA,Picoides arcticus
4791,NA,NA,NA,NA,Picoides temminckii
4792,NA,NA,NA,NA,Picoides kizuki
4793,NA,NA,NA,NA,Picoides maculatus
4794,NA,NA,NA,NA,Picoides ramsayi
4795,NA,NA,NA,NA,Picoides canicapillus
4796,NA,NA,NA,NA,Picoides nanus
4797,NA,NA,NA,NA,Picoides moluccensis
4798,NA,NA,NA,NA,Dendropicos elachus
4799,NA,NA,NA,NA,Dendropicos poecilolaemus
4800,NA,NA,NA,NA,Dendropicos abyssinicus
4801,NA,NA,NA,NA,Dendropicos fuscescens
4802,NA,NA,NA,NA,Dendropicos lugubris
4803,NA,NA,NA,NA,Dendropicos gabonensis
4804,NA,NA,NA,NA,Dendropicos stierlingi
4805,NA,NA,NA,NA,Dendropicos namaquus
4806,NA,NA,NA,NA,Dendropicos xantholophus
4807,NA,NA,NA,NA,Dendropicos pyrrhogaster
4808,NA,NA,NA,NA,Dendropicos johnstoni
4809,NA,NA,NA,NA,Dendropicos elliotii
4810,NA,NA,NA,NA,Dendropicos goertae
4811,NA,NA,NA,NA,Dendropicos spodocephalus
4812,NA,NA,NA,NA,Dendropicos griseocephalus
4813,NA,NA,NA,NA,Dendropicos obsoletus
4814,NA,NA,NA,NA,Dendropicos dorae
4815,NA,NA,NA,NA,Leiopicus mahrattensis
4816,NA,NA,NA,NA,Leiopicus auriceps
4817,"Pets/display animals, horticulture",international,non-trivial,recent,Leiopicus medius
4818,NA,NA,NA,NA,Dryobates minor
4819,NA,NA,NA,NA,Dryobates cathpharius
4820,NA,NA,NA,NA,Dryobates pernyii
4821,NA,NA,NA,NA,Dryobates pubescens
4822,NA,NA,NA,NA,Dryobates scalaris
4823,NA,NA,NA,NA,Dryobates nuttallii
4824,NA,NA,NA,NA,Leuconotopicus villosus
4825,NA,NA,NA,NA,Leuconotopicus arizonae
4826,NA,NA,NA,NA,Leuconotopicus stricklandi
4827,"Pets/display animals, horticulture",international,non-trivial,recent,Leuconotopicus borealis
4828,NA,NA,NA,NA,Leuconotopicus albolarvatus
4829,NA,NA,NA,NA,Leuconotopicus fumigatus
4830,NA,NA,NA,NA,Veniliornis kirkii
4831,NA,NA,NA,NA,Veniliornis cassini
4832,NA,NA,NA,NA,Veniliornis spilogaster
4833,NA,NA,NA,NA,Veniliornis mixtus
4834,NA,NA,NA,NA,Veniliornis lignarius
4835,NA,NA,NA,NA,Veniliornis sanguineus
4836,NA,NA,NA,NA,Veniliornis passerinus
4837,NA,NA,NA,NA,Veniliornis frontalis
4838,NA,NA,NA,NA,Veniliornis callonotus
4839,NA,NA,NA,NA,Veniliornis dignus
4840,NA,NA,NA,NA,Veniliornis nigriceps
4841,NA,NA,NA,NA,Veniliornis affinis
4842,NA,NA,NA,NA,Veniliornis chocoensis
4843,NA,NA,NA,NA,Veniliornis maculifrons
4844,NA,NA,NA,NA,Dendrocopos hyperythrus
4845,NA,NA,NA,NA,Dendrocopos atratus
4846,"Pets/display animals, horticulture",international,non-trivial,recent,Dendrocopos macei
4847,"Pets/display animals, horticulture",international,non-trivial,recent,Dendrocopos analis
4848,NA,NA,NA,NA,Dendrocopos noguchii
4849,"Pets/display animals, horticulture",international,non-trivial,recent,Dendrocopos leucotos
4850,"Pets/display animals, horticulture",international,non-trivial,recent,Dendrocopos owstoni
4851,NA,NA,NA,NA,Dendrocopos assimilis
4852,NA,NA,NA,NA,Dendrocopos syriacus
4853,NA,NA,NA,NA,Dendrocopos darjellensis
4854,Food - human,,non-trivial,recent,Dendrocopos major
4855,"Pets/display animals, horticulture",international,non-trivial,recent,Dendrocopos major
4856,NA,NA,NA,NA,Dendrocopos leucopterus
4857,NA,NA,NA,NA,Chunga burmeisteri
4858,"Pets/display animals, horticulture",NA,non-trivial,recent,Herpetotheres cachinnans
4859,"Pets/display animals, horticulture",international,non-trivial,recent,Micrastur ruficollis
4860,NA,NA,NA,NA,Micrastur plumbeus
4861,NA,NA,NA,NA,Micrastur gilvicollis
4862,NA,NA,NA,NA,Micrastur mintoni
4863,"Pets/display animals, horticulture",international,non-trivial,recent,Micrastur mirandollei
4864,"Pets/display animals, horticulture",international,non-trivial,recent,Micrastur semitorquatus
4865,NA,NA,NA,NA,Micrastur buckleyi
4866,NA,NA,NA,NA,Spiziapteryx circumcincta
4867,"Pets/display animals, horticulture",NA,non-trivial,recent,Caracara plancus
4868,"Pets/display animals, horticulture",international,non-trivial,recent,Ibycter americanus
4869,"Pets/display animals, horticulture",international,non-trivial,recent,Phalcoboenus chimango
4870,NA,NA,NA,NA,Phalcoboenus carunculatus
4871,NA,NA,NA,NA,Phalcoboenus megalopterus
4872,NA,NA,NA,NA,Phalcoboenus albogularis
4873,NA,NA,NA,NA,Phalcoboenus australis
4874,"Pets/display animals, horticulture",international,non-trivial,recent,Milvago chimachima
4875,NA,NA,NA,NA,Daptrius ater
4876,NA,NA,NA,NA,Microhierax caerulescens
4877,NA,NA,NA,NA,Microhierax fringillarius
4878,"Pets/display animals, horticulture",international,non-trivial,recent,Microhierax latifrons
4879,NA,NA,NA,NA,Microhierax erythrogenys
4880,NA,NA,NA,NA,Microhierax melanoleucos
4881,NA,NA,NA,NA,Polihierax semitorquatus
4882,"Pets/display animals, horticulture",NA,non-trivial,recent,Neohierax insignis
4883,"Pets/display animals, horticulture",international,non-trivial,recent,Falco naumanni
4884,Sport hunting/specimen collecting,,non-trivial,recent,Falco naumanni
4885,Food - human,NA,non-trivial,recent,Falco tinnunculus
4886,"Pets/display animals, horticulture",NA,non-trivial,recent,Falco tinnunculus
4887,Sport hunting/specimen collecting,NA,non-trivial,recent,Falco tinnunculus
4888,NA,NA,NA,NA,Falco newtoni
4889,"Pets/display animals, horticulture",NA,non-trivial,recent,Falco punctatus
4890,"Pets/display animals, horticulture",international,non-trivial,recent,Falco araeus
4891,"Pets/display animals, horticulture",international,non-trivial,recent,Falco moluccensis
4892,NA,NA,NA,NA,Falco cenchroides
4893,"Pets/display animals, horticulture",international,non-trivial,recent,Falco sparverius
4894,NA,NA,NA,NA,Falco rupicoloides
4895,"Pets/display animals, horticulture",international,non-trivial,recent,Falco alopex
4896,NA,NA,NA,NA,Falco ardosiaceus
4897,NA,NA,NA,NA,Falco dickinsoni
4898,NA,NA,NA,NA,Falco zoniventris
4899,"Pets/display animals, horticulture",international,non-trivial,recent,Falco chicquera
4900,Sport hunting/specimen collecting,,non-trivial,recent,Falco chicquera
4901,"Pets/display animals, horticulture",international,non-trivial,recent,Falco ruficollis
4902,Sport hunting/specimen collecting,,non-trivial,recent,Falco ruficollis
4903,"Pets/display animals, horticulture",international,non-trivial,recent,Falco vespertinus
4904,Sport hunting/specimen collecting,,non-trivial,recent,Falco vespertinus
4905,Food - human,,non-trivial,recent,Falco amurensis
4906,"Pets/display animals, horticulture",international,non-trivial,recent,Falco amurensis
4907,Food - human,,non-trivial,recent,Falco eleonorae
4908,"Pets/display animals, horticulture",international,non-trivial,recent,Falco eleonorae
4909,Sport hunting/specimen collecting,,non-trivial,recent,Falco eleonorae
4910,"Pets/display animals, horticulture",international,non-trivial,recent,Falco concolor
4911,"Pets/display animals, horticulture",international,non-trivial,recent,Falco columbarius
4912,Sport hunting/specimen collecting,,non-trivial,recent,Falco columbarius
4913,"Pets/display animals, horticulture",international,non-trivial,recent,Falco rufigularis
4914,"Pets/display animals, horticulture",international,non-trivial,recent,Falco deiroleucus
4915,"Pets/display animals, horticulture",international,non-trivial,recent,Falco femoralis
4916,"Pets/display animals, horticulture",international,non-trivial,recent,Falco femoralis
4917,Food - human,,non-trivial,recent,Falco subbuteo
4918,"Pets/display animals, horticulture",international,non-trivial,recent,Falco subbuteo
4919,Sport hunting/specimen collecting,,non-trivial,recent,Falco subbuteo
4920,Food - animal,,non-trivial,recent,Falco cuvierii
4921,Medicine - human & veterinary,,non-trivial,recent,Falco cuvierii
4922,"Pets/display animals, horticulture",international,non-trivial,recent,Falco cuvierii
4923,"Pets/display animals, horticulture",international,non-trivial,recent,Falco severus
4924,NA,NA,NA,NA,Falco longipennis
4925,NA,NA,NA,NA,Falco novaeseelandiae
4926,NA,NA,NA,NA,Falco berigora
4927,"Pets/display animals, horticulture",international,non-trivial,recent,Falco hypoleucos
4928,Sport hunting/specimen collecting,,non-trivial,recent,Falco hypoleucos
4929,NA,NA,NA,NA,Falco subniger
4930,"Pets/display animals, horticulture",international,non-trivial,recent,Falco biarmicus
4931,Sport hunting/specimen collecting,,non-trivial,recent,Falco biarmicus
4932,"Pets/display animals, horticulture",international,non-trivial,recent,Falco jugger
4933,Sport hunting/specimen collecting,,non-trivial,recent,Falco jugger
4934,"Pets/display animals, horticulture",international,non-trivial,recent,Falco cherrug
4935,Sport hunting/specimen collecting,international,non-trivial,recent,Falco cherrug
4936,"Pets/display animals, horticulture",international,non-trivial,recent,Falco rusticolus
4937,NA,NA,NA,NA,Falco mexicanus
4938,Food - human,,non-trivial,recent,Falco peregrinus
4939,"Pets/display animals, horticulture",international,non-trivial,recent,Falco peregrinus
4940,Sport hunting/specimen collecting,,non-trivial,recent,Falco peregrinus
4941,"Pets/display animals, horticulture",international,non-trivial,recent,Falco fasciinucha
4942,"Pets/display animals, horticulture",international,non-trivial,recent,Strigops habroptila
4943,"Pets/display animals, horticulture",international,non-trivial,recent,Strigops habroptila
4944,"Pets/display animals, horticulture",international,non-trivial,recent,Nestor notabilis
4945,Food - human,NA,non-trivial,recent,Nestor meridionalis
4946,Food - human,NA,non-trivial,recent,Nymphicus hollandicus
4947,"Pets/display animals, horticulture",NA,non-trivial,recent,Nymphicus hollandicus
4948,NA,NA,NA,NA,Calyptorhynchus banksii
4949,NA,NA,NA,NA,Calyptorhynchus lathami
4950,NA,NA,NA,NA,Zanda funerea
4951,NA,NA,NA,NA,Zanda baudinii
4952,Other (free text),,non-trivial,recent,Zanda latirostris
4953,"Pets/display animals, horticulture",international,non-trivial,recent,Zanda latirostris
4954,Food - human,,non-trivial,recent,Probosciger aterrimus
4955,"Handicrafts, jewellery, etc.",,non-trivial,recent,Probosciger aterrimus
4956,"Pets/display animals, horticulture",international,non-trivial,recent,Probosciger aterrimus
4957,"Pets/display animals, horticulture",international,non-trivial,recent,Callocephalon fimbriatum
4958,Food - human,NA,non-trivial,recent,Eolophus roseicapilla
4959,"Pets/display animals, horticulture",NA,non-trivial,recent,Eolophus roseicapilla
4960,"Pets/display animals, horticulture",international,non-trivial,recent,Cacatua leadbeateri
4961,NA,NA,NA,NA,Cacatua tenuirostris
4962,NA,NA,NA,NA,Cacatua pastinator
4963,"Pets/display animals, horticulture",international,non-trivial,recent,Cacatua sanguinea
4964,"Pets/display animals, horticulture",international,non-trivial,recent,Cacatua goffiniana
4965,"Pets/display animals, horticulture",international,non-trivial,recent,Cacatua ducorpsii
4966,Food - human,NA,non-trivial,recent,Cacatua haematuropygia
4967,"Pets/display animals, horticulture",NA,non-trivial,recent,Cacatua haematuropygia
4968,Food - human,NA,non-trivial,recent,Cacatua galerita
4969,"Handicrafts, jewellery, etc.",NA,non-trivial,recent,Cacatua galerita
4970,"Pets/display animals, horticulture",NA,non-trivial,recent,Cacatua galerita
4971,"Pets/display animals, horticulture",NA,non-trivial,recent,Cacatua ophthalmica
4972,Food - human,,non-trivial,recent,Cacatua sulphurea
4973,"Pets/display animals, horticulture",international,non-trivial,recent,Cacatua sulphurea
4974,NA,NA,NA,NA,Cacatua citrinocristata
4975,NA,NA,NA,NA,Cacatua moluccensis
4976,Food - human,NA,non-trivial,recent,Cacatua alba
4977,"Pets/display animals, horticulture",NA,non-trivial,recent,Cacatua alba
4978,Food - human,,non-trivial,recent,Psittacus timneh
4979,"Pets/display animals, horticulture",international,non-trivial,recent,Psittacus timneh
4980,Food - human,,non-trivial,recent,Psittacus erithacus
4981,"Pets/display animals, horticulture",international,non-trivial,recent,Psittacus erithacus
4982,NA,NA,NA,NA,Poicephalus gulielmi
4983,NA,NA,NA,NA,Poicephalus flavifrons
4984,"Pets/display animals, horticulture",NA,non-trivial,recent,Poicephalus robustus
4985,"Pets/display animals, horticulture",NA,non-trivial,recent,Poicephalus fuscicollis
4986,NA,NA,NA,NA,Poicephalus meyeri
4987,NA,NA,NA,NA,Poicephalus rueppellii
4988,"Pets/display animals, horticulture",international,non-trivial,recent,Poicephalus cryptoxanthus
4989,NA,NA,NA,NA,Poicephalus crassus
4990,"Pets/display animals, horticulture",international,non-trivial,recent,Poicephalus senegalus
4991,NA,NA,NA,NA,Poicephalus rufiventris
4992,NA,NA,NA,NA,Touit batavicus
4993,"Pets/display animals, horticulture",NA,non-trivial,recent,Touit huetii
4994,"Pets/display animals, horticulture",international,non-trivial,recent,Touit costaricensis
4995,"Pets/display animals, horticulture",NA,non-trivial,recent,Touit dilectissimus
4996,NA,NA,NA,NA,Touit purpuratus
4997,NA,NA,NA,NA,Touit melanonotus
4998,"Pets/display animals, horticulture",NA,non-trivial,recent,Touit surdus
4999,"Pets/display animals, horticulture",international,non-trivial,recent,Touit stictopterus
5000,NA,NA,NA,NA,Psilopsiagon aymara
5001,NA,NA,NA,NA,Psilopsiagon aurifrons
5002,NA,NA,NA,NA,Bolborhynchus lineola
5003,"Pets/display animals, horticulture",NA,non-trivial,recent,Bolborhynchus ferrugineifrons
5004,NA,NA,NA,NA,Bolborhynchus orbygnesius
5005,NA,NA,NA,NA,Nannopsittaca panychlora
5006,NA,NA,NA,NA,Nannopsittaca dachilleae
5007,"Pets/display animals, horticulture",NA,non-trivial,recent,Myiopsitta luchsi
5008,"Pets/display animals, horticulture",NA,non-trivial,recent,Myiopsitta monachus
5009,NA,NA,NA,NA,Brotogeris sanctithomae
5010,NA,NA,NA,NA,Brotogeris tirica
5011,"Pets/display animals, horticulture",international,non-trivial,recent,Brotogeris versicolurus
5012,"Pets/display animals, horticulture",international,non-trivial,recent,Brotogeris chiriri
5013,"Pets/display animals, horticulture",NA,non-trivial,recent,Brotogeris pyrrhoptera
5014,"Pets/display animals, horticulture",international,non-trivial,recent,Brotogeris jugularis
5015,NA,NA,NA,NA,Brotogeris cyanoptera
5016,NA,NA,NA,NA,Brotogeris chrysoptera
5017,"Pets/display animals, horticulture",NA,non-trivial,recent,Pionopsitta pileata
5018,Food - human,,non-trivial,recent,Triclaria malachitacea
5019,"Pets/display animals, horticulture",international,non-trivial,recent,Triclaria malachitacea
5020,NA,NA,NA,NA,Pyrilia haematotis
5021,"Pets/display animals, horticulture",international,non-trivial,recent,Pyrilia pyrilia
5022,NA,NA,NA,NA,Pyrilia pulchra
5023,"Pets/display animals, horticulture",NA,non-trivial,recent,Pyrilia barrabandi
5024,"Pets/display animals, horticulture",international,non-trivial,recent,Pyrilia caica
5025,NA,NA,NA,NA,Pyrilia aurantiocephala
5026,NA,NA,NA,NA,Pyrilia vulturina
5027,"Pets/display animals, horticulture",NA,non-trivial,recent,Hapalopsittaca amazonina
5028,NA,NA,NA,NA,Hapalopsittaca fuertesi
5029,NA,NA,NA,NA,Hapalopsittaca pyrrhops
5030,NA,NA,NA,NA,Hapalopsittaca melanotis
5031,NA,NA,NA,NA,Pionus fuscus
5032,NA,NA,NA,NA,Pionus sordidus
5033,NA,NA,NA,NA,Pionus maximiliani
5034,"Pets/display animals, horticulture",NA,non-trivial,recent,Pionus seniloides
5035,"Pets/display animals, horticulture",international,non-trivial,recent,Pionus tumultuosus
5036,Food - human,NA,non-trivial,recent,Pionus menstruus
5037,"Pets/display animals, horticulture",NA,non-trivial,recent,Pionus menstruus
5038,Food - human,NA,non-trivial,recent,Pionus reichenowi
5039,"Pets/display animals, horticulture",NA,non-trivial,recent,Pionus reichenowi
5040,"Pets/display animals, horticulture",NA,non-trivial,recent,Pionus senilis
5041,NA,NA,NA,NA,Pionus chalcopterus
5042,NA,NA,NA,NA,Graydidascalus brachyurus
5043,"Pets/display animals, horticulture",international,non-trivial,recent,Alipiopsitta xanthops
5044,"Pets/display animals, horticulture",NA,non-trivial,recent,Amazona bodini
5045,"Pets/display animals, horticulture",international,non-trivial,recent,Amazona festiva
5046,Food - human,NA,non-trivial,recent,Amazona vinacea
5047,"Handicrafts, jewellery, etc.",NA,non-trivial,recent,Amazona vinacea
5048,"Pets/display animals, horticulture",NA,non-trivial,recent,Amazona vinacea
5049,"Pets/display animals, horticulture",international,non-trivial,recent,Amazona tucumana
5050,"Pets/display animals, horticulture",NA,non-trivial,recent,Amazona pretrei
5051,Food - human,,non-trivial,recent,Amazona agilis
5052,"Pets/display animals, horticulture",international,non-trivial,recent,Amazona agilis
5053,Food - human,NA,non-trivial,recent,Amazona albifrons
5054,"Pets/display animals, horticulture",NA,non-trivial,recent,Amazona albifrons
5055,Food - human,NA,non-trivial,recent,Amazona collaria
5056,"Pets/display animals, horticulture",NA,non-trivial,recent,Amazona collaria
5057,"Pets/display animals, horticulture",NA,non-trivial,recent,Amazona leucocephala
5058,Food - human,,non-trivial,recent,Amazona ventralis
5059,"Pets/display animals, horticulture",international,non-trivial,recent,Amazona ventralis
5060,Food - human,,non-trivial,recent,Amazona vittata
5061,"Pets/display animals, horticulture",international,non-trivial,recent,Amazona vittata
5062,Food - human,,non-trivial,recent,Amazona finschi
5063,"Pets/display animals, horticulture",international,non-trivial,recent,Amazona finschi
5064,Food - human,NA,non-trivial,recent,Amazona autumnalis
5065,"Pets/display animals, horticulture",NA,non-trivial,recent,Amazona autumnalis
5066,Food - human,,non-trivial,recent,Amazona lilacina
5067,"Pets/display animals, horticulture",international,non-trivial,recent,Amazona lilacina
5068,"Pets/display animals, horticulture",NA,non-trivial,recent,Amazona diadema
5069,"Pets/display animals, horticulture",international,non-trivial,recent,Amazona viridigenalis
5070,"Pets/display animals, horticulture",NA,non-trivial,recent,Amazona xantholora
5071,Food - human,,non-trivial,recent,Amazona dufresniana
5072,"Pets/display animals, horticulture",international,non-trivial,recent,Amazona dufresniana
5073,"Pets/display animals, horticulture",NA,non-trivial,recent,Amazona rhodocorytha
5074,Food - human,,non-trivial,recent,Amazona arausiaca
5075,"Pets/display animals, horticulture",international,non-trivial,recent,Amazona arausiaca
5076,Food - human,,non-trivial,recent,Amazona versicolor
5077,"Pets/display animals, horticulture",international,non-trivial,recent,Amazona versicolor
5078,"Pets/display animals, horticulture",NA,non-trivial,recent,Amazona oratrix
5079,Sport hunting/specimen collecting,NA,non-trivial,recent,Amazona oratrix
5080,"Pets/display animals, horticulture",international,non-trivial,recent,Amazona auropalliata
5081,Food - human,NA,non-trivial,recent,Amazona ochrocephala
5082,"Pets/display animals, horticulture",NA,non-trivial,recent,Amazona ochrocephala
5083,"Pets/display animals, horticulture",international,non-trivial,recent,Amazona barbadensis
5084,Food - human,,non-trivial,recent,Amazona aestiva
5085,"Pets/display animals, horticulture",international,non-trivial,recent,Amazona aestiva
5086,NA,NA,NA,NA,Amazona mercenarius
5087,Food - human,NA,non-trivial,recent,Amazona guatemalae
5088,"Pets/display animals, horticulture",NA,non-trivial,recent,Amazona guatemalae
5089,Food - human,,non-trivial,recent,Amazona farinosa
5090,"Pets/display animals, horticulture",international,non-trivial,recent,Amazona farinosa
5091,"Pets/display animals, horticulture",NA,non-trivial,recent,Amazona kawalli
5092,Food - human,,non-trivial,recent,Amazona imperialis
5093,"Pets/display animals, horticulture",international,non-trivial,recent,Amazona imperialis
5094,Food - human,,non-trivial,recent,Amazona brasiliensis
5095,"Pets/display animals, horticulture",international,non-trivial,recent,Amazona brasiliensis
5096,Sport hunting/specimen collecting,,non-trivial,recent,Amazona brasiliensis
5097,Food - human,,non-trivial,recent,Amazona amazonica
5098,"Pets/display animals, horticulture",international,non-trivial,recent,Amazona amazonica
5099,Sport hunting/specimen collecting,,non-trivial,recent,Amazona amazonica
5100,Food - human,,non-trivial,recent,Amazona guildingii
5101,"Pets/display animals, horticulture",international,non-trivial,recent,Amazona guildingii
5102,NA,NA,NA,NA,Forpus modestus
5103,"Pets/display animals, horticulture",international,non-trivial,recent,Forpus cyanopygius
5104,"Pets/display animals, horticulture",international,non-trivial,recent,Forpus passerinus
5105,"Pets/display animals, horticulture",NA,non-trivial,recent,Forpus spengeli
5106,"Pets/display animals, horticulture",international,non-trivial,recent,Forpus xanthopterygius
5107,"Pets/display animals, horticulture",NA,non-trivial,recent,Forpus conspicillatus
5108,"Pets/display animals, horticulture",NA,non-trivial,recent,Forpus coelestis
5109,"Pets/display animals, horticulture",NA,non-trivial,recent,Forpus xanthops
5110,NA,NA,NA,NA,Pionites melanocephalus
5111,"Pets/display animals, horticulture",NA,non-trivial,recent,Pionites xanthomerius
5112,"Pets/display animals, horticulture",NA,non-trivial,recent,Pionites xanthurus
5113,"Pets/display animals, horticulture",NA,non-trivial,recent,Pionites leucogaster
5114,NA,NA,NA,NA,Deroptyus accipitrinus
5115,NA,NA,NA,NA,Pyrrhura cruentata
5116,"Pets/display animals, horticulture",NA,non-trivial,recent,Pyrrhura devillei
5117,NA,NA,NA,NA,Pyrrhura frontalis
5118,NA,NA,NA,NA,Pyrrhura lepida
5119,"Pets/display animals, horticulture",NA,non-trivial,recent,Pyrrhura perlata
5120,"Pets/display animals, horticulture",international,non-trivial,recent,Pyrrhura molinae
5121,"Pets/display animals, horticulture",NA,non-trivial,recent,Pyrrhura pfrimeri
5122,"Pets/display animals, horticulture",international,non-trivial,recent,Pyrrhura griseipectus
5123,"Pets/display animals, horticulture",NA,non-trivial,recent,Pyrrhura emma
5124,"Pets/display animals, horticulture",NA,non-trivial,recent,Pyrrhura leucotis
5125,"Pets/display animals, horticulture",NA,non-trivial,recent,Pyrrhura eisenmanni
5126,"Pets/display animals, horticulture",international,non-trivial,recent,Pyrrhura caeruleiceps
5127,"Pets/display animals, horticulture",NA,non-trivial,recent,Pyrrhura picta
5128,"Pets/display animals, horticulture",international,non-trivial,recent,Pyrrhura amazonum
5129,"Pets/display animals, horticulture",NA,non-trivial,recent,Pyrrhura snethlageae
5130,"Pets/display animals, horticulture",international,non-trivial,recent,Pyrrhura lucianii
5131,"Pets/display animals, horticulture",international,non-trivial,recent,Pyrrhura peruviana
5132,"Pets/display animals, horticulture",international,non-trivial,recent,Pyrrhura parvifrons
5133,"Pets/display animals, horticulture",NA,non-trivial,recent,Pyrrhura roseifrons
5134,NA,NA,NA,NA,Pyrrhura viridicata
5135,NA,NA,NA,NA,Pyrrhura egregia
5136,"Pets/display animals, horticulture",international,non-trivial,recent,Pyrrhura pacifica
5137,"Pets/display animals, horticulture",international,non-trivial,recent,Pyrrhura chapmani
5138,"Pets/display animals, horticulture",international,non-trivial,recent,Pyrrhura melanura
5139,NA,NA,NA,NA,Pyrrhura orcesi
5140,"Pets/display animals, horticulture",international,non-trivial,recent,Pyrrhura albipectus
5141,"Pets/display animals, horticulture",NA,non-trivial,recent,Pyrrhura rupicola
5142,"Pets/display animals, horticulture",NA,non-trivial,recent,Pyrrhura calliptera
5143,NA,NA,NA,NA,Pyrrhura hoematotis
5144,NA,NA,NA,NA,Pyrrhura rhodocephala
5145,"Pets/display animals, horticulture",NA,non-trivial,recent,Pyrrhura hoffmanni
5146,NA,NA,NA,NA,Enicognathus ferrugineus
5147,NA,NA,NA,NA,Enicognathus leptorhynchus
5148,Food - human,NA,non-trivial,recent,Cyanoliseus patagonus
5149,"Pets/display animals, horticulture",NA,non-trivial,recent,Cyanoliseus patagonus
5150,Food - human,,non-trivial,recent,Anodorhynchus hyacinthinus
5151,"Handicrafts, jewellery, etc.",,non-trivial,recent,Anodorhynchus hyacinthinus
5152,"Pets/display animals, horticulture",international,non-trivial,recent,Anodorhynchus hyacinthinus
5153,Food - human,,non-trivial,recent,Anodorhynchus leari
5154,"Pets/display animals, horticulture",international,non-trivial,recent,Anodorhynchus leari
5155,Food - human,NA,non-trivial,recent,Anodorhynchus glaucus
5156,"Pets/display animals, horticulture",NA,non-trivial,recent,Anodorhynchus glaucus
5157,Sport hunting/specimen collecting,NA,non-trivial,recent,Anodorhynchus glaucus
5158,Food - human,,non-trivial,recent,Rhynchopsitta pachyrhyncha
5159,"Pets/display animals, horticulture",international,non-trivial,recent,Rhynchopsitta pachyrhyncha
5160,"Pets/display animals, horticulture",international,non-trivial,recent,Rhynchopsitta terrisi
5161,"Pets/display animals, horticulture",international,non-trivial,recent,Eupsittula astec
5162,"Pets/display animals, horticulture",international,non-trivial,recent,Eupsittula nana
5163,"Pets/display animals, horticulture",international,non-trivial,recent,Eupsittula canicularis
5164,NA,NA,NA,NA,Eupsittula aurea
5165,"Pets/display animals, horticulture",international,non-trivial,recent,Eupsittula pertinax
5166,NA,NA,NA,NA,Eupsittula cactorum
5167,NA,NA,NA,NA,Aratinga weddellii
5168,"Pets/display animals, horticulture",NA,non-trivial,recent,Aratinga nenday
5169,"Pets/display animals, horticulture",international,non-trivial,recent,Aratinga maculata
5170,NA,NA,NA,NA,Aratinga jandaya
5171,Food - human,NA,non-trivial,recent,Aratinga auricapillus
5172,"Pets/display animals, horticulture",NA,non-trivial,recent,Aratinga auricapillus
5173,NA,NA,NA,NA,Orthopsittaca manilatus
5174,"Pets/display animals, horticulture",international,non-trivial,recent,Primolius couloni
5175,NA,NA,NA,NA,Primolius auricollis
5176,NA,NA,NA,NA,Primolius maracana
5177,Food - human,NA,non-trivial,recent,Ara ararauna
5178,"Pets/display animals, horticulture",NA,non-trivial,recent,Ara ararauna
5179,"Pets/display animals, horticulture",international,non-trivial,recent,Ara glaucogularis
5180,"Pets/display animals, horticulture",international,non-trivial,recent,Ara militaris
5181,Food - human,NA,non-trivial,recent,Ara ambiguus
5182,"Pets/display animals, horticulture",NA,non-trivial,recent,Ara ambiguus
5183,"Handicrafts, jewellery, etc.",,non-trivial,recent,Ara macao
5184,"Pets/display animals, horticulture",international,non-trivial,recent,Ara macao
5185,Food - human,NA,non-trivial,recent,Ara chloropterus
5186,"Pets/display animals, horticulture",NA,non-trivial,recent,Ara chloropterus
5187,"Pets/display animals, horticulture",international,non-trivial,recent,Ara rubrogenys
5188,Food - human,,non-trivial,recent,Ara severus
5189,"Pets/display animals, horticulture",international,non-trivial,recent,Ara severus
5190,"Pets/display animals, horticulture",NA,non-trivial,recent,Leptosittaca branickii
5191,Food - human,,non-trivial,recent,Ognorhynchus icterotis
5192,"Pets/display animals, horticulture",international,non-trivial,recent,Ognorhynchus icterotis
5193,Food - human,NA,non-trivial,recent,Guaruba guarouba
5194,"Pets/display animals, horticulture",NA,non-trivial,recent,Guaruba guarouba
5195,Sport hunting/specimen collecting,NA,non-trivial,recent,Guaruba guarouba
5196,"Pets/display animals, horticulture",international,non-trivial,recent,Diopsittaca nobilis
5197,"Pets/display animals, horticulture",international,non-trivial,recent,Diopsittaca cumanensis
5198,"Pets/display animals, horticulture",international,non-trivial,recent,Psittacara acuticaudatus
5199,"Pets/display animals, horticulture",international,non-trivial,recent,Psittacara acuticaudatus
5200,Sport hunting/specimen collecting,,non-trivial,recent,Psittacara acuticaudatus
5201,Sport hunting/specimen collecting,,non-trivial,recent,Psittacara acuticaudatus
5202,"Pets/display animals, horticulture",NA,non-trivial,recent,Psittacara holochlorus
5203,"Pets/display animals, horticulture",NA,non-trivial,recent,Psittacara holochlorus
5204,Sport hunting/specimen collecting,NA,non-trivial,recent,Psittacara holochlorus
5205,Sport hunting/specimen collecting,NA,non-trivial,recent,Psittacara holochlorus
5206,NA,NA,NA,NA,Psittacara rubritorquis
5207,"Pets/display animals, horticulture",NA,non-trivial,recent,Psittacara wagleri
5208,"Pets/display animals, horticulture",NA,non-trivial,recent,Psittacara frontatus
5209,"Pets/display animals, horticulture",international,non-trivial,recent,Psittacara mitratus
5210,"Pets/display animals, horticulture",international,non-trivial,recent,Psittacara erythrogenys
5211,"Pets/display animals, horticulture",international,non-trivial,recent,Psittacara finschi
5212,NA,NA,NA,NA,Psittacara leucophthalmus
5213,"Pets/display animals, horticulture",international,non-trivial,recent,Psittacara euops
5214,"Pets/display animals, horticulture",international,non-trivial,recent,Psittacara chloropterus
5215,Food - human,,non-trivial,recent,Psittrichas fulgidus
5216,"Handicrafts, jewellery, etc.",,non-trivial,recent,Psittrichas fulgidus
5217,"Pets/display animals, horticulture",international,non-trivial,recent,Psittrichas fulgidus
5218,Food - human,NA,non-trivial,recent,Coracopsis vasa
5219,"Pets/display animals, horticulture",NA,non-trivial,recent,Coracopsis vasa
5220,Food - human,,non-trivial,recent,Coracopsis nigra
5221,"Pets/display animals, horticulture",international,non-trivial,recent,Coracopsis nigra
5222,Food - human,NA,non-trivial,recent,Coracopsis barklyi
5223,"Pets/display animals, horticulture",NA,non-trivial,recent,Coracopsis barklyi
5224,Food - human,,non-trivial,recent,Coracopsis sibilans
5225,"Pets/display animals, horticulture",international,non-trivial,recent,Coracopsis sibilans
5226,NA,NA,NA,NA,Psephotus haematonotus
5227,NA,NA,NA,NA,Northiella haematogaster
5228,NA,NA,NA,NA,Psephotellus varius
5229,"Pets/display animals, horticulture",NA,non-trivial,recent,Psephotellus dissimilis
5230,"Pets/display animals, horticulture",international,non-trivial,recent,Psephotellus chrysopterygius
5231,NA,NA,NA,NA,Purpureicephalus spurius
5232,NA,NA,NA,NA,Platycercus caledonicus
5233,"Pets/display animals, horticulture",NA,non-trivial,recent,Platycercus elegans
5234,NA,NA,NA,NA,Platycercus venustus
5235,NA,NA,NA,NA,Platycercus adscitus
5236,NA,NA,NA,NA,Platycercus eximius
5237,NA,NA,NA,NA,Platycercus icterotis
5238,NA,NA,NA,NA,Barnardius zonarius
5239,"Pets/display animals, horticulture",international,non-trivial,recent,Lathamus discolor
5240,"Pets/display animals, horticulture",international,non-trivial,recent,Lathamus discolor
5241,"Pets/display animals, horticulture",international,non-trivial,recent,Prosopeia splendens
5242,"Pets/display animals, horticulture",NA,non-trivial,recent,Prosopeia personata
5243,Food - human,,non-trivial,recent,Prosopeia tabuensis
5244,"Handicrafts, jewellery, etc.",,non-trivial,recent,Prosopeia tabuensis
5245,"Pets/display animals, horticulture",international,non-trivial,recent,Prosopeia tabuensis
5246,NA,NA,NA,NA,Eunymphicus cornutus
5247,"Pets/display animals, horticulture",NA,non-trivial,recent,Eunymphicus uvaeensis
5248,NA,NA,NA,NA,Cyanoramphus unicolor
5249,NA,NA,NA,NA,Cyanoramphus forbesi
5250,NA,NA,NA,NA,Cyanoramphus auriceps
5251,"Pets/display animals, horticulture",NA,non-trivial,recent,Cyanoramphus malherbi
5252,"Pets/display animals, horticulture",NA,non-trivial,recent,Cyanoramphus malherbi
5253,Food - human,NA,non-trivial,recent,Cyanoramphus novaezelandiae
5254,"Pets/display animals, horticulture",NA,non-trivial,recent,Cyanoramphus novaezelandiae
5255,NA,NA,NA,NA,Pezoporus wallicus
5256,NA,NA,NA,NA,Pezoporus occidentalis
5257,NA,NA,NA,NA,Neopsephotus bourkii
5258,NA,NA,NA,NA,Neophema chrysostoma
5259,NA,NA,NA,NA,Neophema elegans
5260,NA,NA,NA,NA,Neophema petrophila
5261,"Pets/display animals, horticulture",international,non-trivial,recent,Neophema chrysogaster
5262,"Pets/display animals, horticulture",international,non-trivial,recent,Neophema chrysogaster
5263,NA,NA,NA,NA,Neophema pulchella
5264,NA,NA,NA,NA,Neophema splendida
5265,NA,NA,NA,NA,Psittacella brehmii
5266,"Pets/display animals, horticulture",international,non-trivial,recent,Psittacella lorentzi
5267,"Pets/display animals, horticulture",international,non-trivial,recent,Psittacella picta
5268,NA,NA,NA,NA,Psittacella modesta
5269,NA,NA,NA,NA,Psittacella madaraszi
5270,NA,NA,NA,NA,Oreopsittacus arfaki
5271,NA,NA,NA,NA,Charmosyna palmarum
5272,NA,NA,NA,NA,Charmosyna rubrigularis
5273,NA,NA,NA,NA,Charmosyna meeki
5274,"Pets/display animals, horticulture",international,non-trivial,recent,Charmosyna toxopei
5275,NA,NA,NA,NA,Charmosyna multistriata
5276,NA,NA,NA,NA,Charmosyna wilhelminae
5277,NA,NA,NA,NA,Charmosyna rubronotata
5278,NA,NA,NA,NA,Charmosyna placentis
5279,NA,NA,NA,NA,Charmosyna amabilis
5280,"Pets/display animals, horticulture",international,non-trivial,recent,Charmosyna margarethae
5281,NA,NA,NA,NA,Charmosyna pulchella
5282,NA,NA,NA,NA,Charmosyna josefinae
5283,"Handicrafts, jewellery, etc.",,non-trivial,recent,Charmosyna papou
5284,"Pets/display animals, horticulture",international,non-trivial,recent,Charmosyna papou
5285,"Handicrafts, jewellery, etc.",,non-trivial,recent,Charmosyna stellae
5286,"Pets/display animals, horticulture",international,non-trivial,recent,Charmosyna stellae
5287,NA,NA,NA,NA,Vini australis
5288,"Handicrafts, jewellery, etc.",NA,non-trivial,recent,Vini kuhlii
5289,NA,NA,NA,NA,Vini stepheni
5290,"Pets/display animals, horticulture",international,non-trivial,recent,Vini peruviana
5291,"Pets/display animals, horticulture",international,non-trivial,recent,Vini ultramarina
5292,NA,NA,NA,NA,Phigys solitarius
5293,NA,NA,NA,NA,Neopsittacus musschenbroekii
5294,NA,NA,NA,NA,Neopsittacus pullicauda
5295,NA,NA,NA,NA,Glossopsitta concinna
5296,NA,NA,NA,NA,Glossopsitta pusilla
5297,NA,NA,NA,NA,Glossopsitta porphyrocephala
5298,Food - human,,non-trivial,recent,Lorius garrulus
5299,"Pets/display animals, horticulture",international,non-trivial,recent,Lorius garrulus
5300,Sport hunting/specimen collecting,,non-trivial,recent,Lorius garrulus
5301,NA,NA,NA,NA,Lorius domicella
5302,Food - human,,non-trivial,recent,Lorius lory
5303,"Handicrafts, jewellery, etc.",,non-trivial,recent,Lorius lory
5304,"Pets/display animals, horticulture",international,non-trivial,recent,Lorius lory
5305,NA,NA,NA,NA,Lorius hypoinochrous
5306,NA,NA,NA,NA,Lorius albidinucha
5307,Food - human,,non-trivial,recent,Lorius chlorocercus
5308,"Pets/display animals, horticulture",international,non-trivial,recent,Lorius chlorocercus
5309,"Pets/display animals, horticulture",international,non-trivial,recent,Chalcopsitta atra
5310,"Pets/display animals, horticulture",international,non-trivial,recent,Chalcopsitta duivenbodei
5311,NA,NA,NA,NA,Chalcopsitta scintillata
5312,NA,NA,NA,NA,Chalcopsitta cardinalis
5313,NA,NA,NA,NA,Pseudeos fuscata
5314,NA,NA,NA,NA,Psitteuteles versicolor
5315,Food - human,,non-trivial,recent,Psitteuteles goldiei
5316,"Pets/display animals, horticulture",international,non-trivial,recent,Psitteuteles goldiei
5317,NA,NA,NA,NA,Eos histrio
5318,NA,NA,NA,NA,Eos squamata
5319,Food - human,,non-trivial,recent,Eos bornea
5320,"Pets/display animals, horticulture",international,non-trivial,recent,Eos bornea
5321,"Pets/display animals, horticulture",NA,non-trivial,recent,Eos reticulata
5322,"Pets/display animals, horticulture",international,non-trivial,recent,Eos cyanogenia
5323,Sport hunting/specimen collecting,international,non-trivial,recent,Eos cyanogenia
5324,"Pets/display animals, horticulture",international,non-trivial,recent,Eos semilarvata
5325,NA,NA,NA,NA,Trichoglossus ornatus
5326,Food - human,,non-trivial,recent,Trichoglossus forsteni
5327,"Pets/display animals, horticulture",international,non-trivial,recent,Trichoglossus forsteni
5328,Food - human,,non-trivial,recent,Trichoglossus weberi
5329,"Pets/display animals, horticulture",international,non-trivial,recent,Trichoglossus weberi
5330,Food - human,,non-trivial,recent,Trichoglossus capistratus
5331,"Pets/display animals, horticulture",international,non-trivial,recent,Trichoglossus capistratus
5332,Food - human,,non-trivial,recent,Trichoglossus haematodus
5333,Food - human,,non-trivial,recent,Trichoglossus haematodus
5334,"Pets/display animals, horticulture",international,non-trivial,recent,Trichoglossus haematodus
5335,"Pets/display animals, horticulture",international,non-trivial,recent,Trichoglossus haematodus
5336,"Pets/display animals, horticulture",international,non-trivial,recent,Trichoglossus rosenbergii
5337,Food - human,NA,non-trivial,recent,Trichoglossus moluccanus
5338,"Pets/display animals, horticulture",NA,non-trivial,recent,Trichoglossus moluccanus
5339,Food - human,NA,non-trivial,recent,Trichoglossus rubritorquis
5340,"Pets/display animals, horticulture",NA,non-trivial,recent,Trichoglossus rubritorquis
5341,NA,NA,NA,NA,Trichoglossus euteles
5342,"Pets/display animals, horticulture",NA,non-trivial,recent,Trichoglossus meyeri
5343,"Pets/display animals, horticulture",international,non-trivial,recent,Trichoglossus flavoviridis
5344,NA,NA,NA,NA,Trichoglossus johnstoniae
5345,"Pets/display animals, horticulture",international,non-trivial,recent,Trichoglossus rubiginosus
5346,"Pets/display animals, horticulture",international,non-trivial,recent,Trichoglossus chlorolepidotus
5347,NA,NA,NA,NA,Trichoglossus iris
5348,Food - human,,non-trivial,recent,Melopsittacus undulatus
5349,"Pets/display animals, horticulture",international,non-trivial,recent,Melopsittacus undulatus
5350,"Pets/display animals, horticulture",NA,non-trivial,recent,Psittaculirostris desmarestii
5351,"Pets/display animals, horticulture",international,non-trivial,recent,Psittaculirostris godmani
5352,"Pets/display animals, horticulture",NA,non-trivial,recent,Psittaculirostris cervicalis
5353,NA,NA,NA,NA,Psittaculirostris edwardsii
5354,NA,NA,NA,NA,Psittaculirostris salvadorii
5355,"Pets/display animals, horticulture",international,non-trivial,recent,Cyclopsitta gulielmitertii
5356,"Pets/display animals, horticulture",international,non-trivial,recent,Cyclopsitta nigrifrons
5357,"Pets/display animals, horticulture",international,non-trivial,recent,Cyclopsitta amabilis
5358,"Pets/display animals, horticulture",international,non-trivial,recent,Cyclopsitta melanogenia
5359,"Pets/display animals, horticulture",international,non-trivial,recent,Cyclopsitta diophthalma
5360,"Pets/display animals, horticulture",international,non-trivial,recent,Cyclopsitta coxeni
5361,NA,NA,NA,NA,Bolbopsittacus lunulatus
5362,NA,NA,NA,NA,Loriculus vernalis
5363,NA,NA,NA,NA,Loriculus beryllinus
5364,NA,NA,NA,NA,Loriculus philippensis
5365,Food - human,,non-trivial,recent,Loriculus galgulus
5366,"Pets/display animals, horticulture",international,non-trivial,recent,Loriculus galgulus
5367,NA,NA,NA,NA,Loriculus stigmatus
5368,NA,NA,NA,NA,Loriculus sclateri
5369,NA,NA,NA,NA,Loriculus amabilis
5370,NA,NA,NA,NA,Loriculus catamene
5371,NA,NA,NA,NA,Loriculus aurantiifrons
5372,NA,NA,NA,NA,Loriculus tener
5373,"Pets/display animals, horticulture",NA,non-trivial,recent,Loriculus exilis
5374,"Pets/display animals, horticulture",NA,non-trivial,recent,Loriculus pusillus
5375,"Pets/display animals, horticulture",international,non-trivial,recent,Loriculus flosculus
5376,"Pets/display animals, horticulture",NA,non-trivial,recent,Agapornis canus
5377,NA,NA,NA,NA,Agapornis pullarius
5378,NA,NA,NA,NA,Agapornis taranta
5379,"Pets/display animals, horticulture",international,non-trivial,recent,Agapornis swindernianus
5380,Food - human,NA,non-trivial,recent,Agapornis roseicollis
5381,"Pets/display animals, horticulture",NA,non-trivial,recent,Agapornis roseicollis
5382,Food - human,,non-trivial,recent,Agapornis fischeri
5383,"Pets/display animals, horticulture",international,non-trivial,recent,Agapornis fischeri
5384,Food - human,,non-trivial,recent,Agapornis personatus
5385,"Pets/display animals, horticulture",international,non-trivial,recent,Agapornis personatus
5386,"Pets/display animals, horticulture",international,non-trivial,recent,Agapornis lilianae
5387,NA,NA,NA,NA,Agapornis nigrigenis
5388,"Pets/display animals, horticulture",NA,non-trivial,recent,Polytelis swainsonii
5389,NA,NA,NA,NA,Polytelis anthopeplus
5390,"Pets/display animals, horticulture",NA,non-trivial,recent,Polytelis alexandrae
5391,NA,NA,NA,NA,Alisterus amboinensis
5392,NA,NA,NA,NA,Alisterus chloropterus
5393,NA,NA,NA,NA,Alisterus scapularis
5394,NA,NA,NA,NA,Aprosmictus jonquillaceus
5395,NA,NA,NA,NA,Aprosmictus erythropterus
5396,NA,NA,NA,NA,Prioniturus mada
5397,"Pets/display animals, horticulture",NA,non-trivial,recent,Prioniturus platurus
5398,"Pets/display animals, horticulture",NA,non-trivial,recent,Prioniturus platurus
5399,NA,NA,NA,NA,Prioniturus waterstradti
5400,Food - human,,non-trivial,recent,Prioniturus montanus
5401,"Pets/display animals, horticulture",international,non-trivial,recent,Prioniturus montanus
5402,NA,NA,NA,NA,Prioniturus platenae
5403,"Pets/display animals, horticulture",international,non-trivial,recent,Prioniturus mindorensis
5404,Sport hunting/specimen collecting,NA,non-trivial,recent,Prioniturus verticalis
5405,NA,NA,NA,NA,Prioniturus flavicans
5406,"Pets/display animals, horticulture",international,non-trivial,recent,Prioniturus luconensis
5407,"Pets/display animals, horticulture",international,non-trivial,recent,Prioniturus discurus
5408,Food - human,NA,non-trivial,recent,Eclectus roratus
5409,"Pets/display animals, horticulture",NA,non-trivial,recent,Eclectus roratus
5410,"Pets/display animals, horticulture",international,non-trivial,recent,Eclectus cornelia
5411,"Pets/display animals, horticulture",NA,non-trivial,recent,Eclectus riedeli
5412,Food - human,NA,non-trivial,recent,Eclectus polychloros
5413,"Pets/display animals, horticulture",NA,non-trivial,recent,Eclectus polychloros
5414,"Pets/display animals, horticulture",international,non-trivial,recent,Geoffroyus geoffroyi
5415,"Pets/display animals, horticulture",international,non-trivial,recent,Geoffroyus geoffroyi
5416,NA,NA,NA,NA,Geoffroyus simplex
5417,"Pets/display animals, horticulture",international,non-trivial,recent,Geoffroyus heteroclitus
5418,"Pets/display animals, horticulture",international,non-trivial,recent,Geoffroyus heteroclitus
5419,"Pets/display animals, horticulture",international,non-trivial,recent,Geoffroyus hyacinthinus
5420,NA,NA,NA,NA,Tanygnathus megalorynchos
5421,"Pets/display animals, horticulture",NA,non-trivial,recent,Tanygnathus lucionensis
5422,"Pets/display animals, horticulture",international,non-trivial,recent,Tanygnathus everetti
5423,"Pets/display animals, horticulture",international,non-trivial,recent,Tanygnathus sumatranus
5424,NA,NA,NA,NA,Tanygnathus gramineus
5425,Food - human,,non-trivial,recent,Psittinus cyanurus
5426,"Pets/display animals, horticulture",international,non-trivial,recent,Psittinus cyanurus
5427,"Pets/display animals, horticulture",international,non-trivial,recent,Psittinus abbotti
5428,"Pets/display animals, horticulture",NA,non-trivial,recent,Himalayapsitta finschii
5429,NA,NA,NA,NA,Himalayapsitta himalayana
5430,"Pets/display animals, horticulture",international,non-trivial,recent,Himalayapsitta roseata
5431,NA,NA,NA,NA,Himalayapsitta cyanocephala
5432,Food - human,,non-trivial,recent,Psittacula alexandri
5433,"Pets/display animals, horticulture",international,non-trivial,recent,Psittacula alexandri
5434,Food - human,NA,non-trivial,recent,Psittacula derbiana
5435,"Pets/display animals, horticulture",NA,non-trivial,recent,Psittacula derbiana
5436,"Pets/display animals, horticulture",international,non-trivial,recent,Psittacula caniceps
5437,"Pets/display animals, horticulture",international,non-trivial,recent,Belocercus longicaudus
5438,Food - human,,non-trivial,recent,Alexandrinus krameri
5439,"Pets/display animals, horticulture",international,non-trivial,recent,Alexandrinus krameri
5440,Food - human,,non-trivial,recent,Alexandrinus eques
5441,"Pets/display animals, horticulture",international,non-trivial,recent,Alexandrinus eques
5442,Food - human,NA,non-trivial,recent,Palaeornis eupatria
5443,"Pets/display animals, horticulture",NA,non-trivial,recent,Palaeornis eupatria
5444,NA,NA,NA,NA,Nicopsitta columboides
5445,NA,NA,NA,NA,Nicopsitta calthrapae
5446,NA,NA,NA,NA,Micropsitta keiensis
5447,NA,NA,NA,NA,Micropsitta geelvinkiana
5448,NA,NA,NA,NA,Micropsitta pusio
5449,NA,NA,NA,NA,Micropsitta meeki
5450,NA,NA,NA,NA,Micropsitta finschii
5451,NA,NA,NA,NA,Micropsitta bruijnii
5452,NA,NA,NA,NA,Acanthisitta chloris
5453,NA,NA,NA,NA,Xenicus gilviventris
5454,"Pets/display animals, horticulture",NA,non-trivial,recent,Erythropitta erythrogaster
5455,"Pets/display animals, horticulture",NA,non-trivial,recent,Erythropitta inspeculata
5456,"Pets/display animals, horticulture",NA,non-trivial,recent,Erythropitta caeruleitorques
5457,"Pets/display animals, horticulture",NA,non-trivial,recent,Erythropitta palliceps
5458,Food - human,NA,non-trivial,recent,Erythropitta celebensis
5459,"Pets/display animals, horticulture",NA,non-trivial,recent,Erythropitta celebensis
5460,NA,NA,NA,NA,Erythropitta dohertyi
5461,Food - human,NA,non-trivial,recent,Erythropitta rufiventris
5462,"Pets/display animals, horticulture",NA,non-trivial,recent,Erythropitta rufiventris
5463,Food - human,NA,non-trivial,recent,Erythropitta rubrinucha
5464,"Pets/display animals, horticulture",NA,non-trivial,recent,Erythropitta rubrinucha
5465,"Pets/display animals, horticulture",NA,non-trivial,recent,Erythropitta macklotii
5466,Food - human,NA,non-trivial,recent,Erythropitta meeki
5467,"Pets/display animals, horticulture",NA,non-trivial,recent,Erythropitta meeki
5468,Food - human,NA,non-trivial,recent,Erythropitta gazellae
5469,"Pets/display animals, horticulture",NA,non-trivial,recent,Erythropitta gazellae
5470,Food - human,NA,non-trivial,recent,Erythropitta splendida
5471,"Pets/display animals, horticulture",NA,non-trivial,recent,Erythropitta splendida
5472,Food - human,NA,non-trivial,recent,Erythropitta novaehibernicae
5473,"Pets/display animals, horticulture",NA,non-trivial,recent,Erythropitta novaehibernicae
5474,Food - human,NA,non-trivial,recent,Erythropitta kochi
5475,"Pets/display animals, horticulture",NA,non-trivial,recent,Erythropitta kochi
5476,NA,NA,NA,NA,Erythropitta venusta
5477,NA,NA,NA,NA,Erythropitta arquata
5478,NA,NA,NA,NA,Erythropitta granatina
5479,NA,NA,NA,NA,Erythropitta ussheri
5480,"Pets/display animals, horticulture",NA,non-trivial,recent,Hydrornis phayrei
5481,NA,NA,NA,NA,Hydrornis oatesi
5482,NA,NA,NA,NA,Hydrornis nipalensis
5483,NA,NA,NA,NA,Hydrornis soror
5484,Food - human,,non-trivial,recent,Hydrornis caeruleus
5485,"Pets/display animals, horticulture",international,non-trivial,recent,Hydrornis caeruleus
5486,NA,NA,NA,NA,Hydrornis schneideri
5487,NA,NA,NA,NA,Hydrornis cyaneus
5488,"Pets/display animals, horticulture",international,non-trivial,recent,Hydrornis gurneyi
5489,"Pets/display animals, horticulture",,non-trivial,recent,Hydrornis gurneyi
5490,NA,NA,NA,NA,Hydrornis elliotii
5491,NA,NA,NA,NA,Hydrornis guajanus
5492,NA,NA,NA,NA,Hydrornis schwaneri
5493,NA,NA,NA,NA,Hydrornis irena
5494,NA,NA,NA,NA,Hydrornis baudii
5495,"Pets/display animals, horticulture",international,non-trivial,recent,Pitta reichenowi
5496,NA,NA,NA,NA,Pitta angolensis
5497,NA,NA,NA,NA,Pitta brachyura
5498,NA,NA,NA,NA,Pitta moluccensis
5499,NA,NA,NA,NA,Pitta megarhyncha
5500,Food - human,NA,non-trivial,recent,Pitta nympha
5501,Medicine - human & veterinary,NA,non-trivial,recent,Pitta nympha
5502,"Pets/display animals, horticulture",NA,non-trivial,recent,Pitta nympha
5503,NA,NA,NA,NA,Pitta concinna
5504,NA,NA,NA,NA,Pitta vigorsii
5505,NA,NA,NA,NA,Pitta elegans
5506,NA,NA,NA,NA,Pitta sordida
5507,"Pets/display animals, horticulture",international,non-trivial,recent,Pitta novaeguineae
5508,NA,NA,NA,NA,Pitta rosenbergii
5509,NA,NA,NA,NA,Pitta steerii
5510,"Pets/display animals, horticulture",international,non-trivial,recent,Pitta versicolor
5511,NA,NA,NA,NA,Pitta maxima
5512,NA,NA,NA,NA,Pitta morotaiensis
5513,NA,NA,NA,NA,Pitta anerythra
5514,NA,NA,NA,NA,Pitta superba
5515,NA,NA,NA,NA,Pitta iris
5516,NA,NA,NA,NA,Philepitta castanea
5517,NA,NA,NA,NA,Philepitta schlegeli
5518,NA,NA,NA,NA,Neodrepanis coruscans
5519,NA,NA,NA,NA,Neodrepanis hypoxantha
5520,NA,NA,NA,NA,Pseudocalyptomena graueri
5521,NA,NA,NA,NA,Psarisomus dalhousiae
5522,NA,NA,NA,NA,Corydon sumatranus
5523,"Pets/display animals, horticulture",international,non-trivial,recent,Cymbirhynchus macrorhynchos
5524,"Pets/display animals, horticulture",international,non-trivial,recent,Cymbirhynchus affinis
5525,Food - human,NA,non-trivial,recent,Serilophus lunatus
5526,Food - human,NA,non-trivial,recent,Serilophus rubropygius
5527,"Pets/display animals, horticulture",NA,non-trivial,recent,Serilophus rubropygius
5528,NA,NA,NA,NA,Eurylaimus javanicus
5529,NA,NA,NA,NA,Eurylaimus harterti
5530,NA,NA,NA,NA,Eurylaimus ochromalus
5531,NA,NA,NA,NA,Sarcophanops samarensis
5532,NA,NA,NA,NA,Sarcophanops steerii
5533,NA,NA,NA,NA,Sapayoa aenigma
5534,"Pets/display animals, horticulture",international,non-trivial,recent,Smithornis capensis
5535,NA,NA,NA,NA,Smithornis sharpei
5536,NA,NA,NA,NA,Smithornis rufolateralis
5537,"Pets/display animals, horticulture",international,non-trivial,recent,Calyptomena viridis
5538,NA,NA,NA,NA,Calyptomena hosii
5539,NA,NA,NA,NA,Calyptomena whiteheadi
5540,NA,NA,NA,NA,Euchrepomis sharpei
5541,NA,NA,NA,NA,Euchrepomis callinota
5542,NA,NA,NA,NA,Euchrepomis spodioptila
5543,NA,NA,NA,NA,Euchrepomis humeralis
5544,NA,NA,NA,NA,Myrmorchilus strigilatus
5545,NA,NA,NA,NA,Aprositornis disjuncta
5546,NA,NA,NA,NA,Ammonastes pelzelni
5547,NA,NA,NA,NA,Myrmophylax atrothorax
5548,NA,NA,NA,NA,Microrhopias quixensis
5549,NA,NA,NA,NA,Neoctantes niger
5550,NA,NA,NA,NA,Epinecrophylla fulviventris
5551,NA,NA,NA,NA,Epinecrophylla gutturalis
5552,NA,NA,NA,NA,Epinecrophylla leucophthalma
5553,NA,NA,NA,NA,Epinecrophylla haematonota
5554,NA,NA,NA,NA,Epinecrophylla amazonica
5555,NA,NA,NA,NA,Epinecrophylla spodionota
5556,NA,NA,NA,NA,Epinecrophylla ornata
5557,NA,NA,NA,NA,Epinecrophylla hoffmannsi
5558,NA,NA,NA,NA,Epinecrophylla erythrura
5559,NA,NA,NA,NA,Clytoctantes alixii
5560,NA,NA,NA,NA,Clytoctantes atrogularis
5561,NA,NA,NA,NA,Formicivora iheringi
5562,NA,NA,NA,NA,Formicivora erythronotos
5563,NA,NA,NA,NA,Formicivora grisea
5564,NA,NA,NA,NA,Formicivora intermedia
5565,NA,NA,NA,NA,Formicivora serrana
5566,NA,NA,NA,NA,Formicivora melanogaster
5567,NA,NA,NA,NA,Formicivora rufa
5568,NA,NA,NA,NA,Formicivora grantsaui
5569,NA,NA,NA,NA,Formicivora acutirostris
5570,NA,NA,NA,NA,Formicivora paludicola
5571,NA,NA,NA,NA,Myrmochanes hemileucus
5572,NA,NA,NA,NA,Myrmotherula brachyura
5573,NA,NA,NA,NA,Myrmotherula ignota
5574,NA,NA,NA,NA,Myrmotherula ambigua
5575,NA,NA,NA,NA,Myrmotherula sclateri
5576,NA,NA,NA,NA,Myrmotherula surinamensis
5577,NA,NA,NA,NA,Myrmotherula multostriata
5578,NA,NA,NA,NA,Myrmotherula pacifica
5579,NA,NA,NA,NA,Myrmotherula cherriei
5580,NA,NA,NA,NA,Myrmotherula klagesi
5581,NA,NA,NA,NA,Myrmotherula longicauda
5582,NA,NA,NA,NA,Myrmotherula luctuosa
5583,NA,NA,NA,NA,Myrmotherula axillaris
5584,NA,NA,NA,NA,Myrmotherula schisticolor
5585,NA,NA,NA,NA,Myrmotherula sunensis
5586,NA,NA,NA,NA,Myrmotherula minor
5587,NA,NA,NA,NA,Myrmotherula longipennis
5588,NA,NA,NA,NA,Myrmotherula urosticta
5589,NA,NA,NA,NA,Myrmotherula iheringi
5590,NA,NA,NA,NA,Myrmotherula grisea
5591,NA,NA,NA,NA,Myrmotherula unicolor
5592,NA,NA,NA,NA,Myrmotherula snowi
5593,NA,NA,NA,NA,Myrmotherula behni
5594,NA,NA,NA,NA,Myrmotherula menetriesii
5595,NA,NA,NA,NA,Myrmotherula assimilis
5596,NA,NA,NA,NA,Terenura sicki
5597,NA,NA,NA,NA,Terenura maculata
5598,NA,NA,NA,NA,Dichrozona cincta
5599,NA,NA,NA,NA,Rhopias gularis
5600,NA,NA,NA,NA,Isleria hauxwelli
5601,NA,NA,NA,NA,Isleria guttata
5602,NA,NA,NA,NA,Thamnomanes ardesiacus
5603,NA,NA,NA,NA,Thamnomanes saturninus
5604,NA,NA,NA,NA,Thamnomanes caesius
5605,NA,NA,NA,NA,Thamnomanes schistogynus
5606,NA,NA,NA,NA,Megastictus margaritatus
5607,NA,NA,NA,NA,Dysithamnus stictothorax
5608,NA,NA,NA,NA,Dysithamnus mentalis
5609,NA,NA,NA,NA,Dysithamnus striaticeps
5610,NA,NA,NA,NA,Dysithamnus puncticeps
5611,NA,NA,NA,NA,Dysithamnus xanthopterus
5612,NA,NA,NA,NA,Dysithamnus occidentalis
5613,NA,NA,NA,NA,Dysithamnus leucostictus
5614,NA,NA,NA,NA,Dysithamnus plumbeus
5615,NA,NA,NA,NA,Herpsilochmus sellowi
5616,NA,NA,NA,NA,Herpsilochmus pileatus
5617,NA,NA,NA,NA,Herpsilochmus atricapillus
5618,NA,NA,NA,NA,Herpsilochmus praedictus
5619,NA,NA,NA,NA,Herpsilochmus stotzi
5620,NA,NA,NA,NA,Herpsilochmus motacilloides
5621,NA,NA,NA,NA,Herpsilochmus parkeri
5622,NA,NA,NA,NA,Herpsilochmus dugandi
5623,NA,NA,NA,NA,Herpsilochmus sticturus
5624,NA,NA,NA,NA,Herpsilochmus stictocephalus
5625,NA,NA,NA,NA,Herpsilochmus gentryi
5626,NA,NA,NA,NA,Herpsilochmus dorsimaculatus
5627,NA,NA,NA,NA,Herpsilochmus roraimae
5628,NA,NA,NA,NA,Herpsilochmus pectoralis
5629,NA,NA,NA,NA,Herpsilochmus longirostris
5630,NA,NA,NA,NA,Herpsilochmus axillaris
5631,NA,NA,NA,NA,Herpsilochmus scapularis
5632,NA,NA,NA,NA,Herpsilochmus rufimarginatus
5633,NA,NA,NA,NA,Cymbilaimus lineatus
5634,NA,NA,NA,NA,Cymbilaimus sanctaemariae
5635,NA,NA,NA,NA,Taraba major
5636,NA,NA,NA,NA,Hypoedaleus guttatus
5637,NA,NA,NA,NA,Batara cinerea
5638,NA,NA,NA,NA,Mackenziaena leachii
5639,NA,NA,NA,NA,Mackenziaena severa
5640,NA,NA,NA,NA,Frederickena viridis
5641,NA,NA,NA,NA,Frederickena unduliger
5642,NA,NA,NA,NA,Sakesphorus canadensis
5643,NA,NA,NA,NA,Sakesphorus pulchellus
5644,NA,NA,NA,NA,Sakesphorus cristatus
5645,NA,NA,NA,NA,Sakesphorus luctuosus
5646,NA,NA,NA,NA,Thamnophilus doliatus
5647,NA,NA,NA,NA,Thamnophilus ruficapillus
5648,NA,NA,NA,NA,Thamnophilus subfasciatus
5649,NA,NA,NA,NA,Thamnophilus torquatus
5650,NA,NA,NA,NA,Thamnophilus zarumae
5651,NA,NA,NA,NA,Thamnophilus multistriatus
5652,NA,NA,NA,NA,Thamnophilus tenuepunctatus
5653,NA,NA,NA,NA,Thamnophilus palliatus
5654,NA,NA,NA,NA,Thamnophilus bernardi
5655,NA,NA,NA,NA,Thamnophilus shumbae
5656,NA,NA,NA,NA,Thamnophilus bridgesi
5657,NA,NA,NA,NA,Thamnophilus atrinucha
5658,NA,NA,NA,NA,Thamnophilus schistaceus
5659,NA,NA,NA,NA,Thamnophilus murinus
5660,NA,NA,NA,NA,Thamnophilus nigriceps
5661,NA,NA,NA,NA,Thamnophilus praecox
5662,NA,NA,NA,NA,Thamnophilus cryptoleucus
5663,NA,NA,NA,NA,Thamnophilus nigrocinereus
5664,NA,NA,NA,NA,Thamnophilus punctatus
5665,NA,NA,NA,NA,Thamnophilus stictocephalus
5666,NA,NA,NA,NA,Thamnophilus sticturus
5667,NA,NA,NA,NA,Thamnophilus pelzelni
5668,NA,NA,NA,NA,Thamnophilus ambiguus
5669,NA,NA,NA,NA,Thamnophilus caerulescens
5670,NA,NA,NA,NA,Thamnophilus unicolor
5671,NA,NA,NA,NA,Thamnophilus aethiops
5672,NA,NA,NA,NA,Thamnophilus aroyae
5673,NA,NA,NA,NA,Thamnophilus melanonotus
5674,NA,NA,NA,NA,Thamnophilus melanothorax
5675,NA,NA,NA,NA,Thamnophilus amazonicus
5676,NA,NA,NA,NA,Thamnophilus insignis
5677,NA,NA,NA,NA,Thamnophilus divisorius
5678,NA,NA,NA,NA,Biatas nigropectus
5679,NA,NA,NA,NA,Xenornis setifrons
5680,NA,NA,NA,NA,Cercomacra manu
5681,NA,NA,NA,NA,Cercomacra brasiliana
5682,NA,NA,NA,NA,Cercomacra cinerascens
5683,NA,NA,NA,NA,Cercomacra melanaria
5684,NA,NA,NA,NA,Cercomacra ferdinandi
5685,NA,NA,NA,NA,Cercomacra carbonaria
5686,NA,NA,NA,NA,Cercomacra nigricans
5687,NA,NA,NA,NA,Sciaphylax hemimelaena
5688,NA,NA,NA,NA,Sciaphylax castanea
5689,NA,NA,NA,NA,Cercomacroides nigrescens
5690,NA,NA,NA,NA,Cercomacroides fuscicauda
5691,NA,NA,NA,NA,Cercomacroides laeta
5692,NA,NA,NA,NA,Cercomacroides parkeri
5693,NA,NA,NA,NA,Cercomacroides tyrannina
5694,NA,NA,NA,NA,Cercomacroides serva
5695,NA,NA,NA,NA,Drymophila ferruginea
5696,NA,NA,NA,NA,Drymophila rubricollis
5697,NA,NA,NA,NA,Drymophila genei
5698,NA,NA,NA,NA,Drymophila ochropyga
5699,NA,NA,NA,NA,Drymophila malura
5700,NA,NA,NA,NA,Drymophila squamata
5701,NA,NA,NA,NA,Drymophila devillei
5702,NA,NA,NA,NA,Drymophila klagesi
5703,NA,NA,NA,NA,Drymophila hellmayri
5704,NA,NA,NA,NA,Drymophila caudata
5705,NA,NA,NA,NA,Drymophila striaticeps
5706,NA,NA,NA,NA,Hypocnemis hypoxantha
5707,NA,NA,NA,NA,Hypocnemis subflava
5708,NA,NA,NA,NA,Hypocnemis flavescens
5709,NA,NA,NA,NA,Hypocnemis cantator
5710,NA,NA,NA,NA,Hypocnemis peruviana
5711,NA,NA,NA,NA,Hypocnemis ochrogyna
5712,NA,NA,NA,NA,Hypocnemis rondoni
5713,NA,NA,NA,NA,Hypocnemis striata
5714,NA,NA,NA,NA,Phaenostictus mcleannani
5715,NA,NA,NA,NA,Pithys albifrons
5716,NA,NA,NA,NA,Pithys castaneus
5717,NA,NA,NA,NA,Willisornis poecilinotus
5718,NA,NA,NA,NA,Willisornis vidua
5719,NA,NA,NA,NA,Willisornis nigrigula
5720,NA,NA,NA,NA,Phlegopsis nigromaculata
5721,NA,NA,NA,NA,Phlegopsis borbae
5722,NA,NA,NA,NA,Phlegopsis erythroptera
5723,NA,NA,NA,NA,Oneillornis salvini
5724,NA,NA,NA,NA,Oneillornis lunulatus
5725,NA,NA,NA,NA,Gymnopithys bicolor
5726,NA,NA,NA,NA,Gymnopithys leucaspis
5727,NA,NA,NA,NA,Gymnopithys rufigula
5728,NA,NA,NA,NA,Rhegmatorhina gymnops
5729,NA,NA,NA,NA,Rhegmatorhina berlepschi
5730,NA,NA,NA,NA,Rhegmatorhina hoffmannsi
5731,NA,NA,NA,NA,Rhegmatorhina cristata
5732,NA,NA,NA,NA,Rhegmatorhina melanosticta
5733,NA,NA,NA,NA,Myrmoderus eowilsoni
5734,NA,NA,NA,NA,Myrmoderus ferrugineus
5735,NA,NA,NA,NA,Myrmoderus ruficauda
5736,NA,NA,NA,NA,Myrmoderus loricatus
5737,NA,NA,NA,NA,Myrmoderus squamosus
5738,NA,NA,NA,NA,Hylophylax naevioides
5739,NA,NA,NA,NA,Hylophylax naevius
5740,NA,NA,NA,NA,Hylophylax punctulatus
5741,NA,NA,NA,NA,Hypocnemoides melanopogon
5742,NA,NA,NA,NA,Hypocnemoides maculicauda
5743,NA,NA,NA,NA,Sclateria naevia
5744,NA,NA,NA,NA,Myrmelastes saturatus
5745,NA,NA,NA,NA,Myrmelastes schistaceus
5746,NA,NA,NA,NA,Myrmelastes hyperythrus
5747,NA,NA,NA,NA,Myrmelastes rufifacies
5748,NA,NA,NA,NA,Myrmelastes brunneiceps
5749,NA,NA,NA,NA,Myrmelastes humaythae
5750,NA,NA,NA,NA,Myrmelastes leucostigma
5751,NA,NA,NA,NA,Myrmelastes caurensis
5752,NA,NA,NA,NA,Poliocrania maculifer
5753,"Pets/display animals, horticulture",international,non-trivial,recent,Poliocrania exsul
5754,NA,NA,NA,NA,Ampelornis griseiceps
5755,NA,NA,NA,NA,Sipia berlepschi
5756,NA,NA,NA,NA,Sipia nigricauda
5757,NA,NA,NA,NA,Sipia palliata
5758,NA,NA,NA,NA,Sipia laemosticta
5759,NA,NA,NA,NA,Myrmeciza longipes
5760,NA,NA,NA,NA,Myrmoborus melanurus
5761,NA,NA,NA,NA,Myrmoborus lophotes
5762,NA,NA,NA,NA,Myrmoborus myotherinus
5763,NA,NA,NA,NA,Myrmoborus leucophrys
5764,NA,NA,NA,NA,Myrmoborus lugubris
5765,NA,NA,NA,NA,Gymnocichla nudiceps
5766,NA,NA,NA,NA,Pyriglena leuconota
5767,NA,NA,NA,NA,Pyriglena leucoptera
5768,NA,NA,NA,NA,Pyriglena atra
5769,NA,NA,NA,NA,Rhopornis ardesiacus
5770,NA,NA,NA,NA,Percnostola rufifrons
5771,NA,NA,NA,NA,Percnostola arenarum
5772,NA,NA,NA,NA,Akletos melanoceps
5773,NA,NA,NA,NA,Akletos goeldii
5774,NA,NA,NA,NA,Hafferia fortis
5775,NA,NA,NA,NA,Hafferia zeledoni
5776,NA,NA,NA,NA,Hafferia immaculata
5777,NA,NA,NA,NA,Myrmornis torquata
5778,NA,NA,NA,NA,Myrmornis stictoptera
5779,NA,NA,NA,NA,Pygiptila stellaris
5780,NA,NA,NA,NA,Thamnistes anabatinus
5781,NA,NA,NA,NA,Thamnistes aequatorialis
5782,NA,NA,NA,NA,Conopophaga aurita
5783,NA,NA,NA,NA,Conopophaga snethlageae
5784,"Pets/display animals, horticulture",international,non-trivial,recent,Conopophaga melanops
5785,NA,NA,NA,NA,Conopophaga lineata
5786,NA,NA,NA,NA,Conopophaga cearae
5787,NA,NA,NA,NA,Conopophaga roberti
5788,NA,NA,NA,NA,Conopophaga peruviana
5789,NA,NA,NA,NA,Conopophaga ardesiaca
5790,NA,NA,NA,NA,Conopophaga castaneiceps
5791,NA,NA,NA,NA,Conopophaga melanogaster
5792,NA,NA,NA,NA,Pittasoma michleri
5793,NA,NA,NA,NA,Pittasoma rufopileatum
5794,NA,NA,NA,NA,Melanopareia torquata
5795,NA,NA,NA,NA,Melanopareia maximiliani
5796,NA,NA,NA,NA,Melanopareia maranonica
5797,NA,NA,NA,NA,Melanopareia elegans
5798,NA,NA,NA,NA,Grallaria squamigera
5799,NA,NA,NA,NA,Grallaria gigantea
5800,NA,NA,NA,NA,Grallaria excelsa
5801,NA,NA,NA,NA,Grallaria varia
5802,NA,NA,NA,NA,Grallaria alleni
5803,NA,NA,NA,NA,Grallaria chthonia
5804,NA,NA,NA,NA,Grallaria guatimalensis
5805,NA,NA,NA,NA,Grallaria haplonota
5806,NA,NA,NA,NA,Grallaria dignissima
5807,NA,NA,NA,NA,Grallaria eludens
5808,NA,NA,NA,NA,Grallaria ruficapilla
5809,NA,NA,NA,NA,Grallaria watkinsi
5810,NA,NA,NA,NA,Grallaria bangsi
5811,NA,NA,NA,NA,Grallaria kaestneri
5812,NA,NA,NA,NA,Grallaria andicolus
5813,NA,NA,NA,NA,Grallaria griseonucha
5814,NA,NA,NA,NA,Grallaria rufocinerea
5815,NA,NA,NA,NA,Grallaria ridgelyi
5816,NA,NA,NA,NA,Grallaria nuchalis
5817,NA,NA,NA,NA,Grallaria carrikeri
5818,NA,NA,NA,NA,Grallaria albigula
5819,NA,NA,NA,NA,Grallaria flavotincta
5820,NA,NA,NA,NA,Grallaria hypoleuca
5821,NA,NA,NA,NA,Grallaria przewalskii
5822,NA,NA,NA,NA,Grallaria capitalis
5823,NA,NA,NA,NA,Grallaria erythroleuca
5824,NA,NA,NA,NA,Grallaria saltuensis
5825,NA,NA,NA,NA,Grallaria rufula
5826,NA,NA,NA,NA,Grallaria blakei
5827,NA,NA,NA,NA,Grallaria quitensis
5828,NA,NA,NA,NA,Grallaria alticola
5829,NA,NA,NA,NA,Grallaria atuensis
5830,NA,NA,NA,NA,Grallaria fenwickorum
5831,NA,NA,NA,NA,Grallaria milleri
5832,NA,NA,NA,NA,Grallaria erythrotis
5833,NA,NA,NA,NA,Cryptopezus nattereri
5834,NA,NA,NA,NA,Hylopezus perspicillatus
5835,NA,NA,NA,NA,Hylopezus macularius
5836,NA,NA,NA,NA,Hylopezus auricularis
5837,NA,NA,NA,NA,Hylopezus ochroleucus
5838,NA,NA,NA,NA,Myrmothera fulviventris
5839,NA,NA,NA,NA,Myrmothera berlepschi
5840,NA,NA,NA,NA,Myrmothera dives
5841,NA,NA,NA,NA,Myrmothera campanisona
5842,NA,NA,NA,NA,Myrmothera subcanescens
5843,NA,NA,NA,NA,Myrmothera simplex
5844,NA,NA,NA,NA,Grallaricula flavirostris
5845,NA,NA,NA,NA,Grallaricula loricata
5846,NA,NA,NA,NA,Grallaricula cucullata
5847,NA,NA,NA,NA,Grallaricula peruviana
5848,NA,NA,NA,NA,Grallaricula ochraceifrons
5849,NA,NA,NA,NA,Grallaricula ferrugineipectus
5850,NA,NA,NA,NA,Grallaricula leymebambae
5851,NA,NA,NA,NA,Grallaricula cumanensis
5852,NA,NA,NA,NA,Grallaricula nana
5853,NA,NA,NA,NA,Grallaricula lineifrons
5854,NA,NA,NA,NA,Pteroptochos castaneus
5855,NA,NA,NA,NA,Pteroptochos tarnii
5856,NA,NA,NA,NA,Pteroptochos megapodius
5857,NA,NA,NA,NA,Scelorchilus albicollis
5858,NA,NA,NA,NA,Scelorchilus rubecula
5859,NA,NA,NA,NA,Liosceles thoracicus
5860,NA,NA,NA,NA,Psilorhamphus guttatus
5861,NA,NA,NA,NA,Acropternis orthonyx
5862,NA,NA,NA,NA,Rhinocrypta lanceolata
5863,NA,NA,NA,NA,Teledromas fuscus
5864,NA,NA,NA,NA,Eleoscytalopus psychopompus
5865,NA,NA,NA,NA,Eleoscytalopus indigoticus
5866,NA,NA,NA,NA,Merulaxis ater
5867,NA,NA,NA,NA,Merulaxis stresemanni
5868,NA,NA,NA,NA,Myornis senilis
5869,NA,NA,NA,NA,Eugralla paradoxa
5870,NA,NA,NA,NA,Scytalopus alvarezlopezi
5871,NA,NA,NA,NA,Scytalopus latrans
5872,NA,NA,NA,NA,Scytalopus gettyae
5873,NA,NA,NA,NA,Scytalopus unicolor
5874,NA,NA,NA,NA,Scytalopus parvirostris
5875,NA,NA,NA,NA,Scytalopus petrophilus
5876,NA,NA,NA,NA,Scytalopus diamantinensis
5877,NA,NA,NA,NA,Scytalopus novacapitalis
5878,NA,NA,NA,NA,Scytalopus pachecoi
5879,NA,NA,NA,NA,Scytalopus speluncae
5880,NA,NA,NA,NA,Scytalopus gonzagai
5881,NA,NA,NA,NA,Scytalopus iraiensis
5882,NA,NA,NA,NA,Scytalopus macropus
5883,NA,NA,NA,NA,Scytalopus sanctaemartae
5884,NA,NA,NA,NA,Scytalopus micropterus
5885,NA,NA,NA,NA,Scytalopus femoralis
5886,NA,NA,NA,NA,Scytalopus atratus
5887,NA,NA,NA,NA,Scytalopus bolivianus
5888,NA,NA,NA,NA,Scytalopus argentifrons
5889,NA,NA,NA,NA,Scytalopus panamensis
5890,NA,NA,NA,NA,Scytalopus chocoensis
5891,NA,NA,NA,NA,Scytalopus rodriguezi
5892,NA,NA,NA,NA,Scytalopus stilesi
5893,NA,NA,NA,NA,Scytalopus robbinsi
5894,NA,NA,NA,NA,Scytalopus vicinior
5895,NA,NA,NA,NA,Scytalopus latebricola
5896,NA,NA,NA,NA,Scytalopus meridanus
5897,NA,NA,NA,NA,Scytalopus perijanus
5898,NA,NA,NA,NA,Scytalopus caracae
5899,NA,NA,NA,NA,Scytalopus spillmanni
5900,NA,NA,NA,NA,Scytalopus parkeri
5901,NA,NA,NA,NA,Scytalopus magellanicus
5902,NA,NA,NA,NA,Scytalopus griseicollis
5903,NA,NA,NA,NA,Scytalopus altirostris
5904,NA,NA,NA,NA,Scytalopus affinis
5905,NA,NA,NA,NA,Scytalopus urubambae
5906,NA,NA,NA,NA,Scytalopus simonsi
5907,NA,NA,NA,NA,Scytalopus zimmeri
5908,NA,NA,NA,NA,Scytalopus acutirostris
5909,NA,NA,NA,NA,Scytalopus superciliaris
5910,NA,NA,NA,NA,Scytalopus fuscus
5911,NA,NA,NA,NA,Scytalopus opacus
5912,NA,NA,NA,NA,Scytalopus canus
5913,NA,NA,NA,NA,Scytalopus schulenbergi
5914,NA,NA,NA,NA,Formicarius colma
5915,NA,NA,NA,NA,Formicarius moniliger
5916,NA,NA,NA,NA,Formicarius analis
5917,NA,NA,NA,NA,Formicarius rufifrons
5918,NA,NA,NA,NA,Formicarius nigricapillus
5919,NA,NA,NA,NA,Formicarius rufipectus
5920,Food - human,NA,non-trivial,recent,Chamaeza campanisona
5921,NA,NA,NA,NA,Chamaeza nobilis
5922,NA,NA,NA,NA,Chamaeza meruloides
5923,NA,NA,NA,NA,Chamaeza turdina
5924,NA,NA,NA,NA,Chamaeza ruficauda
5925,NA,NA,NA,NA,Chamaeza mollissima
5926,NA,NA,NA,NA,Sclerurus mexicanus
5927,NA,NA,NA,NA,Sclerurus rufigularis
5928,NA,NA,NA,NA,Sclerurus guatemalensis
5929,NA,NA,NA,NA,Sclerurus caudacutus
5930,NA,NA,NA,NA,Sclerurus albigularis
5931,NA,NA,NA,NA,Sclerurus scansor
5932,NA,NA,NA,NA,Sclerurus cearensis
5933,NA,NA,NA,NA,Geositta peruviana
5934,NA,NA,NA,NA,Geositta tenuirostris
5935,NA,NA,NA,NA,Geositta cunicularia
5936,NA,NA,NA,NA,Geositta punensis
5937,NA,NA,NA,NA,Geositta poeciloptera
5938,NA,NA,NA,NA,Geositta crassirostris
5939,NA,NA,NA,NA,Geositta rufipennis
5940,NA,NA,NA,NA,Geositta maritima
5941,NA,NA,NA,NA,Geositta antarctica
5942,NA,NA,NA,NA,Geositta saxicolina
5943,NA,NA,NA,NA,Geositta isabellina
5944,NA,NA,NA,NA,Certhiasomus stictolaemus
5945,NA,NA,NA,NA,Deconychura typica
5946,NA,NA,NA,NA,Deconychura longicauda
5947,NA,NA,NA,NA,Deconychura pallida
5948,NA,NA,NA,NA,Sittasomus griseus
5949,NA,NA,NA,NA,Sittasomus griseicapillus
5950,NA,NA,NA,NA,Dendrocincla tyrannina
5951,NA,NA,NA,NA,Dendrocincla merula
5952,NA,NA,NA,NA,Dendrocincla homochroa
5953,"Pets/display animals, horticulture",international,non-trivial,recent,Dendrocincla anabatina
5954,NA,NA,NA,NA,Dendrocincla fuliginosa
5955,NA,NA,NA,NA,Dendrocincla turdina
5956,"Pets/display animals, horticulture",international,non-trivial,recent,Glyphorynchus spirurus
5957,NA,NA,NA,NA,Dendrexetastes rufigula
5958,NA,NA,NA,NA,Nasica longirostris
5959,NA,NA,NA,NA,Dendrocolaptes sanctithomae
5960,NA,NA,NA,NA,Dendrocolaptes punctipectus
5961,NA,NA,NA,NA,Dendrocolaptes certhia
5962,NA,NA,NA,NA,Dendrocolaptes hoffmannsi
5963,NA,NA,NA,NA,Dendrocolaptes picumnus
5964,NA,NA,NA,NA,Dendrocolaptes platyrostris
5965,NA,NA,NA,NA,Hylexetastes stresemanni
5966,NA,NA,NA,NA,Hylexetastes perrotii
5967,NA,NA,NA,NA,Hylexetastes uniformis
5968,NA,NA,NA,NA,Xiphocolaptes albicollis
5969,NA,NA,NA,NA,Xiphocolaptes promeropirhynchus
5970,NA,NA,NA,NA,Xiphocolaptes falcirostris
5971,NA,NA,NA,NA,Xiphocolaptes major
5972,NA,NA,NA,NA,Xiphorhynchus obsoletus
5973,NA,NA,NA,NA,Xiphorhynchus atlanticus
5974,NA,NA,NA,NA,Xiphorhynchus fuscus
5975,NA,NA,NA,NA,Xiphorhynchus pardalotus
5976,NA,NA,NA,NA,Xiphorhynchus ocellatus
5977,NA,NA,NA,NA,Xiphorhynchus beauperthuysii
5978,NA,NA,NA,NA,Xiphorhynchus chunchotambo
5979,NA,NA,NA,NA,Xiphorhynchus elegans
5980,NA,NA,NA,NA,Xiphorhynchus spixii
5981,NA,NA,NA,NA,Xiphorhynchus susurrans
5982,NA,NA,NA,NA,Xiphorhynchus guttatus
5983,NA,NA,NA,NA,Xiphorhynchus guttatoides
5984,NA,NA,NA,NA,Xiphorhynchus flavigaster
5985,NA,NA,NA,NA,Xiphorhynchus lachrymosus
5986,NA,NA,NA,NA,Xiphorhynchus erythropygius
5987,NA,NA,NA,NA,Xiphorhynchus aequatorialis
5988,NA,NA,NA,NA,Xiphorhynchus triangularis
5989,NA,NA,NA,NA,Dendroplex picus
5990,NA,NA,NA,NA,Dendroplex kienerii
5991,NA,NA,NA,NA,Campylorhamphus falcularius
5992,NA,NA,NA,NA,Campylorhamphus pusillus
5993,NA,NA,NA,NA,Campylorhamphus trochilirostris
5994,NA,NA,NA,NA,Campylorhamphus procurvoides
5995,NA,NA,NA,NA,Campylorhamphus probatus
5996,NA,NA,NA,NA,Campylorhamphus multostriatus
5997,NA,NA,NA,NA,Drymotoxeres pucheranii
5998,NA,NA,NA,NA,Drymornis bridgesii
5999,NA,NA,NA,NA,Lepidocolaptes angustirostris
6000,NA,NA,NA,NA,Lepidocolaptes albolineatus
6001,NA,NA,NA,NA,Lepidocolaptes duidae
6002,NA,NA,NA,NA,Lepidocolaptes fuscicapillus
6003,NA,NA,NA,NA,Lepidocolaptes fatimalimae
6004,NA,NA,NA,NA,Lepidocolaptes souleyetii
6005,NA,NA,NA,NA,Lepidocolaptes squamatus
6006,NA,NA,NA,NA,Lepidocolaptes falcinellus
6007,NA,NA,NA,NA,Lepidocolaptes lacrymiger
6008,NA,NA,NA,NA,Lepidocolaptes leucogaster
6009,NA,NA,NA,NA,Lepidocolaptes affinis
6010,NA,NA,NA,NA,Lepidocolaptes neglectus
6011,NA,NA,NA,NA,Xenops genibarbis
6012,NA,NA,NA,NA,Xenops minutus
6013,NA,NA,NA,NA,Xenops rutilus
6014,NA,NA,NA,NA,Xenops tenuirostris
6015,NA,NA,NA,NA,Berlepschia rikeri
6016,NA,NA,NA,NA,Microxenops milleri
6017,NA,NA,NA,NA,Pygarrhichas albogularis
6018,NA,NA,NA,NA,Ochetorhynchus andaecola
6019,NA,NA,NA,NA,Ochetorhynchus melanurus
6020,NA,NA,NA,NA,Ochetorhynchus ruficaudus
6021,NA,NA,NA,NA,Ochetorhynchus phoenicurus
6022,NA,NA,NA,NA,Pseudocolaptes lawrencii
6023,NA,NA,NA,NA,Pseudocolaptes johnsoni
6024,NA,NA,NA,NA,Pseudocolaptes boissonneauii
6025,NA,NA,NA,NA,Premnornis guttuliger
6026,NA,NA,NA,NA,Tarphonomus harterti
6027,NA,NA,NA,NA,Tarphonomus certhioides
6028,NA,NA,NA,NA,Furnarius torridus
6029,NA,NA,NA,NA,Furnarius figulus
6030,"Pets/display animals, horticulture",international,non-trivial,recent,Furnarius leucopus
6031,"Pets/display animals, horticulture",international,non-trivial,recent,Furnarius longirostris
6032,"Pets/display animals, horticulture",international,non-trivial,recent,Furnarius cinnamomeus
6033,NA,NA,NA,NA,Furnarius minor
6034,NA,NA,NA,NA,Furnarius rufus
6035,NA,NA,NA,NA,Furnarius cristatus
6036,NA,NA,NA,NA,Lochmias nematura
6037,NA,NA,NA,NA,Phleocryptes melanops
6038,NA,NA,NA,NA,Limnornis curvirostris
6039,NA,NA,NA,NA,Geocerthia serrana
6040,NA,NA,NA,NA,Upucerthia saturatior
6041,NA,NA,NA,NA,Upucerthia dumetaria
6042,NA,NA,NA,NA,Upucerthia albigula
6043,NA,NA,NA,NA,Upucerthia validirostris
6044,NA,NA,NA,NA,Cinclodes pabsti
6045,NA,NA,NA,NA,Cinclodes fuscus
6046,NA,NA,NA,NA,Cinclodes maculirostris
6047,NA,NA,NA,NA,Cinclodes antarcticus
6048,NA,NA,NA,NA,Cinclodes comechingonus
6049,NA,NA,NA,NA,Cinclodes albidiventris
6050,NA,NA,NA,NA,Cinclodes olrogi
6051,NA,NA,NA,NA,Cinclodes albiventris
6052,NA,NA,NA,NA,Cinclodes oustaleti
6053,NA,NA,NA,NA,Cinclodes excelsior
6054,NA,NA,NA,NA,Cinclodes aricomae
6055,NA,NA,NA,NA,Cinclodes palliatus
6056,NA,NA,NA,NA,Cinclodes atacamensis
6057,NA,NA,NA,NA,Cinclodes patagonicus
6058,NA,NA,NA,NA,Cinclodes taczanowskii
6059,NA,NA,NA,NA,Cinclodes nigrofumosus
6060,NA,NA,NA,NA,Anabazenops dorsalis
6061,NA,NA,NA,NA,Anabazenops fuscus
6062,NA,NA,NA,NA,Megaxenops parnaguae
6063,NA,NA,NA,NA,Cichlocolaptes leucophrus
6064,NA,NA,NA,NA,Cichlocolaptes holti
6065,NA,NA,NA,NA,Heliobletus contaminatus
6066,NA,NA,NA,NA,Philydor fuscipenne
6067,NA,NA,NA,NA,Philydor erythrocercum
6068,NA,NA,NA,NA,Philydor atricapillus
6069,NA,NA,NA,NA,Philydor pyrrhodes
6070,NA,NA,NA,NA,Anabacerthia variegaticeps
6071,NA,NA,NA,NA,Anabacerthia striaticollis
6072,NA,NA,NA,NA,Anabacerthia ruficaudata
6073,NA,NA,NA,NA,Anabacerthia amaurotis
6074,NA,NA,NA,NA,Anabacerthia lichtensteini
6075,NA,NA,NA,NA,Syndactyla guttulata
6076,NA,NA,NA,NA,Syndactyla subalaris
6077,NA,NA,NA,NA,Syndactyla rufosuperciliata
6078,NA,NA,NA,NA,Syndactyla ruficollis
6079,NA,NA,NA,NA,Syndactyla dimidiata
6080,NA,NA,NA,NA,Syndactyla roraimae
6081,NA,NA,NA,NA,Syndactyla ucayalae
6082,NA,NA,NA,NA,Syndactyla striata
6083,NA,NA,NA,NA,Ancistrops strigilatus
6084,NA,NA,NA,NA,Dendroma rufa
6085,NA,NA,NA,NA,Dendroma erythroptera
6086,NA,NA,NA,NA,Clibanornis rectirostris
6087,NA,NA,NA,NA,Clibanornis dendrocolaptoides
6088,NA,NA,NA,NA,Clibanornis erythrocephalus
6089,NA,NA,NA,NA,Clibanornis rubiginosus
6090,NA,NA,NA,NA,Clibanornis rufipectus
6091,NA,NA,NA,NA,Thripadectes ignobilis
6092,NA,NA,NA,NA,Thripadectes flammulatus
6093,NA,NA,NA,NA,Thripadectes scrutator
6094,NA,NA,NA,NA,Thripadectes holostictus
6095,NA,NA,NA,NA,Thripadectes virgaticeps
6096,NA,NA,NA,NA,Thripadectes melanorhynchus
6097,NA,NA,NA,NA,Thripadectes rufobrunneus
6098,NA,NA,NA,NA,Automolus rufipileatus
6099,NA,NA,NA,NA,Automolus melanopezus
6100,NA,NA,NA,NA,Automolus virgatus
6101,NA,NA,NA,NA,Automolus subulatus
6102,NA,NA,NA,NA,Automolus ochrolaemus
6103,NA,NA,NA,NA,Automolus exsertus
6104,NA,NA,NA,NA,Automolus cervinigularis
6105,NA,NA,NA,NA,Automolus infuscatus
6106,NA,NA,NA,NA,Automolus paraensis
6107,NA,NA,NA,NA,Automolus lammi
6108,NA,NA,NA,NA,Automolus leucophthalmus
6109,NA,NA,NA,NA,Premnoplex brunnescens
6110,NA,NA,NA,NA,Premnoplex tatei
6111,NA,NA,NA,NA,Premnoplex pariae
6112,NA,NA,NA,NA,Margarornis rubiginosus
6113,NA,NA,NA,NA,Margarornis stellatus
6114,NA,NA,NA,NA,Margarornis squamiger
6115,NA,NA,NA,NA,Margarornis bellulus
6116,NA,NA,NA,NA,Aphrastura spinicauda
6117,NA,NA,NA,NA,Aphrastura masafuerae
6118,NA,NA,NA,NA,Sylviorthorhynchus desmurii
6119,NA,NA,NA,NA,Sylviorthorhynchus yanacensis
6120,NA,NA,NA,NA,Leptasthenura xenothorax
6121,NA,NA,NA,NA,Leptasthenura setaria
6122,NA,NA,NA,NA,Leptasthenura platensis
6123,NA,NA,NA,NA,Leptasthenura striolata
6124,NA,NA,NA,NA,Leptasthenura pileata
6125,NA,NA,NA,NA,Leptasthenura striata
6126,NA,NA,NA,NA,Leptasthenura fuliginiceps
6127,NA,NA,NA,NA,Leptasthenura berlepschi
6128,NA,NA,NA,NA,Leptasthenura aegithaloides
6129,NA,NA,NA,NA,Leptasthenura pallida
6130,NA,NA,NA,NA,Leptasthenura andicola
6131,NA,NA,NA,NA,Phacellodomus inornatus
6132,NA,NA,NA,NA,Phacellodomus rufifrons
6133,NA,NA,NA,NA,Phacellodomus striaticeps
6134,NA,NA,NA,NA,Phacellodomus sibilatrix
6135,NA,NA,NA,NA,Phacellodomus dorsalis
6136,NA,NA,NA,NA,Phacellodomus maculipectus
6137,NA,NA,NA,NA,Phacellodomus striaticollis
6138,NA,NA,NA,NA,Phacellodomus ruber
6139,NA,NA,NA,NA,Phacellodomus erythrophthalmus
6140,NA,NA,NA,NA,Phacellodomus ferrugineigula
6141,NA,NA,NA,NA,Hellmayrea gularis
6142,NA,NA,NA,NA,Anumbius annumbi
6143,NA,NA,NA,NA,Coryphistera alaudina
6144,NA,NA,NA,NA,Asthenes usheri
6145,NA,NA,NA,NA,Asthenes huancavelicae
6146,NA,NA,NA,NA,Asthenes arequipae
6147,NA,NA,NA,NA,Asthenes dorbignyi
6148,NA,NA,NA,NA,Asthenes berlepschi
6149,NA,NA,NA,NA,Asthenes baeri
6150,NA,NA,NA,NA,Asthenes luizae
6151,NA,NA,NA,NA,Asthenes anthoides
6152,NA,NA,NA,NA,Asthenes hudsoni
6153,NA,NA,NA,NA,Asthenes urubambensis
6154,NA,NA,NA,NA,Asthenes flammulata
6155,NA,NA,NA,NA,Asthenes virgata
6156,NA,NA,NA,NA,Asthenes maculicauda
6157,NA,NA,NA,NA,Asthenes modesta
6158,NA,NA,NA,NA,Asthenes humilis
6159,NA,NA,NA,NA,Asthenes wyatti
6160,NA,NA,NA,NA,Asthenes moreirae
6161,NA,NA,NA,NA,Asthenes pyrrholeuca
6162,NA,NA,NA,NA,Asthenes harterti
6163,NA,NA,NA,NA,Asthenes coryi
6164,NA,NA,NA,NA,Asthenes perijana
6165,NA,NA,NA,NA,Asthenes fuliginosa
6166,NA,NA,NA,NA,Asthenes griseomurina
6167,NA,NA,NA,NA,Asthenes helleri
6168,NA,NA,NA,NA,Asthenes ottonis
6169,NA,NA,NA,NA,Asthenes palpebralis
6170,NA,NA,NA,NA,Asthenes heterura
6171,NA,NA,NA,NA,Asthenes pudibunda
6172,NA,NA,NA,NA,Asthenes vilcabambae
6173,NA,NA,NA,NA,Asthenes ayacuchensis
6174,NA,NA,NA,NA,Acrobatornis fonsecai
6175,NA,NA,NA,NA,Metopothrix aurantiaca
6176,NA,NA,NA,NA,Xenerpestes minlosi
6177,NA,NA,NA,NA,Xenerpestes singularis
6178,NA,NA,NA,NA,Siptornis striaticollis
6179,NA,NA,NA,NA,Roraimia adusta
6180,NA,NA,NA,NA,Thripophaga gutturata
6181,NA,NA,NA,NA,Thripophaga cherriei
6182,NA,NA,NA,NA,Thripophaga amacurensis
6183,NA,NA,NA,NA,Thripophaga macroura
6184,NA,NA,NA,NA,Thripophaga fusciceps
6185,NA,NA,NA,NA,Limnoctites rectirostris
6186,NA,NA,NA,NA,Limnoctites sulphuriferus
6187,NA,NA,NA,NA,Cranioleuca marcapatae
6188,NA,NA,NA,NA,Cranioleuca weskei
6189,NA,NA,NA,NA,Cranioleuca albiceps
6190,NA,NA,NA,NA,Cranioleuca vulpecula
6191,NA,NA,NA,NA,Cranioleuca berlepschi
6192,NA,NA,NA,NA,Cranioleuca vulpina
6193,NA,NA,NA,NA,Cranioleuca dissita
6194,NA,NA,NA,NA,Cranioleuca muelleri
6195,NA,NA,NA,NA,Cranioleuca albicapilla
6196,NA,NA,NA,NA,Cranioleuca obsoleta
6197,NA,NA,NA,NA,Cranioleuca pallida
6198,NA,NA,NA,NA,Cranioleuca pyrrhophia
6199,NA,NA,NA,NA,Cranioleuca henricae
6200,NA,NA,NA,NA,Cranioleuca erythrops
6201,NA,NA,NA,NA,Cranioleuca antisiensis
6202,NA,NA,NA,NA,Cranioleuca curtata
6203,NA,NA,NA,NA,Cranioleuca demissa
6204,NA,NA,NA,NA,Cranioleuca semicinerea
6205,NA,NA,NA,NA,Cranioleuca hellmayri
6206,NA,NA,NA,NA,Cranioleuca subcristata
6207,NA,NA,NA,NA,Pseudasthenes humicola
6208,NA,NA,NA,NA,Pseudasthenes patagonica
6209,NA,NA,NA,NA,Pseudasthenes steinbachi
6210,NA,NA,NA,NA,Pseudasthenes cactorum
6211,NA,NA,NA,NA,Spartonoica maluroides
6212,NA,NA,NA,NA,Pseudoseisura unirufa
6213,NA,NA,NA,NA,Pseudoseisura cristata
6214,NA,NA,NA,NA,Pseudoseisura lophotes
6215,NA,NA,NA,NA,Pseudoseisura gutturalis
6216,NA,NA,NA,NA,Mazaria propinqua
6217,NA,NA,NA,NA,Schoeniophylax phryganophilus
6218,NA,NA,NA,NA,Certhiaxis cinnamomeus
6219,NA,NA,NA,NA,Certhiaxis mustelinus
6220,NA,NA,NA,NA,Synallaxis scutata
6221,NA,NA,NA,NA,Synallaxis cinerascens
6222,NA,NA,NA,NA,Synallaxis gujanensis
6223,NA,NA,NA,NA,Synallaxis maranonica
6224,NA,NA,NA,NA,Synallaxis simoni
6225,NA,NA,NA,NA,Synallaxis albilora
6226,NA,NA,NA,NA,Synallaxis kollari
6227,NA,NA,NA,NA,Synallaxis candei
6228,NA,NA,NA,NA,Synallaxis erythrothorax
6229,NA,NA,NA,NA,Synallaxis tithys
6230,NA,NA,NA,NA,Synallaxis unirufa
6231,NA,NA,NA,NA,Synallaxis castanea
6232,NA,NA,NA,NA,Synallaxis fuscorufa
6233,NA,NA,NA,NA,Synallaxis cinnamomea
6234,NA,NA,NA,NA,Synallaxis rutilans
6235,NA,NA,NA,NA,Synallaxis cherriei
6236,NA,NA,NA,NA,Synallaxis hypochondriaca
6237,NA,NA,NA,NA,Synallaxis zimmeri
6238,NA,NA,NA,NA,Synallaxis stictothorax
6239,NA,NA,NA,NA,Synallaxis chinchipensis
6240,NA,NA,NA,NA,Synallaxis brachyura
6241,NA,NA,NA,NA,Synallaxis subpudica
6242,NA,NA,NA,NA,Synallaxis hellmayri
6243,NA,NA,NA,NA,Synallaxis ruficapilla
6244,NA,NA,NA,NA,Synallaxis cinerea
6245,NA,NA,NA,NA,Synallaxis infuscata
6246,NA,NA,NA,NA,Synallaxis moesta
6247,NA,NA,NA,NA,Synallaxis cabanisi
6248,NA,NA,NA,NA,Synallaxis macconnelli
6249,NA,NA,NA,NA,Synallaxis hypospodia
6250,NA,NA,NA,NA,Synallaxis spixi
6251,NA,NA,NA,NA,Synallaxis albigularis
6252,NA,NA,NA,NA,Synallaxis beverlyae
6253,NA,NA,NA,NA,Synallaxis albescens
6254,NA,NA,NA,NA,Synallaxis frontalis
6255,NA,NA,NA,NA,Synallaxis azarae
6256,NA,NA,NA,NA,Synallaxis courseni
6257,NA,NA,NA,NA,Neopelma pallescens
6258,NA,NA,NA,NA,Neopelma chrysocephalum
6259,NA,NA,NA,NA,Neopelma aurifrons
6260,NA,NA,NA,NA,Neopelma chrysolophum
6261,NA,NA,NA,NA,Neopelma sulphureiventer
6262,NA,NA,NA,NA,Tyranneutes stolzmanni
6263,NA,NA,NA,NA,Tyranneutes virescens
6264,NA,NA,NA,NA,Xenopipo uniformis
6265,NA,NA,NA,NA,Xenopipo atronitens
6266,NA,NA,NA,NA,Heterocercus aurantiivertex
6267,NA,NA,NA,NA,Heterocercus flavivertex
6268,NA,NA,NA,NA,Heterocercus linteatus
6269,NA,NA,NA,NA,Manacus candei
6270,NA,NA,NA,NA,Manacus aurantiacus
6271,NA,NA,NA,NA,Manacus vitellinus
6272,NA,NA,NA,NA,Manacus manacus
6273,NA,NA,NA,NA,Pipra filicauda
6274,NA,NA,NA,NA,Pipra aureola
6275,NA,NA,NA,NA,Pipra fasciicauda
6276,NA,NA,NA,NA,Machaeropterus deliciosus
6277,NA,NA,NA,NA,Machaeropterus striolatus
6278,NA,NA,NA,NA,Machaeropterus regulus
6279,NA,NA,NA,NA,Machaeropterus pyrocephalus
6280,NA,NA,NA,NA,Machaeropterus eckelberryi
6281,NA,NA,NA,NA,Pseudopipra pipra
6282,NA,NA,NA,NA,Ceratopipra cornuta
6283,NA,NA,NA,NA,Ceratopipra mentalis
6284,NA,NA,NA,NA,Ceratopipra erythrocephala
6285,NA,NA,NA,NA,Ceratopipra rubrocapilla
6286,NA,NA,NA,NA,Ceratopipra chloromeros
6287,NA,NA,NA,NA,Cryptopipo litae
6288,NA,NA,NA,NA,Cryptopipo holochlora
6289,NA,NA,NA,NA,Chloropipo flavicapilla
6290,NA,NA,NA,NA,Chloropipo unicolor
6291,NA,NA,NA,NA,Lepidothrix suavissima
6292,NA,NA,NA,NA,Lepidothrix serena
6293,NA,NA,NA,NA,Lepidothrix coronata
6294,NA,NA,NA,NA,Lepidothrix nattereri
6295,NA,NA,NA,NA,Lepidothrix vilasboasi
6296,NA,NA,NA,NA,Lepidothrix iris
6297,NA,NA,NA,NA,Lepidothrix isidorei
6298,NA,NA,NA,NA,Lepidothrix coeruleocapilla
6299,NA,NA,NA,NA,Ilicura militaris
6300,NA,NA,NA,NA,Masius chrysopterus
6301,NA,NA,NA,NA,Corapipo leucorrhoa
6302,NA,NA,NA,NA,Corapipo gutturalis
6303,NA,NA,NA,NA,Antilophia bokermanni
6304,"Pets/display animals, horticulture",international,non-trivial,recent,Antilophia galeata
6305,NA,NA,NA,NA,Chiroxiphia linearis
6306,"Pets/display animals, horticulture",international,non-trivial,recent,Chiroxiphia lanceolata
6307,"Pets/display animals, horticulture",international,non-trivial,recent,Chiroxiphia pareola
6308,NA,NA,NA,NA,Chiroxiphia boliviana
6309,NA,NA,NA,NA,Chiroxiphia caudata
6310,NA,NA,NA,NA,Ampelioides tschudii
6311,NA,NA,NA,NA,Pipreola chlorolepidota
6312,NA,NA,NA,NA,Pipreola squamipectus
6313,NA,NA,NA,NA,Pipreola frontalis
6314,NA,NA,NA,NA,Pipreola formosa
6315,NA,NA,NA,NA,Pipreola whitelyi
6316,NA,NA,NA,NA,Pipreola lubomirskii
6317,"Pets/display animals, horticulture",international,non-trivial,recent,Pipreola jucunda
6318,NA,NA,NA,NA,Pipreola pulchra
6319,"Pets/display animals, horticulture",international,non-trivial,recent,Pipreola aureopectus
6320,NA,NA,NA,NA,Pipreola arcuata
6321,NA,NA,NA,NA,Pipreola intermedia
6322,NA,NA,NA,NA,Pipreola riefferii
6323,NA,NA,NA,NA,Snowornis subalaris
6324,NA,NA,NA,NA,Snowornis cryptolophus
6325,NA,NA,NA,NA,Carpornis cucullata
6326,NA,NA,NA,NA,Carpornis melanocephala
6327,"Pets/display animals, horticulture",international,non-trivial,recent,Rupicola peruvianus
6328,NA,NA,NA,NA,Rupicola rupicola
6329,NA,NA,NA,NA,Phoenicircus carnifex
6330,NA,NA,NA,NA,Phoenicircus nigricollis
6331,NA,NA,NA,NA,Zaratornis stresemanni
6332,NA,NA,NA,NA,Phytotoma rara
6333,NA,NA,NA,NA,Phytotoma raimondii
6334,NA,NA,NA,NA,Phytotoma rutila
6335,Food - human,NA,non-trivial,recent,Phibalura flavirostris
6336,NA,NA,NA,NA,Phibalura boliviana
6337,NA,NA,NA,NA,Doliornis sclateri
6338,NA,NA,NA,NA,Doliornis remseni
6339,NA,NA,NA,NA,Ampelion rubrocristatus
6340,NA,NA,NA,NA,Ampelion rufaxilla
6341,"Pets/display animals, horticulture",international,non-trivial,recent,Haematoderus militaris
6342,"Pets/display animals, horticulture",international,non-trivial,recent,Querula purpurata
6343,NA,NA,NA,NA,Pyroderus scutatus
6344,"Pets/display animals, horticulture",international,non-trivial,recent,Cephalopterus glabricollis
6345,Food - human,NA,non-trivial,recent,Cephalopterus penduliger
6346,"Pets/display animals, horticulture",NA,non-trivial,recent,Cephalopterus penduliger
6347,NA,NA,NA,NA,Cephalopterus ornatus
6348,NA,NA,NA,NA,Perissocephalus tricolor
6349,NA,NA,NA,NA,Lipaugus unirufus
6350,Food - human,NA,non-trivial,recent,Lipaugus ater
6351,NA,NA,NA,NA,Lipaugus conditus
6352,NA,NA,NA,NA,Lipaugus lanioides
6353,NA,NA,NA,NA,Lipaugus streptophorus
6354,NA,NA,NA,NA,Lipaugus vociferans
6355,NA,NA,NA,NA,Lipaugus weberi
6356,NA,NA,NA,NA,Lipaugus fuscocinereus
6357,NA,NA,NA,NA,Lipaugus uropygialis
6358,NA,NA,NA,NA,Procnias albus
6359,NA,NA,NA,NA,Procnias tricarunculatus
6360,"Pets/display animals, horticulture",international,non-trivial,recent,Procnias nudicollis
6361,NA,NA,NA,NA,Procnias averano
6362,NA,NA,NA,NA,Cotinga maynana
6363,"Pets/display animals, horticulture",international,non-trivial,recent,Cotinga cayana
6364,NA,NA,NA,NA,Cotinga amabilis
6365,NA,NA,NA,NA,Cotinga nattererii
6366,NA,NA,NA,NA,Cotinga ridgwayi
6367,Other household goods,,non-trivial,recent,Cotinga maculata
6368,"Pets/display animals, horticulture",international,non-trivial,recent,Cotinga maculata
6369,NA,NA,NA,NA,Cotinga cotinga
6370,NA,NA,NA,NA,Porphyrolaema porphyrolaema
6371,NA,NA,NA,NA,Conioptilon mcilhennyi
6372,NA,NA,NA,NA,Gymnoderus foetidus
6373,"Pets/display animals, horticulture",international,non-trivial,recent,Xipholena punicea
6374,NA,NA,NA,NA,Xipholena lamellipennis
6375,Food - human,,non-trivial,recent,Xipholena atropurpurea
6376,"Pets/display animals, horticulture",international,non-trivial,recent,Xipholena atropurpurea
6377,NA,NA,NA,NA,Carpodectes hopkei
6378,NA,NA,NA,NA,Carpodectes antoniae
6379,"Pets/display animals, horticulture",international,non-trivial,recent,Carpodectes nitidus
6380,NA,NA,NA,NA,Oxyruncus cristatus
6381,NA,NA,NA,NA,Onychorhynchus mexicanus
6382,NA,NA,NA,NA,Onychorhynchus occidentalis
6383,NA,NA,NA,NA,Onychorhynchus coronatus
6384,NA,NA,NA,NA,Onychorhynchus swainsoni
6385,NA,NA,NA,NA,Terenotriccus erythrurus
6386,NA,NA,NA,NA,Myiobius villosus
6387,NA,NA,NA,NA,Myiobius sulphureipygius
6388,NA,NA,NA,NA,Myiobius barbatus
6389,NA,NA,NA,NA,Myiobius atricaudus
6390,NA,NA,NA,NA,Iodopleura isabellae
6391,NA,NA,NA,NA,Iodopleura fusca
6392,NA,NA,NA,NA,Iodopleura pipra
6393,NA,NA,NA,NA,Tityra inquisitor
6394,NA,NA,NA,NA,Tityra cayana
6395,"Pets/display animals, horticulture",international,non-trivial,recent,Tityra braziliensis
6396,NA,NA,NA,NA,Tityra semifasciata
6397,NA,NA,NA,NA,Tityra leucura
6398,NA,NA,NA,NA,Xenopsaris albinucha
6399,NA,NA,NA,NA,Pachyramphus versicolor
6400,NA,NA,NA,NA,Pachyramphus xanthogenys
6401,NA,NA,NA,NA,Pachyramphus griseigularis
6402,NA,NA,NA,NA,Pachyramphus viridis
6403,NA,NA,NA,NA,Pachyramphus spodiurus
6404,NA,NA,NA,NA,Pachyramphus rufus
6405,NA,NA,NA,NA,Pachyramphus minor
6406,NA,NA,NA,NA,Pachyramphus aglaiae
6407,NA,NA,NA,NA,Pachyramphus niger
6408,NA,NA,NA,NA,Pachyramphus homochrous
6409,NA,NA,NA,NA,Pachyramphus validus
6410,NA,NA,NA,NA,Pachyramphus surinamus
6411,NA,NA,NA,NA,Pachyramphus cinnamomeus
6412,NA,NA,NA,NA,Pachyramphus castaneus
6413,NA,NA,NA,NA,Pachyramphus uropygialis
6414,NA,NA,NA,NA,Pachyramphus major
6415,NA,NA,NA,NA,Pachyramphus marginatus
6416,NA,NA,NA,NA,Pachyramphus polychopterus
6417,NA,NA,NA,NA,Pachyramphus albogriseus
6418,NA,NA,NA,NA,Schiffornis major
6419,NA,NA,NA,NA,Schiffornis virescens
6420,NA,NA,NA,NA,Schiffornis olivacea
6421,NA,NA,NA,NA,Schiffornis stenorhyncha
6422,NA,NA,NA,NA,Schiffornis turdina
6423,NA,NA,NA,NA,Schiffornis aenea
6424,NA,NA,NA,NA,Schiffornis veraepacis
6425,NA,NA,NA,NA,Laniocera rufescens
6426,NA,NA,NA,NA,Laniocera hypopyrra
6427,NA,NA,NA,NA,Laniisoma buckleyi
6428,NA,NA,NA,NA,Laniisoma elegans
6429,NA,NA,NA,NA,Calyptura cristata
6430,NA,NA,NA,NA,Neopipo cinnamomea
6431,NA,NA,NA,NA,Platyrinchus saturatus
6432,NA,NA,NA,NA,Platyrinchus cancrominus
6433,NA,NA,NA,NA,Platyrinchus albogularis
6434,NA,NA,NA,NA,Platyrinchus mystaceus
6435,NA,NA,NA,NA,Platyrinchus coronatus
6436,NA,NA,NA,NA,Platyrinchus flavigularis
6437,NA,NA,NA,NA,Platyrinchus platyrhynchos
6438,NA,NA,NA,NA,Platyrinchus leucoryphus
6439,NA,NA,NA,NA,Piprites griseiceps
6440,NA,NA,NA,NA,Piprites chloris
6441,NA,NA,NA,NA,Piprites pileata
6442,NA,NA,NA,NA,Tachuris rubrigastra
6443,NA,NA,NA,NA,Pseudotriccus pelzelni
6444,NA,NA,NA,NA,Pseudotriccus simplex
6445,NA,NA,NA,NA,Pseudotriccus ruficeps
6446,NA,NA,NA,NA,Corythopis torquatus
6447,NA,NA,NA,NA,Corythopis delalandi
6448,NA,NA,NA,NA,Phylloscartes flavovirens
6449,NA,NA,NA,NA,Phylloscartes ventralis
6450,NA,NA,NA,NA,Phylloscartes virescens
6451,NA,NA,NA,NA,Phylloscartes beckeri
6452,NA,NA,NA,NA,Phylloscartes kronei
6453,NA,NA,NA,NA,Phylloscartes gualaquizae
6454,NA,NA,NA,NA,Phylloscartes nigrifrons
6455,NA,NA,NA,NA,Phylloscartes ceciliae
6456,NA,NA,NA,NA,Phylloscartes superciliaris
6457,NA,NA,NA,NA,Phylloscartes flaviventris
6458,NA,NA,NA,NA,Phylloscartes parkeri
6459,NA,NA,NA,NA,Phylloscartes roquettei
6460,NA,NA,NA,NA,Phylloscartes paulista
6461,NA,NA,NA,NA,Phylloscartes oustaleti
6462,NA,NA,NA,NA,Phylloscartes difficilis
6463,NA,NA,NA,NA,Phylloscartes sylviolus
6464,NA,NA,NA,NA,Pogonotriccus poecilotis
6465,NA,NA,NA,NA,Pogonotriccus chapmani
6466,NA,NA,NA,NA,Pogonotriccus ophthalmicus
6467,NA,NA,NA,NA,Pogonotriccus venezuelanus
6468,NA,NA,NA,NA,Pogonotriccus lanyoni
6469,NA,NA,NA,NA,Pogonotriccus orbitalis
6470,NA,NA,NA,NA,Pogonotriccus eximius
6471,NA,NA,NA,NA,Mionectes striaticollis
6472,NA,NA,NA,NA,Mionectes olivaceus
6473,NA,NA,NA,NA,Mionectes galbinus
6474,NA,NA,NA,NA,Mionectes oleagineus
6475,NA,NA,NA,NA,Mionectes macconnelli
6476,NA,NA,NA,NA,Mionectes roraimae
6477,NA,NA,NA,NA,Mionectes rufiventris
6478,NA,NA,NA,NA,Leptopogon amaurocephalus
6479,NA,NA,NA,NA,Leptopogon superciliaris
6480,NA,NA,NA,NA,Leptopogon albidiventer
6481,NA,NA,NA,NA,Leptopogon rufipectus
6482,NA,NA,NA,NA,Leptopogon taczanowskii
6483,NA,NA,NA,NA,Taeniotriccus andrei
6484,NA,NA,NA,NA,Cnipodectes subbrunneus
6485,NA,NA,NA,NA,Cnipodectes superrufus
6486,NA,NA,NA,NA,Rhynchocyclus brevirostris
6487,NA,NA,NA,NA,Rhynchocyclus aequinoctialis
6488,NA,NA,NA,NA,Rhynchocyclus olivaceus
6489,NA,NA,NA,NA,Rhynchocyclus pacificus
6490,NA,NA,NA,NA,Rhynchocyclus fulvipectus
6491,NA,NA,NA,NA,Tolmomyias sulphurescens
6492,NA,NA,NA,NA,Tolmomyias traylori
6493,NA,NA,NA,NA,Tolmomyias assimilis
6494,NA,NA,NA,NA,Tolmomyias flavotectus
6495,NA,NA,NA,NA,Tolmomyias poliocephalus
6496,NA,NA,NA,NA,Tolmomyias viridiceps
6497,NA,NA,NA,NA,Tolmomyias flaviventris
6498,NA,NA,NA,NA,Myiornis auricularis
6499,NA,NA,NA,NA,Myiornis albiventris
6500,NA,NA,NA,NA,Myiornis atricapillus
6501,NA,NA,NA,NA,Myiornis ecaudatus
6502,NA,NA,NA,NA,Oncostoma cinereigulare
6503,NA,NA,NA,NA,Oncostoma olivaceum
6504,NA,NA,NA,NA,Lophotriccus pileatus
6505,NA,NA,NA,NA,Lophotriccus vitiosus
6506,NA,NA,NA,NA,Lophotriccus eulophotes
6507,NA,NA,NA,NA,Lophotriccus galeatus
6508,NA,NA,NA,NA,Atalotriccus pilaris
6509,NA,NA,NA,NA,Hemitriccus minor
6510,NA,NA,NA,NA,Hemitriccus cohnhafti
6511,NA,NA,NA,NA,Hemitriccus spodiops
6512,NA,NA,NA,NA,Hemitriccus flammulatus
6513,NA,NA,NA,NA,Hemitriccus diops
6514,NA,NA,NA,NA,Hemitriccus obsoletus
6515,NA,NA,NA,NA,Hemitriccus josephinae
6516,NA,NA,NA,NA,Hemitriccus zosterops
6517,NA,NA,NA,NA,Hemitriccus griseipectus
6518,NA,NA,NA,NA,Hemitriccus orbitatus
6519,NA,NA,NA,NA,Hemitriccus iohannis
6520,NA,NA,NA,NA,Hemitriccus striaticollis
6521,NA,NA,NA,NA,Hemitriccus nidipendulus
6522,NA,NA,NA,NA,Hemitriccus margaritaceiventer
6523,NA,NA,NA,NA,Hemitriccus inornatus
6524,NA,NA,NA,NA,Hemitriccus minimus
6525,NA,NA,NA,NA,Hemitriccus granadensis
6526,NA,NA,NA,NA,Hemitriccus cinnamomeipectus
6527,NA,NA,NA,NA,Hemitriccus mirandae
6528,NA,NA,NA,NA,Hemitriccus kaempferi
6529,NA,NA,NA,NA,Hemitriccus rufigularis
6530,NA,NA,NA,NA,Hemitriccus furcatus
6531,NA,NA,NA,NA,Poecilotriccus ruficeps
6532,NA,NA,NA,NA,Poecilotriccus luluae
6533,NA,NA,NA,NA,Poecilotriccus albifacies
6534,NA,NA,NA,NA,Poecilotriccus capitalis
6535,NA,NA,NA,NA,Poecilotriccus senex
6536,NA,NA,NA,NA,Poecilotriccus russatus
6537,NA,NA,NA,NA,Poecilotriccus plumbeiceps
6538,NA,NA,NA,NA,Poecilotriccus fumifrons
6539,NA,NA,NA,NA,Poecilotriccus latirostris
6540,NA,NA,NA,NA,Poecilotriccus sylvia
6541,NA,NA,NA,NA,Poecilotriccus calopterus
6542,NA,NA,NA,NA,Poecilotriccus pulchellus
6543,NA,NA,NA,NA,Todirostrum maculatum
6544,NA,NA,NA,NA,Todirostrum poliocephalum
6545,NA,NA,NA,NA,Todirostrum cinereum
6546,NA,NA,NA,NA,Todirostrum viridanum
6547,NA,NA,NA,NA,Todirostrum nigriceps
6548,NA,NA,NA,NA,Todirostrum pictum
6549,NA,NA,NA,NA,Todirostrum chrysocrotaphum
6550,NA,NA,NA,NA,Myiotriccus phoenicurus
6551,NA,NA,NA,NA,Myiotriccus ornatus
6552,NA,NA,NA,NA,Nephelomyias pulcher
6553,NA,NA,NA,NA,Nephelomyias lintoni
6554,NA,NA,NA,NA,Nephelomyias ochraceiventris
6555,NA,NA,NA,NA,Pyrrhomyias cinnamomeus
6556,NA,NA,NA,NA,Hirundinea bellicosa
6557,NA,NA,NA,NA,Hirundinea ferruginea
6558,NA,NA,NA,NA,Zimmerius cinereicapilla
6559,NA,NA,NA,NA,Zimmerius villarejoi
6560,NA,NA,NA,NA,Zimmerius chicomendesi
6561,NA,NA,NA,NA,Zimmerius vilissimus
6562,NA,NA,NA,NA,Zimmerius parvus
6563,NA,NA,NA,NA,Zimmerius petersi
6564,NA,NA,NA,NA,Zimmerius improbus
6565,NA,NA,NA,NA,Zimmerius chrysops
6566,NA,NA,NA,NA,Zimmerius albigularis
6567,NA,NA,NA,NA,Zimmerius viridiflavus
6568,NA,NA,NA,NA,Zimmerius gracilipes
6569,NA,NA,NA,NA,Zimmerius acer
6570,NA,NA,NA,NA,Zimmerius bolivianus
6571,NA,NA,NA,NA,Stigmatura napensis
6572,NA,NA,NA,NA,Stigmatura bahiae
6573,NA,NA,NA,NA,Stigmatura budytoides
6574,NA,NA,NA,NA,Inezia tenuirostris
6575,NA,NA,NA,NA,Inezia inornata
6576,NA,NA,NA,NA,Inezia subflava
6577,NA,NA,NA,NA,Inezia caudata
6578,NA,NA,NA,NA,Euscarthmus meloryphus
6579,NA,NA,NA,NA,Euscarthmus fulviceps
6580,NA,NA,NA,NA,Euscarthmus rufomarginatus
6581,NA,NA,NA,NA,Ornithion semiflavum
6582,NA,NA,NA,NA,Ornithion brunneicapillus
6583,NA,NA,NA,NA,Ornithion inerme
6584,NA,NA,NA,NA,Camptostoma imberbe
6585,NA,NA,NA,NA,Camptostoma obsoletum
6586,NA,NA,NA,NA,Elaenia ruficeps
6587,NA,NA,NA,NA,Elaenia cristata
6588,NA,NA,NA,NA,Elaenia gigas
6589,NA,NA,NA,NA,Elaenia dayi
6590,NA,NA,NA,NA,Elaenia sordida
6591,NA,NA,NA,NA,Elaenia obscura
6592,NA,NA,NA,NA,Elaenia strepera
6593,"Pets/display animals, horticulture",international,non-trivial,recent,Elaenia flavogaster
6594,NA,NA,NA,NA,Elaenia parvirostris
6595,NA,NA,NA,NA,Elaenia pelzelni
6596,NA,NA,NA,NA,Elaenia spectabilis
6597,NA,NA,NA,NA,Elaenia ridleyana
6598,NA,NA,NA,NA,Elaenia brachyptera
6599,NA,NA,NA,NA,Elaenia chiriquensis
6600,NA,NA,NA,NA,Elaenia mesoleuca
6601,NA,NA,NA,NA,Elaenia pallatangae
6602,NA,NA,NA,NA,Elaenia olivina
6603,NA,NA,NA,NA,Elaenia albiceps
6604,NA,NA,NA,NA,Elaenia frantzii
6605,NA,NA,NA,NA,Elaenia martinica
6606,NA,NA,NA,NA,Elaenia cherriei
6607,NA,NA,NA,NA,Elaenia fallax
6608,NA,NA,NA,NA,Tyrannulus elatus
6609,NA,NA,NA,NA,Myiopagis caniceps
6610,NA,NA,NA,NA,Myiopagis cinerea
6611,NA,NA,NA,NA,Myiopagis parambae
6612,NA,NA,NA,NA,Myiopagis olallai
6613,NA,NA,NA,NA,Myiopagis gaimardii
6614,NA,NA,NA,NA,Myiopagis subplacens
6615,NA,NA,NA,NA,Myiopagis flavivertex
6616,NA,NA,NA,NA,Myiopagis viridicata
6617,NA,NA,NA,NA,Myiopagis cotta
6618,NA,NA,NA,NA,Suiriri suiriri
6619,NA,NA,NA,NA,Guyramemua affinis
6620,NA,NA,NA,NA,Capsiempis flaveola
6621,NA,NA,NA,NA,Phyllomyias fasciatus
6622,NA,NA,NA,NA,Phyllomyias weedeni
6623,NA,NA,NA,NA,Phyllomyias burmeisteri
6624,NA,NA,NA,NA,Phyllomyias zeledoni
6625,NA,NA,NA,NA,Phyllomyias virescens
6626,NA,NA,NA,NA,Phyllomyias reiseri
6627,NA,NA,NA,NA,Phyllomyias urichi
6628,NA,NA,NA,NA,Phyllomyias sclateri
6629,NA,NA,NA,NA,Phyllomyias griseocapilla
6630,NA,NA,NA,NA,Phyllomyias griseiceps
6631,NA,NA,NA,NA,Phyllomyias plumbeiceps
6632,NA,NA,NA,NA,Phyllomyias nigrocapillus
6633,NA,NA,NA,NA,Phyllomyias cinereiceps
6634,NA,NA,NA,NA,Phyllomyias uropygialis
6635,NA,NA,NA,NA,Phaeomyias tumbezana
6636,NA,NA,NA,NA,Phaeomyias murina
6637,NA,NA,NA,NA,Nesotriccus ridgwayi
6638,NA,NA,NA,NA,Pseudelaenia leucospodia
6639,NA,NA,NA,NA,Mecocerculus poecilocercus
6640,NA,NA,NA,NA,Mecocerculus hellmayri
6641,NA,NA,NA,NA,Mecocerculus stictopterus
6642,NA,NA,NA,NA,Mecocerculus leucophrys
6643,NA,NA,NA,NA,Mecocerculus calopterus
6644,NA,NA,NA,NA,Mecocerculus minor
6645,NA,NA,NA,NA,Anairetes nigrocristatus
6646,NA,NA,NA,NA,Anairetes reguloides
6647,NA,NA,NA,NA,Anairetes alpinus
6648,NA,NA,NA,NA,Anairetes flavirostris
6649,NA,NA,NA,NA,Anairetes parulus
6650,NA,NA,NA,NA,Anairetes fernandezianus
6651,NA,NA,NA,NA,Polystictus pectoralis
6652,NA,NA,NA,NA,Polystictus superciliaris
6653,NA,NA,NA,NA,Culicivora caudacuta
6654,NA,NA,NA,NA,Pseudocolopteryx sclateri
6655,NA,NA,NA,NA,Pseudocolopteryx acutipennis
6656,NA,NA,NA,NA,Pseudocolopteryx dinelliana
6657,NA,NA,NA,NA,Pseudocolopteryx flaviventris
6658,NA,NA,NA,NA,Pseudocolopteryx citreola
6659,NA,NA,NA,NA,Serpophaga cinerea
6660,NA,NA,NA,NA,Serpophaga hypoleuca
6661,NA,NA,NA,NA,Serpophaga nigricans
6662,NA,NA,NA,NA,Serpophaga subcristata
6663,NA,NA,NA,NA,Serpophaga griseicapilla
6664,NA,NA,NA,NA,Uromyias agilis
6665,NA,NA,NA,NA,Uromyias agraphia
6666,NA,NA,NA,NA,Muscigralla brevicauda
6667,NA,NA,NA,NA,Attila phoenicurus
6668,NA,NA,NA,NA,Attila cinnamomeus
6669,NA,NA,NA,NA,Attila torridus
6670,NA,NA,NA,NA,Attila citriniventris
6671,NA,NA,NA,NA,Attila bolivianus
6672,NA,NA,NA,NA,Attila rufus
6673,NA,NA,NA,NA,Attila spadiceus
6674,NA,NA,NA,NA,Legatus leucophaius
6675,NA,NA,NA,NA,Ramphotrigon megacephalum
6676,NA,NA,NA,NA,Ramphotrigon ruficauda
6677,NA,NA,NA,NA,Ramphotrigon fuscicauda
6678,NA,NA,NA,NA,Deltarhynchus flammulatus
6679,"Pets/display animals, horticulture",NA,non-trivial,recent,Pitangus sulphuratus
6680,"Pets/display animals, horticulture",international,non-trivial,recent,Philohydor lictor
6681,"Pets/display animals, horticulture",international,non-trivial,recent,Machetornis rixosa
6682,NA,NA,NA,NA,Tyrannopsis sulphurea
6683,NA,NA,NA,NA,Megarynchus pitangua
6684,NA,NA,NA,NA,Myiodynastes hemichrysus
6685,NA,NA,NA,NA,Myiodynastes chrysocephalus
6686,NA,NA,NA,NA,Myiodynastes bairdii
6687,NA,NA,NA,NA,Myiodynastes luteiventris
6688,NA,NA,NA,NA,Myiodynastes solitarius
6689,NA,NA,NA,NA,Myiodynastes maculatus
6690,NA,NA,NA,NA,Myiozetetes cayanensis
6691,NA,NA,NA,NA,Myiozetetes similis
6692,NA,NA,NA,NA,Myiozetetes granadensis
6693,NA,NA,NA,NA,Myiozetetes luteiventris
6694,NA,NA,NA,NA,Conopias albovittatus
6695,NA,NA,NA,NA,Conopias parvus
6696,NA,NA,NA,NA,Conopias trivirgatus
6697,NA,NA,NA,NA,Conopias cinchoneti
6698,NA,NA,NA,NA,Phelpsia inornata
6699,NA,NA,NA,NA,Empidonomus varius
6700,NA,NA,NA,NA,Griseotyrannus aurantioatrocristatus
6701,NA,NA,NA,NA,Tyrannus niveigularis
6702,NA,NA,NA,NA,Tyrannus albogularis
6703,NA,NA,NA,NA,Tyrannus melancholicus
6704,NA,NA,NA,NA,Tyrannus couchii
6705,NA,NA,NA,NA,Tyrannus vociferans
6706,NA,NA,NA,NA,Tyrannus crassirostris
6707,"Pets/display animals, horticulture",international,non-trivial,recent,Tyrannus verticalis
6708,"Pets/display animals, horticulture",international,non-trivial,recent,Tyrannus tyrannus
6709,NA,NA,NA,NA,Tyrannus dominicensis
6710,NA,NA,NA,NA,Tyrannus caudifasciatus
6711,NA,NA,NA,NA,Tyrannus cubensis
6712,NA,NA,NA,NA,Tyrannus forficatus
6713,NA,NA,NA,NA,Tyrannus savana
6714,NA,NA,NA,NA,Rhytipterna holerythra
6715,NA,NA,NA,NA,Rhytipterna simplex
6716,NA,NA,NA,NA,Rhytipterna immunda
6717,NA,NA,NA,NA,Casiornis rufus
6718,NA,NA,NA,NA,Casiornis fuscus
6719,NA,NA,NA,NA,Sirystes albogriseus
6720,NA,NA,NA,NA,Sirystes albocinereus
6721,NA,NA,NA,NA,Sirystes sibilator
6722,NA,NA,NA,NA,Sirystes subcanescens
6723,NA,NA,NA,NA,Myiarchus semirufus
6724,NA,NA,NA,NA,Myiarchus swainsoni
6725,NA,NA,NA,NA,Myiarchus barbirostris
6726,NA,NA,NA,NA,Myiarchus tuberculifer
6727,NA,NA,NA,NA,Myiarchus phaeocephalus
6728,NA,NA,NA,NA,Myiarchus panamensis
6729,NA,NA,NA,NA,Myiarchus ferox
6730,NA,NA,NA,NA,Myiarchus venezuelensis
6731,NA,NA,NA,NA,Myiarchus cephalotes
6732,NA,NA,NA,NA,Myiarchus validus
6733,NA,NA,NA,NA,Myiarchus sagrae
6734,NA,NA,NA,NA,Myiarchus stolidus
6735,NA,NA,NA,NA,Myiarchus antillarum
6736,NA,NA,NA,NA,Myiarchus oberi
6737,"Pets/display animals, horticulture",international,non-trivial,recent,Myiarchus crinitus
6738,NA,NA,NA,NA,Myiarchus yucatanensis
6739,NA,NA,NA,NA,Myiarchus tyrannulus
6740,NA,NA,NA,NA,Myiarchus nugator
6741,NA,NA,NA,NA,Myiarchus apicalis
6742,NA,NA,NA,NA,Myiarchus cinerascens
6743,NA,NA,NA,NA,Myiarchus nuttingi
6744,NA,NA,NA,NA,Myiarchus magnirostris
6745,NA,NA,NA,NA,Colonia colonus
6746,NA,NA,NA,NA,Myiophobus crypterythrus
6747,NA,NA,NA,NA,Myiophobus fasciatus
6748,NA,NA,NA,NA,Myiophobus rufescens
6749,NA,NA,NA,NA,Myiophobus cryptoxanthus
6750,NA,NA,NA,NA,Myiophobus flavicans
6751,NA,NA,NA,NA,Myiophobus phoenicomitra
6752,NA,NA,NA,NA,Myiophobus inornatus
6753,NA,NA,NA,NA,Myiophobus roraimae
6754,NA,NA,NA,NA,Silvicultrix frontalis
6755,NA,NA,NA,NA,Silvicultrix jelskii
6756,NA,NA,NA,NA,Silvicultrix pulchella
6757,NA,NA,NA,NA,Silvicultrix diadema
6758,NA,NA,NA,NA,Colorhamphus parvirostris
6759,NA,NA,NA,NA,Ochthoeca cinnamomeiventris
6760,NA,NA,NA,NA,Ochthoeca nigrita
6761,NA,NA,NA,NA,Ochthoeca thoracica
6762,NA,NA,NA,NA,Ochthoeca rufipectoralis
6763,NA,NA,NA,NA,Ochthoeca fumicolor
6764,NA,NA,NA,NA,Ochthoeca superciliosa
6765,NA,NA,NA,NA,Ochthoeca oenanthoides
6766,NA,NA,NA,NA,Ochthoeca piurae
6767,NA,NA,NA,NA,Ochthoeca leucophrys
6768,NA,NA,NA,NA,Ochthoeca salvini
6769,NA,NA,NA,NA,Sublegatus arenarum
6770,NA,NA,NA,NA,Sublegatus obscurior
6771,NA,NA,NA,NA,Sublegatus modestus
6772,"Pets/display animals, horticulture",international,non-trivial,recent,Pyrocephalus rubinus
6773,NA,NA,NA,NA,Pyrocephalus nanus
6774,NA,NA,NA,NA,Pyrocephalus dubius
6775,"Pets/display animals, horticulture",international,non-trivial,recent,Fluvicola pica
6776,NA,NA,NA,NA,Fluvicola albiventer
6777,"Pets/display animals, horticulture",NA,non-trivial,recent,Fluvicola nengeta
6778,NA,NA,NA,NA,Arundinicola leucocephala
6779,NA,NA,NA,NA,Gubernetes yetapa
6780,NA,NA,NA,NA,Muscipipra vetula
6781,NA,NA,NA,NA,Alectrurus tricolor
6782,NA,NA,NA,NA,Alectrurus risora
6783,NA,NA,NA,NA,Lessonia rufa
6784,NA,NA,NA,NA,Lessonia oreas
6785,NA,NA,NA,NA,Hymenops perspicillatus
6786,NA,NA,NA,NA,Knipolegus orenocensis
6787,NA,NA,NA,NA,Knipolegus sclateri
6788,NA,NA,NA,NA,Knipolegus poecilocercus
6789,NA,NA,NA,NA,Knipolegus poecilurus
6790,NA,NA,NA,NA,Knipolegus franciscanus
6791,NA,NA,NA,NA,Knipolegus lophotes
6792,NA,NA,NA,NA,Knipolegus nigerrimus
6793,NA,NA,NA,NA,Knipolegus signatus
6794,NA,NA,NA,NA,Knipolegus cabanisi
6795,NA,NA,NA,NA,Knipolegus cyanirostris
6796,NA,NA,NA,NA,Knipolegus striaticeps
6797,NA,NA,NA,NA,Knipolegus hudsoni
6798,NA,NA,NA,NA,Knipolegus aterrimus
6799,NA,NA,NA,NA,Knipolegus heterogyna
6800,NA,NA,NA,NA,Satrapa icterophrys
6801,NA,NA,NA,NA,Muscisaxicola fluviatilis
6802,NA,NA,NA,NA,Muscisaxicola maculirostris
6803,NA,NA,NA,NA,Muscisaxicola griseus
6804,NA,NA,NA,NA,Muscisaxicola juninensis
6805,NA,NA,NA,NA,Muscisaxicola cinereus
6806,NA,NA,NA,NA,Muscisaxicola albifrons
6807,NA,NA,NA,NA,Muscisaxicola flavinucha
6808,NA,NA,NA,NA,Muscisaxicola rufivertex
6809,NA,NA,NA,NA,Muscisaxicola occipitalis
6810,NA,NA,NA,NA,Muscisaxicola maclovianus
6811,NA,NA,NA,NA,Muscisaxicola albilora
6812,NA,NA,NA,NA,Muscisaxicola alpinus
6813,NA,NA,NA,NA,Muscisaxicola capistratus
6814,NA,NA,NA,NA,Muscisaxicola frontalis
6815,NA,NA,NA,NA,Cnemarchus erythropygius
6816,NA,NA,NA,NA,Polioxolmis rufipennis
6817,NA,NA,NA,NA,Xolmis pyrope
6818,NA,NA,NA,NA,Xolmis cinereus
6819,NA,NA,NA,NA,Xolmis coronatus
6820,NA,NA,NA,NA,Xolmis velatus
6821,NA,NA,NA,NA,Xolmis irupero
6822,NA,NA,NA,NA,Xolmis salinarum
6823,NA,NA,NA,NA,Xolmis rubetra
6824,NA,NA,NA,NA,Xolmis dominicanus
6825,NA,NA,NA,NA,Agriornis montanus
6826,NA,NA,NA,NA,Agriornis albicauda
6827,NA,NA,NA,NA,Agriornis lividus
6828,NA,NA,NA,NA,Agriornis micropterus
6829,NA,NA,NA,NA,Agriornis murinus
6830,NA,NA,NA,NA,Neoxolmis rufiventris
6831,NA,NA,NA,NA,Myiotheretes striaticollis
6832,NA,NA,NA,NA,Myiotheretes pernix
6833,NA,NA,NA,NA,Myiotheretes fumigatus
6834,NA,NA,NA,NA,Myiotheretes fuscorufus
6835,NA,NA,NA,NA,Ochthornis littoralis
6836,NA,NA,NA,NA,Cnemotriccus fuscatus
6837,NA,NA,NA,NA,Aphanotriccus capitalis
6838,NA,NA,NA,NA,Aphanotriccus audax
6839,NA,NA,NA,NA,Lathrotriccus euleri
6840,NA,NA,NA,NA,Lathrotriccus griseipectus
6841,NA,NA,NA,NA,Mitrephanes phaeocercus
6842,NA,NA,NA,NA,Mitrephanes olivaceus
6843,NA,NA,NA,NA,Sayornis nigricans
6844,"Pets/display animals, horticulture",international,non-trivial,recent,Sayornis phoebe
6845,NA,NA,NA,NA,Sayornis saya
6846,NA,NA,NA,NA,Empidonax virescens
6847,NA,NA,NA,NA,Empidonax flaviventris
6848,NA,NA,NA,NA,Empidonax flavescens
6849,NA,NA,NA,NA,Empidonax difficilis
6850,NA,NA,NA,NA,Empidonax occidentalis
6851,NA,NA,NA,NA,Empidonax albigularis
6852,NA,NA,NA,NA,Empidonax traillii
6853,NA,NA,NA,NA,Empidonax alnorum
6854,NA,NA,NA,NA,Empidonax fulvifrons
6855,NA,NA,NA,NA,Empidonax atriceps
6856,NA,NA,NA,NA,Empidonax wrightii
6857,NA,NA,NA,NA,Empidonax minimus
6858,NA,NA,NA,NA,Empidonax hammondii
6859,NA,NA,NA,NA,Empidonax oberholseri
6860,NA,NA,NA,NA,Empidonax affinis
6861,NA,NA,NA,NA,Contopus cooperi
6862,NA,NA,NA,NA,Contopus pertinax
6863,NA,NA,NA,NA,Contopus lugubris
6864,NA,NA,NA,NA,Contopus fumigatus
6865,NA,NA,NA,NA,Contopus ochraceus
6866,NA,NA,NA,NA,Contopus sordidulus
6867,NA,NA,NA,NA,Contopus virens
6868,NA,NA,NA,NA,Contopus bogotensis
6869,NA,NA,NA,NA,Contopus punensis
6870,NA,NA,NA,NA,Contopus cinereus
6871,NA,NA,NA,NA,Contopus caribaeus
6872,NA,NA,NA,NA,Contopus pallidus
6873,NA,NA,NA,NA,Contopus hispaniolensis
6874,NA,NA,NA,NA,Contopus latirostris
6875,NA,NA,NA,NA,Contopus albogularis
6876,NA,NA,NA,NA,Contopus nigrescens
6877,NA,NA,NA,NA,Xenotriccus callizonus
6878,NA,NA,NA,NA,Xenotriccus mexicanus
6879,NA,NA,NA,NA,Menura alberti
6880,"Pets/display animals, horticulture",international,non-trivial,recent,Menura novaehollandiae
6881,NA,NA,NA,NA,Atrichornis rufescens
6882,NA,NA,NA,NA,Atrichornis clamosus
6883,"Pets/display animals, horticulture",international,non-trivial,recent,Ailuroedus buccoides
6884,"Pets/display animals, horticulture",international,non-trivial,recent,Ailuroedus melanotis
6885,NA,NA,NA,NA,Ailuroedus crassirostris
6886,NA,NA,NA,NA,Scenopoeetes dentirostris
6887,NA,NA,NA,NA,Archboldia papuensis
6888,NA,NA,NA,NA,Amblyornis macgregoriae
6889,"Pets/display animals, horticulture",international,non-trivial,recent,Amblyornis subalaris
6890,"Handicrafts, jewellery, etc.",NA,non-trivial,recent,Amblyornis inornata
6891,NA,NA,NA,NA,Amblyornis flavifrons
6892,NA,NA,NA,NA,Prionodura newtoniana
6893,NA,NA,NA,NA,Sericulus chrysocephalus
6894,NA,NA,NA,NA,Sericulus ardens
6895,NA,NA,NA,NA,Sericulus aureus
6896,Food - human,NA,non-trivial,recent,Sericulus bakeri
6897,"Pets/display animals, horticulture",international,non-trivial,recent,Ptilonorhynchus violaceus
6898,NA,NA,NA,NA,Chlamydera maculata
6899,NA,NA,NA,NA,Chlamydera guttata
6900,NA,NA,NA,NA,Chlamydera lauterbachi
6901,"Pets/display animals, horticulture",international,non-trivial,recent,Chlamydera nuchalis
6902,NA,NA,NA,NA,Chlamydera cerviniventris
6903,NA,NA,NA,NA,Cormobates leucophaea
6904,NA,NA,NA,NA,Cormobates placens
6905,NA,NA,NA,NA,Climacteris erythrops
6906,NA,NA,NA,NA,Climacteris affinis
6907,NA,NA,NA,NA,Climacteris rufus
6908,NA,NA,NA,NA,Climacteris picumnus
6909,NA,NA,NA,NA,Climacteris melanurus
6910,NA,NA,NA,NA,Sipodotus wallacii
6911,NA,NA,NA,NA,Clytomyias insignis
6912,NA,NA,NA,NA,Chenorhamphus grayi
6913,NA,NA,NA,NA,Malurus cyanocephalus
6914,NA,NA,NA,NA,Malurus coronatus
6915,"Pets/display animals, horticulture",international,non-trivial,recent,Malurus elegans
6916,NA,NA,NA,NA,Malurus pulcherrimus
6917,NA,NA,NA,NA,Malurus amabilis
6918,NA,NA,NA,NA,Malurus assimilis
6919,NA,NA,NA,NA,Malurus lamberti
6920,NA,NA,NA,NA,Malurus cyaneus
6921,NA,NA,NA,NA,Malurus splendens
6922,NA,NA,NA,NA,Malurus alboscapulatus
6923,NA,NA,NA,NA,Malurus melanocephalus
6924,NA,NA,NA,NA,Malurus leucopterus
6925,NA,NA,NA,NA,Stipiturus malachurus
6926,NA,NA,NA,NA,Stipiturus mallee
6927,NA,NA,NA,NA,Stipiturus ruficeps
6928,NA,NA,NA,NA,Amytornis barbatus
6929,NA,NA,NA,NA,Amytornis woodwardi
6930,NA,NA,NA,NA,Amytornis dorotheae
6931,NA,NA,NA,NA,Amytornis striatus
6932,NA,NA,NA,NA,Amytornis merrotsyi
6933,NA,NA,NA,NA,Amytornis housei
6934,NA,NA,NA,NA,Amytornis goyderi
6935,NA,NA,NA,NA,Amytornis ballarae
6936,NA,NA,NA,NA,Amytornis purnelli
6937,NA,NA,NA,NA,Amytornis textilis
6938,NA,NA,NA,NA,Amytornis modestus
6939,NA,NA,NA,NA,Dasyornis brachypterus
6940,NA,NA,NA,NA,Dasyornis longirostris
6941,NA,NA,NA,NA,Dasyornis broadbenti
6942,NA,NA,NA,NA,Myza celebensis
6943,NA,NA,NA,NA,Myza sarasinorum
6944,NA,NA,NA,NA,Cissomela pectoralis
6945,NA,NA,NA,NA,Trichodere cockerelli
6946,NA,NA,NA,NA,Phylidonyris pyrrhopterus
6947,NA,NA,NA,NA,Phylidonyris niger
6948,NA,NA,NA,NA,Phylidonyris novaehollandiae
6949,NA,NA,NA,NA,Lichmera lombokia
6950,NA,NA,NA,NA,Lichmera argentauris
6951,"Pets/display animals, horticulture",international,non-trivial,recent,Lichmera indistincta
6952,NA,NA,NA,NA,Lichmera incana
6953,NA,NA,NA,NA,Lichmera alboauricularis
6954,NA,NA,NA,NA,Lichmera squamata
6955,NA,NA,NA,NA,Lichmera deningeri
6956,NA,NA,NA,NA,Lichmera monticola
6957,NA,NA,NA,NA,Lichmera flavicans
6958,NA,NA,NA,NA,Lichmera notabilis
6959,NA,NA,NA,NA,Entomyzon cyanotis
6960,"Pets/display animals, horticulture",international,non-trivial,recent,Entomyzon albipennis
6961,"Pets/display animals, horticulture",international,non-trivial,recent,Melithreptus chloropsis
6962,NA,NA,NA,NA,Melithreptus lunatus
6963,NA,NA,NA,NA,Melithreptus affinis
6964,NA,NA,NA,NA,Melithreptus albogularis
6965,NA,NA,NA,NA,Melithreptus validirostris
6966,"Pets/display animals, horticulture",international,non-trivial,recent,Melithreptus laetior
6967,"Pets/display animals, horticulture",international,non-trivial,recent,Melithreptus gularis
6968,NA,NA,NA,NA,Melithreptus brevirostris
6969,NA,NA,NA,NA,Nesoptilotis leucotis
6970,NA,NA,NA,NA,Nesoptilotis flavicollis
6971,NA,NA,NA,NA,Meliarchus sclateri
6972,NA,NA,NA,NA,Guadalcanaria inexpectata
6973,NA,NA,NA,NA,Meliphacator provocator
6974,NA,NA,NA,NA,Gymnomyza viridis
6975,NA,NA,NA,NA,Gymnomyza brunneirostris
6976,NA,NA,NA,NA,Gymnomyza samoensis
6977,NA,NA,NA,NA,Gymnomyza aubryana
6978,NA,NA,NA,NA,Foulehaio procerior
6979,NA,NA,NA,NA,Foulehaio taviunensis
6980,NA,NA,NA,NA,Foulehaio carunculatus
6981,NA,NA,NA,NA,Xanthotis polygrammus
6982,NA,NA,NA,NA,Xanthotis macleayanus
6983,NA,NA,NA,NA,Xanthotis flaviventer
6984,NA,NA,NA,NA,Plectorhyncha lanceolata
6985,NA,NA,NA,NA,Grantiella picta
6986,NA,NA,NA,NA,Melitograis gilolensis
6987,NA,NA,NA,NA,Philemon meyeri
6988,NA,NA,NA,NA,Philemon brassi
6989,NA,NA,NA,NA,Philemon citreogularis
6990,"Pets/display animals, horticulture",international,non-trivial,recent,Philemon kisserensis
6991,NA,NA,NA,NA,Philemon inornatus
6992,NA,NA,NA,NA,Philemon fuscicapillus
6993,NA,NA,NA,NA,Philemon subcorniculatus
6994,NA,NA,NA,NA,Philemon moluccensis
6995,NA,NA,NA,NA,Philemon plumigenis
6996,NA,NA,NA,NA,Philemon buceroides
6997,NA,NA,NA,NA,Philemon cockerelli
6998,NA,NA,NA,NA,Philemon eichhorni
6999,NA,NA,NA,NA,Philemon albitorques
7000,"Pets/display animals, horticulture",international,non-trivial,recent,Philemon argenticeps
7001,NA,NA,NA,NA,Philemon corniculatus
7002,NA,NA,NA,NA,Philemon diemenensis
7003,NA,NA,NA,NA,Sugomel nigrum
7004,NA,NA,NA,NA,Vosea whitemanensis
7005,NA,NA,NA,NA,Myzomela blasii
7006,NA,NA,NA,NA,Myzomela albigula
7007,NA,NA,NA,NA,Myzomela cineracea
7008,NA,NA,NA,NA,Myzomela eques
7009,"Pets/display animals, horticulture",international,non-trivial,recent,Myzomela simplex
7010,"Pets/display animals, horticulture",international,non-trivial,recent,Myzomela rubrotincta
7011,"Pets/display animals, horticulture",international,non-trivial,recent,Myzomela rubrobrunnea
7012,"Pets/display animals, horticulture",international,non-trivial,recent,Myzomela obscura
7013,NA,NA,NA,NA,Myzomela erythrina
7014,NA,NA,NA,NA,Myzomela cruentata
7015,NA,NA,NA,NA,Myzomela nigrita
7016,NA,NA,NA,NA,Myzomela pulchella
7017,NA,NA,NA,NA,Myzomela kuehni
7018,NA,NA,NA,NA,Myzomela erythrocephala
7019,NA,NA,NA,NA,Myzomela dammermani
7020,NA,NA,NA,NA,Myzomela adolphinae
7021,NA,NA,NA,NA,Myzomela chermesina
7022,NA,NA,NA,NA,Myzomela chloroptera
7023,NA,NA,NA,NA,Myzomela batjanensis
7024,NA,NA,NA,NA,Myzomela wakoloensis
7025,NA,NA,NA,NA,Myzomela boiei
7026,NA,NA,NA,NA,Myzomela sanguinolenta
7027,NA,NA,NA,NA,Myzomela caledonica
7028,NA,NA,NA,NA,Myzomela cardinalis
7029,NA,NA,NA,NA,Myzomela rubratra
7030,NA,NA,NA,NA,Myzomela sclateri
7031,NA,NA,NA,NA,Myzomela pammelaena
7032,NA,NA,NA,NA,Myzomela lafargei
7033,NA,NA,NA,NA,Myzomela eichhorni
7034,NA,NA,NA,NA,Myzomela malaitae
7035,NA,NA,NA,NA,Myzomela melanocephala
7036,NA,NA,NA,NA,Myzomela tristrami
7037,NA,NA,NA,NA,Myzomela jugularis
7038,NA,NA,NA,NA,Myzomela erythromelas
7039,NA,NA,NA,NA,Myzomela vulnerata
7040,NA,NA,NA,NA,Myzomela rosenbergii
7041,NA,NA,NA,NA,Myzomela longirostris
7042,NA,NA,NA,NA,Acanthorhynchus superciliosus
7043,NA,NA,NA,NA,Acanthorhynchus tenuirostris
7044,NA,NA,NA,NA,Certhionyx variegatus
7045,"Pets/display animals, horticulture",international,non-trivial,recent,Prosthemadera novaeseelandiae
7046,"Pets/display animals, horticulture",international,non-trivial,recent,Anthornis melanura
7047,NA,NA,NA,NA,Pycnopygius ixoides
7048,NA,NA,NA,NA,Pycnopygius cinereus
7049,NA,NA,NA,NA,Pycnopygius stictocephalus
7050,NA,NA,NA,NA,Gliciphila undulata
7051,NA,NA,NA,NA,Gliciphila melanops
7052,NA,NA,NA,NA,Gliciphila notabilis
7053,NA,NA,NA,NA,Glycichaera fallax
7054,NA,NA,NA,NA,Ptiloprora plumbea
7055,NA,NA,NA,NA,Ptiloprora meekiana
7056,NA,NA,NA,NA,Ptiloprora erythropleura
7057,NA,NA,NA,NA,Ptiloprora guisei
7058,NA,NA,NA,NA,Ptiloprora mayri
7059,NA,NA,NA,NA,Ptiloprora perstriata
7060,NA,NA,NA,NA,Stresemannia bougainvillei
7061,NA,NA,NA,NA,Ramsayornis fasciatus
7062,NA,NA,NA,NA,Ramsayornis modestus
7063,"Pets/display animals, horticulture",international,non-trivial,recent,Conopophila albogularis
7064,NA,NA,NA,NA,Conopophila rufogularis
7065,NA,NA,NA,NA,Conopophila whitei
7066,NA,NA,NA,NA,Ashbyia lovensis
7067,NA,NA,NA,NA,Epthianura crocea
7068,"Pets/display animals, horticulture",international,non-trivial,recent,Epthianura tricolor
7069,NA,NA,NA,NA,Epthianura albifrons
7070,NA,NA,NA,NA,Epthianura aurifrons
7071,NA,NA,NA,NA,Melilestes megarhynchus
7072,NA,NA,NA,NA,Timeliopsis griseigula
7073,NA,NA,NA,NA,Timeliopsis fulvigula
7074,Food - human,NA,non-trivial,recent,Macgregoria pulchra
7075,Sport hunting/specimen collecting,NA,non-trivial,recent,Macgregoria pulchra
7076,NA,NA,NA,NA,Melipotes gymnops
7077,NA,NA,NA,NA,Melipotes fumigatus
7078,NA,NA,NA,NA,Melipotes carolae
7079,NA,NA,NA,NA,Melipotes ater
7080,NA,NA,NA,NA,Oreornis chrysogenys
7081,"Pets/display animals, horticulture",international,non-trivial,recent,Meliphaga aruensis
7082,NA,NA,NA,NA,Meliphaga notata
7083,"Pets/display animals, horticulture",international,non-trivial,recent,Meliphaga lewinii
7084,NA,NA,NA,NA,Microptilotis albonotatus
7085,NA,NA,NA,NA,Microptilotis orientalis
7086,NA,NA,NA,NA,Microptilotis analogus
7087,NA,NA,NA,NA,Microptilotis montanus
7088,NA,NA,NA,NA,Microptilotis mimikae
7089,NA,NA,NA,NA,Microptilotis cinereifrons
7090,NA,NA,NA,NA,Microptilotis gracilis
7091,NA,NA,NA,NA,Microptilotis imitatrix
7092,NA,NA,NA,NA,Microptilotis vicina
7093,NA,NA,NA,NA,Microptilotis flavirictus
7094,NA,NA,NA,NA,Microptilotis reticulatus
7095,NA,NA,NA,NA,Microptilotis fordianus
7096,NA,NA,NA,NA,Microptilotis albilineatus
7097,NA,NA,NA,NA,Stomiopera unicolor
7098,NA,NA,NA,NA,Stomiopera flava
7099,NA,NA,NA,NA,Bolemoreus frenatus
7100,NA,NA,NA,NA,Bolemoreus hindwoodi
7101,NA,NA,NA,NA,Acanthagenys rufogularis
7102,NA,NA,NA,NA,Anthochaera lunulata
7103,NA,NA,NA,NA,Anthochaera chrysoptera
7104,"Pets/display animals, horticulture",international,non-trivial,recent,Anthochaera phrygia
7105,"Pets/display animals, horticulture",international,non-trivial,recent,Anthochaera phrygia
7106,NA,NA,NA,NA,Anthochaera carunculata
7107,NA,NA,NA,NA,Anthochaera paradoxa
7108,NA,NA,NA,NA,Gavicalis versicolor
7109,NA,NA,NA,NA,Gavicalis virescens
7110,NA,NA,NA,NA,Gavicalis fasciogularis
7111,"Pets/display animals, horticulture",international,non-trivial,recent,Ptilotula penicillata
7112,NA,NA,NA,NA,Ptilotula ornata
7113,NA,NA,NA,NA,Ptilotula flavescens
7114,NA,NA,NA,NA,Ptilotula fusca
7115,NA,NA,NA,NA,Ptilotula keartlandi
7116,NA,NA,NA,NA,Ptilotula plumula
7117,NA,NA,NA,NA,Purnella albifrons
7118,NA,NA,NA,NA,Caligavis chrysops
7119,NA,NA,NA,NA,Caligavis obscura
7120,NA,NA,NA,NA,Caligavis subfrenata
7121,NA,NA,NA,NA,Lichenostomus cratitius
7122,NA,NA,NA,NA,Lichenostomus melanops
7123,NA,NA,NA,NA,Manorina melanophrys
7124,"Pets/display animals, horticulture",international,non-trivial,recent,Manorina melanocephala
7125,NA,NA,NA,NA,Manorina melanotis
7126,NA,NA,NA,NA,Manorina flavigula
7127,NA,NA,NA,NA,Melionyx fuscus
7128,NA,NA,NA,NA,Melionyx nouhuysi
7129,NA,NA,NA,NA,Melionyx princeps
7130,NA,NA,NA,NA,Melidectes ochromelas
7131,NA,NA,NA,NA,Melidectes leucostephes
7132,"Pets/display animals, horticulture",international,non-trivial,recent,Melidectes belfordi
7133,NA,NA,NA,NA,Melidectes rufocrissalis
7134,NA,NA,NA,NA,Melidectes foersteri
7135,NA,NA,NA,NA,Melidectes torquatus
7136,NA,NA,NA,NA,Pardalotus punctatus
7137,NA,NA,NA,NA,Pardalotus quadragintus
7138,NA,NA,NA,NA,Pardalotus rubricatus
7139,"Pets/display animals, horticulture",international,non-trivial,recent,Pardalotus striatus
7140,NA,NA,NA,NA,Pachycare flavogriseum
7141,NA,NA,NA,NA,Oreoscopus gutturalis
7142,NA,NA,NA,NA,Gerygone mouki
7143,NA,NA,NA,NA,Gerygone chrysogaster
7144,NA,NA,NA,NA,Gerygone palpebrosa
7145,NA,NA,NA,NA,Gerygone chloronota
7146,NA,NA,NA,NA,Gerygone inornata
7147,NA,NA,NA,NA,Gerygone olivacea
7148,"Pets/display animals, horticulture",international,non-trivial,recent,Gerygone sulphurea
7149,NA,NA,NA,NA,Gerygone hypoxantha
7150,NA,NA,NA,NA,Gerygone magnirostris
7151,NA,NA,NA,NA,Gerygone dorsalis
7152,NA,NA,NA,NA,Gerygone tenebrosa
7153,NA,NA,NA,NA,Gerygone citrina
7154,NA,NA,NA,NA,Gerygone flavolateralis
7155,NA,NA,NA,NA,Gerygone modesta
7156,NA,NA,NA,NA,Gerygone igata
7157,NA,NA,NA,NA,Gerygone albofrontata
7158,NA,NA,NA,NA,Gerygone ruficollis
7159,NA,NA,NA,NA,Gerygone levigaster
7160,NA,NA,NA,NA,Gerygone fusca
7161,NA,NA,NA,NA,Smicrornis brevirostris
7162,NA,NA,NA,NA,Pycnoptilus floccosus
7163,NA,NA,NA,NA,Pyrrholaemus brunneus
7164,NA,NA,NA,NA,Pyrrholaemus sagittatus
7165,NA,NA,NA,NA,Hylacola pyrrhopygia
7166,NA,NA,NA,NA,Hylacola cauta
7167,NA,NA,NA,NA,Calamanthus fuliginosus
7168,NA,NA,NA,NA,Calamanthus montanellus
7169,NA,NA,NA,NA,Calamanthus campestris
7170,NA,NA,NA,NA,Origma solitaria
7171,NA,NA,NA,NA,Origma murina
7172,NA,NA,NA,NA,Origma robusta
7173,NA,NA,NA,NA,Neosericornis citreogularis
7174,NA,NA,NA,NA,Aethomyias nigrorufus
7175,NA,NA,NA,NA,Aethomyias spilodera
7176,NA,NA,NA,NA,Aethomyias papuensis
7177,NA,NA,NA,NA,Aethomyias perspicillatus
7178,NA,NA,NA,NA,Aethomyias rufescens
7179,NA,NA,NA,NA,Aethomyias arfakianus
7180,NA,NA,NA,NA,Sericornis keri
7181,NA,NA,NA,NA,Sericornis humilis
7182,NA,NA,NA,NA,Sericornis frontalis
7183,NA,NA,NA,NA,Sericornis magnirostra
7184,NA,NA,NA,NA,Sericornis beccarii
7185,NA,NA,NA,NA,Sericornis nouhuysi
7186,NA,NA,NA,NA,Acanthornis magna
7187,"Pets/display animals, horticulture",international,non-trivial,recent,Aphelocephala leucopsis
7188,NA,NA,NA,NA,Aphelocephala pectoralis
7189,NA,NA,NA,NA,Aphelocephala nigricincta
7190,NA,NA,NA,NA,Acanthiza cinerea
7191,"Pets/display animals, horticulture",international,non-trivial,recent,Acanthiza chrysorrhoa
7192,NA,NA,NA,NA,Acanthiza murina
7193,NA,NA,NA,NA,Acanthiza nana
7194,NA,NA,NA,NA,Acanthiza lineata
7195,NA,NA,NA,NA,Acanthiza apicalis
7196,NA,NA,NA,NA,Acanthiza ewingii
7197,NA,NA,NA,NA,Acanthiza pusilla
7198,NA,NA,NA,NA,Acanthiza katherina
7199,NA,NA,NA,NA,Acanthiza robustirostris
7200,NA,NA,NA,NA,Acanthiza iredalei
7201,NA,NA,NA,NA,Acanthiza uropygialis
7202,NA,NA,NA,NA,Acanthiza reguloides
7203,NA,NA,NA,NA,Acanthiza inornata
7204,NA,NA,NA,NA,Orthonyx temminckii
7205,NA,NA,NA,NA,Orthonyx novaeguineae
7206,NA,NA,NA,NA,Orthonyx spaldingii
7207,NA,NA,NA,NA,Garritornis isidorei
7208,NA,NA,NA,NA,Pomatostomus temporalis
7209,NA,NA,NA,NA,Pomatostomus halli
7210,NA,NA,NA,NA,Pomatostomus superciliosus
7211,NA,NA,NA,NA,Pomatostomus ruficeps
7212,NA,NA,NA,NA,Mohoua albicilla
7213,NA,NA,NA,NA,Mohoua ochrocephala
7214,NA,NA,NA,NA,Mohoua novaeseelandiae
7215,NA,NA,NA,NA,Eulacestoma nigropectus
7216,NA,NA,NA,NA,Daphoenositta papuensis
7217,NA,NA,NA,NA,Daphoenositta chrysoptera
7218,NA,NA,NA,NA,Daphoenositta miranda
7219,NA,NA,NA,NA,Pitohui cerviniventris
7220,NA,NA,NA,NA,Pitohui kirhocephalus
7221,NA,NA,NA,NA,Pitohui uropygialis
7222,NA,NA,NA,NA,Pitohui dichrous
7223,"Pets/display animals, horticulture",international,non-trivial,recent,Sphecotheres vieilloti
7224,"Pets/display animals, horticulture",international,non-trivial,recent,Sphecotheres viridis
7225,NA,NA,NA,NA,Sphecotheres hypoleucus
7226,"Pets/display animals, horticulture",international,non-trivial,recent,Oriolus sagittatus
7227,NA,NA,NA,NA,Oriolus phaeochromus
7228,NA,NA,NA,NA,Oriolus szalayi
7229,NA,NA,NA,NA,Oriolus finschi
7230,NA,NA,NA,NA,Oriolus melanotis
7231,"Pets/display animals, horticulture",international,non-trivial,recent,Oriolus flavocinctus
7232,NA,NA,NA,NA,Oriolus forsteni
7233,NA,NA,NA,NA,Oriolus decipiens
7234,NA,NA,NA,NA,Oriolus bouroensis
7235,NA,NA,NA,NA,Oriolus xanthonotus
7236,NA,NA,NA,NA,Oriolus consobrinus
7237,NA,NA,NA,NA,Oriolus steerii
7238,NA,NA,NA,NA,Oriolus albiloris
7239,NA,NA,NA,NA,Oriolus isabellae
7240,NA,NA,NA,NA,Oriolus hosii
7241,"Pets/display animals, horticulture",international,non-trivial,recent,Oriolus consanguineus
7242,"Pets/display animals, horticulture",international,non-trivial,recent,Oriolus cruentus
7243,"Pets/display animals, horticulture",NA,non-trivial,recent,Oriolus traillii
7244,NA,NA,NA,NA,Oriolus mellianus
7245,"Pets/display animals, horticulture",international,non-trivial,recent,Oriolus xanthornus
7246,NA,NA,NA,NA,Oriolus brachyrynchus
7247,NA,NA,NA,NA,Oriolus crassirostris
7248,NA,NA,NA,NA,Oriolus chlorocephalus
7249,NA,NA,NA,NA,Oriolus monacha
7250,NA,NA,NA,NA,Oriolus larvatus
7251,NA,NA,NA,NA,Oriolus percivali
7252,"Pets/display animals, horticulture",international,non-trivial,recent,Oriolus nigripennis
7253,Food - human,,non-trivial,recent,Oriolus oriolus
7254,"Pets/display animals, horticulture",international,non-trivial,recent,Oriolus oriolus
7255,Sport hunting/specimen collecting,,non-trivial,recent,Oriolus oriolus
7256,Food - human,,non-trivial,recent,Oriolus kundoo
7257,"Pets/display animals, horticulture",international,non-trivial,recent,Oriolus kundoo
7258,Sport hunting/specimen collecting,,non-trivial,recent,Oriolus kundoo
7259,"Pets/display animals, horticulture",international,non-trivial,recent,Oriolus auratus
7260,Food - human,,non-trivial,recent,Oriolus chinensis
7261,"Pets/display animals, horticulture",international,non-trivial,recent,Oriolus chinensis
7262,"Pets/display animals, horticulture",international,non-trivial,recent,Oriolus tenuirostris
7263,NA,NA,NA,NA,Oreocharis arfaki
7264,NA,NA,NA,NA,Paramythia olivacea
7265,NA,NA,NA,NA,Paramythia montium
7266,NA,NA,NA,NA,Aleadryas rufinucha
7267,NA,NA,NA,NA,Ornorectes cristatus
7268,NA,NA,NA,NA,Oreoica gutturalis
7269,NA,NA,NA,NA,Ptilorrhoa leucosticta
7270,NA,NA,NA,NA,Ptilorrhoa castanonota
7271,"Pets/display animals, horticulture",international,non-trivial,recent,Ptilorrhoa caerulescens
7272,"Pets/display animals, horticulture",international,non-trivial,recent,Ptilorrhoa geislerorum
7273,NA,NA,NA,NA,Cinclosoma ajax
7274,NA,NA,NA,NA,Cinclosoma punctatum
7275,NA,NA,NA,NA,Cinclosoma castanotum
7276,NA,NA,NA,NA,Cinclosoma marginatum
7277,NA,NA,NA,NA,Cinclosoma castaneothorax
7278,"Pets/display animals, horticulture",international,non-trivial,recent,Cinclosoma alisteri
7279,NA,NA,NA,NA,Cinclosoma cinnamomeum
7280,NA,NA,NA,NA,Falcunculus whitei
7281,NA,NA,NA,NA,Falcunculus leucogaster
7282,NA,NA,NA,NA,Falcunculus frontatus
7283,NA,NA,NA,NA,Melanorectes nigrescens
7284,NA,NA,NA,NA,Coracornis raveni
7285,NA,NA,NA,NA,Coracornis sanghirensis
7286,NA,NA,NA,NA,Pachycephala olivacea
7287,NA,NA,NA,NA,Pachycephala rufogularis
7288,NA,NA,NA,NA,Pachycephala inornata
7289,NA,NA,NA,NA,Pachycephala nudigula
7290,NA,NA,NA,NA,Pachycephala schlegelii
7291,NA,NA,NA,NA,Pachycephala soror
7292,NA,NA,NA,NA,Pachycephala caledonica
7293,NA,NA,NA,NA,Pachycephala richardsi
7294,NA,NA,NA,NA,Pachycephala implicata
7295,NA,NA,NA,NA,Pachycephala meyeri
7296,NA,NA,NA,NA,Pachycephala lorentzi
7297,NA,NA,NA,NA,Pachycephala modesta
7298,NA,NA,NA,NA,Pachycephala tenebrosa
7299,NA,NA,NA,NA,Pachycephala philippinensis
7300,NA,NA,NA,NA,Pachycephala sulfuriventer
7301,NA,NA,NA,NA,Pachycephala hypoxantha
7302,NA,NA,NA,NA,Pachycephala cinerea
7303,NA,NA,NA,NA,Pachycephala albiventris
7304,NA,NA,NA,NA,Pachycephala homeyeri
7305,"Pets/display animals, horticulture",international,non-trivial,recent,Pachycephala teysmanni
7306,NA,NA,NA,NA,Pachycephala fulvotincta
7307,NA,NA,NA,NA,Pachycephala phaionota
7308,NA,NA,NA,NA,Pachycephala hyperythra
7309,NA,NA,NA,NA,Pachycephala griseiceps
7310,NA,NA,NA,NA,Pachycephala simplex
7311,NA,NA,NA,NA,Pachycephala arctitorquis
7312,NA,NA,NA,NA,Pachycephala orpheus
7313,NA,NA,NA,NA,Pachycephala griseonota
7314,NA,NA,NA,NA,Pachycephala monacha
7315,NA,NA,NA,NA,Pachycephala leucogastra
7316,"Pets/display animals, horticulture",international,non-trivial,recent,Pachycephala rufiventris
7317,NA,NA,NA,NA,Pachycephala lanioides
7318,"Pets/display animals, horticulture",international,non-trivial,recent,Pachycephala orioloides
7319,"Pets/display animals, horticulture",international,non-trivial,recent,Pachycephala feminina
7320,NA,NA,NA,NA,Pachycephala flavifrons
7321,NA,NA,NA,NA,Pachycephala jacquinoti
7322,"Pets/display animals, horticulture",international,non-trivial,recent,Pachycephala vitiensis
7323,"Pets/display animals, horticulture",international,non-trivial,recent,Pachycephala mentalis
7324,"Pets/display animals, horticulture",international,non-trivial,recent,Pachycephala par
7325,"Pets/display animals, horticulture",international,non-trivial,recent,Pachycephala pectoralis
7326,NA,NA,NA,NA,Pachycephala melanura
7327,NA,NA,NA,NA,Pachycephala aurea
7328,NA,NA,NA,NA,Pseudorectes ferrugineus
7329,NA,NA,NA,NA,Pseudorectes incertus
7330,NA,NA,NA,NA,Colluricincla tenebrosa
7331,NA,NA,NA,NA,Colluricincla megarhyncha
7332,NA,NA,NA,NA,Colluricincla boweri
7333,"Pets/display animals, horticulture",international,non-trivial,recent,Colluricincla harmonica
7334,NA,NA,NA,NA,Colluricincla woodwardi
7335,NA,NA,NA,NA,Androphobus viridis
7336,NA,NA,NA,NA,Psophodes nigrogularis
7337,NA,NA,NA,NA,Psophodes olivaceus
7338,NA,NA,NA,NA,Psophodes occidentalis
7339,NA,NA,NA,NA,Psophodes cristatus
7340,NA,NA,NA,NA,Pteruthius rufiventer
7341,"Pets/display animals, horticulture",international,non-trivial,recent,Pteruthius aeralatus
7342,"Pets/display animals, horticulture",international,non-trivial,recent,Pteruthius flaviscapis
7343,NA,NA,NA,NA,Pteruthius xanthochlorus
7344,NA,NA,NA,NA,Pteruthius melanotis
7345,NA,NA,NA,NA,Pteruthius aenobarbus
7346,NA,NA,NA,NA,Erpornis zantholeuca
7347,NA,NA,NA,NA,Cyclarhis gujanensis
7348,"Pets/display animals, horticulture",international,non-trivial,recent,Cyclarhis nigrirostris
7349,NA,NA,NA,NA,Hylophilus amaurocephalus
7350,NA,NA,NA,NA,Hylophilus poicilotis
7351,NA,NA,NA,NA,Hylophilus olivaceus
7352,NA,NA,NA,NA,Hylophilus pectoralis
7353,NA,NA,NA,NA,Hylophilus viridiflavus
7354,NA,NA,NA,NA,Hylophilus flavipes
7355,NA,NA,NA,NA,Hylophilus insularis
7356,NA,NA,NA,NA,Hylophilus semicinereus
7357,NA,NA,NA,NA,Hylophilus thoracicus
7358,NA,NA,NA,NA,Hylophilus griseiventris
7359,NA,NA,NA,NA,Hylophilus brunneiceps
7360,NA,NA,NA,NA,Vireolanius melitophrys
7361,NA,NA,NA,NA,Vireolanius pulchellus
7362,NA,NA,NA,NA,Vireolanius eximius
7363,NA,NA,NA,NA,Vireolanius leucotis
7364,NA,NA,NA,NA,Vireolanius mikettae
7365,NA,NA,NA,NA,Tunchiornis ochraceiceps
7366,NA,NA,NA,NA,Tunchiornis luteifrons
7367,NA,NA,NA,NA,Tunchiornis rubrifrons
7368,NA,NA,NA,NA,Pachysylvia hypochrysea
7369,NA,NA,NA,NA,Pachysylvia decurtata
7370,NA,NA,NA,NA,Pachysylvia hypoxantha
7371,NA,NA,NA,NA,Pachysylvia muscicapina
7372,NA,NA,NA,NA,Pachysylvia aurantiifrons
7373,NA,NA,NA,NA,Pachysylvia semibrunnea
7374,NA,NA,NA,NA,Vireo sclateri
7375,NA,NA,NA,NA,Vireo philadelphicus
7376,NA,NA,NA,NA,Vireo leucophrys
7377,NA,NA,NA,NA,Vireo gilvus
7378,NA,NA,NA,NA,Vireo flavoviridis
7379,NA,NA,NA,NA,Vireo magister
7380,"Pets/display animals, horticulture",international,non-trivial,recent,Vireo olivaceus
7381,"Pets/display animals, horticulture",international,non-trivial,recent,Vireo chivi
7382,NA,NA,NA,NA,Vireo altiloquus
7383,NA,NA,NA,NA,Vireo gracilirostris
7384,NA,NA,NA,NA,Vireo vicinior
7385,NA,NA,NA,NA,Vireo huttoni
7386,NA,NA,NA,NA,Vireo flavifrons
7387,NA,NA,NA,NA,Vireo carmioli
7388,NA,NA,NA,NA,Vireo masteri
7389,NA,NA,NA,NA,Vireo cassinii
7390,NA,NA,NA,NA,Vireo plumbeus
7391,NA,NA,NA,NA,Vireo solitarius
7392,NA,NA,NA,NA,Vireo osburni
7393,NA,NA,NA,NA,Vireo modestus
7394,NA,NA,NA,NA,Vireo nanus
7395,NA,NA,NA,NA,Vireo bellii
7396,NA,NA,NA,NA,Vireo latimeri
7397,NA,NA,NA,NA,Vireo brevipennis
7398,NA,NA,NA,NA,Vireo atricapilla
7399,NA,NA,NA,NA,Vireo nelsoni
7400,NA,NA,NA,NA,Vireo pallens
7401,NA,NA,NA,NA,Vireo caribaeus
7402,NA,NA,NA,NA,Vireo bairdi
7403,"Pets/display animals, horticulture",international,non-trivial,recent,Vireo griseus
7404,NA,NA,NA,NA,Vireo crassirostris
7405,NA,NA,NA,NA,Vireo gundlachii
7406,"Pets/display animals, horticulture",international,non-trivial,recent,Pericrocotus erythropygius
7407,"Pets/display animals, horticulture",international,non-trivial,recent,Pericrocotus albifrons
7408,NA,NA,NA,NA,Pericrocotus igneus
7409,NA,NA,NA,NA,Pericrocotus cinnamomeus
7410,"Pets/display animals, horticulture",international,non-trivial,recent,Pericrocotus solaris
7411,"Pets/display animals, horticulture",international,non-trivial,recent,Pericrocotus montanus
7412,NA,NA,NA,NA,Pericrocotus miniatus
7413,"Pets/display animals, horticulture",NA,non-trivial,recent,Pericrocotus brevirostris
7414,NA,NA,NA,NA,Pericrocotus lansbergei
7415,"Pets/display animals, horticulture",NA,non-trivial,recent,Pericrocotus ethologus
7416,Food - human,,non-trivial,recent,Pericrocotus flammeus
7417,"Pets/display animals, horticulture",international,non-trivial,recent,Pericrocotus flammeus
7418,Food - human,,non-trivial,recent,Pericrocotus divaricatus
7419,"Pets/display animals, horticulture",international,non-trivial,recent,Pericrocotus divaricatus
7420,NA,NA,NA,NA,Pericrocotus tegimae
7421,NA,NA,NA,NA,Pericrocotus cantonensis
7422,"Pets/display animals, horticulture",international,non-trivial,recent,Pericrocotus roseus
7423,NA,NA,NA,NA,Coracina caeruleogrisea
7424,NA,NA,NA,NA,Coracina longicauda
7425,NA,NA,NA,NA,Coracina temminckii
7426,NA,NA,NA,NA,Coracina bicolor
7427,NA,NA,NA,NA,Coracina maxima
7428,NA,NA,NA,NA,Coracina lineata
7429,NA,NA,NA,NA,Coracina boyeri
7430,NA,NA,NA,NA,Coracina novaehollandiae
7431,NA,NA,NA,NA,Coracina fortis
7432,NA,NA,NA,NA,Coracina personata
7433,NA,NA,NA,NA,Coracina welchmani
7434,NA,NA,NA,NA,Coracina caledonica
7435,NA,NA,NA,NA,Coracina striata
7436,NA,NA,NA,NA,Coracina panayensis
7437,NA,NA,NA,NA,Coracina javensis
7438,"Pets/display animals, horticulture",international,non-trivial,recent,Coracina macei
7439,NA,NA,NA,NA,Coracina dobsoni
7440,NA,NA,NA,NA,Coracina schistacea
7441,NA,NA,NA,NA,Coracina leucopygia
7442,NA,NA,NA,NA,Coracina larvata
7443,"Pets/display animals, horticulture",international,non-trivial,recent,Coracina papuensis
7444,NA,NA,NA,NA,Coracina atriceps
7445,NA,NA,NA,NA,Coracina parvula
7446,NA,NA,NA,NA,Ceblepyris cucullatus
7447,NA,NA,NA,NA,Ceblepyris cinereus
7448,NA,NA,NA,NA,Ceblepyris graueri
7449,NA,NA,NA,NA,Ceblepyris pectoralis
7450,NA,NA,NA,NA,Ceblepyris caesius
7451,NA,NA,NA,NA,Campephaga flava
7452,NA,NA,NA,NA,Campephaga petiti
7453,NA,NA,NA,NA,Campephaga phoenicea
7454,NA,NA,NA,NA,Campephaga quiscalina
7455,NA,NA,NA,NA,Lobotos lobatus
7456,NA,NA,NA,NA,Lobotos oriolinus
7457,NA,NA,NA,NA,Campochaera sloetii
7458,NA,NA,NA,NA,Malindangia mcgregori
7459,NA,NA,NA,NA,Edolisoma anale
7460,NA,NA,NA,NA,Edolisoma ostentum
7461,NA,NA,NA,NA,Edolisoma coerulescens
7462,NA,NA,NA,NA,Edolisoma montanum
7463,NA,NA,NA,NA,Edolisoma dohertyi
7464,NA,NA,NA,NA,Edolisoma dispar
7465,NA,NA,NA,NA,Edolisoma schisticeps
7466,NA,NA,NA,NA,Edolisoma ceramense
7467,NA,NA,NA,NA,Edolisoma mindanense
7468,NA,NA,NA,NA,Edolisoma salomonis
7469,NA,NA,NA,NA,Edolisoma holopolium
7470,NA,NA,NA,NA,Edolisoma pygmaeum
7471,NA,NA,NA,NA,Edolisoma morio
7472,NA,NA,NA,NA,Edolisoma incertum
7473,NA,NA,NA,NA,Edolisoma remotum
7474,NA,NA,NA,NA,Edolisoma sula
7475,NA,NA,NA,NA,Edolisoma tenuirostre
7476,NA,NA,NA,NA,Edolisoma grayi
7477,NA,NA,NA,NA,Edolisoma obiense
7478,NA,NA,NA,NA,Edolisoma meyerii
7479,NA,NA,NA,NA,Edolisoma rostratum
7480,NA,NA,NA,NA,Edolisoma monacha
7481,NA,NA,NA,NA,Edolisoma nesiotis
7482,NA,NA,NA,NA,Edolisoma insperatum
7483,NA,NA,NA,NA,Edolisoma melas
7484,NA,NA,NA,NA,Celebesica abbotti
7485,NA,NA,NA,NA,Cyanograucalus azureus
7486,NA,NA,NA,NA,Lalage maculosa
7487,NA,NA,NA,NA,Lalage sharpei
7488,NA,NA,NA,NA,Lalage sueurii
7489,NA,NA,NA,NA,Lalage leucopyga
7490,"Pets/display animals, horticulture",international,non-trivial,recent,Lalage tricolor
7491,NA,NA,NA,NA,Lalage aurea
7492,NA,NA,NA,NA,Lalage atrovirens
7493,NA,NA,NA,NA,Lalage leucoptera
7494,NA,NA,NA,NA,Lalage moesta
7495,"Pets/display animals, horticulture",international,non-trivial,recent,Lalage leucomela
7496,"Pets/display animals, horticulture",international,non-trivial,recent,Lalage conjuncta
7497,NA,NA,NA,NA,Lalage melanoleuca
7498,NA,NA,NA,NA,Lalage minor
7499,"Pets/display animals, horticulture",NA,non-trivial,recent,Lalage nigra
7500,NA,NA,NA,NA,Lalage leucopygialis
7501,"Pets/display animals, horticulture",NA,non-trivial,recent,Lalage melaschistos
7502,NA,NA,NA,NA,Lalage melanoptera
7503,NA,NA,NA,NA,Lalage polioptera
7504,NA,NA,NA,NA,Lalage fimbriata
7505,NA,NA,NA,NA,Lalage typica
7506,Food - human,NA,non-trivial,recent,Lalage newtoni
7507,NA,NA,NA,NA,Rhagologus leucostigma
7508,"Pets/display animals, horticulture",international,non-trivial,recent,Peltops blainvillii
7509,NA,NA,NA,NA,Peltops montanus
7510,NA,NA,NA,NA,Strepera fuliginosa
7511,NA,NA,NA,NA,Strepera graculina
7512,NA,NA,NA,NA,Strepera versicolor
7513,NA,NA,NA,NA,Melloria quoyi
7514,"Pets/display animals, horticulture",international,non-trivial,recent,Gymnorhina tibicen
7515,"Pets/display animals, horticulture",international,non-trivial,recent,Cracticus cassicus
7516,NA,NA,NA,NA,Cracticus louisiadensis
7517,NA,NA,NA,NA,Cracticus nigrogularis
7518,NA,NA,NA,NA,Cracticus torquatus
7519,"Pets/display animals, horticulture",international,non-trivial,recent,Cracticus argenteus
7520,NA,NA,NA,NA,Cracticus mentalis
7521,"Pets/display animals, horticulture",international,non-trivial,recent,Artamus personatus
7522,NA,NA,NA,NA,Artamus superciliosus
7523,NA,NA,NA,NA,Artamus cyanopterus
7524,"Pets/display animals, horticulture",international,non-trivial,recent,Artamus cinereus
7525,NA,NA,NA,NA,Artamus minor
7526,"Pets/display animals, horticulture",international,non-trivial,recent,Artamus maximus
7527,"Pets/display animals, horticulture",NA,non-trivial,recent,Artamus leucoryn
7528,NA,NA,NA,NA,Artamus mentalis
7529,NA,NA,NA,NA,Artamus insignis
7530,NA,NA,NA,NA,Artamus monachus
7531,NA,NA,NA,NA,Artamus fuscus
7532,NA,NA,NA,NA,Machaerirhynchus flaviventer
7533,NA,NA,NA,NA,Machaerirhynchus nigripectus
7534,NA,NA,NA,NA,Newtonia archboldi
7535,NA,NA,NA,NA,Newtonia brunneicauda
7536,NA,NA,NA,NA,Newtonia fanovanae
7537,NA,NA,NA,NA,Newtonia amphichroa
7538,NA,NA,NA,NA,Tylas eduardi
7539,NA,NA,NA,NA,Calicalicus madagascariensis
7540,NA,NA,NA,NA,Calicalicus rufocarpalis
7541,NA,NA,NA,NA,Hypositta corallirostris
7542,NA,NA,NA,NA,Leptopterus chabert
7543,NA,NA,NA,NA,Cyanolanius comorensis
7544,NA,NA,NA,NA,Cyanolanius madagascarinus
7545,NA,NA,NA,NA,Mystacornis crossleyi
7546,NA,NA,NA,NA,Pseudobias wardi
7547,NA,NA,NA,NA,Vanga curvirostris
7548,NA,NA,NA,NA,Schetba rufa
7549,NA,NA,NA,NA,Euryceros prevostii
7550,NA,NA,NA,NA,Xenopirostris polleni
7551,NA,NA,NA,NA,Xenopirostris xenopirostris
7552,NA,NA,NA,NA,Xenopirostris damii
7553,NA,NA,NA,NA,Oriolia bernieri
7554,NA,NA,NA,NA,Falculea palliata
7555,NA,NA,NA,NA,Artamella viridis
7556,NA,NA,NA,NA,Prionops plumatus
7557,NA,NA,NA,NA,Prionops poliolophus
7558,NA,NA,NA,NA,Prionops alberti
7559,NA,NA,NA,NA,Prionops caniceps
7560,NA,NA,NA,NA,Prionops rufiventris
7561,NA,NA,NA,NA,Prionops retzii
7562,NA,NA,NA,NA,Prionops gabela
7563,NA,NA,NA,NA,Prionops scopifrons
7564,"Pets/display animals, horticulture",NA,non-trivial,recent,Hemipus picatus
7565,NA,NA,NA,NA,Hemipus hirundinaceus
7566,Food - human,NA,non-trivial,recent,Tephrodornis sylvicola
7567,"Pets/display animals, horticulture",NA,non-trivial,recent,Tephrodornis sylvicola
7568,"Pets/display animals, horticulture",NA,non-trivial,recent,Tephrodornis virgatus
7569,NA,NA,NA,NA,Tephrodornis pondicerianus
7570,NA,NA,NA,NA,Tephrodornis affinis
7571,NA,NA,NA,NA,Megabyas flammulatus
7572,NA,NA,NA,NA,Bias musicus
7573,NA,NA,NA,NA,Philentoma pyrhoptera
7574,NA,NA,NA,NA,Philentoma velata
7575,NA,NA,NA,NA,Lanioturdus torquatus
7576,NA,NA,NA,NA,Batis diops
7577,NA,NA,NA,NA,Batis margaritae
7578,NA,NA,NA,NA,Batis mixta
7579,NA,NA,NA,NA,Batis reichenowi
7580,NA,NA,NA,NA,Batis crypta
7581,NA,NA,NA,NA,Batis dimorpha
7582,NA,NA,NA,NA,Batis capensis
7583,NA,NA,NA,NA,Batis fratrum
7584,NA,NA,NA,NA,Batis molitor
7585,NA,NA,NA,NA,Batis senegalensis
7586,NA,NA,NA,NA,Batis orientalis
7587,NA,NA,NA,NA,Batis soror
7588,NA,NA,NA,NA,Batis pririt
7589,NA,NA,NA,NA,Batis minor
7590,NA,NA,NA,NA,Batis erlangeri
7591,NA,NA,NA,NA,Batis perkeo
7592,NA,NA,NA,NA,Batis minulla
7593,NA,NA,NA,NA,Batis minima
7594,NA,NA,NA,NA,Batis ituriensis
7595,NA,NA,NA,NA,Batis occulta
7596,NA,NA,NA,NA,Batis poensis
7597,NA,NA,NA,NA,Dyaphorophyia hormophora
7598,NA,NA,NA,NA,Dyaphorophyia castanea
7599,NA,NA,NA,NA,Dyaphorophyia tonsa
7600,"Pets/display animals, horticulture",international,non-trivial,recent,Dyaphorophyia blissetti
7601,NA,NA,NA,NA,Dyaphorophyia chalybea
7602,NA,NA,NA,NA,Dyaphorophyia jamesoni
7603,NA,NA,NA,NA,Dyaphorophyia concreta
7604,NA,NA,NA,NA,Dyaphorophyia ansorgei
7605,NA,NA,NA,NA,Platysteira cyanea
7606,NA,NA,NA,NA,Platysteira albifrons
7607,NA,NA,NA,NA,Platysteira laticincta
7608,NA,NA,NA,NA,Platysteira peltata
7609,NA,NA,NA,NA,Aegithina tiphia
7610,NA,NA,NA,NA,Aegithina nigrolutea
7611,NA,NA,NA,NA,Aegithina viridissima
7612,NA,NA,NA,NA,Aegithina lafresnayei
7613,NA,NA,NA,NA,Pityriasis gymnocephala
7614,NA,NA,NA,NA,Malaconotus cruentus
7615,NA,NA,NA,NA,Malaconotus blanchoti
7616,NA,NA,NA,NA,Malaconotus monteiri
7617,NA,NA,NA,NA,Malaconotus lagdeni
7618,NA,NA,NA,NA,Malaconotus gladiator
7619,NA,NA,NA,NA,Malaconotus alius
7620,NA,NA,NA,NA,Dryoscopus sabini
7621,NA,NA,NA,NA,Dryoscopus angolensis
7622,NA,NA,NA,NA,Dryoscopus senegalensis
7623,NA,NA,NA,NA,Dryoscopus cubla
7624,NA,NA,NA,NA,Dryoscopus gambensis
7625,NA,NA,NA,NA,Dryoscopus pringlii
7626,NA,NA,NA,NA,Bocagia minuta
7627,NA,NA,NA,NA,Tchagra australis
7628,NA,NA,NA,NA,Tchagra jamesi
7629,NA,NA,NA,NA,Tchagra tchagra
7630,"Pets/display animals, horticulture",international,non-trivial,recent,Tchagra senegalus
7631,"Pets/display animals, horticulture",international,non-trivial,recent,Nilaus afer
7632,NA,NA,NA,NA,Chlorophoneus kupeensis
7633,NA,NA,NA,NA,Chlorophoneus multicolor
7634,NA,NA,NA,NA,Chlorophoneus nigrifrons
7635,NA,NA,NA,NA,Chlorophoneus olivaceus
7636,NA,NA,NA,NA,Chlorophoneus bocagei
7637,NA,NA,NA,NA,Chlorophoneus sulfureopectus
7638,NA,NA,NA,NA,Laniarius leucorhynchus
7639,NA,NA,NA,NA,Laniarius poensis
7640,NA,NA,NA,NA,Laniarius holomelas
7641,NA,NA,NA,NA,Laniarius fuelleborni
7642,NA,NA,NA,NA,Laniarius funebris
7643,NA,NA,NA,NA,Laniarius luehderi
7644,NA,NA,NA,NA,Laniarius brauni
7645,NA,NA,NA,NA,Laniarius amboimensis
7646,NA,NA,NA,NA,Laniarius ruficeps
7647,NA,NA,NA,NA,Laniarius aethiopicus
7648,NA,NA,NA,NA,Laniarius nigerrimus
7649,NA,NA,NA,NA,Laniarius sublacteus
7650,NA,NA,NA,NA,Laniarius ferrugineus
7651,NA,NA,NA,NA,Laniarius bicolor
7652,NA,NA,NA,NA,Laniarius turatii
7653,NA,NA,NA,NA,Laniarius barbarus
7654,NA,NA,NA,NA,Laniarius erythrogaster
7655,NA,NA,NA,NA,Laniarius atrococcineus
7656,NA,NA,NA,NA,Laniarius mufumbiri
7657,NA,NA,NA,NA,Laniarius atroflavus
7658,NA,NA,NA,NA,Rhodophoneus cruentus
7659,NA,NA,NA,NA,Telophorus zeylonus
7660,"Pets/display animals, horticulture",international,non-trivial,recent,Telophorus dohertyi
7661,NA,NA,NA,NA,Telophorus viridis
7662,NA,NA,NA,NA,Chaetorhynchus papuensis
7663,NA,NA,NA,NA,Lamprolia klinesmithi
7664,NA,NA,NA,NA,Lamprolia victoriae
7665,"Pets/display animals, horticulture",NA,non-trivial,recent,Eutrichomyias rowleyi
7666,NA,NA,NA,NA,Rhipidura atra
7667,NA,NA,NA,NA,Rhipidura nigrocinnamomea
7668,NA,NA,NA,NA,Rhipidura cyaniceps
7669,NA,NA,NA,NA,Rhipidura sauli
7670,NA,NA,NA,NA,Rhipidura albiventris
7671,NA,NA,NA,NA,Rhipidura samarensis
7672,NA,NA,NA,NA,Rhipidura superciliaris
7673,NA,NA,NA,NA,Rhipidura euryura
7674,NA,NA,NA,NA,Rhipidura perlata
7675,NA,NA,NA,NA,Rhipidura fuscorufa
7676,NA,NA,NA,NA,Rhipidura tenkatei
7677,NA,NA,NA,NA,Rhipidura rufiventris
7678,NA,NA,NA,NA,Rhipidura hoedti
7679,NA,NA,NA,NA,Rhipidura bouruensis
7680,NA,NA,NA,NA,Rhipidura obiensis
7681,NA,NA,NA,NA,Rhipidura cinerea
7682,NA,NA,NA,NA,Rhipidura assimilis
7683,NA,NA,NA,NA,Rhipidura kordensis
7684,NA,NA,NA,NA,Rhipidura isura
7685,NA,NA,NA,NA,Rhipidura cockerelli
7686,NA,NA,NA,NA,Rhipidura coultasi
7687,NA,NA,NA,NA,Rhipidura diluta
7688,NA,NA,NA,NA,Rhipidura threnothorax
7689,NA,NA,NA,NA,Rhipidura maculipectus
7690,NA,NA,NA,NA,Rhipidura leucothorax
7691,"Pets/display animals, horticulture",international,non-trivial,recent,Rhipidura leucophrys
7692,NA,NA,NA,NA,Rhipidura javanica
7693,"Pets/display animals, horticulture",international,non-trivial,recent,Rhipidura nigritorquis
7694,NA,NA,NA,NA,Rhipidura aureola
7695,Food - human,NA,non-trivial,recent,Rhipidura albogularis
7696,"Pets/display animals, horticulture",NA,non-trivial,recent,Rhipidura albogularis
7697,"Pets/display animals, horticulture",NA,non-trivial,recent,Rhipidura albicollis
7698,"Pets/display animals, horticulture",international,non-trivial,recent,Rhipidura phoenicura
7699,NA,NA,NA,NA,Rhipidura brachyrhyncha
7700,NA,NA,NA,NA,Rhipidura rufidorsa
7701,NA,NA,NA,NA,Rhipidura dahli
7702,NA,NA,NA,NA,Rhipidura matthiae
7703,NA,NA,NA,NA,Rhipidura malaitae
7704,NA,NA,NA,NA,Rhipidura lepida
7705,NA,NA,NA,NA,Rhipidura teysmanni
7706,NA,NA,NA,NA,Rhipidura superflua
7707,NA,NA,NA,NA,Rhipidura dedemi
7708,NA,NA,NA,NA,Rhipidura opistherythra
7709,NA,NA,NA,NA,Rhipidura rufifrons
7710,NA,NA,NA,NA,Rhipidura kubaryi
7711,NA,NA,NA,NA,Rhipidura melanolaema
7712,NA,NA,NA,NA,Rhipidura semirubra
7713,NA,NA,NA,NA,Rhipidura dryas
7714,NA,NA,NA,NA,Rhipidura albolimbata
7715,NA,NA,NA,NA,Rhipidura hyperythra
7716,NA,NA,NA,NA,Rhipidura drownei
7717,NA,NA,NA,NA,Rhipidura ocularis
7718,NA,NA,NA,NA,Rhipidura verreauxi
7719,NA,NA,NA,NA,Rhipidura spilodera
7720,NA,NA,NA,NA,Rhipidura layardi
7721,NA,NA,NA,NA,Rhipidura rufilateralis
7722,NA,NA,NA,NA,Rhipidura tenebrosa
7723,NA,NA,NA,NA,Rhipidura rennelliana
7724,NA,NA,NA,NA,Rhipidura nebulosa
7725,NA,NA,NA,NA,Rhipidura personata
7726,NA,NA,NA,NA,Rhipidura phasiana
7727,NA,NA,NA,NA,Rhipidura albiscapa
7728,NA,NA,NA,NA,Rhipidura fuliginosa
7729,NA,NA,NA,NA,Dicrurus sharpei
7730,NA,NA,NA,NA,Dicrurus ludwigii
7731,NA,NA,NA,NA,Dicrurus atripennis
7732,NA,NA,NA,NA,Dicrurus adsimilis
7733,"Pets/display animals, horticulture",international,non-trivial,recent,Dicrurus modestus
7734,NA,NA,NA,NA,Dicrurus fuscipennis
7735,NA,NA,NA,NA,Dicrurus aldabranus
7736,"Pets/display animals, horticulture",international,non-trivial,recent,Dicrurus forficatus
7737,"Pets/display animals, horticulture",international,non-trivial,recent,Dicrurus waldenii
7738,NA,NA,NA,NA,Dicrurus macrocercus
7739,NA,NA,NA,NA,Dicrurus leucophaeus
7740,NA,NA,NA,NA,Dicrurus caerulescens
7741,"Pets/display animals, horticulture",international,non-trivial,recent,Dicrurus annectens
7742,NA,NA,NA,NA,Dicrurus aeneus
7743,NA,NA,NA,NA,Dicrurus remifer
7744,NA,NA,NA,NA,Dicrurus balicassius
7745,"Pets/display animals, horticulture",NA,non-trivial,recent,Dicrurus hottentottus
7746,NA,NA,NA,NA,Dicrurus palawanensis
7747,NA,NA,NA,NA,Dicrurus striatus
7748,"Pets/display animals, horticulture",NA,non-trivial,recent,Dicrurus sumatranus
7749,NA,NA,NA,NA,Dicrurus densus
7750,NA,NA,NA,NA,Dicrurus menagei
7751,NA,NA,NA,NA,Dicrurus montanus
7752,"Pets/display animals, horticulture",NA,non-trivial,recent,Dicrurus bracteatus
7753,NA,NA,NA,NA,Dicrurus megarhynchus
7754,NA,NA,NA,NA,Dicrurus andamanensis
7755,NA,NA,NA,NA,Dicrurus paradiseus
7756,"Pets/display animals, horticulture",international,non-trivial,recent,Dicrurus lophorinus
7757,NA,NA,NA,NA,Ifrita kowaldi
7758,NA,NA,NA,NA,Myiagra oceanica
7759,NA,NA,NA,NA,Myiagra erythrops
7760,NA,NA,NA,NA,Myiagra pluto
7761,NA,NA,NA,NA,Myiagra galeata
7762,NA,NA,NA,NA,Myiagra atra
7763,NA,NA,NA,NA,Myiagra rubecula
7764,NA,NA,NA,NA,Myiagra ferrocyanea
7765,NA,NA,NA,NA,Myiagra cervinicauda
7766,NA,NA,NA,NA,Myiagra caledonica
7767,NA,NA,NA,NA,Myiagra vanikorensis
7768,NA,NA,NA,NA,Myiagra albiventris
7769,NA,NA,NA,NA,Myiagra castaneigularis
7770,NA,NA,NA,NA,Myiagra azureocapilla
7771,NA,NA,NA,NA,Myiagra ruficollis
7772,NA,NA,NA,NA,Myiagra cyanoleuca
7773,"Pets/display animals, horticulture",international,non-trivial,recent,Myiagra alecto
7774,NA,NA,NA,NA,Myiagra hebetior
7775,NA,NA,NA,NA,Myiagra eichhorni
7776,NA,NA,NA,NA,Myiagra cervinicolor
7777,NA,NA,NA,NA,Myiagra nana
7778,NA,NA,NA,NA,Myiagra inquieta
7779,NA,NA,NA,NA,Arses insularis
7780,"Pets/display animals, horticulture",international,non-trivial,recent,Arses telescopthalmus
7781,"Pets/display animals, horticulture",international,non-trivial,recent,Arses lorealis
7782,NA,NA,NA,NA,Arses kaupi
7783,"Pets/display animals, horticulture",international,non-trivial,recent,Grallina cyanoleuca
7784,NA,NA,NA,NA,Grallina bruijnii
7785,NA,NA,NA,NA,Symposiachrus axillaris
7786,NA,NA,NA,NA,Symposiachrus rubiensis
7787,NA,NA,NA,NA,Symposiachrus guttula
7788,NA,NA,NA,NA,Symposiachrus mundus
7789,NA,NA,NA,NA,Symposiachrus sacerdotum
7790,NA,NA,NA,NA,Symposiachrus boanensis
7791,NA,NA,NA,NA,Symposiachrus trivirgatus
7792,NA,NA,NA,NA,Symposiachrus everetti
7793,NA,NA,NA,NA,Symposiachrus loricatus
7794,NA,NA,NA,NA,Symposiachrus leucurus
7795,NA,NA,NA,NA,Symposiachrus julianae
7796,NA,NA,NA,NA,Symposiachrus brehmii
7797,NA,NA,NA,NA,Symposiachrus manadensis
7798,NA,NA,NA,NA,Symposiachrus infelix
7799,NA,NA,NA,NA,Symposiachrus menckei
7800,NA,NA,NA,NA,Symposiachrus verticalis
7801,NA,NA,NA,NA,Symposiachrus ateralbus
7802,NA,NA,NA,NA,Symposiachrus barbatus
7803,NA,NA,NA,NA,Symposiachrus malaitae
7804,NA,NA,NA,NA,Symposiachrus browni
7805,NA,NA,NA,NA,Symposiachrus vidua
7806,NA,NA,NA,NA,Carterornis chrysomela
7807,NA,NA,NA,NA,Carterornis leucotis
7808,NA,NA,NA,NA,Carterornis pileatus
7809,NA,NA,NA,NA,Carterornis castus
7810,NA,NA,NA,NA,Chasiempis sclateri
7811,NA,NA,NA,NA,Chasiempis ibidis
7812,NA,NA,NA,NA,Chasiempis sandwichensis
7813,NA,NA,NA,NA,Pomarea nigra
7814,NA,NA,NA,NA,Pomarea dimidiata
7815,NA,NA,NA,NA,Pomarea iphis
7816,NA,NA,NA,NA,Pomarea whitneyi
7817,NA,NA,NA,NA,Pomarea mendozae
7818,NA,NA,NA,NA,Neolalage banksiana
7819,NA,NA,NA,NA,Mayrornis schistaceus
7820,NA,NA,NA,NA,Mayrornis versicolor
7821,NA,NA,NA,NA,Mayrornis lessoni
7822,NA,NA,NA,NA,Clytorhynchus pachycephaloides
7823,NA,NA,NA,NA,Clytorhynchus vitiensis
7824,NA,NA,NA,NA,Clytorhynchus sanctaecrucis
7825,NA,NA,NA,NA,Clytorhynchus nigrogularis
7826,NA,NA,NA,NA,Clytorhynchus hamlini
7827,NA,NA,NA,NA,Monarcha cinerascens
7828,NA,NA,NA,NA,Monarcha castaneiventris
7829,NA,NA,NA,NA,Monarcha megarhynchus
7830,NA,NA,NA,NA,Monarcha ugiensis
7831,NA,NA,NA,NA,Monarcha richardsii
7832,NA,NA,NA,NA,Monarcha frater
7833,NA,NA,NA,NA,Monarcha melanopsis
7834,NA,NA,NA,NA,Metabolus takatsukasae
7835,NA,NA,NA,NA,Metabolus godeffroyi
7836,NA,NA,NA,NA,Metabolus rugensis
7837,NA,NA,NA,NA,Trochocercus bivittatus
7838,NA,NA,NA,NA,Trochocercus cyanomelas
7839,NA,NA,NA,NA,Trochocercus nitens
7840,NA,NA,NA,NA,Hypothymis azurea
7841,"Pets/display animals, horticulture",NA,non-trivial,recent,Hypothymis puella
7842,NA,NA,NA,NA,Hypothymis helenae
7843,NA,NA,NA,NA,Hypothymis coelestis
7844,NA,NA,NA,NA,Terpsiphone unirufa
7845,NA,NA,NA,NA,Terpsiphone cinnamomea
7846,NA,NA,NA,NA,Terpsiphone cyanescens
7847,"Pets/display animals, horticulture",NA,non-trivial,recent,Terpsiphone atrocaudata
7848,NA,NA,NA,NA,Terpsiphone corvina
7849,"Pets/display animals, horticulture",international,non-trivial,recent,Terpsiphone bourbonnensis
7850,"Pets/display animals, horticulture",international,non-trivial,recent,Terpsiphone paradisi
7851,"Pets/display animals, horticulture",international,non-trivial,recent,Terpsiphone incei
7852,"Pets/display animals, horticulture",international,non-trivial,recent,Terpsiphone affinis
7853,"Pets/display animals, horticulture",international,non-trivial,recent,Terpsiphone floris
7854,NA,NA,NA,NA,Terpsiphone mutata
7855,NA,NA,NA,NA,Terpsiphone atrochalybeia
7856,NA,NA,NA,NA,Terpsiphone viridis
7857,NA,NA,NA,NA,Terpsiphone rufocinerea
7858,NA,NA,NA,NA,Terpsiphone batesi
7859,"Pets/display animals, horticulture",international,non-trivial,recent,Terpsiphone rufiventer
7860,Food - human,NA,non-trivial,recent,Terpsiphone bedfordi
7861,"Pets/display animals, horticulture",international,non-trivial,recent,Platylophus galericulatus
7862,NA,NA,NA,NA,Eurocephalus ruppelli
7863,NA,NA,NA,NA,Eurocephalus anguitimens
7864,NA,NA,NA,NA,Lanius tigrinus
7865,NA,NA,NA,NA,Lanius souzae
7866,"Pets/display animals, horticulture",international,non-trivial,recent,Lanius bucephalus
7867,NA,NA,NA,NA,Lanius cristatus
7868,Food - human,,non-trivial,recent,Lanius collurio
7869,"Pets/display animals, horticulture",international,non-trivial,recent,Lanius collurio
7870,Sport hunting/specimen collecting,,non-trivial,recent,Lanius collurio
7871,NA,NA,NA,NA,Lanius phoenicuroides
7872,NA,NA,NA,NA,Lanius isabellinus
7873,NA,NA,NA,NA,Lanius collurioides
7874,NA,NA,NA,NA,Lanius gubernator
7875,"Pets/display animals, horticulture",international,non-trivial,recent,Lanius vittatus
7876,NA,NA,NA,NA,Lanius schach
7877,NA,NA,NA,NA,Lanius tephronotus
7878,NA,NA,NA,NA,Lanius validirostris
7879,NA,NA,NA,NA,Lanius mackinnoni
7880,NA,NA,NA,NA,Lanius minor
7881,NA,NA,NA,NA,Lanius ludovicianus
7882,NA,NA,NA,NA,Lanius sphenocercus
7883,NA,NA,NA,NA,Lanius giganteus
7884,Food - human,,non-trivial,recent,Lanius borealis
7885,"Pets/display animals, horticulture",international,non-trivial,recent,Lanius borealis
7886,Food - human,,non-trivial,recent,Lanius excubitor
7887,"Pets/display animals, horticulture",international,non-trivial,recent,Lanius excubitor
7888,Food - human,,non-trivial,recent,Lanius meridionalis
7889,"Pets/display animals, horticulture",international,non-trivial,recent,Lanius meridionalis
7890,NA,NA,NA,NA,Lanius corvinus
7891,NA,NA,NA,NA,Lanius melanoleucus
7892,NA,NA,NA,NA,Lanius excubitoroides
7893,NA,NA,NA,NA,Lanius cabanisi
7894,NA,NA,NA,NA,Lanius dorsalis
7895,NA,NA,NA,NA,Lanius somalicus
7896,NA,NA,NA,NA,Lanius collaris
7897,NA,NA,NA,NA,Lanius newtoni
7898,Food - human,NA,non-trivial,recent,Lanius senator
7899,Sport hunting/specimen collecting,NA,non-trivial,recent,Lanius senator
7900,NA,NA,NA,NA,Lanius nubicus
7901,NA,NA,NA,NA,Platysmurus leucopterus
7902,NA,NA,NA,NA,Platysmurus aterrimus
7903,NA,NA,NA,NA,Temnurus temnurus
7904,"Pets/display animals, horticulture",NA,non-trivial,recent,Crypsirina temia
7905,NA,NA,NA,NA,Crypsirina cucullata
7906,Food - human,,non-trivial,recent,Dendrocitta vagabunda
7907,Medicine - human & veterinary,,non-trivial,recent,Dendrocitta vagabunda
7908,"Pets/display animals, horticulture",international,non-trivial,recent,Dendrocitta vagabunda
7909,NA,NA,NA,NA,Dendrocitta formosae
7910,NA,NA,NA,NA,Dendrocitta occipitalis
7911,"Pets/display animals, horticulture",international,non-trivial,recent,Dendrocitta cinerascens
7912,"Pets/display animals, horticulture",international,non-trivial,recent,Dendrocitta leucogastra
7913,NA,NA,NA,NA,Dendrocitta frontalis
7914,NA,NA,NA,NA,Dendrocitta bayleii
7915,NA,NA,NA,NA,Pyrrhocorax pyrrhocorax
7916,NA,NA,NA,NA,Pyrrhocorax graculus
7917,NA,NA,NA,NA,Urocissa ornata
7918,"Pets/display animals, horticulture",international,non-trivial,recent,Urocissa caerulea
7919,NA,NA,NA,NA,Urocissa flavirostris
7920,Food - human,,non-trivial,recent,Urocissa erythroryncha
7921,"Pets/display animals, horticulture",international,non-trivial,recent,Urocissa erythroryncha
7922,NA,NA,NA,NA,Urocissa xanthomelana
7923,"Pets/display animals, horticulture",international,non-trivial,recent,Urocissa whiteheadi
7924,Food - human,,non-trivial,recent,Cissa chinensis
7925,"Pets/display animals, horticulture",international,non-trivial,recent,Cissa chinensis
7926,NA,NA,NA,NA,Cissa hypoleuca
7927,"Pets/display animals, horticulture",NA,non-trivial,recent,Cissa thalassina
7928,"Pets/display animals, horticulture",NA,non-trivial,recent,Cissa jefferyi
7929,NA,NA,NA,NA,Perisoreus canadensis
7930,NA,NA,NA,NA,Perisoreus infaustus
7931,NA,NA,NA,NA,Perisoreus internigrans
7932,Food - human,,non-trivial,recent,Cyanopica cooki
7933,"Pets/display animals, horticulture",international,non-trivial,recent,Cyanopica cooki
7934,Food - human,,non-trivial,recent,Cyanopica cyanus
7935,"Pets/display animals, horticulture",international,non-trivial,recent,Cyanopica cyanus
7936,Food - human,,non-trivial,recent,Garrulus glandarius
7937,"Pets/display animals, horticulture",international,non-trivial,recent,Garrulus glandarius
7938,Sport hunting/specimen collecting,,non-trivial,recent,Garrulus glandarius
7939,Food - human,,non-trivial,recent,Garrulus bispecularis
7940,"Pets/display animals, horticulture",international,non-trivial,recent,Garrulus bispecularis
7941,Sport hunting/specimen collecting,,non-trivial,recent,Garrulus bispecularis
7942,Food - human,,non-trivial,recent,Garrulus leucotis
7943,"Pets/display animals, horticulture",international,non-trivial,recent,Garrulus leucotis
7944,Sport hunting/specimen collecting,,non-trivial,recent,Garrulus leucotis
7945,NA,NA,NA,NA,Garrulus lanceolatus
7946,NA,NA,NA,NA,Garrulus lidthi
7947,NA,NA,NA,NA,Zavattariornis stresemanni
7948,NA,NA,NA,NA,Ptilostomus afer
7949,NA,NA,NA,NA,Podoces hendersoni
7950,NA,NA,NA,NA,Podoces biddulphi
7951,NA,NA,NA,NA,Podoces panderi
7952,NA,NA,NA,NA,Podoces pleskei
7953,Food - human,NA,non-trivial,recent,Pica pica
7954,"Pets/display animals, horticulture",NA,non-trivial,recent,Pica pica
7955,Sport hunting/specimen collecting,NA,non-trivial,recent,Pica pica
7956,Food - human,NA,non-trivial,recent,Pica mauritanica
7957,"Pets/display animals, horticulture",NA,non-trivial,recent,Pica mauritanica
7958,Sport hunting/specimen collecting,NA,non-trivial,recent,Pica mauritanica
7959,Food - human,international,non-trivial,recent,Pica asirensis
7960,"Pets/display animals, horticulture",international,non-trivial,recent,Pica asirensis
7961,Sport hunting/specimen collecting,international,non-trivial,recent,Pica asirensis
7962,Food - human,NA,non-trivial,recent,Pica hudsonia
7963,"Pets/display animals, horticulture",NA,non-trivial,recent,Pica hudsonia
7964,Sport hunting/specimen collecting,NA,non-trivial,recent,Pica hudsonia
7965,"Pets/display animals, horticulture",international,non-trivial,recent,Pica nutalli
7966,"Pets/display animals, horticulture",international,non-trivial,recent,Pica nutalli
7967,NA,NA,NA,NA,Nucifraga columbiana
7968,NA,NA,NA,NA,Nucifraga caryocatactes
7969,"Pets/display animals, horticulture",international,non-trivial,recent,Nucifraga hemispila
7970,"Pets/display animals, horticulture",international,non-trivial,recent,Nucifraga multipunctata
7971,NA,NA,NA,NA,Corvus dauuricus
7972,"Pets/display animals, horticulture",international,non-trivial,recent,Corvus monedula
7973,Sport hunting/specimen collecting,,non-trivial,recent,Corvus monedula
7974,"Pets/display animals, horticulture",international,non-trivial,recent,Corvus nasicus
7975,NA,NA,NA,NA,Corvus jamaicensis
7976,NA,NA,NA,NA,Corvus leucognaphalus
7977,NA,NA,NA,NA,Corvus capensis
7978,NA,NA,NA,NA,Corvus ossifragus
7979,NA,NA,NA,NA,Corvus sinaloae
7980,NA,NA,NA,NA,Corvus imparatus
7981,Food - human,NA,non-trivial,recent,Corvus palmarum
7982,Food - human,,non-trivial,recent,Corvus frugilegus
7983,"Pets/display animals, horticulture",international,non-trivial,recent,Corvus frugilegus
7984,Sport hunting/specimen collecting,,non-trivial,recent,Corvus frugilegus
7985,NA,NA,NA,NA,Corvus crassirostris
7986,NA,NA,NA,NA,Corvus albicollis
7987,"Pets/display animals, horticulture",international,non-trivial,recent,Corvus corax
7988,NA,NA,NA,NA,Corvus cryptoleucus
7989,NA,NA,NA,NA,Corvus ruficollis
7990,NA,NA,NA,NA,Corvus edithae
7991,NA,NA,NA,NA,Corvus albus
7992,NA,NA,NA,NA,Corvus rhipidurus
7993,"Pets/display animals, horticulture",international,non-trivial,recent,Corvus brachyrhynchos
7994,NA,NA,NA,NA,Corvus caurinus
7995,"Pets/display animals, horticulture",international,non-trivial,recent,Corvus corone
7996,Sport hunting/specimen collecting,,non-trivial,recent,Corvus corone
7997,Food - human,,non-trivial,recent,Corvus pectoralis
7998,"Pets/display animals, horticulture",international,non-trivial,recent,Corvus pectoralis
7999,NA,NA,NA,NA,Corvus florensis
8000,"Pets/display animals, horticulture",international,non-trivial,recent,Corvus typicus
8001,NA,NA,NA,NA,Corvus unicolor
8002,"Pets/display animals, horticulture",international,non-trivial,recent,Corvus enca
8003,"Pets/display animals, horticulture",international,non-trivial,recent,Corvus violaceus
8004,NA,NA,NA,NA,Corvus validus
8005,NA,NA,NA,NA,Corvus moneduloides
8006,NA,NA,NA,NA,Corvus meeki
8007,NA,NA,NA,NA,Corvus woodfordi
8008,NA,NA,NA,NA,Corvus fuscicapillus
8009,NA,NA,NA,NA,Corvus tristis
8010,NA,NA,NA,NA,Corvus insularis
8011,NA,NA,NA,NA,Corvus orru
8012,NA,NA,NA,NA,Corvus bennetti
8013,NA,NA,NA,NA,Corvus mellori
8014,NA,NA,NA,NA,Corvus tasmanicus
8015,NA,NA,NA,NA,Corvus coronoides
8016,Medicine - human & veterinary,,non-trivial,recent,Corvus splendens
8017,"Pets/display animals, horticulture",international,non-trivial,recent,Corvus splendens
8018,Food - human,NA,non-trivial,recent,Corvus macrorhynchos
8019,"Pets/display animals, horticulture",NA,non-trivial,recent,Corvus macrorhynchos
8020,"Pets/display animals, horticulture",international,non-trivial,recent,Corvus kubaryi
8021,"Pets/display animals, horticulture",international,non-trivial,recent,Corvus kubaryi
8022,NA,NA,NA,NA,Cyanolyca mirabilis
8023,NA,NA,NA,NA,Cyanolyca nanus
8024,NA,NA,NA,NA,Cyanolyca pumilo
8025,NA,NA,NA,NA,Cyanolyca argentigula
8026,NA,NA,NA,NA,Cyanolyca pulchra
8027,NA,NA,NA,NA,Cyanolyca cucullata
8028,NA,NA,NA,NA,Cyanolyca quindiuna
8029,NA,NA,NA,NA,Cyanolyca armillata
8030,NA,NA,NA,NA,Cyanolyca turcosa
8031,NA,NA,NA,NA,Cyanolyca viridicyanus
8032,NA,NA,NA,NA,Gymnorhinus cyanocephalus
8033,NA,NA,NA,NA,Aphelocoma unicolor
8034,NA,NA,NA,NA,Aphelocoma wollweberi
8035,NA,NA,NA,NA,Aphelocoma ultramarina
8036,"Pets/display animals, horticulture",international,non-trivial,recent,Aphelocoma coerulescens
8037,NA,NA,NA,NA,Aphelocoma californica
8038,NA,NA,NA,NA,Cyanocitta cristata
8039,"Pets/display animals, horticulture",international,non-trivial,recent,Cyanocitta stelleri
8040,NA,NA,NA,NA,Cyanocorax violaceus
8041,"Pets/display animals, horticulture",international,non-trivial,recent,Cyanocorax cyanomelas
8042,"Pets/display animals, horticulture",NA,non-trivial,recent,Cyanocorax cristatellus
8043,"Pets/display animals, horticulture",international,non-trivial,recent,Cyanocorax coeruleus
8044,NA,NA,NA,NA,Cyanocorax morio
8045,"Pets/display animals, horticulture",international,non-trivial,recent,Cyanocorax colliei
8046,"Pets/display animals, horticulture",international,non-trivial,recent,Cyanocorax formosus
8047,"Pets/display animals, horticulture",international,non-trivial,recent,Cyanocorax yncas
8048,NA,NA,NA,NA,Cyanocorax mystacalis
8049,Sport hunting/specimen collecting,NA,non-trivial,recent,Cyanocorax dickeyi
8050,"Pets/display animals, horticulture",international,non-trivial,recent,Cyanocorax affinis
8051,NA,NA,NA,NA,Cyanocorax heilprini
8052,NA,NA,NA,NA,Cyanocorax hafferi
8053,NA,NA,NA,NA,Cyanocorax cyanopogon
8054,"Pets/display animals, horticulture",international,non-trivial,recent,Cyanocorax chrysops
8055,NA,NA,NA,NA,Cyanocorax cayanus
8056,"Pets/display animals, horticulture",international,non-trivial,recent,Cyanocorax melanocyaneus
8057,"Pets/display animals, horticulture",international,non-trivial,recent,Cyanocorax yucatanicus
8058,"Pets/display animals, horticulture",international,non-trivial,recent,Cyanocorax sanblasianus
8059,"Pets/display animals, horticulture",international,non-trivial,recent,Cyanocorax beecheii
8060,NA,NA,NA,NA,Melampitta lugubris
8061,NA,NA,NA,NA,Megalampitta gigantea
8062,NA,NA,NA,NA,Corcorax melanorhamphos
8063,NA,NA,NA,NA,Struthidea cinerea
8064,"Pets/display animals, horticulture",international,non-trivial,recent,Lycocorax pyrrhopterus
8065,"Pets/display animals, horticulture",international,non-trivial,recent,Lycocorax obiensis
8066,"Handicrafts, jewellery, etc.",,non-trivial,recent,Phonygammus keraudrenii
8067,"Pets/display animals, horticulture",international,non-trivial,recent,Phonygammus keraudrenii
8068,"Handicrafts, jewellery, etc.",,non-trivial,recent,Manucodia ater
8069,"Pets/display animals, horticulture",international,non-trivial,recent,Manucodia ater
8070,"Pets/display animals, horticulture",international,non-trivial,recent,Manucodia jobiensis
8071,"Handicrafts, jewellery, etc.",,non-trivial,recent,Manucodia chalybatus
8072,"Pets/display animals, horticulture",international,non-trivial,recent,Manucodia chalybatus
8073,Food - human,,non-trivial,recent,Manucodia comrii
8074,"Pets/display animals, horticulture",international,non-trivial,recent,Manucodia comrii
8075,NA,NA,NA,NA,Pteridophora alberti
8076,NA,NA,NA,NA,Parotia carolae
8077,"Pets/display animals, horticulture",international,non-trivial,recent,Parotia berlepschi
8078,NA,NA,NA,NA,Parotia sefilata
8079,"Pets/display animals, horticulture",international,non-trivial,recent,Parotia lawesii
8080,"Handicrafts, jewellery, etc.",,non-trivial,recent,Seleucidis melanoleucus
8081,"Pets/display animals, horticulture",international,non-trivial,recent,Seleucidis melanoleucus
8082,NA,NA,NA,NA,Drepanornis albertisi
8083,NA,NA,NA,NA,Drepanornis bruijnii
8084,"Pets/display animals, horticulture",international,non-trivial,recent,Semioptera wallacii
8085,"Pets/display animals, horticulture",international,non-trivial,recent,Lophorina paradisea
8086,NA,NA,NA,NA,Lophorina victoriae
8087,"Handicrafts, jewellery, etc.",,non-trivial,recent,Lophorina superba
8088,"Pets/display animals, horticulture",international,non-trivial,recent,Lophorina superba
8089,"Handicrafts, jewellery, etc.",,non-trivial,recent,Lophorina latipennis
8090,"Pets/display animals, horticulture",international,non-trivial,recent,Lophorina latipennis
8091,"Handicrafts, jewellery, etc.",,non-trivial,recent,Lophorina minor
8092,"Pets/display animals, horticulture",international,non-trivial,recent,Lophorina minor
8093,"Handicrafts, jewellery, etc.",,non-trivial,recent,Lophorina magnifica
8094,"Pets/display animals, horticulture",international,non-trivial,recent,Lophorina magnifica
8095,NA,NA,NA,NA,Lophorina intercedens
8096,Food - human,,non-trivial,recent,Epimachus fastosus
8097,"Handicrafts, jewellery, etc.",,non-trivial,recent,Epimachus fastosus
8098,"Pets/display animals, horticulture",international,non-trivial,recent,Epimachus fastosus
8099,NA,NA,NA,NA,Epimachus meyeri
8100,NA,NA,NA,NA,Paradigalla carunculata
8101,NA,NA,NA,NA,Paradigalla brevicauda
8102,NA,NA,NA,NA,Astrapia nigra
8103,NA,NA,NA,NA,Astrapia splendidissima
8104,NA,NA,NA,NA,Astrapia rothschildi
8105,"Handicrafts, jewellery, etc.",,non-trivial,recent,Astrapia stephaniae
8106,"Pets/display animals, horticulture",international,non-trivial,recent,Astrapia stephaniae
8107,"Handicrafts, jewellery, etc.",NA,non-trivial,recent,Astrapia mayeri
8108,"Handicrafts, jewellery, etc.",,non-trivial,recent,Cicinnurus regius
8109,"Pets/display animals, horticulture",international,non-trivial,recent,Cicinnurus regius
8110,"Handicrafts, jewellery, etc.",,non-trivial,recent,Cicinnurus magnificus
8111,"Pets/display animals, horticulture",international,non-trivial,recent,Cicinnurus magnificus
8112,"Handicrafts, jewellery, etc.",,non-trivial,recent,Cicinnurus respublica
8113,"Pets/display animals, horticulture",international,non-trivial,recent,Cicinnurus respublica
8114,Food - human,,non-trivial,recent,Paradisornis rudolphi
8115,"Handicrafts, jewellery, etc.",international,non-trivial,recent,Paradisornis rudolphi
8116,"Pets/display animals, horticulture",international,non-trivial,recent,Paradisornis rudolphi
8117,"Handicrafts, jewellery, etc.",NA,non-trivial,recent,Paradisaea guilielmi
8118,"Handicrafts, jewellery, etc.",,non-trivial,recent,Paradisaea rubra
8119,"Pets/display animals, horticulture",international,non-trivial,recent,Paradisaea rubra
8120,"Pets/display animals, horticulture",international,non-trivial,recent,Paradisaea decora
8121,"Handicrafts, jewellery, etc.",,non-trivial,recent,Paradisaea minor
8122,"Pets/display animals, horticulture",international,non-trivial,recent,Paradisaea minor
8123,NA,NA,NA,NA,Paradisaea apoda
8124,"Handicrafts, jewellery, etc.",,non-trivial,recent,Paradisaea raggiana
8125,"Pets/display animals, horticulture",international,non-trivial,recent,Paradisaea raggiana
8126,"Pets/display animals, horticulture",international,non-trivial,recent,Callaeas wilsoni
8127,"Pets/display animals, horticulture",international,non-trivial,recent,Philesturnus rufusater
8128,"Pets/display animals, horticulture",international,non-trivial,recent,Philesturnus carunculatus
8129,NA,NA,NA,NA,Notiomystis cincta
8130,NA,NA,NA,NA,Melanocharis arfakiana
8131,NA,NA,NA,NA,Melanocharis nigra
8132,NA,NA,NA,NA,Melanocharis citreola
8133,NA,NA,NA,NA,Melanocharis longicauda
8134,NA,NA,NA,NA,Melanocharis versteri
8135,NA,NA,NA,NA,Melanocharis striativentris
8136,NA,NA,NA,NA,Rhamphocharis crassirostris
8137,NA,NA,NA,NA,Rhamphocharis piperata
8138,NA,NA,NA,NA,Oedistoma iliolophus
8139,NA,NA,NA,NA,Oedistoma pygmaeum
8140,NA,NA,NA,NA,Toxorhamphus novaeguineae
8141,NA,NA,NA,NA,Toxorhamphus poliopterus
8142,"Pets/display animals, horticulture",international,non-trivial,recent,Cnemophilus loriae
8143,"Pets/display animals, horticulture",international,non-trivial,recent,Cnemophilus sanguineus
8144,"Pets/display animals, horticulture",international,non-trivial,recent,Cnemophilus macgregorii
8145,"Pets/display animals, horticulture",international,non-trivial,recent,Loboparadisea sericea
8146,Food - human,,non-trivial,recent,Picathartes gymnocephalus
8147,"Pets/display animals, horticulture",international,non-trivial,recent,Picathartes gymnocephalus
8148,"Pets/display animals, horticulture",international,non-trivial,recent,Picathartes oreas
8149,NA,NA,NA,NA,Eupetes macrocerus
8150,NA,NA,NA,NA,Chaetops frenatus
8151,NA,NA,NA,NA,Chaetops aurantius
8152,NA,NA,NA,NA,Amalocichla sclateriana
8153,NA,NA,NA,NA,Amalocichla incerta
8154,NA,NA,NA,NA,Pachycephalopsis hattamensis
8155,NA,NA,NA,NA,Pachycephalopsis poliosoma
8156,NA,NA,NA,NA,Eugerygone rubra
8157,NA,NA,NA,NA,Petroica bivittata
8158,NA,NA,NA,NA,Petroica archboldi
8159,NA,NA,NA,NA,Petroica rosea
8160,NA,NA,NA,NA,Petroica rodinogaster
8161,NA,NA,NA,NA,Petroica phoenicea
8162,NA,NA,NA,NA,Petroica boodang
8163,NA,NA,NA,NA,Petroica pusilla
8164,NA,NA,NA,NA,Petroica multicolor
8165,NA,NA,NA,NA,Petroica goodenovii
8166,NA,NA,NA,NA,Petroica macrocephala
8167,NA,NA,NA,NA,Petroica dannefaerdi
8168,NA,NA,NA,NA,Petroica traversi
8169,NA,NA,NA,NA,Petroica longipes
8170,NA,NA,NA,NA,Petroica australis
8171,NA,NA,NA,NA,Kempiella griseoceps
8172,NA,NA,NA,NA,Kempiella flavovirescens
8173,NA,NA,NA,NA,Devioeca papuana
8174,NA,NA,NA,NA,Cryptomicroeca flaviventris
8175,NA,NA,NA,NA,Monachella muelleriana
8176,NA,NA,NA,NA,Monachella coultasi
8177,NA,NA,NA,NA,Microeca tormenti
8178,NA,NA,NA,NA,Microeca flavigaster
8179,NA,NA,NA,NA,Microeca hemixantha
8180,NA,NA,NA,NA,Microeca fascinans
8181,NA,NA,NA,NA,Drymodes beccarii
8182,NA,NA,NA,NA,Drymodes superciliaris
8183,NA,NA,NA,NA,Drymodes brunneopygia
8184,NA,NA,NA,NA,Plesiodryas albonotata
8185,NA,NA,NA,NA,Poecilodryas brachyura
8186,NA,NA,NA,NA,Poecilodryas hypoleuca
8187,NA,NA,NA,NA,Poecilodryas superciliosa
8188,NA,NA,NA,NA,Poecilodryas cerviniventris
8189,NA,NA,NA,NA,Heteromyias albispecularis
8190,NA,NA,NA,NA,Heteromyias armiti
8191,NA,NA,NA,NA,Heteromyias cinereifrons
8192,NA,NA,NA,NA,Gennaeodryas placens
8193,NA,NA,NA,NA,Eopsaltria australis
8194,NA,NA,NA,NA,Eopsaltria griseogularis
8195,NA,NA,NA,NA,Quoyornis georgianus
8196,NA,NA,NA,NA,Tregellasia leucops
8197,NA,NA,NA,NA,Tregellasia capito
8198,"Pets/display animals, horticulture",international,non-trivial,recent,Melanodryas cucullata
8199,NA,NA,NA,NA,Melanodryas vittata
8200,NA,NA,NA,NA,Peneothello sigillata
8201,NA,NA,NA,NA,Peneothello cryptoleuca
8202,NA,NA,NA,NA,Peneothello cyanus
8203,NA,NA,NA,NA,Peneothello bimaculata
8204,NA,NA,NA,NA,Peneoenanthe pulverulenta
8205,NA,NA,NA,NA,Hyliota flavigaster
8206,NA,NA,NA,NA,Hyliota usambara
8207,NA,NA,NA,NA,Hyliota australis
8208,NA,NA,NA,NA,Hyliota violacea
8209,NA,NA,NA,NA,Stenostira scita
8210,NA,NA,NA,NA,Chelidorhynx hypoxanthus
8211,NA,NA,NA,NA,Culicicapa ceylonensis
8212,NA,NA,NA,NA,Culicicapa helianthea
8213,NA,NA,NA,NA,Elminia nigromitrata
8214,NA,NA,NA,NA,Elminia albonotata
8215,NA,NA,NA,NA,Elminia albiventris
8216,NA,NA,NA,NA,Elminia longicauda
8217,NA,NA,NA,NA,Elminia albicauda
8218,NA,NA,NA,NA,Cephalopyrus flammiceps
8219,NA,NA,NA,NA,Sylviparus modestus
8220,NA,NA,NA,NA,Melanochlora sultanea
8221,NA,NA,NA,NA,Pardaliparus venustulus
8222,NA,NA,NA,NA,Pardaliparus elegans
8223,NA,NA,NA,NA,Pardaliparus amabilis
8224,NA,NA,NA,NA,Periparus ater
8225,NA,NA,NA,NA,Periparus rufonuchalis
8226,NA,NA,NA,NA,Periparus rubidiventris
8227,NA,NA,NA,NA,Baeolophus wollweberi
8228,NA,NA,NA,NA,Baeolophus bicolor
8229,NA,NA,NA,NA,Baeolophus atricristatus
8230,NA,NA,NA,NA,Baeolophus ridgwayi
8231,NA,NA,NA,NA,Baeolophus inornatus
8232,NA,NA,NA,NA,Lophophanes dichrous
8233,NA,NA,NA,NA,Lophophanes cristatus
8234,NA,NA,NA,NA,Sittiparus semilarvatus
8235,"Pets/display animals, horticulture",international,non-trivial,recent,Sittiparus varius
8236,"Pets/display animals, horticulture",international,non-trivial,recent,Sittiparus owstoni
8237,"Pets/display animals, horticulture",international,non-trivial,recent,Sittiparus olivaceus
8238,"Pets/display animals, horticulture",international,non-trivial,recent,Sittiparus castaneoventris
8239,NA,NA,NA,NA,Poecile superciliosus
8240,NA,NA,NA,NA,Poecile lugubris
8241,NA,NA,NA,NA,Poecile hyrcanus
8242,NA,NA,NA,NA,Poecile davidi
8243,NA,NA,NA,NA,Poecile palustris
8244,NA,NA,NA,NA,Poecile hypermelaenus
8245,"Pets/display animals, horticulture",NA,non-trivial,recent,Poecile montanus
8246,NA,NA,NA,NA,Poecile weigoldicus
8247,NA,NA,NA,NA,Poecile carolinensis
8248,"Pets/display animals, horticulture",international,non-trivial,recent,Poecile atricapillus
8249,NA,NA,NA,NA,Poecile gambeli
8250,NA,NA,NA,NA,Poecile sclateri
8251,NA,NA,NA,NA,Poecile cinctus
8252,NA,NA,NA,NA,Poecile hudsonicus
8253,NA,NA,NA,NA,Poecile rufescens
8254,"Pets/display animals, horticulture",international,non-trivial,recent,Cyanistes caeruleus
8255,"Pets/display animals, horticulture",international,non-trivial,recent,Cyanistes teneriffae
8256,NA,NA,NA,NA,Cyanistes cyanus
8257,NA,NA,NA,NA,Pseudopodoces humilis
8258,NA,NA,NA,NA,Parus monticolus
8259,NA,NA,NA,NA,Parus major
8260,NA,NA,NA,NA,Machlolophus nuchalis
8261,NA,NA,NA,NA,Machlolophus holsti
8262,"Pets/display animals, horticulture",international,non-trivial,recent,Machlolophus xanthogenys
8263,NA,NA,NA,NA,Machlolophus spilonotus
8264,NA,NA,NA,NA,Melaniparus rufiventris
8265,NA,NA,NA,NA,Melaniparus pallidiventris
8266,NA,NA,NA,NA,Melaniparus albiventris
8267,NA,NA,NA,NA,Melaniparus carpi
8268,NA,NA,NA,NA,Melaniparus niger
8269,"Pets/display animals, horticulture",international,non-trivial,recent,Melaniparus leucomelas
8270,"Pets/display animals, horticulture",international,non-trivial,recent,Melaniparus guineensis
8271,NA,NA,NA,NA,Melaniparus funereus
8272,NA,NA,NA,NA,Melaniparus griseiventris
8273,NA,NA,NA,NA,Melaniparus fasciiventer
8274,NA,NA,NA,NA,Melaniparus thruppi
8275,NA,NA,NA,NA,Melaniparus fringillinus
8276,NA,NA,NA,NA,Melaniparus leuconotus
8277,NA,NA,NA,NA,Melaniparus afer
8278,NA,NA,NA,NA,Melaniparus cinerascens
8279,NA,NA,NA,NA,Remiz pendulinus
8280,NA,NA,NA,NA,Remiz coronatus
8281,NA,NA,NA,NA,Remiz consobrinus
8282,NA,NA,NA,NA,Anthoscopus punctifrons
8283,NA,NA,NA,NA,Anthoscopus parvulus
8284,NA,NA,NA,NA,Anthoscopus musculus
8285,NA,NA,NA,NA,Anthoscopus flavifrons
8286,NA,NA,NA,NA,Anthoscopus caroli
8287,NA,NA,NA,NA,Anthoscopus sylviella
8288,NA,NA,NA,NA,Anthoscopus minutus
8289,NA,NA,NA,NA,Auriparus flaviceps
8290,NA,NA,NA,NA,Alaemon alaudipes
8291,NA,NA,NA,NA,Alaemon hamertoni
8292,NA,NA,NA,NA,Chersomanes albofasciata
8293,NA,NA,NA,NA,Ammomanopsis grayi
8294,NA,NA,NA,NA,Certhilauda chuana
8295,NA,NA,NA,NA,Certhilauda subcoronata
8296,NA,NA,NA,NA,Certhilauda curvirostris
8297,NA,NA,NA,NA,Certhilauda semitorquata
8298,NA,NA,NA,NA,Pinarocorys nigricans
8299,NA,NA,NA,NA,Pinarocorys erythropygia
8300,"Pets/display animals, horticulture",international,non-trivial,recent,Ramphocoris clotbey
8301,Sport hunting/specimen collecting,,non-trivial,recent,Ramphocoris clotbey
8302,NA,NA,NA,NA,Ammomanes cinctura
8303,NA,NA,NA,NA,Ammomanes phoenicura
8304,"Pets/display animals, horticulture",international,non-trivial,recent,Ammomanes deserti
8305,Sport hunting/specimen collecting,,non-trivial,recent,Ammomanes deserti
8306,NA,NA,NA,NA,Eremopterix australis
8307,"Pets/display animals, horticulture",international,non-trivial,recent,Eremopterix leucotis
8308,NA,NA,NA,NA,Eremopterix nigriceps
8309,NA,NA,NA,NA,Eremopterix griseus
8310,NA,NA,NA,NA,Eremopterix signatus
8311,NA,NA,NA,NA,Eremopterix leucopareia
8312,NA,NA,NA,NA,Eremopterix verticalis
8313,NA,NA,NA,NA,Eremopterix hova
8314,NA,NA,NA,NA,Calendulauda sabota
8315,NA,NA,NA,NA,Calendulauda poecilosterna
8316,NA,NA,NA,NA,Calendulauda africanoides
8317,NA,NA,NA,NA,Calendulauda albescens
8318,NA,NA,NA,NA,Calendulauda burra
8319,NA,NA,NA,NA,Calendulauda erythrochlamys
8320,NA,NA,NA,NA,Calendulauda rufa
8321,NA,NA,NA,NA,Calendulauda gilletti
8322,NA,NA,NA,NA,Heteromirafra ruddi
8323,NA,NA,NA,NA,Heteromirafra archeri
8324,NA,NA,NA,NA,Mirafra apiata
8325,NA,NA,NA,NA,Mirafra fasciolata
8326,NA,NA,NA,NA,Mirafra collaris
8327,NA,NA,NA,NA,Mirafra africana
8328,NA,NA,NA,NA,Mirafra sharpii
8329,NA,NA,NA,NA,Mirafra hypermetra
8330,NA,NA,NA,NA,Mirafra somalica
8331,NA,NA,NA,NA,Mirafra angolensis
8332,NA,NA,NA,NA,Mirafra rufocinnamomea
8333,NA,NA,NA,NA,Mirafra williamsi
8334,NA,NA,NA,NA,Mirafra pulpa
8335,NA,NA,NA,NA,Mirafra cordofanica
8336,NA,NA,NA,NA,Mirafra passerina
8337,NA,NA,NA,NA,Mirafra albicauda
8338,NA,NA,NA,NA,Mirafra cheniana
8339,"Pets/display animals, horticulture",international,non-trivial,recent,Mirafra javanica
8340,NA,NA,NA,NA,Mirafra microptera
8341,NA,NA,NA,NA,Mirafra assamica
8342,NA,NA,NA,NA,Mirafra erythrocephala
8343,Food - human,NA,non-trivial,recent,Mirafra erythroptera
8344,"Pets/display animals, horticulture",NA,non-trivial,recent,Mirafra erythroptera
8345,NA,NA,NA,NA,Mirafra affinis
8346,"Pets/display animals, horticulture",international,non-trivial,recent,Chersophilus duponti
8347,NA,NA,NA,NA,Eremalauda dunni
8348,NA,NA,NA,NA,Eremalauda eremodites
8349,NA,NA,NA,NA,Alaudala somalica
8350,NA,NA,NA,NA,Alaudala rufescens
8351,NA,NA,NA,NA,Alaudala heinei
8352,NA,NA,NA,NA,Alaudala cheleensis
8353,NA,NA,NA,NA,Alaudala raytal
8354,Food - human,NA,non-trivial,recent,Melanocorypha bimaculata
8355,"Pets/display animals, horticulture",NA,non-trivial,recent,Melanocorypha bimaculata
8356,NA,NA,NA,NA,Melanocorypha calandra
8357,NA,NA,NA,NA,Melanocorypha yeltoniensis
8358,Food - human,NA,non-trivial,recent,Melanocorypha maxima
8359,"Pets/display animals, horticulture",NA,non-trivial,recent,Melanocorypha maxima
8360,NA,NA,NA,NA,Melanocorypha mongolica
8361,NA,NA,NA,NA,Calandrella acutirostris
8362,Food - human,NA,non-trivial,recent,Calandrella cinerea
8363,"Pets/display animals, horticulture",NA,non-trivial,recent,Calandrella cinerea
8364,Food - human,NA,non-trivial,recent,Calandrella blanfordi
8365,"Pets/display animals, horticulture",NA,non-trivial,recent,Calandrella blanfordi
8366,Food - human,NA,non-trivial,recent,Calandrella eremica
8367,"Pets/display animals, horticulture",NA,non-trivial,recent,Calandrella eremica
8368,Food - human,,non-trivial,recent,Calandrella brachydactyla
8369,"Pets/display animals, horticulture",international,non-trivial,recent,Calandrella brachydactyla
8370,Sport hunting/specimen collecting,,non-trivial,recent,Calandrella brachydactyla
8371,"Pets/display animals, horticulture",international,non-trivial,recent,Calandrella dukhunensis
8372,NA,NA,NA,NA,Eremophila bilopha
8373,Food - human,NA,non-trivial,recent,Eremophila alpestris
8374,"Pets/display animals, horticulture",NA,non-trivial,recent,Eremophila alpestris
8375,"Pets/display animals, horticulture",international,non-trivial,recent,Lullula arborea
8376,Sport hunting/specimen collecting,,non-trivial,recent,Lullula arborea
8377,NA,NA,NA,NA,Spizocorys sclateri
8378,NA,NA,NA,NA,Spizocorys starki
8379,NA,NA,NA,NA,Spizocorys fremantlii
8380,NA,NA,NA,NA,Spizocorys personata
8381,NA,NA,NA,NA,Spizocorys fringillaris
8382,NA,NA,NA,NA,Spizocorys conirostris
8383,NA,NA,NA,NA,Spizocorys obbiensis
8384,"Pets/display animals, horticulture",NA,non-trivial,recent,Alauda leucoptera
8385,NA,NA,NA,NA,Alauda razae
8386,Food - human,,non-trivial,recent,Alauda arvensis
8387,"Pets/display animals, horticulture",international,non-trivial,recent,Alauda arvensis
8388,Sport hunting/specimen collecting,,non-trivial,recent,Alauda arvensis
8389,NA,NA,NA,NA,Alauda gulgula
8390,NA,NA,NA,NA,Galerida modesta
8391,NA,NA,NA,NA,Galerida magnirostris
8392,NA,NA,NA,NA,Galerida theklae
8393,Food - human,NA,non-trivial,recent,Galerida cristata
8394,"Pets/display animals, horticulture",NA,non-trivial,recent,Galerida cristata
8395,Sport hunting/specimen collecting,NA,non-trivial,recent,Galerida cristata
8396,NA,NA,NA,NA,Galerida malabarica
8397,NA,NA,NA,NA,Galerida deva
8398,Food - human,NA,non-trivial,recent,Panurus biarmicus
8399,"Pets/display animals, horticulture",NA,non-trivial,recent,Panurus biarmicus
8400,"Pets/display animals, horticulture",international,non-trivial,recent,Nicator chloris
8401,NA,NA,NA,NA,Nicator gularis
8402,NA,NA,NA,NA,Nicator vireo
8403,NA,NA,NA,NA,Sylvietta brachyura
8404,NA,NA,NA,NA,Sylvietta leucopsis
8405,NA,NA,NA,NA,Sylvietta whytii
8406,NA,NA,NA,NA,Sylvietta philippae
8407,NA,NA,NA,NA,Sylvietta rufescens
8408,NA,NA,NA,NA,Sylvietta isabellina
8409,NA,NA,NA,NA,Sylvietta ruficapilla
8410,NA,NA,NA,NA,Sylvietta virens
8411,NA,NA,NA,NA,Sylvietta denti
8412,NA,NA,NA,NA,Sylvietta chapini
8413,NA,NA,NA,NA,Sylvietta leucophrys
8414,NA,NA,NA,NA,Cryptillas victorini
8415,NA,NA,NA,NA,Achaetops pycnopygius
8416,NA,NA,NA,NA,Sphenoeacus afer
8417,NA,NA,NA,NA,Melocichla mentalis
8418,NA,NA,NA,NA,Macrosphenus flavicans
8419,NA,NA,NA,NA,Macrosphenus kempi
8420,NA,NA,NA,NA,Macrosphenus concolor
8421,NA,NA,NA,NA,Macrosphenus pulitzeri
8422,NA,NA,NA,NA,Macrosphenus kretschmeri
8423,NA,NA,NA,NA,Graueria vittata
8424,NA,NA,NA,NA,Neomixis viridis
8425,NA,NA,NA,NA,Neomixis tenella
8426,NA,NA,NA,NA,Neomixis striatigula
8427,NA,NA,NA,NA,Neomixis pallidior
8428,NA,NA,NA,NA,Eremomela icteropygialis
8429,NA,NA,NA,NA,Eremomela flavicrissalis
8430,NA,NA,NA,NA,Eremomela pusilla
8431,NA,NA,NA,NA,Eremomela canescens
8432,NA,NA,NA,NA,Eremomela scotops
8433,NA,NA,NA,NA,Eremomela gregalis
8434,NA,NA,NA,NA,Eremomela usticollis
8435,NA,NA,NA,NA,Eremomela badiceps
8436,NA,NA,NA,NA,Eremomela turneri
8437,NA,NA,NA,NA,Eremomela atricollis
8438,NA,NA,NA,NA,Drymocichla incana
8439,NA,NA,NA,NA,Schistolais leucopogon
8440,NA,NA,NA,NA,Schistolais leontica
8441,NA,NA,NA,NA,Urolais epichlorus
8442,NA,NA,NA,NA,Artisornis moreaui
8443,NA,NA,NA,NA,Artisornis sousae
8444,NA,NA,NA,NA,Artisornis metopias
8445,NA,NA,NA,NA,Oreolais pulcher
8446,NA,NA,NA,NA,Oreolais ruwenzorii
8447,NA,NA,NA,NA,Oreophilais robertsi
8448,NA,NA,NA,NA,Phragmacia substriata
8449,NA,NA,NA,NA,Apalis fuscigularis
8450,"Pets/display animals, horticulture",international,non-trivial,recent,Apalis flavigularis
8451,NA,NA,NA,NA,Apalis lynesi
8452,NA,NA,NA,NA,Apalis thoracica
8453,NA,NA,NA,NA,Apalis ruddi
8454,NA,NA,NA,NA,Apalis flavida
8455,NA,NA,NA,NA,Apalis flavocincta
8456,NA,NA,NA,NA,Apalis binotata
8457,NA,NA,NA,NA,Apalis personata
8458,NA,NA,NA,NA,Apalis jacksoni
8459,NA,NA,NA,NA,Apalis chariessa
8460,NA,NA,NA,NA,Apalis nigriceps
8461,NA,NA,NA,NA,Apalis melanocephala
8462,NA,NA,NA,NA,Apalis chirindensis
8463,NA,NA,NA,NA,Apalis porphyrolaema
8464,NA,NA,NA,NA,Apalis kaboboensis
8465,NA,NA,NA,NA,Apalis chapini
8466,NA,NA,NA,NA,Apalis sharpii
8467,NA,NA,NA,NA,Apalis rufogularis
8468,NA,NA,NA,NA,Apalis argentea
8469,NA,NA,NA,NA,Apalis karamojae
8470,NA,NA,NA,NA,Apalis bamendae
8471,NA,NA,NA,NA,Apalis goslingi
8472,NA,NA,NA,NA,Apalis cinerea
8473,NA,NA,NA,NA,Apalis alticola
8474,NA,NA,NA,NA,Phyllolais pulchella
8475,NA,NA,NA,NA,Spiloptila clamans
8476,NA,NA,NA,NA,Poliolais lopezi
8477,NA,NA,NA,NA,Calamonastes simplex
8478,NA,NA,NA,NA,Calamonastes undosus
8479,NA,NA,NA,NA,Calamonastes stierlingi
8480,NA,NA,NA,NA,Calamonastes fasciolatus
8481,NA,NA,NA,NA,Camaroptera harterti
8482,NA,NA,NA,NA,Camaroptera brachyura
8483,NA,NA,NA,NA,Camaroptera superciliaris
8484,NA,NA,NA,NA,Camaroptera chloronota
8485,NA,NA,NA,NA,Camaroptera toroensis
8486,NA,NA,NA,NA,Micromacronus leytensis
8487,NA,NA,NA,NA,Micromacronus sordidus
8488,NA,NA,NA,NA,Scepomycter winifredae
8489,NA,NA,NA,NA,Euryptila subcinnamomea
8490,NA,NA,NA,NA,Incana incana
8491,NA,NA,NA,NA,Malcorus pectoralis
8492,NA,NA,NA,NA,Hypergerus atriceps
8493,"Pets/display animals, horticulture",international,non-trivial,recent,Eminia lepida
8494,NA,NA,NA,NA,Cisticola erythrops
8495,NA,NA,NA,NA,Cisticola cantans
8496,NA,NA,NA,NA,Cisticola lateralis
8497,NA,NA,NA,NA,Cisticola woosnami
8498,NA,NA,NA,NA,Cisticola anonymus
8499,NA,NA,NA,NA,Cisticola bulliens
8500,NA,NA,NA,NA,Cisticola chubbi
8501,NA,NA,NA,NA,Cisticola hunteri
8502,NA,NA,NA,NA,Cisticola bakerorum
8503,NA,NA,NA,NA,Cisticola nigriloris
8504,NA,NA,NA,NA,Cisticola aberrans
8505,NA,NA,NA,NA,Cisticola bailunduensis
8506,NA,NA,NA,NA,Cisticola chiniana
8507,NA,NA,NA,NA,Cisticola bodessa
8508,NA,NA,NA,NA,Cisticola njombe
8509,NA,NA,NA,NA,Cisticola cinereolus
8510,NA,NA,NA,NA,Cisticola restrictus
8511,NA,NA,NA,NA,Cisticola rufilatus
8512,NA,NA,NA,NA,Cisticola subruficapilla
8513,NA,NA,NA,NA,Cisticola lais
8514,NA,NA,NA,NA,Cisticola marginatus
8515,NA,NA,NA,NA,Cisticola lugubris
8516,NA,NA,NA,NA,Cisticola anderseni
8517,NA,NA,NA,NA,Cisticola haematocephalus
8518,NA,NA,NA,NA,Cisticola luapula
8519,NA,NA,NA,NA,Cisticola galactotes
8520,NA,NA,NA,NA,Cisticola pipiens
8521,NA,NA,NA,NA,Cisticola carruthersi
8522,NA,NA,NA,NA,Cisticola tinniens
8523,NA,NA,NA,NA,Cisticola robustus
8524,NA,NA,NA,NA,Cisticola aberdare
8525,NA,NA,NA,NA,Cisticola natalensis
8526,NA,NA,NA,NA,Cisticola ruficeps
8527,NA,NA,NA,NA,Cisticola guinea
8528,NA,NA,NA,NA,Cisticola nana
8529,NA,NA,NA,NA,Cisticola brachypterus
8530,NA,NA,NA,NA,Cisticola rufus
8531,NA,NA,NA,NA,Cisticola troglodytes
8532,NA,NA,NA,NA,Cisticola fulvicapilla
8533,NA,NA,NA,NA,Cisticola angusticauda
8534,NA,NA,NA,NA,Cisticola melanurus
8535,Food - human,,non-trivial,recent,Cisticola juncidis
8536,"Pets/display animals, horticulture",international,non-trivial,recent,Cisticola juncidis
8537,NA,NA,NA,NA,Cisticola haesitatus
8538,NA,NA,NA,NA,Cisticola cherina
8539,NA,NA,NA,NA,Cisticola aridulus
8540,NA,NA,NA,NA,Cisticola textrix
8541,NA,NA,NA,NA,Cisticola eximius
8542,NA,NA,NA,NA,Cisticola dambo
8543,NA,NA,NA,NA,Cisticola brunnescens
8544,NA,NA,NA,NA,Cisticola cinnamomeus
8545,NA,NA,NA,NA,Cisticola ayresii
8546,NA,NA,NA,NA,Cisticola exilis
8547,NA,NA,NA,NA,Bathmocercus cerviniventris
8548,NA,NA,NA,NA,Bathmocercus rufus
8549,NA,NA,NA,NA,Prinia crinigera
8550,NA,NA,NA,NA,Prinia polychroa
8551,"Pets/display animals, horticulture",NA,non-trivial,recent,Prinia atrogularis
8552,"Pets/display animals, horticulture",NA,non-trivial,recent,Prinia khasiana
8553,NA,NA,NA,NA,Prinia superciliaris
8554,NA,NA,NA,NA,Prinia cinereocapilla
8555,NA,NA,NA,NA,Prinia buchanani
8556,NA,NA,NA,NA,Prinia rufescens
8557,NA,NA,NA,NA,Prinia hodgsonii
8558,NA,NA,NA,NA,Prinia gracilis
8559,NA,NA,NA,NA,Prinia sylvatica
8560,"Pets/display animals, horticulture",NA,non-trivial,recent,Prinia familiaris
8561,NA,NA,NA,NA,Prinia flaviventris
8562,NA,NA,NA,NA,Prinia sonitans
8563,NA,NA,NA,NA,Prinia socialis
8564,NA,NA,NA,NA,Prinia inornata
8565,NA,NA,NA,NA,Prinia subflava
8566,NA,NA,NA,NA,Prinia somalica
8567,NA,NA,NA,NA,Prinia fluviatilis
8568,NA,NA,NA,NA,Prinia flavicans
8569,NA,NA,NA,NA,Prinia maculosa
8570,NA,NA,NA,NA,Prinia hypoxantha
8571,NA,NA,NA,NA,Prinia molleri
8572,NA,NA,NA,NA,Prinia bairdii
8573,NA,NA,NA,NA,Prinia erythroptera
8574,NA,NA,NA,NA,Prinia rufifrons
8575,NA,NA,NA,NA,Orthotomus sutorius
8576,NA,NA,NA,NA,Orthotomus frontalis
8577,NA,NA,NA,NA,Orthotomus sericeus
8578,NA,NA,NA,NA,Orthotomus atrogularis
8579,NA,NA,NA,NA,Orthotomus ruficeps
8580,NA,NA,NA,NA,Orthotomus chaktomuk
8581,"Pets/display animals, horticulture",international,non-trivial,recent,Orthotomus sepium
8582,NA,NA,NA,NA,Orthotomus chloronotus
8583,NA,NA,NA,NA,Orthotomus castaneiceps
8584,NA,NA,NA,NA,Orthotomus samarensis
8585,NA,NA,NA,NA,Orthotomus nigriceps
8586,NA,NA,NA,NA,Orthotomus cinereiceps
8587,NA,NA,NA,NA,Orthotomus derbianus
8588,NA,NA,NA,NA,Nesillas typica
8589,NA,NA,NA,NA,Nesillas lantzii
8590,NA,NA,NA,NA,Nesillas brevicaudata
8591,NA,NA,NA,NA,Nesillas mariae
8592,NA,NA,NA,NA,Calamonastides gracilirostris
8593,NA,NA,NA,NA,Calamonastides bensoni
8594,NA,NA,NA,NA,Arundinax aedon
8595,NA,NA,NA,NA,Iduna caligata
8596,NA,NA,NA,NA,Iduna rama
8597,NA,NA,NA,NA,Iduna pallida
8598,NA,NA,NA,NA,Iduna opaca
8599,NA,NA,NA,NA,Iduna natalensis
8600,NA,NA,NA,NA,Iduna similis
8601,NA,NA,NA,NA,Hippolais languida
8602,NA,NA,NA,NA,Hippolais olivetorum
8603,NA,NA,NA,NA,Hippolais polyglotta
8604,Sport hunting/specimen collecting,NA,non-trivial,recent,Hippolais icterina
8605,"Pets/display animals, horticulture",NA,non-trivial,recent,Acrocephalus bistrigiceps
8606,NA,NA,NA,NA,Acrocephalus sorghophilus
8607,"Pets/display animals, horticulture",international,non-trivial,recent,Acrocephalus paludicola
8608,"Pets/display animals, horticulture",international,non-trivial,recent,Acrocephalus melanopogon
8609,NA,NA,NA,NA,Acrocephalus schoenobaenus
8610,Food - human,NA,non-trivial,recent,Acrocephalus orinus
8611,"Pets/display animals, horticulture",international,non-trivial,recent,Acrocephalus dumetorum
8612,NA,NA,NA,NA,Acrocephalus palustris
8613,NA,NA,NA,NA,Acrocephalus scirpaceus
8614,NA,NA,NA,NA,Acrocephalus agricola
8615,NA,NA,NA,NA,Acrocephalus concinens
8616,NA,NA,NA,NA,Acrocephalus tangorum
8617,NA,NA,NA,NA,Acrocephalus griseldis
8618,NA,NA,NA,NA,Acrocephalus gracilirostris
8619,"Pets/display animals, horticulture",international,non-trivial,recent,Acrocephalus rufescens
8620,"Pets/display animals, horticulture",international,non-trivial,recent,Acrocephalus brevipennis
8621,NA,NA,NA,NA,Acrocephalus newtoni
8622,NA,NA,NA,NA,Acrocephalus sechellensis
8623,NA,NA,NA,NA,Acrocephalus rodericanus
8624,"Pets/display animals, horticulture",NA,non-trivial,recent,Acrocephalus arundinaceus
8625,Sport hunting/specimen collecting,NA,non-trivial,recent,Acrocephalus arundinaceus
8626,NA,NA,NA,NA,Acrocephalus orientalis
8627,NA,NA,NA,NA,Acrocephalus stentoreus
8628,NA,NA,NA,NA,Acrocephalus australis
8629,"Pets/display animals, horticulture",international,non-trivial,recent,Acrocephalus hiwae
8630,NA,NA,NA,NA,Acrocephalus syrinx
8631,"Pets/display animals, horticulture",international,non-trivial,recent,Acrocephalus aequinoctialis
8632,"Pets/display animals, horticulture",international,non-trivial,recent,Acrocephalus mendanae
8633,NA,NA,NA,NA,Acrocephalus rehsei
8634,NA,NA,NA,NA,Acrocephalus familiaris
8635,NA,NA,NA,NA,Acrocephalus vaughani
8636,NA,NA,NA,NA,Acrocephalus taiti
8637,NA,NA,NA,NA,Acrocephalus kerearako
8638,NA,NA,NA,NA,Acrocephalus rimitarae
8639,NA,NA,NA,NA,Acrocephalus caffer
8640,NA,NA,NA,NA,Acrocephalus longirostris
8641,"Pets/display animals, horticulture",international,non-trivial,recent,Acrocephalus percernis
8642,NA,NA,NA,NA,Acrocephalus atyphus
8643,NA,NA,NA,NA,Pnoepyga immaculata
8644,NA,NA,NA,NA,Pnoepyga pusilla
8645,"Pets/display animals, horticulture",international,non-trivial,recent,Pnoepyga albiventer
8646,NA,NA,NA,NA,Pnoepyga formosana
8647,NA,NA,NA,NA,Robsonius rabori
8648,NA,NA,NA,NA,Robsonius thompsoni
8649,NA,NA,NA,NA,Robsonius sorsogonensis
8650,NA,NA,NA,NA,Helopsaltes fasciolatus
8651,NA,NA,NA,NA,Helopsaltes amnicola
8652,NA,NA,NA,NA,Helopsaltes pryeri
8653,NA,NA,NA,NA,Helopsaltes certhiola
8654,NA,NA,NA,NA,Helopsaltes ochotensis
8655,NA,NA,NA,NA,Helopsaltes pleskei
8656,NA,NA,NA,NA,Locustella lanceolata
8657,NA,NA,NA,NA,Locustella luscinioides
8658,NA,NA,NA,NA,Locustella fluviatilis
8659,NA,NA,NA,NA,Locustella luteoventris
8660,NA,NA,NA,NA,Locustella tacsanowskia
8661,NA,NA,NA,NA,Locustella major
8662,NA,NA,NA,NA,Locustella naevia
8663,NA,NA,NA,NA,Locustella caudata
8664,NA,NA,NA,NA,Locustella accentor
8665,NA,NA,NA,NA,Locustella portenta
8666,NA,NA,NA,NA,Locustella castanea
8667,NA,NA,NA,NA,Locustella disturbans
8668,NA,NA,NA,NA,Locustella musculus
8669,NA,NA,NA,NA,Locustella davidi
8670,NA,NA,NA,NA,Locustella kashmirensis
8671,NA,NA,NA,NA,Locustella thoracica
8672,NA,NA,NA,NA,Locustella alishanensis
8673,NA,NA,NA,NA,Locustella montis
8674,NA,NA,NA,NA,Locustella mandelli
8675,NA,NA,NA,NA,Locustella chengi
8676,NA,NA,NA,NA,Locustella seebohmi
8677,NA,NA,NA,NA,Locustella alfredi
8678,NA,NA,NA,NA,Poodytes albolimbatus
8679,NA,NA,NA,NA,Poodytes carteri
8680,NA,NA,NA,NA,Poodytes gramineus
8681,NA,NA,NA,NA,Poodytes punctatus
8682,NA,NA,NA,NA,Poodytes caudatus
8683,NA,NA,NA,NA,Malia grata
8684,NA,NA,NA,NA,Cincloramphus cruralis
8685,NA,NA,NA,NA,Cincloramphus mathewsi
8686,NA,NA,NA,NA,Cincloramphus bivittatus
8687,NA,NA,NA,NA,Cincloramphus timoriensis
8688,NA,NA,NA,NA,Cincloramphus macrurus
8689,NA,NA,NA,NA,Cincloramphus mariae
8690,NA,NA,NA,NA,Cincloramphus grosvenori
8691,NA,NA,NA,NA,Cincloramphus llaneae
8692,NA,NA,NA,NA,Cincloramphus turipavae
8693,NA,NA,NA,NA,Cincloramphus whitneyi
8694,NA,NA,NA,NA,Cincloramphus rubiginosus
8695,NA,NA,NA,NA,Cincloramphus rufus
8696,NA,NA,NA,NA,Megalurus palustris
8697,NA,NA,NA,NA,Schoenicola platyurus
8698,NA,NA,NA,NA,Schoenicola striatus
8699,NA,NA,NA,NA,Catriscus brevirostris
8700,NA,NA,NA,NA,Bradypterus brunneus
8701,NA,NA,NA,NA,Bradypterus seebohmi
8702,NA,NA,NA,NA,Bradypterus sylvaticus
8703,NA,NA,NA,NA,Bradypterus graueri
8704,NA,NA,NA,NA,Bradypterus grandis
8705,NA,NA,NA,NA,Bradypterus centralis
8706,NA,NA,NA,NA,Bradypterus baboecala
8707,NA,NA,NA,NA,Bradypterus carpalis
8708,NA,NA,NA,NA,Bradypterus barratti
8709,NA,NA,NA,NA,Bradypterus bangwaensis
8710,NA,NA,NA,NA,Bradypterus lopezi
8711,NA,NA,NA,NA,Bradypterus cinnamomeus
8712,NA,NA,NA,NA,Elaphrornis palliseri
8713,"Pets/display animals, horticulture",NA,non-trivial,recent,Donacobius atricapilla
8714,NA,NA,NA,NA,Oxylabes madagascariensis
8715,NA,NA,NA,NA,Bernieria madagascariensis
8716,NA,NA,NA,NA,Hartertula flavoviridis
8717,NA,NA,NA,NA,Thamnornis chloropetoides
8718,NA,NA,NA,NA,Xanthomixis zosterops
8719,NA,NA,NA,NA,Xanthomixis apperti
8720,NA,NA,NA,NA,Xanthomixis cinereiceps
8721,NA,NA,NA,NA,Crossleyia tenebrosa
8722,NA,NA,NA,NA,Crossleyia xanthophrys
8723,NA,NA,NA,NA,Cryptosylvicola randrianasoloi
8724,NA,NA,NA,NA,Randia pseudozosterops
8725,NA,NA,NA,NA,Pseudochelidon eurystomina
8726,NA,NA,NA,NA,Cheramoeca leucosterna
8727,NA,NA,NA,NA,Pseudhirundo griseopyga
8728,NA,NA,NA,NA,Psalidoprocne nitens
8729,NA,NA,NA,NA,Psalidoprocne fuliginosa
8730,NA,NA,NA,NA,Psalidoprocne albiceps
8731,NA,NA,NA,NA,Psalidoprocne pristoptera
8732,NA,NA,NA,NA,Psalidoprocne obscura
8733,NA,NA,NA,NA,Delichon urbicum
8734,NA,NA,NA,NA,Delichon lagopodum
8735,NA,NA,NA,NA,Delichon dasypus
8736,NA,NA,NA,NA,Delichon nipalense
8737,NA,NA,NA,NA,Atronanus fuliginosus
8738,NA,NA,NA,NA,Petrochelidon rufigula
8739,NA,NA,NA,NA,Petrochelidon preussi
8740,NA,NA,NA,NA,Petrochelidon spilodera
8741,NA,NA,NA,NA,Petrochelidon fluvicola
8742,NA,NA,NA,NA,Petrochelidon ariel
8743,"Pets/display animals, horticulture",international,non-trivial,recent,Petrochelidon nigricans
8744,NA,NA,NA,NA,Petrochelidon pyrrhonota
8745,NA,NA,NA,NA,Petrochelidon fulva
8746,NA,NA,NA,NA,Petrochelidon rufocollaris
8747,NA,NA,NA,NA,Cecropis abyssinica
8748,NA,NA,NA,NA,Cecropis semirufa
8749,NA,NA,NA,NA,Cecropis senegalensis
8750,NA,NA,NA,NA,Cecropis cucullata
8751,NA,NA,NA,NA,Cecropis daurica
8752,NA,NA,NA,NA,Cecropis hyperythra
8753,NA,NA,NA,NA,Hirundo nigrorufa
8754,NA,NA,NA,NA,Hirundo atrocaerulea
8755,NA,NA,NA,NA,Hirundo javanica
8756,NA,NA,NA,NA,Hirundo tahitica
8757,"Pets/display animals, horticulture",international,non-trivial,recent,Hirundo neoxena
8758,NA,NA,NA,NA,Hirundo albigularis
8759,NA,NA,NA,NA,Hirundo smithii
8760,NA,NA,NA,NA,Hirundo nigrita
8761,Food - human,,non-trivial,recent,Hirundo rustica
8762,"Pets/display animals, horticulture",international,non-trivial,recent,Hirundo rustica
8763,Sport hunting/specimen collecting,,non-trivial,recent,Hirundo rustica
8764,NA,NA,NA,NA,Hirundo angolensis
8765,NA,NA,NA,NA,Hirundo lucida
8766,NA,NA,NA,NA,Hirundo aethiopica
8767,NA,NA,NA,NA,Hirundo leucosoma
8768,NA,NA,NA,NA,Hirundo megaensis
8769,NA,NA,NA,NA,Hirundo dimidiata
8770,NA,NA,NA,NA,Ptyonoprogne rupestris
8771,NA,NA,NA,NA,Ptyonoprogne obsoleta
8772,NA,NA,NA,NA,Ptyonoprogne rufigula
8773,NA,NA,NA,NA,Ptyonoprogne fuligula
8774,NA,NA,NA,NA,Ptyonoprogne concolor
8775,NA,NA,NA,NA,Neophedina cincta
8776,NA,NA,NA,NA,Phedina borbonica
8777,NA,NA,NA,NA,Phedinopsis brazzae
8778,NA,NA,NA,NA,Riparia paludicola
8779,NA,NA,NA,NA,Riparia cowani
8780,NA,NA,NA,NA,Riparia chinensis
8781,NA,NA,NA,NA,Riparia congica
8782,"Pets/display animals, horticulture",international,non-trivial,recent,Riparia riparia
8783,Sport hunting/specimen collecting,,non-trivial,recent,Riparia riparia
8784,"Pets/display animals, horticulture",international,non-trivial,recent,Riparia diluta
8785,Sport hunting/specimen collecting,,non-trivial,recent,Riparia diluta
8786,NA,NA,NA,NA,Tachycineta bicolor
8787,NA,NA,NA,NA,Tachycineta thalassina
8788,NA,NA,NA,NA,Tachycineta euchrysea
8789,NA,NA,NA,NA,Tachycineta cyaneoviridis
8790,NA,NA,NA,NA,Tachycineta stolzmanni
8791,NA,NA,NA,NA,Tachycineta albilinea
8792,NA,NA,NA,NA,Tachycineta albiventer
8793,NA,NA,NA,NA,Tachycineta leucorrhoa
8794,NA,NA,NA,NA,Tachycineta meyeni
8795,NA,NA,NA,NA,Progne tapera
8796,NA,NA,NA,NA,Progne murphyi
8797,NA,NA,NA,NA,Progne modesta
8798,NA,NA,NA,NA,Progne subis
8799,NA,NA,NA,NA,Progne dominicensis
8800,NA,NA,NA,NA,Progne cryptoleuca
8801,NA,NA,NA,NA,Progne sinaloae
8802,NA,NA,NA,NA,Progne chalybea
8803,NA,NA,NA,NA,Progne elegans
8804,NA,NA,NA,NA,Stelgidopteryx serripennis
8805,NA,NA,NA,NA,Stelgidopteryx ridgwayi
8806,NA,NA,NA,NA,Stelgidopteryx ruficollis
8807,NA,NA,NA,NA,Pygochelidon cyanoleuca
8808,NA,NA,NA,NA,Pygochelidon melanoleuca
8809,NA,NA,NA,NA,Alopochelidon fucata
8810,NA,NA,NA,NA,Atticora fasciata
8811,NA,NA,NA,NA,Atticora pileata
8812,NA,NA,NA,NA,Atticora tibialis
8813,NA,NA,NA,NA,Orochelidon murina
8814,NA,NA,NA,NA,Orochelidon flavipes
8815,NA,NA,NA,NA,Orochelidon andecola
8816,NA,NA,NA,NA,Stelgidillas gracilirostris
8817,NA,NA,NA,NA,Calyptocichla serinus
8818,"Pets/display animals, horticulture",NA,non-trivial,recent,Andropadus importunus
8819,NA,NA,NA,NA,Neolestes torquatus
8820,NA,NA,NA,NA,Bleda syndactylus
8821,NA,NA,NA,NA,Bleda eximius
8822,NA,NA,NA,NA,Bleda ugandae
8823,NA,NA,NA,NA,Bleda notatus
8824,NA,NA,NA,NA,Bleda canicapillus
8825,"Pets/display animals, horticulture",international,non-trivial,recent,Atimastillas flavicollis
8826,NA,NA,NA,NA,Atimastillas flavigula
8827,NA,NA,NA,NA,Ixonotus guttatus
8828,NA,NA,NA,NA,Thescelocichla leucopleura
8829,NA,NA,NA,NA,Baeopogon indicator
8830,NA,NA,NA,NA,Baeopogon clamans
8831,NA,NA,NA,NA,Chlorocichla laetissima
8832,NA,NA,NA,NA,Chlorocichla prigoginei
8833,"Pets/display animals, horticulture",international,non-trivial,recent,Chlorocichla flaviventris
8834,NA,NA,NA,NA,Chlorocichla falkensteini
8835,"Pets/display animals, horticulture",international,non-trivial,recent,Chlorocichla simplex
8836,NA,NA,NA,NA,Arizelocichla striifacies
8837,NA,NA,NA,NA,Arizelocichla milanjensis
8838,NA,NA,NA,NA,Arizelocichla nigriceps
8839,NA,NA,NA,NA,Arizelocichla chlorigula
8840,NA,NA,NA,NA,Arizelocichla neumanni
8841,NA,NA,NA,NA,Arizelocichla fusciceps
8842,NA,NA,NA,NA,Arizelocichla montana
8843,NA,NA,NA,NA,Arizelocichla tephrolaema
8844,"Pets/display animals, horticulture",NA,non-trivial,recent,Arizelocichla masukuensis
8845,"Pets/display animals, horticulture",international,non-trivial,recent,Eurillas latirostris
8846,NA,NA,NA,NA,Eurillas virens
8847,NA,NA,NA,NA,Eurillas gracilis
8848,NA,NA,NA,NA,Eurillas ansorgei
8849,NA,NA,NA,NA,Eurillas curvirostris
8850,NA,NA,NA,NA,Criniger barbatus
8851,NA,NA,NA,NA,Criniger chloronotus
8852,NA,NA,NA,NA,Criniger calurus
8853,NA,NA,NA,NA,Criniger olivaceus
8854,NA,NA,NA,NA,Criniger ndussumensis
8855,NA,NA,NA,NA,Phyllastrephus debilis
8856,NA,NA,NA,NA,Phyllastrephus albigula
8857,NA,NA,NA,NA,Phyllastrephus xavieri
8858,NA,NA,NA,NA,Phyllastrephus icterinus
8859,NA,NA,NA,NA,Phyllastrephus albigularis
8860,NA,NA,NA,NA,Phyllastrephus viridiceps
8861,NA,NA,NA,NA,Phyllastrephus terrestris
8862,NA,NA,NA,NA,Phyllastrephus fischeri
8863,NA,NA,NA,NA,Phyllastrephus strepitans
8864,NA,NA,NA,NA,Phyllastrephus cerviniventris
8865,NA,NA,NA,NA,Phyllastrephus cabanisi
8866,NA,NA,NA,NA,Phyllastrephus hypochloris
8867,NA,NA,NA,NA,Phyllastrephus flavostriatus
8868,NA,NA,NA,NA,Phyllastrephus poliocephalus
8869,NA,NA,NA,NA,Phyllastrephus fulviventris
8870,NA,NA,NA,NA,Phyllastrephus lorenzi
8871,NA,NA,NA,NA,Phyllastrephus baumanni
8872,NA,NA,NA,NA,Phyllastrephus poensis
8873,NA,NA,NA,NA,Pyrrhurus scandens
8874,NA,NA,NA,NA,Tricholestes criniger
8875,NA,NA,NA,NA,Setornis criniger
8876,NA,NA,NA,NA,Alophoixus flaveolus
8877,"Pets/display animals, horticulture",NA,non-trivial,recent,Alophoixus griseiceps
8878,"Pets/display animals, horticulture",NA,non-trivial,recent,Alophoixus pallidus
8879,NA,NA,NA,NA,Alophoixus ochraceus
8880,"Pets/display animals, horticulture",NA,non-trivial,recent,Alophoixus ruficrissus
8881,"Pets/display animals, horticulture",international,non-trivial,recent,Alophoixus tephrogenys
8882,"Pets/display animals, horticulture",international,non-trivial,recent,Alophoixus bres
8883,"Pets/display animals, horticulture",international,non-trivial,recent,Alophoixus frater
8884,NA,NA,NA,NA,Alophoixus phaeocephalus
8885,NA,NA,NA,NA,Iole finschii
8886,NA,NA,NA,NA,Iole viridescens
8887,NA,NA,NA,NA,Iole propinqua
8888,NA,NA,NA,NA,Iole charlottae
8889,NA,NA,NA,NA,Iole palawanensis
8890,NA,NA,NA,NA,Hemixos leucogrammicus
8891,NA,NA,NA,NA,Hemixos flavala
8892,NA,NA,NA,NA,Hemixos castanonotus
8893,"Pets/display animals, horticulture",NA,non-trivial,recent,Hemixos cinereus
8894,"Pets/display animals, horticulture",NA,non-trivial,recent,Hemixos connectens
8895,NA,NA,NA,NA,Ixos nicobariensis
8896,NA,NA,NA,NA,Ixos mcclellandii
8897,NA,NA,NA,NA,Ixos malaccensis
8898,"Pets/display animals, horticulture",NA,non-trivial,recent,Ixos sumatranus
8899,"Pets/display animals, horticulture",NA,non-trivial,recent,Ixos virescens
8900,NA,NA,NA,NA,Hypsipetes rufigularis
8901,NA,NA,NA,NA,Hypsipetes everetti
8902,NA,NA,NA,NA,Hypsipetes catarmanensis
8903,NA,NA,NA,NA,Hypsipetes haynaldi
8904,NA,NA,NA,NA,Hypsipetes siquijorensis
8905,NA,NA,NA,NA,Hypsipetes philippinus
8906,"Pets/display animals, horticulture",international,non-trivial,recent,Hypsipetes amaurotis
8907,NA,NA,NA,NA,Hypsipetes crassirostris
8908,"Pets/display animals, horticulture",NA,non-trivial,recent,Hypsipetes borbonicus
8909,NA,NA,NA,NA,Hypsipetes olivaceus
8910,"Pets/display animals, horticulture",international,non-trivial,recent,Hypsipetes madagascariensis
8911,NA,NA,NA,NA,Hypsipetes parvirostris
8912,NA,NA,NA,NA,Hypsipetes moheliensis
8913,Food - human,NA,non-trivial,recent,Hypsipetes ganeesa
8914,"Pets/display animals, horticulture",NA,non-trivial,recent,Hypsipetes ganeesa
8915,"Pets/display animals, horticulture",NA,non-trivial,recent,Hypsipetes leucocephalus
8916,NA,NA,NA,NA,Hypsipetes harterti
8917,NA,NA,NA,NA,Hypsipetes longirostris
8918,NA,NA,NA,NA,Hypsipetes aureus
8919,NA,NA,NA,NA,Hypsipetes platenae
8920,NA,NA,NA,NA,Hypsipetes chloris
8921,NA,NA,NA,NA,Hypsipetes lucasi
8922,NA,NA,NA,NA,Hypsipetes mysticalis
8923,NA,NA,NA,NA,Hypsipetes affinis
8924,NA,NA,NA,NA,Hypsipetes thompsoni
8925,NA,NA,NA,NA,Spizixos canifrons
8926,NA,NA,NA,NA,Spizixos semitorques
8927,NA,NA,NA,NA,Alcurus striatus
8928,"Pets/display animals, horticulture",international,non-trivial,recent,Rubigula melanictera
8929,"Pets/display animals, horticulture",international,non-trivial,recent,Rubigula gularis
8930,"Pets/display animals, horticulture",international,non-trivial,recent,Rubigula flaviventris
8931,Food - human,,non-trivial,recent,Rubigula dispar
8932,"Pets/display animals, horticulture",international,non-trivial,recent,Rubigula dispar
8933,"Pets/display animals, horticulture",international,non-trivial,recent,Rubigula montis
8934,NA,NA,NA,NA,Ixidia squamata
8935,NA,NA,NA,NA,Ixidia cyaniventris
8936,NA,NA,NA,NA,Ixidia erythropthalmos
8937,"Pets/display animals, horticulture",international,non-trivial,recent,Pycnonotus zeylanicus
8938,"Pets/display animals, horticulture",NA,non-trivial,recent,Pycnonotus tympanistrigus
8939,Food - human,NA,non-trivial,recent,Pycnonotus jocosus
8940,"Pets/display animals, horticulture",NA,non-trivial,recent,Pycnonotus jocosus
8941,NA,NA,NA,NA,Pycnonotus xanthorrhous
8942,Food - human,NA,non-trivial,recent,Pycnonotus sinensis
8943,"Pets/display animals, horticulture",NA,non-trivial,recent,Pycnonotus sinensis
8944,NA,NA,NA,NA,Pycnonotus taivanus
8945,NA,NA,NA,NA,Pycnonotus leucogenys
8946,"Pets/display animals, horticulture",NA,non-trivial,recent,Pycnonotus leucotis
8947,Food - human,NA,non-trivial,recent,Pycnonotus cafer
8948,"Pets/display animals, horticulture",NA,non-trivial,recent,Pycnonotus cafer
8949,NA,NA,NA,NA,Pycnonotus aurigaster
8950,NA,NA,NA,NA,Pycnonotus xanthopygos
8951,"Pets/display animals, horticulture",international,non-trivial,recent,Pycnonotus nigricans
8952,NA,NA,NA,NA,Pycnonotus capensis
8953,"Pets/display animals, horticulture",international,non-trivial,recent,Pycnonotus barbatus
8954,NA,NA,NA,NA,Pycnonotus nieuwenhuisii
8955,"Pets/display animals, horticulture",international,non-trivial,recent,Pycnonotus snouckaerti
8956,"Pets/display animals, horticulture",international,non-trivial,recent,Pycnonotus bimaculatus
8957,"Pets/display animals, horticulture",international,non-trivial,recent,Pycnonotus davisoni
8958,NA,NA,NA,NA,Pycnonotus finlaysoni
8959,NA,NA,NA,NA,Pycnonotus xantholaemus
8960,NA,NA,NA,NA,Pycnonotus penicillatus
8961,"Pets/display animals, horticulture",international,non-trivial,recent,Pycnonotus flavescens
8962,"Pets/display animals, horticulture",international,non-trivial,recent,Pycnonotus leucops
8963,NA,NA,NA,NA,Pycnonotus goiavier
8964,NA,NA,NA,NA,Pycnonotus luteolus
8965,NA,NA,NA,NA,Pycnonotus plumosus
8966,"Pets/display animals, horticulture",international,non-trivial,recent,Pycnonotus cinereifrons
8967,NA,NA,NA,NA,Pycnonotus blanfordi
8968,"Pets/display animals, horticulture",international,non-trivial,recent,Pycnonotus simplex
8969,NA,NA,NA,NA,Pycnonotus pseudosimplex
8970,NA,NA,NA,NA,Pycnonotus brunneus
8971,NA,NA,NA,NA,Nok hualon
8972,NA,NA,NA,NA,Euptilotus eutilotus
8973,NA,NA,NA,NA,Microtarsus melanoleucos
8974,NA,NA,NA,NA,Brachypodius atriceps
8975,"Pets/display animals, horticulture",international,non-trivial,recent,Brachypodius fuscoflavescens
8976,NA,NA,NA,NA,Brachypodius priocephalus
8977,NA,NA,NA,NA,Poliolophus urostictus
8978,NA,NA,NA,NA,Acritillas indica
8979,NA,NA,NA,NA,Phylloscopus orientalis
8980,NA,NA,NA,NA,Phylloscopus bonelli
8981,Sport hunting/specimen collecting,NA,non-trivial,recent,Phylloscopus sibilatrix
8982,NA,NA,NA,NA,Phylloscopus yunnanensis
8983,NA,NA,NA,NA,Phylloscopus subviridis
8984,Food - human,NA,non-trivial,recent,Phylloscopus inornatus
8985,"Pets/display animals, horticulture",NA,non-trivial,recent,Phylloscopus inornatus
8986,NA,NA,NA,NA,Phylloscopus humei
8987,NA,NA,NA,NA,Phylloscopus chloronotus
8988,NA,NA,NA,NA,Phylloscopus forresti
8989,NA,NA,NA,NA,Phylloscopus kansuensis
8990,NA,NA,NA,NA,Phylloscopus proregulus
8991,NA,NA,NA,NA,Phylloscopus pulcher
8992,NA,NA,NA,NA,Phylloscopus maculipennis
8993,NA,NA,NA,NA,Phylloscopus fuscatus
8994,NA,NA,NA,NA,Phylloscopus fuligiventer
8995,NA,NA,NA,NA,Phylloscopus subaffinis
8996,NA,NA,NA,NA,Phylloscopus trochilus
8997,NA,NA,NA,NA,Phylloscopus ibericus
8998,Sport hunting/specimen collecting,NA,non-trivial,recent,Phylloscopus collybita
8999,Sport hunting/specimen collecting,NA,non-trivial,recent,Phylloscopus tristis
9000,NA,NA,NA,NA,Phylloscopus canariensis
9001,NA,NA,NA,NA,Phylloscopus sindianus
9002,NA,NA,NA,NA,Phylloscopus neglectus
9003,NA,NA,NA,NA,Phylloscopus tytleri
9004,NA,NA,NA,NA,Phylloscopus griseolus
9005,NA,NA,NA,NA,Phylloscopus affinis
9006,NA,NA,NA,NA,Phylloscopus armandii
9007,NA,NA,NA,NA,Phylloscopus schwarzi
9008,Food - human,NA,non-trivial,recent,Phylloscopus intermedius
9009,"Pets/display animals, horticulture",NA,non-trivial,recent,Phylloscopus intermedius
9010,NA,NA,NA,NA,Phylloscopus poliogenys
9011,"Pets/display animals, horticulture",NA,non-trivial,recent,Phylloscopus burkii
9012,NA,NA,NA,NA,Phylloscopus tephrocephalus
9013,NA,NA,NA,NA,Phylloscopus omeiensis
9014,NA,NA,NA,NA,Phylloscopus soror
9015,NA,NA,NA,NA,Phylloscopus valentini
9016,NA,NA,NA,NA,Phylloscopus whistleri
9017,NA,NA,NA,NA,Phylloscopus cebuensis
9018,NA,NA,NA,NA,Phylloscopus olivaceus
9019,NA,NA,NA,NA,Phylloscopus coronatus
9020,NA,NA,NA,NA,Phylloscopus ijimae
9021,NA,NA,NA,NA,Phylloscopus umbrovirens
9022,NA,NA,NA,NA,Phylloscopus budongoensis
9023,NA,NA,NA,NA,Phylloscopus herberti
9024,NA,NA,NA,NA,Phylloscopus laetus
9025,NA,NA,NA,NA,Phylloscopus laurae
9026,NA,NA,NA,NA,Phylloscopus ruficapilla
9027,NA,NA,NA,NA,Phylloscopus castaniceps
9028,"Pets/display animals, horticulture",NA,non-trivial,recent,Phylloscopus sumatrensis
9029,NA,NA,NA,NA,Phylloscopus grammiceps
9030,NA,NA,NA,NA,Phylloscopus montis
9031,NA,NA,NA,NA,Phylloscopus emeiensis
9032,NA,NA,NA,NA,Phylloscopus nitidus
9033,NA,NA,NA,NA,Phylloscopus trochiloides
9034,NA,NA,NA,NA,Phylloscopus plumbeitarsus
9035,"Pets/display animals, horticulture",NA,non-trivial,recent,Phylloscopus borealis
9036,NA,NA,NA,NA,Phylloscopus examinandus
9037,"Pets/display animals, horticulture",NA,non-trivial,recent,Phylloscopus xanthodryas
9038,NA,NA,NA,NA,Phylloscopus borealoides
9039,NA,NA,NA,NA,Phylloscopus tenellipes
9040,NA,NA,NA,NA,Phylloscopus magnirostris
9041,NA,NA,NA,NA,Phylloscopus calciatilis
9042,NA,NA,NA,NA,Phylloscopus cantator
9043,NA,NA,NA,NA,Phylloscopus ricketti
9044,NA,NA,NA,NA,Phylloscopus claudiae
9045,NA,NA,NA,NA,Phylloscopus reguloides
9046,NA,NA,NA,NA,Phylloscopus occipitalis
9047,NA,NA,NA,NA,Phylloscopus goodsoni
9048,NA,NA,NA,NA,Phylloscopus trivirgatus
9049,NA,NA,NA,NA,Phylloscopus nesophilus
9050,NA,NA,NA,NA,Phylloscopus sarasinorum
9051,NA,NA,NA,NA,Phylloscopus poliocephalus
9052,NA,NA,NA,NA,Phylloscopus misoriensis
9053,NA,NA,NA,NA,Phylloscopus maforensis
9054,NA,NA,NA,NA,Phylloscopus presbytes
9055,NA,NA,NA,NA,Phylloscopus rotiensis
9056,NA,NA,NA,NA,Phylloscopus amoenus
9057,NA,NA,NA,NA,Phylloscopus hainanus
9058,NA,NA,NA,NA,Phylloscopus xanthoschistos
9059,NA,NA,NA,NA,Phylloscopus intensior
9060,NA,NA,NA,NA,Phylloscopus ogilviegranti
9061,NA,NA,NA,NA,Erythrocercus holochlorus
9062,NA,NA,NA,NA,Erythrocercus mccallii
9063,NA,NA,NA,NA,Erythrocercus livingstonei
9064,NA,NA,NA,NA,Scotocerca inquieta
9065,NA,NA,NA,NA,Tesia olivea
9066,NA,NA,NA,NA,Tesia cyaniventer
9067,NA,NA,NA,NA,Tesia superciliaris
9068,NA,NA,NA,NA,Tesia everetti
9069,NA,NA,NA,NA,Cettia major
9070,NA,NA,NA,NA,Cettia brunnifrons
9071,NA,NA,NA,NA,Cettia castaneocoronata
9072,Sport hunting/specimen collecting,NA,non-trivial,recent,Cettia cetti
9073,NA,NA,NA,NA,Hemitesia neumanni
9074,NA,NA,NA,NA,Hemitesia pallidipes
9075,NA,NA,NA,NA,Urosphena squameiceps
9076,NA,NA,NA,NA,Urosphena whiteheadi
9077,NA,NA,NA,NA,Urosphena subulata
9078,NA,NA,NA,NA,Abroscopus superciliaris
9079,NA,NA,NA,NA,Abroscopus albogularis
9080,NA,NA,NA,NA,Abroscopus schisticeps
9081,"Pets/display animals, horticulture",NA,non-trivial,recent,Phyllergates cucullatus
9082,NA,NA,NA,NA,Phyllergates heterolaemus
9083,"Pets/display animals, horticulture",NA,non-trivial,recent,Tickellia hodgsoni
9084,NA,NA,NA,NA,Horornis fortipes
9085,NA,NA,NA,NA,Horornis brunnescens
9086,NA,NA,NA,NA,Horornis acanthizoides
9087,NA,NA,NA,NA,Horornis flavolivaceus
9088,NA,NA,NA,NA,Horornis seebohmi
9089,NA,NA,NA,NA,Horornis canturians
9090,"Pets/display animals, horticulture",NA,non-trivial,recent,Horornis diphone
9091,NA,NA,NA,NA,Horornis annae
9092,NA,NA,NA,NA,Horornis carolinae
9093,NA,NA,NA,NA,Horornis parens
9094,NA,NA,NA,NA,Horornis haddeni
9095,NA,NA,NA,NA,Horornis ruficapilla
9096,NA,NA,NA,NA,Hylia prasina
9097,NA,NA,NA,NA,Pholidornis rushiae
9098,NA,NA,NA,NA,Leptopoecile sophiae
9099,NA,NA,NA,NA,Leptopoecile elegans
9100,"Pets/display animals, horticulture",international,non-trivial,recent,Psaltriparus minimus
9101,Food - human,NA,non-trivial,recent,Aegithalos iredalei
9102,"Pets/display animals, horticulture",NA,non-trivial,recent,Aegithalos iredalei
9103,"Pets/display animals, horticulture",NA,non-trivial,recent,Aegithalos concinnus
9104,Food - human,NA,non-trivial,recent,Aegithalos annamensis
9105,"Pets/display animals, horticulture",NA,non-trivial,recent,Aegithalos annamensis
9106,NA,NA,NA,NA,Aegithalos leucogenys
9107,NA,NA,NA,NA,Aegithalos niveogularis
9108,NA,NA,NA,NA,Aegithalos bonvaloti
9109,NA,NA,NA,NA,Aegithalos iouschistos
9110,NA,NA,NA,NA,Aegithalos fuliginosus
9111,"Pets/display animals, horticulture",NA,non-trivial,recent,Aegithalos caudatus
9112,NA,NA,NA,NA,Aegithalos glaucogularis
9113,NA,NA,NA,NA,Psaltria exilis
9114,NA,NA,NA,NA,Sylvia atricapilla
9115,Food - human,NA,non-trivial,recent,Sylvia borin
9116,Sport hunting/specimen collecting,NA,non-trivial,recent,Sylvia borin
9117,NA,NA,NA,NA,Sylvia dohrni
9118,NA,NA,NA,NA,Sylvia galinieri
9119,NA,NA,NA,NA,Sylvia atriceps
9120,NA,NA,NA,NA,Sylvia abyssinica
9121,NA,NA,NA,NA,Sylvia nigricapillus
9122,"Pets/display animals, horticulture",international,non-trivial,recent,Curruca deserti
9123,"Pets/display animals, horticulture",international,non-trivial,recent,Curruca nana
9124,NA,NA,NA,NA,Curruca nisoria
9125,NA,NA,NA,NA,Curruca layardi
9126,NA,NA,NA,NA,Curruca boehmi
9127,NA,NA,NA,NA,Curruca subcoerulea
9128,NA,NA,NA,NA,Curruca leucomelaena
9129,Sport hunting/specimen collecting,NA,non-trivial,recent,Curruca hortensis
9130,Sport hunting/specimen collecting,NA,non-trivial,recent,Curruca crassirostris
9131,NA,NA,NA,NA,Curruca buryi
9132,NA,NA,NA,NA,Curruca lugens
9133,"Pets/display animals, horticulture",international,non-trivial,recent,Curruca curruca
9134,Sport hunting/specimen collecting,,non-trivial,recent,Curruca curruca
9135,NA,NA,NA,NA,Curruca mystacea
9136,"Pets/display animals, horticulture",international,non-trivial,recent,Curruca melanothorax
9137,Sport hunting/specimen collecting,NA,non-trivial,recent,Curruca melanocephala
9138,Sport hunting/specimen collecting,NA,non-trivial,recent,Curruca cantillans
9139,Sport hunting/specimen collecting,NA,non-trivial,recent,Curruca subalpina
9140,"Pets/display animals, horticulture",international,non-trivial,recent,Curruca ruppeli
9141,Food - human,,non-trivial,recent,Curruca communis
9142,"Pets/display animals, horticulture",international,non-trivial,recent,Curruca communis
9143,Sport hunting/specimen collecting,,non-trivial,recent,Curruca communis
9144,Sport hunting/specimen collecting,NA,non-trivial,recent,Curruca conspicillata
9145,NA,NA,NA,NA,Curruca sarda
9146,NA,NA,NA,NA,Curruca balearica
9147,NA,NA,NA,NA,Curruca undata
9148,NA,NA,NA,NA,Curruca deserticola
9149,NA,NA,NA,NA,Myzornis pyrrhoura
9150,NA,NA,NA,NA,Moupinia poecilotis
9151,Food - human,NA,non-trivial,recent,Lioparus chrysotis
9152,"Pets/display animals, horticulture",NA,non-trivial,recent,Lioparus chrysotis
9153,NA,NA,NA,NA,Chrysomma sinense
9154,NA,NA,NA,NA,Chrysomma altirostre
9155,NA,NA,NA,NA,Rhopophilus albosuperciliaris
9156,NA,NA,NA,NA,Rhopophilus pekinensis
9157,NA,NA,NA,NA,Fulvetta vinipectus
9158,NA,NA,NA,NA,Fulvetta ludlowi
9159,NA,NA,NA,NA,Fulvetta manipurensis
9160,NA,NA,NA,NA,Fulvetta cinereiceps
9161,NA,NA,NA,NA,Fulvetta formosana
9162,NA,NA,NA,NA,Fulvetta striaticollis
9163,NA,NA,NA,NA,Fulvetta ruficapilla
9164,NA,NA,NA,NA,Fulvetta danisi
9165,NA,NA,NA,NA,Chamaea fasciata
9166,NA,NA,NA,NA,Paradoxornis flavirostris
9167,NA,NA,NA,NA,Paradoxornis guttaticollis
9168,"Pets/display animals, horticulture",international,non-trivial,recent,Paradoxornis heudei
9169,NA,NA,NA,NA,Paradoxornis ruficeps
9170,NA,NA,NA,NA,Paradoxornis bakeri
9171,NA,NA,NA,NA,Paradoxornis gularis
9172,NA,NA,NA,NA,Paradoxornis margaritae
9173,"Pets/display animals, horticulture",NA,non-trivial,recent,Paradoxornis aemodium
9174,NA,NA,NA,NA,Paradoxornis paradoxus
9175,NA,NA,NA,NA,Paradoxornis unicolor
9176,NA,NA,NA,NA,Suthora davidiana
9177,NA,NA,NA,NA,Suthora fulvifrons
9178,"Pets/display animals, horticulture",international,non-trivial,recent,Suthora nipalensis
9179,"Pets/display animals, horticulture",NA,non-trivial,recent,Suthora verreauxi
9180,NA,NA,NA,NA,Suthora atrosuperciliaris
9181,NA,NA,NA,NA,Suthora conspicillata
9182,Food - human,,non-trivial,recent,Suthora webbiana
9183,"Pets/display animals, horticulture",international,non-trivial,recent,Suthora webbiana
9184,NA,NA,NA,NA,Suthora brunnea
9185,NA,NA,NA,NA,Suthora ricketti
9186,"Pets/display animals, horticulture",international,non-trivial,recent,Suthora alphonsiana
9187,NA,NA,NA,NA,Suthora zappeyi
9188,NA,NA,NA,NA,Suthora przewalskii
9189,NA,NA,NA,NA,Parayuhina diademata
9190,NA,NA,NA,NA,Staphida everetti
9191,NA,NA,NA,NA,Staphida castaniceps
9192,NA,NA,NA,NA,Staphida torqueola
9193,NA,NA,NA,NA,Yuhina nigrimenta
9194,"Pets/display animals, horticulture",international,non-trivial,recent,Yuhina brunneiceps
9195,NA,NA,NA,NA,Yuhina flavicollis
9196,NA,NA,NA,NA,Yuhina humilis
9197,"Pets/display animals, horticulture",international,non-trivial,recent,Yuhina bakeri
9198,NA,NA,NA,NA,Yuhina occipitalis
9199,NA,NA,NA,NA,Yuhina gularis
9200,NA,NA,NA,NA,Dasycrotapha speciosa
9201,NA,NA,NA,NA,Dasycrotapha pygmaea
9202,NA,NA,NA,NA,Dasycrotapha plateni
9203,"Pets/display animals, horticulture",international,non-trivial,recent,Sterrhoptilus capitalis
9204,NA,NA,NA,NA,Sterrhoptilus nigrocapitatus
9205,NA,NA,NA,NA,Sterrhoptilus dennistouni
9206,NA,NA,NA,NA,Zosterornis hypogrammicus
9207,NA,NA,NA,NA,Zosterornis striatus
9208,NA,NA,NA,NA,Zosterornis latistriatus
9209,NA,NA,NA,NA,Zosterornis nigrorum
9210,NA,NA,NA,NA,Zosterornis whiteheadi
9211,NA,NA,NA,NA,Cleptornis marchei
9212,NA,NA,NA,NA,Apalopteron familiare
9213,NA,NA,NA,NA,Heleia wallacei
9214,NA,NA,NA,NA,Heleia superciliaris
9215,NA,NA,NA,NA,Heleia crassirostris
9216,NA,NA,NA,NA,Heleia squamifrons
9217,NA,NA,NA,NA,Heleia squamiceps
9218,NA,NA,NA,NA,Heleia goodfellowi
9219,"Pets/display animals, horticulture",international,non-trivial,recent,Heleia javanica
9220,NA,NA,NA,NA,Heleia pinaiae
9221,NA,NA,NA,NA,Heleia dohertyi
9222,NA,NA,NA,NA,Heleia muelleri
9223,NA,NA,NA,NA,Rukia ruki
9224,NA,NA,NA,NA,Rukia longirostra
9225,NA,NA,NA,NA,Megazosterops palauensis
9226,NA,NA,NA,NA,Tephrozosterops stalkeri
9227,NA,NA,NA,NA,Zosterops ceylonensis
9228,NA,NA,NA,NA,Zosterops nigrorum
9229,NA,NA,NA,NA,Zosterops atricapilla
9230,NA,NA,NA,NA,Zosterops abyssinicus
9231,NA,NA,NA,NA,Zosterops erythropleurus
9232,"Pets/display animals, horticulture",international,non-trivial,recent,Zosterops simplex
9233,NA,NA,NA,NA,Zosterops emiliae
9234,"Pets/display animals, horticulture",international,non-trivial,recent,Zosterops everetti
9235,NA,NA,NA,NA,Zosterops meyeni
9236,"Pets/display animals, horticulture",international,non-trivial,recent,Zosterops japonicus
9237,"Pets/display animals, horticulture",international,non-trivial,recent,Zosterops palpebrosus
9238,"Pets/display animals, horticulture",international,non-trivial,recent,Zosterops auriventer
9239,NA,NA,NA,NA,Zosterops mouroniensis
9240,NA,NA,NA,NA,Zosterops semiflavus
9241,NA,NA,NA,NA,Zosterops olivaceus
9242,NA,NA,NA,NA,Zosterops chloronothos
9243,NA,NA,NA,NA,Zosterops mauritianus
9244,NA,NA,NA,NA,Zosterops borbonicus
9245,NA,NA,NA,NA,Zosterops melanocephalus
9246,NA,NA,NA,NA,Zosterops brunneus
9247,"Pets/display animals, horticulture",international,non-trivial,recent,Zosterops poliogastrus
9248,"Pets/display animals, horticulture",international,non-trivial,recent,Zosterops kaffensis
9249,NA,NA,NA,NA,Zosterops kulalensis
9250,"Pets/display animals, horticulture",international,non-trivial,recent,Zosterops eurycricotus
9251,"Pets/display animals, horticulture",international,non-trivial,recent,Zosterops kikuyuensis
9252,NA,NA,NA,NA,Zosterops ficedulinus
9253,NA,NA,NA,NA,Zosterops griseovirescens
9254,NA,NA,NA,NA,Zosterops feae
9255,NA,NA,NA,NA,Zosterops lugubris
9256,NA,NA,NA,NA,Zosterops leucophaeus
9257,NA,NA,NA,NA,Zosterops mbuluensis
9258,NA,NA,NA,NA,Zosterops flavilateralis
9259,NA,NA,NA,NA,Zosterops silvanus
9260,NA,NA,NA,NA,Zosterops winifredae
9261,"Pets/display animals, horticulture",international,non-trivial,recent,Zosterops senegalensis
9262,"Pets/display animals, horticulture",international,non-trivial,recent,Zosterops virens
9263,NA,NA,NA,NA,Zosterops vaughani
9264,"Pets/display animals, horticulture",international,non-trivial,recent,Zosterops pallidus
9265,NA,NA,NA,NA,Zosterops modestus
9266,NA,NA,NA,NA,Zosterops maderaspatanus
9267,NA,NA,NA,NA,Zosterops mayottensis
9268,NA,NA,NA,NA,Zosterops kirki
9269,"Pets/display animals, horticulture",international,non-trivial,recent,Zosterops flavus
9270,"Pets/display animals, horticulture",international,non-trivial,recent,Zosterops meratusensis
9271,NA,NA,NA,NA,Zosterops chloris
9272,NA,NA,NA,NA,Zosterops flavissimus
9273,NA,NA,NA,NA,Zosterops atrifrons
9274,NA,NA,NA,NA,Zosterops anomalus
9275,NA,NA,NA,NA,Zosterops somadikartai
9276,NA,NA,NA,NA,Zosterops nehrkorni
9277,NA,NA,NA,NA,Zosterops consobrinorum
9278,NA,NA,NA,NA,Zosterops atriceps
9279,NA,NA,NA,NA,Zosterops dehaani
9280,NA,NA,NA,NA,Zosterops stalkeri
9281,NA,NA,NA,NA,Zosterops kuehni
9282,NA,NA,NA,NA,Zosterops buruensis
9283,"Pets/display animals, horticulture",international,non-trivial,recent,Zosterops melanurus
9284,"Pets/display animals, horticulture",international,non-trivial,recent,Zosterops citrinella
9285,NA,NA,NA,NA,Zosterops luteus
9286,"Pets/display animals, horticulture",international,non-trivial,recent,Zosterops lateralis
9287,NA,NA,NA,NA,Zosterops vellalavella
9288,NA,NA,NA,NA,Zosterops fuscicapilla
9289,NA,NA,NA,NA,Zosterops crookshanki
9290,NA,NA,NA,NA,Zosterops flavifrons
9291,NA,NA,NA,NA,Zosterops superciliosus
9292,NA,NA,NA,NA,Zosterops gibbsi
9293,NA,NA,NA,NA,Zosterops lacertosus
9294,NA,NA,NA,NA,Zosterops explorator
9295,NA,NA,NA,NA,Zosterops hypoxanthus
9296,NA,NA,NA,NA,Zosterops minor
9297,NA,NA,NA,NA,Zosterops meeki
9298,NA,NA,NA,NA,Zosterops mysorensis
9299,NA,NA,NA,NA,Zosterops chrysolaemus
9300,NA,NA,NA,NA,Zosterops rendovae
9301,NA,NA,NA,NA,Zosterops oleagineus
9302,NA,NA,NA,NA,Zosterops finschii
9303,NA,NA,NA,NA,Zosterops cinereus
9304,NA,NA,NA,NA,Zosterops ponapensis
9305,NA,NA,NA,NA,Zosterops rotensis
9306,NA,NA,NA,NA,Zosterops stresemanni
9307,NA,NA,NA,NA,Zosterops sanctaecrucis
9308,NA,NA,NA,NA,Zosterops metcalfii
9309,NA,NA,NA,NA,Zosterops hamlini
9310,NA,NA,NA,NA,Zosterops novaeguineae
9311,NA,NA,NA,NA,Zosterops grayi
9312,NA,NA,NA,NA,Zosterops luteirostris
9313,NA,NA,NA,NA,Zosterops uropygialis
9314,NA,NA,NA,NA,Zosterops splendidus
9315,NA,NA,NA,NA,Zosterops kulambangrae
9316,NA,NA,NA,NA,Zosterops tetiparius
9317,NA,NA,NA,NA,Zosterops murphyi
9318,NA,NA,NA,NA,Zosterops griseotinctus
9319,NA,NA,NA,NA,Zosterops natalis
9320,NA,NA,NA,NA,Zosterops saypani
9321,NA,NA,NA,NA,Zosterops semperi
9322,NA,NA,NA,NA,Zosterops hypolais
9323,NA,NA,NA,NA,Zosterops inornatus
9324,NA,NA,NA,NA,Zosterops albogularis
9325,NA,NA,NA,NA,Zosterops samoensis
9326,NA,NA,NA,NA,Zosterops tenuirostris
9327,NA,NA,NA,NA,Zosterops minutus
9328,NA,NA,NA,NA,Zosterops xanthochroa
9329,NA,NA,NA,NA,Zosterops rennellianus
9330,NA,NA,NA,NA,Spelaeornis caudatus
9331,NA,NA,NA,NA,Spelaeornis badeigularis
9332,NA,NA,NA,NA,Spelaeornis troglodytoides
9333,"Pets/display animals, horticulture",NA,non-trivial,recent,Spelaeornis chocolatinus
9334,NA,NA,NA,NA,Spelaeornis oatesi
9335,NA,NA,NA,NA,Spelaeornis reptatus
9336,NA,NA,NA,NA,Spelaeornis kinneari
9337,NA,NA,NA,NA,Spelaeornis longicaudatus
9338,NA,NA,NA,NA,Melanocichla lugubris
9339,NA,NA,NA,NA,Melanocichla calva
9340,NA,NA,NA,NA,Pomatorhinus ochraceiceps
9341,"Pets/display animals, horticulture",NA,non-trivial,recent,Pomatorhinus ferruginosus
9342,Food - human,NA,non-trivial,recent,Pomatorhinus phayrei
9343,"Pets/display animals, horticulture",NA,non-trivial,recent,Pomatorhinus phayrei
9344,NA,NA,NA,NA,Pomatorhinus superciliaris
9345,NA,NA,NA,NA,Pomatorhinus horsfieldii
9346,NA,NA,NA,NA,Pomatorhinus melanurus
9347,NA,NA,NA,NA,Pomatorhinus schisticeps
9348,NA,NA,NA,NA,Pomatorhinus bornensis
9349,"Pets/display animals, horticulture",NA,non-trivial,recent,Pomatorhinus montanus
9350,NA,NA,NA,NA,Pomatorhinus ruficollis
9351,NA,NA,NA,NA,Pomatorhinus musicus
9352,NA,NA,NA,NA,Erythrogenys hypoleucos
9353,NA,NA,NA,NA,Erythrogenys erythrogenys
9354,NA,NA,NA,NA,Erythrogenys mcclellandi
9355,NA,NA,NA,NA,Erythrogenys gravivox
9356,NA,NA,NA,NA,Erythrogenys swinhoei
9357,NA,NA,NA,NA,Erythrogenys erythrocnemis
9358,NA,NA,NA,NA,Stachyris grammiceps
9359,"Pets/display animals, horticulture",international,non-trivial,recent,Stachyris nigricollis
9360,NA,NA,NA,NA,Stachyris maculata
9361,NA,NA,NA,NA,Stachyris nigriceps
9362,NA,NA,NA,NA,Stachyris humei
9363,NA,NA,NA,NA,Stachyris roberti
9364,NA,NA,NA,NA,Stachyris poliocephala
9365,NA,NA,NA,NA,Stachyris leucotis
9366,"Pets/display animals, horticulture",international,non-trivial,recent,Stachyris herberti
9367,NA,NA,NA,NA,Stachyris nonggangensis
9368,NA,NA,NA,NA,Stachyris strialata
9369,NA,NA,NA,NA,Stachyris oglei
9370,NA,NA,NA,NA,Stachyris thoracica
9371,"Pets/display animals, horticulture",international,non-trivial,recent,Dumetia hyperythra
9372,NA,NA,NA,NA,Dumetia atriceps
9373,NA,NA,NA,NA,Timalia pileata
9374,NA,NA,NA,NA,Mixornis gularis
9375,NA,NA,NA,NA,Mixornis bornensis
9376,"Pets/display animals, horticulture",international,non-trivial,recent,Mixornis flavicollis
9377,"Pets/display animals, horticulture",international,non-trivial,recent,Mixornis prillwitzi
9378,NA,NA,NA,NA,Mixornis kelleyi
9379,NA,NA,NA,NA,Macronus striaticeps
9380,NA,NA,NA,NA,Macronus ptilosus
9381,NA,NA,NA,NA,Cyanoderma chrysaeum
9382,"Pets/display animals, horticulture",international,non-trivial,recent,Cyanoderma erythropterum
9383,"Pets/display animals, horticulture",international,non-trivial,recent,Cyanoderma bicolor
9384,NA,NA,NA,NA,Cyanoderma melanothorax
9385,"Pets/display animals, horticulture",international,non-trivial,recent,Cyanoderma pyrrhops
9386,NA,NA,NA,NA,Cyanoderma ruficeps
9387,NA,NA,NA,NA,Cyanoderma rufifrons
9388,NA,NA,NA,NA,Malacopteron affine
9389,"Pets/display animals, horticulture",international,non-trivial,recent,Malacopteron albogulare
9390,NA,NA,NA,NA,Malacopteron cinereum
9391,NA,NA,NA,NA,Malacopteron magnum
9392,NA,NA,NA,NA,Malacopteron palawanense
9393,NA,NA,NA,NA,Malacopteron magnirostre
9394,NA,NA,NA,NA,Gampsorhynchus rufulus
9395,NA,NA,NA,NA,Gampsorhynchus torquatus
9396,Food - human,,non-trivial,recent,Schoeniparus brunneus
9397,"Pets/display animals, horticulture",international,non-trivial,recent,Schoeniparus brunneus
9398,NA,NA,NA,NA,Schoeniparus dubius
9399,NA,NA,NA,NA,Schoeniparus rufogularis
9400,NA,NA,NA,NA,Schoeniparus cinereus
9401,NA,NA,NA,NA,Schoeniparus castaneceps
9402,NA,NA,NA,NA,Schoeniparus klossi
9403,NA,NA,NA,NA,Schoeniparus variegaticeps
9404,NA,NA,NA,NA,Laticilla burnesii
9405,NA,NA,NA,NA,Laticilla cinerascens
9406,NA,NA,NA,NA,Illadopsis fulvescens
9407,NA,NA,NA,NA,Illadopsis rufipennis
9408,NA,NA,NA,NA,Illadopsis distans
9409,NA,NA,NA,NA,Illadopsis pyrrhoptera
9410,NA,NA,NA,NA,Illadopsis cleaveri
9411,NA,NA,NA,NA,Illadopsis albipectus
9412,NA,NA,NA,NA,Illadopsis turdina
9413,NA,NA,NA,NA,Illadopsis puveli
9414,NA,NA,NA,NA,Illadopsis rufescens
9415,NA,NA,NA,NA,Pellorneum ruficeps
9416,NA,NA,NA,NA,Pellorneum nigrocapitatum
9417,"Pets/display animals, horticulture",international,non-trivial,recent,Pellorneum capistratum
9418,NA,NA,NA,NA,Pellorneum fuscocapillus
9419,NA,NA,NA,NA,Pellorneum palustre
9420,NA,NA,NA,NA,Pellorneum albiventre
9421,NA,NA,NA,NA,Pellorneum cinereiceps
9422,NA,NA,NA,NA,Pellorneum malaccense
9423,NA,NA,NA,NA,Pellorneum bicolor
9424,NA,NA,NA,NA,Pellorneum rostratum
9425,NA,NA,NA,NA,Pellorneum celebense
9426,NA,NA,NA,NA,Pellorneum buettikoferi
9427,NA,NA,NA,NA,Pellorneum pyrrogenys
9428,NA,NA,NA,NA,Pellorneum tickelli
9429,NA,NA,NA,NA,Leonardina woodi
9430,NA,NA,NA,NA,Kenopia striata
9431,NA,NA,NA,NA,Malacocincla abbotti
9432,NA,NA,NA,NA,Malacocincla sepiaria
9433,NA,NA,NA,NA,Malacocincla perspicillata
9434,NA,NA,NA,NA,Gypsophila crispifrons
9435,NA,NA,NA,NA,Gypsophila annamensis
9436,NA,NA,NA,NA,Gypsophila calcicola
9437,NA,NA,NA,NA,Gypsophila brevicaudata
9438,NA,NA,NA,NA,Gypsophila crassa
9439,NA,NA,NA,NA,Gypsophila rufipecta
9440,NA,NA,NA,NA,Turdinus macrodactylus
9441,NA,NA,NA,NA,Turdinus atrigularis
9442,NA,NA,NA,NA,Turdinus marmoratus
9443,NA,NA,NA,NA,Ptilocichla leucogrammica
9444,NA,NA,NA,NA,Ptilocichla mindanensis
9445,NA,NA,NA,NA,Ptilocichla falcata
9446,NA,NA,NA,NA,Napothera epilepidota
9447,NA,NA,NA,NA,Napothera naungmungensis
9448,NA,NA,NA,NA,Napothera danjoui
9449,NA,NA,NA,NA,Napothera malacoptila
9450,NA,NA,NA,NA,Napothera pasquieri
9451,NA,NA,NA,NA,Napothera albostriata
9452,NA,NA,NA,NA,Graminicola bengalensis
9453,NA,NA,NA,NA,Graminicola striatus
9454,NA,NA,NA,NA,Alcippe brunneicauda
9455,NA,NA,NA,NA,Alcippe grotei
9456,"Pets/display animals, horticulture",international,non-trivial,recent,Alcippe poioicephala
9457,"Pets/display animals, horticulture",international,non-trivial,recent,Alcippe nipalensis
9458,NA,NA,NA,NA,Alcippe morrisonia
9459,NA,NA,NA,NA,Alcippe peracensis
9460,NA,NA,NA,NA,Alcippe pyrrhoptera
9461,"Pets/display animals, horticulture",NA,non-trivial,recent,Grammatoptila striata
9462,NA,NA,NA,NA,Cutia nipalensis
9463,"Pets/display animals, horticulture",NA,non-trivial,recent,Cutia legalleni
9464,NA,NA,NA,NA,Argya malcolmi
9465,NA,NA,NA,NA,Argya cinereifrons
9466,NA,NA,NA,NA,Argya subrufa
9467,NA,NA,NA,NA,Argya longirostris
9468,"Pets/display animals, horticulture",international,non-trivial,recent,Argya gularis
9469,"Pets/display animals, horticulture",international,non-trivial,recent,Argya striata
9470,NA,NA,NA,NA,Argya rufescens
9471,Food - human,,non-trivial,recent,Argya somervillei
9472,"Pets/display animals, horticulture",international,non-trivial,recent,Argya somervillei
9473,NA,NA,NA,NA,Argya affinis
9474,Food - human,NA,non-trivial,recent,Argya earlei
9475,Food - human,,non-trivial,recent,Argya caudata
9476,"Pets/display animals, horticulture",international,non-trivial,recent,Argya caudata
9477,NA,NA,NA,NA,Argya altirostris
9478,NA,NA,NA,NA,Argya squamiceps
9479,NA,NA,NA,NA,Argya fulva
9480,NA,NA,NA,NA,Argya rubiginosa
9481,NA,NA,NA,NA,Argya aylmeri
9482,NA,NA,NA,NA,Acanthoptila nipalensis
9483,NA,NA,NA,NA,Kupeornis gilberti
9484,NA,NA,NA,NA,Kupeornis rufocinctus
9485,NA,NA,NA,NA,Kupeornis chapini
9486,Food - human,NA,non-trivial,recent,Phyllanthus atripennis
9487,Food - human,NA,non-trivial,recent,Phyllanthus rubiginosus
9488,NA,NA,NA,NA,Phyllanthus bohndorffi
9489,NA,NA,NA,NA,Turdoides sharpei
9490,NA,NA,NA,NA,Turdoides melanops
9491,NA,NA,NA,NA,Turdoides tenebrosa
9492,NA,NA,NA,NA,Turdoides reinwardtii
9493,NA,NA,NA,NA,Turdoides leucocephala
9494,"Pets/display animals, horticulture",international,non-trivial,recent,Turdoides plebejus
9495,"Pets/display animals, horticulture",international,non-trivial,recent,Turdoides jardineii
9496,NA,NA,NA,NA,Turdoides squamulata
9497,NA,NA,NA,NA,Turdoides leucopygia
9498,NA,NA,NA,NA,Turdoides hartlaubii
9499,NA,NA,NA,NA,Turdoides hindei
9500,NA,NA,NA,NA,Turdoides hypoleuca
9501,NA,NA,NA,NA,Turdoides bicolor
9502,NA,NA,NA,NA,Turdoides gymnogenys
9503,Food - human,NA,non-trivial,recent,Garrulax canorus
9504,"Pets/display animals, horticulture",NA,non-trivial,recent,Garrulax canorus
9505,NA,NA,NA,NA,Garrulax taewanus
9506,NA,NA,NA,NA,Garrulax merulinus
9507,NA,NA,NA,NA,Garrulax annamensis
9508,"Pets/display animals, horticulture",NA,non-trivial,recent,Garrulax rufifrons
9509,NA,NA,NA,NA,Garrulax monileger
9510,NA,NA,NA,NA,Garrulax leucolophus
9511,"Pets/display animals, horticulture",NA,non-trivial,recent,Garrulax bicolor
9512,"Pets/display animals, horticulture",NA,non-trivial,recent,Garrulax palliatus
9513,"Pets/display animals, horticulture",international,non-trivial,recent,Garrulax milleti
9514,NA,NA,NA,NA,Garrulax maesi
9515,NA,NA,NA,NA,Garrulax castanotis
9516,NA,NA,NA,NA,Garrulax strepitans
9517,NA,NA,NA,NA,Garrulax ferrarius
9518,NA,NA,NA,NA,Ianthocincla lunulata
9519,NA,NA,NA,NA,Ianthocincla bieti
9520,NA,NA,NA,NA,Ianthocincla maxima
9521,Food - human,,non-trivial,recent,Ianthocincla ocellata
9522,"Pets/display animals, horticulture",international,non-trivial,recent,Ianthocincla ocellata
9523,NA,NA,NA,NA,Ianthocincla sukatschewi
9524,"Pets/display animals, horticulture",NA,non-trivial,recent,Ianthocincla cineracea
9525,"Pets/display animals, horticulture",NA,non-trivial,recent,Ianthocincla cinereiceps
9526,"Pets/display animals, horticulture",international,non-trivial,recent,Ianthocincla rufogularis
9527,NA,NA,NA,NA,Ianthocincla konkakinhensis
9528,NA,NA,NA,NA,Pterorhinus sannio
9529,NA,NA,NA,NA,Pterorhinus perspicillatus
9530,NA,NA,NA,NA,Pterorhinus davidi
9531,NA,NA,NA,NA,Pterorhinus nuchalis
9532,Food - human,,non-trivial,recent,Pterorhinus chinensis
9533,"Pets/display animals, horticulture",international,non-trivial,recent,Pterorhinus chinensis
9534,NA,NA,NA,NA,Pterorhinus vassali
9535,"Pets/display animals, horticulture",NA,non-trivial,recent,Pterorhinus mitratus
9536,"Pets/display animals, horticulture",NA,non-trivial,recent,Pterorhinus treacheri
9537,NA,NA,NA,NA,Pterorhinus pectoralis
9538,Food - human,NA,non-trivial,recent,Pterorhinus woodi
9539,"Pets/display animals, horticulture",NA,non-trivial,recent,Pterorhinus woodi
9540,Food - human,NA,non-trivial,recent,Pterorhinus lanceolatus
9541,"Pets/display animals, horticulture",NA,non-trivial,recent,Pterorhinus lanceolatus
9542,NA,NA,NA,NA,Pterorhinus waddelli
9543,NA,NA,NA,NA,Pterorhinus koslowi
9544,Food - human,NA,non-trivial,recent,Pterorhinus albogularis
9545,"Pets/display animals, horticulture",NA,non-trivial,recent,Pterorhinus albogularis
9546,NA,NA,NA,NA,Pterorhinus ruficeps
9547,"Pets/display animals, horticulture",international,non-trivial,recent,Pterorhinus caerulatus
9548,NA,NA,NA,NA,Pterorhinus berthemyi
9549,"Pets/display animals, horticulture",international,non-trivial,recent,Pterorhinus poecilorhynchus
9550,Food - human,NA,non-trivial,recent,Pterorhinus ruficollis
9551,"Pets/display animals, horticulture",NA,non-trivial,recent,Pterorhinus ruficollis
9552,NA,NA,NA,NA,Pterorhinus galbanus
9553,"Pets/display animals, horticulture",international,non-trivial,recent,Pterorhinus courtoisi
9554,"Pets/display animals, horticulture",international,non-trivial,recent,Pterorhinus delesserti
9555,NA,NA,NA,NA,Pterorhinus gularis
9556,NA,NA,NA,NA,Trochalopteron subunicolor
9557,NA,NA,NA,NA,Trochalopteron austeni
9558,"Pets/display animals, horticulture",international,non-trivial,recent,Trochalopteron squamatum
9559,NA,NA,NA,NA,Trochalopteron lineatum
9560,NA,NA,NA,NA,Trochalopteron imbricatum
9561,NA,NA,NA,NA,Trochalopteron virgatum
9562,NA,NA,NA,NA,Trochalopteron variegatum
9563,Food - human,NA,non-trivial,recent,Trochalopteron affine
9564,"Pets/display animals, horticulture",NA,non-trivial,recent,Trochalopteron affine
9565,NA,NA,NA,NA,Trochalopteron morrisonianum
9566,Food - human,NA,non-trivial,recent,Trochalopteron elliotii
9567,"Pets/display animals, horticulture",NA,non-trivial,recent,Trochalopteron elliotii
9568,NA,NA,NA,NA,Trochalopteron henrici
9569,NA,NA,NA,NA,Trochalopteron milnei
9570,Food - human,NA,non-trivial,recent,Trochalopteron formosum
9571,"Pets/display animals, horticulture",NA,non-trivial,recent,Trochalopteron formosum
9572,"Pets/display animals, horticulture",NA,non-trivial,recent,Trochalopteron erythrocephalum
9573,NA,NA,NA,NA,Trochalopteron chrysopterum
9574,NA,NA,NA,NA,Trochalopteron melanostigma
9575,NA,NA,NA,NA,Trochalopteron ngoclinhense
9576,NA,NA,NA,NA,Trochalopteron peninsulae
9577,"Pets/display animals, horticulture",NA,non-trivial,recent,Trochalopteron yersini
9578,NA,NA,NA,NA,Montecincla fairbanki
9579,NA,NA,NA,NA,Montecincla meridionalis
9580,NA,NA,NA,NA,Montecincla jerdoni
9581,NA,NA,NA,NA,Montecincla cachinnans
9582,"Pets/display animals, horticulture",international,non-trivial,recent,Heterophasia auricularis
9583,NA,NA,NA,NA,Heterophasia picaoides
9584,"Pets/display animals, horticulture",international,non-trivial,recent,Heterophasia pulchella
9585,NA,NA,NA,NA,Heterophasia capistrata
9586,NA,NA,NA,NA,Heterophasia melanoleuca
9587,NA,NA,NA,NA,Heterophasia desgodinsi
9588,NA,NA,NA,NA,Heterophasia gracilis
9589,Food - human,NA,non-trivial,recent,Leiothrix argentauris
9590,Food - human,NA,non-trivial,recent,Leiothrix laurinae
9591,"Pets/display animals, horticulture",NA,non-trivial,recent,Leiothrix laurinae
9592,Food - human,NA,non-trivial,recent,Leiothrix lutea
9593,"Pets/display animals, horticulture",NA,non-trivial,recent,Leiothrix lutea
9594,NA,NA,NA,NA,Leioptila annectens
9595,NA,NA,NA,NA,Minla ignotincta
9596,"Pets/display animals, horticulture",international,non-trivial,recent,Liocichla phoenicea
9597,"Pets/display animals, horticulture",international,non-trivial,recent,Liocichla ripponi
9598,NA,NA,NA,NA,Liocichla bugunorum
9599,Food - human,,non-trivial,recent,Liocichla omeiensis
9600,"Pets/display animals, horticulture",international,non-trivial,recent,Liocichla omeiensis
9601,NA,NA,NA,NA,Liocichla steerii
9602,NA,NA,NA,NA,Sibia nipalensis
9603,NA,NA,NA,NA,Sibia waldeni
9604,NA,NA,NA,NA,Sibia souliei
9605,"Pets/display animals, horticulture",international,non-trivial,recent,Sibia morrisoniana
9606,NA,NA,NA,NA,Siva cyanouroptera
9607,NA,NA,NA,NA,Chrysominla strigula
9608,NA,NA,NA,NA,Actinodura egertoni
9609,"Pets/display animals, horticulture",international,non-trivial,recent,Actinodura ramsayi
9610,NA,NA,NA,NA,Actinodura radcliffei
9611,"Pets/display animals, horticulture",international,non-trivial,recent,Actinodura sodangorum
9612,NA,NA,NA,NA,Laniellus langbianis
9613,"Pets/display animals, horticulture",NA,non-trivial,recent,Laniellus albonotatus
9614,NA,NA,NA,NA,Certhia tianquanensis
9615,NA,NA,NA,NA,Certhia nipalensis
9616,NA,NA,NA,NA,Certhia discolor
9617,NA,NA,NA,NA,Certhia manipurensis
9618,NA,NA,NA,NA,Certhia himalayana
9619,NA,NA,NA,NA,Certhia brachydactyla
9620,NA,NA,NA,NA,Certhia americana
9621,NA,NA,NA,NA,Certhia hodgsoni
9622,NA,NA,NA,NA,Certhia familiaris
9623,"Pets/display animals, horticulture",international,non-trivial,recent,Sitta europaea
9624,"Pets/display animals, horticulture",international,non-trivial,recent,Sitta arctica
9625,NA,NA,NA,NA,Sitta nagaensis
9626,NA,NA,NA,NA,Sitta cashmirensis
9627,"Pets/display animals, horticulture",NA,non-trivial,recent,Sitta castanea
9628,Sport hunting/specimen collecting,NA,non-trivial,recent,Sitta castanea
9629,Sport hunting/specimen collecting,NA,non-trivial,recent,Sitta cinnamoventris
9630,Sport hunting/specimen collecting,NA,non-trivial,recent,Sitta neglecta
9631,NA,NA,NA,NA,Sitta himalayensis
9632,NA,NA,NA,NA,Sitta victoriae
9633,NA,NA,NA,NA,Sitta pygmaea
9634,NA,NA,NA,NA,Sitta pusilla
9635,NA,NA,NA,NA,Sitta insularis
9636,NA,NA,NA,NA,Sitta whiteheadi
9637,NA,NA,NA,NA,Sitta ledanti
9638,NA,NA,NA,NA,Sitta krueperi
9639,NA,NA,NA,NA,Sitta yunnanensis
9640,"Pets/display animals, horticulture",international,non-trivial,recent,Sitta canadensis
9641,NA,NA,NA,NA,Sitta villosa
9642,"Pets/display animals, horticulture",international,non-trivial,recent,Sitta leucopsis
9643,NA,NA,NA,NA,Sitta przewalskii
9644,NA,NA,NA,NA,Sitta carolinensis
9645,NA,NA,NA,NA,Sitta neumayer
9646,NA,NA,NA,NA,Sitta tephronota
9647,NA,NA,NA,NA,Sitta frontalis
9648,NA,NA,NA,NA,Sitta solangiae
9649,NA,NA,NA,NA,Sitta oenochlamys
9650,NA,NA,NA,NA,Sitta azurea
9651,"Pets/display animals, horticulture",NA,non-trivial,recent,Sitta magna
9652,"Pets/display animals, horticulture",NA,non-trivial,recent,Sitta formosa
9653,"Pets/display animals, horticulture",international,non-trivial,recent,Tichodroma muraria
9654,"Pets/display animals, horticulture",international,non-trivial,recent,Salpornis salvadori
9655,NA,NA,NA,NA,Salpornis spilonota
9656,NA,NA,NA,NA,Microbates collaris
9657,NA,NA,NA,NA,Microbates cinereiventris
9658,NA,NA,NA,NA,Ramphocaenus melanurus
9659,NA,NA,NA,NA,Polioptila caerulea
9660,NA,NA,NA,NA,Polioptila lembeyei
9661,NA,NA,NA,NA,Polioptila californica
9662,NA,NA,NA,NA,Polioptila melanura
9663,NA,NA,NA,NA,Polioptila nigriceps
9664,NA,NA,NA,NA,Polioptila albiloris
9665,NA,NA,NA,NA,Polioptila plumbea
9666,NA,NA,NA,NA,Polioptila maior
9667,NA,NA,NA,NA,Polioptila lactea
9668,NA,NA,NA,NA,Polioptila guianensis
9669,NA,NA,NA,NA,Polioptila schistaceigula
9670,NA,NA,NA,NA,Polioptila dumicola
9671,NA,NA,NA,NA,Salpinctes obsoletus
9672,NA,NA,NA,NA,Microcerculus philomela
9673,NA,NA,NA,NA,Microcerculus marginatus
9674,NA,NA,NA,NA,Microcerculus ustulatus
9675,NA,NA,NA,NA,Microcerculus bambla
9676,NA,NA,NA,NA,Catherpes mexicanus
9677,NA,NA,NA,NA,Hylorchilus sumichrasti
9678,NA,NA,NA,NA,Hylorchilus navai
9679,NA,NA,NA,NA,Odontorchilus branickii
9680,NA,NA,NA,NA,Odontorchilus cinereus
9681,NA,NA,NA,NA,Ferminia cerverai
9682,Food - human,,non-trivial,recent,Troglodytes pacificus
9683,"Pets/display animals, horticulture",international,non-trivial,recent,Troglodytes pacificus
9684,Food - human,,non-trivial,recent,Troglodytes hiemalis
9685,"Pets/display animals, horticulture",international,non-trivial,recent,Troglodytes hiemalis
9686,Food - human,,non-trivial,recent,Troglodytes troglodytes
9687,"Pets/display animals, horticulture",international,non-trivial,recent,Troglodytes troglodytes
9688,NA,NA,NA,NA,Troglodytes tanneri
9689,"Pets/display animals, horticulture",international,non-trivial,recent,Troglodytes aedon
9690,"Pets/display animals, horticulture",international,non-trivial,recent,Troglodytes beani
9691,NA,NA,NA,NA,Troglodytes cobbi
9692,NA,NA,NA,NA,Troglodytes rufociliatus
9693,NA,NA,NA,NA,Troglodytes ochraceus
9694,NA,NA,NA,NA,Troglodytes solstitialis
9695,NA,NA,NA,NA,Troglodytes monticola
9696,NA,NA,NA,NA,Troglodytes rufulus
9697,NA,NA,NA,NA,Troglodytes sissonii
9698,NA,NA,NA,NA,Thryorchilus browni
9699,NA,NA,NA,NA,Cistothorus stellaris
9700,NA,NA,NA,NA,Cistothorus platensis
9701,NA,NA,NA,NA,Cistothorus meridae
9702,NA,NA,NA,NA,Cistothorus apolinari
9703,NA,NA,NA,NA,Cistothorus palustris
9704,"Pets/display animals, horticulture",international,non-trivial,recent,Thryothorus ludovicianus
9705,"Pets/display animals, horticulture",international,non-trivial,recent,Thryothorus albinucha
9706,NA,NA,NA,NA,Thryomanes bewickii
9707,NA,NA,NA,NA,Campylorhynchus nuchalis
9708,"Pets/display animals, horticulture",international,non-trivial,recent,Campylorhynchus fasciatus
9709,NA,NA,NA,NA,Campylorhynchus zonatus
9710,NA,NA,NA,NA,Campylorhynchus megalopterus
9711,NA,NA,NA,NA,Campylorhynchus albobrunneus
9712,NA,NA,NA,NA,Campylorhynchus turdinus
9713,NA,NA,NA,NA,Campylorhynchus gularis
9714,NA,NA,NA,NA,Campylorhynchus humilis
9715,NA,NA,NA,NA,Campylorhynchus rufinucha
9716,NA,NA,NA,NA,Campylorhynchus capistratus
9717,NA,NA,NA,NA,Campylorhynchus griseus
9718,NA,NA,NA,NA,Campylorhynchus chiapensis
9719,"Pets/display animals, horticulture",international,non-trivial,recent,Campylorhynchus brunneicapillus
9720,NA,NA,NA,NA,Campylorhynchus yucatanicus
9721,NA,NA,NA,NA,Campylorhynchus jocosus
9722,NA,NA,NA,NA,Pheugopedius fasciatoventris
9723,NA,NA,NA,NA,Pheugopedius euophrys
9724,NA,NA,NA,NA,Pheugopedius schulenbergi
9725,NA,NA,NA,NA,Pheugopedius eisenmanni
9726,NA,NA,NA,NA,Pheugopedius mystacalis
9727,NA,NA,NA,NA,Pheugopedius coraya
9728,NA,NA,NA,NA,Pheugopedius genibarbis
9729,NA,NA,NA,NA,Pheugopedius atrogularis
9730,NA,NA,NA,NA,Pheugopedius spadix
9731,NA,NA,NA,NA,Pheugopedius felix
9732,NA,NA,NA,NA,Pheugopedius columbianus
9733,NA,NA,NA,NA,Pheugopedius paucimaculatus
9734,NA,NA,NA,NA,Pheugopedius sclateri
9735,NA,NA,NA,NA,Pheugopedius rutilus
9736,NA,NA,NA,NA,Pheugopedius maculipectus
9737,"Pets/display animals, horticulture",international,non-trivial,recent,Thryophilus pleurostictus
9738,NA,NA,NA,NA,Thryophilus rufalbus
9739,NA,NA,NA,NA,Thryophilus sernai
9740,NA,NA,NA,NA,Thryophilus nicefori
9741,NA,NA,NA,NA,Thryophilus sinaloa
9742,NA,NA,NA,NA,Cinnycerthia unirufa
9743,NA,NA,NA,NA,Cinnycerthia olivascens
9744,NA,NA,NA,NA,Cinnycerthia peruana
9745,NA,NA,NA,NA,Cinnycerthia fulva
9746,NA,NA,NA,NA,Cantorchilus leucopogon
9747,NA,NA,NA,NA,Cantorchilus thoracicus
9748,NA,NA,NA,NA,Cantorchilus superciliaris
9749,NA,NA,NA,NA,Cantorchilus leucotis
9750,NA,NA,NA,NA,Cantorchilus longirostris
9751,NA,NA,NA,NA,Cantorchilus guarayanus
9752,NA,NA,NA,NA,Cantorchilus semibadius
9753,NA,NA,NA,NA,Cantorchilus nigricapillus
9754,NA,NA,NA,NA,Cantorchilus modestus
9755,NA,NA,NA,NA,Cantorchilus zeledoni
9756,NA,NA,NA,NA,Cantorchilus griseus
9757,NA,NA,NA,NA,Uropsila leucogastra
9758,NA,NA,NA,NA,Henicorhina leucosticta
9759,NA,NA,NA,NA,Henicorhina leucoptera
9760,NA,NA,NA,NA,Henicorhina leucophrys
9761,NA,NA,NA,NA,Henicorhina anachoreta
9762,NA,NA,NA,NA,Henicorhina negreti
9763,NA,NA,NA,NA,Cyphorhinus dichrous
9764,NA,NA,NA,NA,Cyphorhinus thoracicus
9765,NA,NA,NA,NA,Cyphorhinus phaeocephalus
9766,NA,NA,NA,NA,Cyphorhinus arada
9767,"Pets/display animals, horticulture",international,non-trivial,recent,Cinclus cinclus
9768,"Pets/display animals, horticulture",international,non-trivial,recent,Cinclus cinclus
9769,NA,NA,NA,NA,Cinclus pallasii
9770,NA,NA,NA,NA,Cinclus mexicanus
9771,NA,NA,NA,NA,Cinclus leucocephalus
9772,NA,NA,NA,NA,Cinclus schulzii
9773,"Pets/display animals, horticulture",NA,non-trivial,recent,Buphagus erythrorynchus
9774,NA,NA,NA,NA,Buphagus africanus
9775,Food - human,NA,non-trivial,recent,Sturnus vulgaris
9776,"Pets/display animals, horticulture",NA,non-trivial,recent,Sturnus vulgaris
9777,Sport hunting/specimen collecting,NA,non-trivial,recent,Sturnus vulgaris
9778,NA,NA,NA,NA,Sturnus unicolor
9779,NA,NA,NA,NA,Creatophora cinerea
9780,NA,NA,NA,NA,Pastor roseus
9781,NA,NA,NA,NA,Agropsar sturninus
9782,"Pets/display animals, horticulture",NA,non-trivial,recent,Agropsar philippensis
9783,NA,NA,NA,NA,Gracupica contra
9784,NA,NA,NA,NA,Gracupica floweri
9785,Food - human,NA,non-trivial,recent,Gracupica jalla
9786,"Pets/display animals, horticulture",NA,non-trivial,recent,Gracupica jalla
9787,NA,NA,NA,NA,Gracupica nigricollis
9788,NA,NA,NA,NA,Sturnornis albofrontatus
9789,"Pets/display animals, horticulture",international,non-trivial,recent,Leucopsar rothschildi
9790,NA,NA,NA,NA,Sturnia sinensis
9791,Food - human,,non-trivial,recent,Sturnia pagodarum
9792,"Pets/display animals, horticulture",international,non-trivial,recent,Sturnia pagodarum
9793,NA,NA,NA,NA,Sturnia malabarica
9794,"Pets/display animals, horticulture",international,non-trivial,recent,Sturnia erythropygia
9795,Food - human,NA,non-trivial,recent,Spodiopsar sericeus
9796,"Pets/display animals, horticulture",NA,non-trivial,recent,Spodiopsar sericeus
9797,NA,NA,NA,NA,Spodiopsar cineraceus
9798,Food - human,,non-trivial,recent,Acridotheres tristis
9799,"Pets/display animals, horticulture",international,non-trivial,recent,Acridotheres tristis
9800,Food - human,NA,non-trivial,recent,Acridotheres ginginianus
9801,"Pets/display animals, horticulture",NA,non-trivial,recent,Acridotheres ginginianus
9802,"Pets/display animals, horticulture",international,non-trivial,recent,Acridotheres burmannicus
9803,NA,NA,NA,NA,Acridotheres leucocephalus
9804,"Pets/display animals, horticulture",international,non-trivial,recent,Acridotheres melanopterus
9805,NA,NA,NA,NA,Acridotheres fuscus
9806,"Pets/display animals, horticulture",international,non-trivial,recent,Acridotheres cinereus
9807,"Pets/display animals, horticulture",international,non-trivial,recent,Acridotheres javanicus
9808,NA,NA,NA,NA,Acridotheres albocinctus
9809,"Pets/display animals, horticulture",international,non-trivial,recent,Acridotheres grandis
9810,NA,NA,NA,NA,Acridotheres cristatellus
9811,NA,NA,NA,NA,Onychognathus tenuirostris
9812,NA,NA,NA,NA,Onychognathus nabouroup
9813,NA,NA,NA,NA,Onychognathus neumanni
9814,"Pets/display animals, horticulture",NA,non-trivial,recent,Onychognathus morio
9815,NA,NA,NA,NA,Onychognathus fulgidus
9816,NA,NA,NA,NA,Onychognathus walleri
9817,NA,NA,NA,NA,Onychognathus albirostris
9818,"Pets/display animals, horticulture",international,non-trivial,recent,Onychognathus tristramii
9819,NA,NA,NA,NA,Onychognathus salvadorii
9820,NA,NA,NA,NA,Onychognathus frater
9821,NA,NA,NA,NA,Onychognathus blythii
9822,NA,NA,NA,NA,Saroglossa spilopterus
9823,NA,NA,NA,NA,Neocichla gutturalis
9824,NA,NA,NA,NA,Grafisia torquata
9825,NA,NA,NA,NA,Speculipastor bicolor
9826,NA,NA,NA,NA,Pholia sharpii
9827,NA,NA,NA,NA,Poeoptera stuhlmanni
9828,NA,NA,NA,NA,Poeoptera kenricki
9829,NA,NA,NA,NA,Poeoptera lugubris
9830,NA,NA,NA,NA,Arizelopsar femoralis
9831,NA,NA,NA,NA,Lamprotornis hildebrandti
9832,NA,NA,NA,NA,Lamprotornis shelleyi
9833,NA,NA,NA,NA,Lamprotornis australis
9834,NA,NA,NA,NA,Lamprotornis caudatus
9835,NA,NA,NA,NA,Lamprotornis purpuroptera
9836,NA,NA,NA,NA,Lamprotornis benguelensis
9837,"Pets/display animals, horticulture",international,non-trivial,recent,Lamprotornis violacior
9838,"Pets/display animals, horticulture",international,non-trivial,recent,Lamprotornis mevesii
9839,NA,NA,NA,NA,Lamprotornis unicolor
9840,NA,NA,NA,NA,Lamprotornis ornatus
9841,"Pets/display animals, horticulture",international,non-trivial,recent,Lamprotornis splendidus
9842,NA,NA,NA,NA,Lamprotornis regius
9843,"Pets/display animals, horticulture",international,non-trivial,recent,Lamprotornis superbus
9844,"Pets/display animals, horticulture",international,non-trivial,recent,Lamprotornis pulcher
9845,NA,NA,NA,NA,Lamprotornis bicolor
9846,NA,NA,NA,NA,Lamprotornis albicapillus
9847,NA,NA,NA,NA,Lamprotornis fischeri
9848,NA,NA,NA,NA,Lamprotornis acuticaudus
9849,"Pets/display animals, horticulture",international,non-trivial,recent,Lamprotornis chloropterus
9850,"Pets/display animals, horticulture",international,non-trivial,recent,Lamprotornis purpureus
9851,NA,NA,NA,NA,Lamprotornis chalcurus
9852,"Pets/display animals, horticulture",international,non-trivial,recent,Lamprotornis nitens
9853,NA,NA,NA,NA,Lamprotornis chalybaeus
9854,"Pets/display animals, horticulture",international,non-trivial,recent,Lamprotornis iris
9855,NA,NA,NA,NA,Hartlaubius auratus
9856,"Pets/display animals, horticulture",international,non-trivial,recent,Cinnyricinclus leucogaster
9857,"Pets/display animals, horticulture",international,non-trivial,recent,Hylopsar purpureiceps
9858,NA,NA,NA,NA,Hylopsar cupreocauda
9859,NA,NA,NA,NA,Notopholia corusca
9860,NA,NA,NA,NA,Rhabdornis mystacalis
9861,NA,NA,NA,NA,Rhabdornis grandis
9862,NA,NA,NA,NA,Rhabdornis rabori
9863,NA,NA,NA,NA,Rhabdornis inornatus
9864,"Pets/display animals, horticulture",international,non-trivial,recent,Basilornis celebensis
9865,NA,NA,NA,NA,Basilornis galeatus
9866,NA,NA,NA,NA,Basilornis corythaix
9867,NA,NA,NA,NA,Goodfellowia miranda
9868,"Pets/display animals, horticulture",international,non-trivial,recent,Streptocitta torquata
9869,"Pets/display animals, horticulture",international,non-trivial,recent,Streptocitta albicollis
9870,NA,NA,NA,NA,Streptocitta albertinae
9871,NA,NA,NA,NA,Sarcops calvus
9872,NA,NA,NA,NA,Mino dumontii
9873,"Pets/display animals, horticulture",NA,non-trivial,recent,Mino kreffti
9874,"Pets/display animals, horticulture",international,non-trivial,recent,Mino anais
9875,"Pets/display animals, horticulture",international,non-trivial,recent,Gracula ptilogenys
9876,Food - human,,non-trivial,recent,Gracula indica
9877,"Pets/display animals, horticulture",international,non-trivial,recent,Gracula indica
9878,Food - human,,non-trivial,recent,Gracula religiosa
9879,"Pets/display animals, horticulture",international,non-trivial,recent,Gracula religiosa
9880,Food - human,,non-trivial,recent,Gracula venerata
9881,"Pets/display animals, horticulture",international,non-trivial,recent,Gracula venerata
9882,"Pets/display animals, horticulture",international,non-trivial,recent,Gracula robusta
9883,"Pets/display animals, horticulture",NA,non-trivial,recent,Ampeliceps coronatus
9884,NA,NA,NA,NA,Enodes erythrophris
9885,"Pets/display animals, horticulture",international,non-trivial,recent,Scissirostrum dubium
9886,"Pets/display animals, horticulture",international,non-trivial,recent,Aplonis metallica
9887,"Pets/display animals, horticulture",international,non-trivial,recent,Aplonis circumscripta
9888,Food - human,NA,non-trivial,recent,Aplonis mystacea
9889,"Pets/display animals, horticulture",international,non-trivial,recent,Aplonis cantoroides
9890,NA,NA,NA,NA,Aplonis crassa
9891,NA,NA,NA,NA,Aplonis feadensis
9892,NA,NA,NA,NA,Aplonis insularis
9893,NA,NA,NA,NA,Aplonis magna
9894,Food - human,NA,non-trivial,recent,Aplonis brunneicapillus
9895,NA,NA,NA,NA,Aplonis grandis
9896,NA,NA,NA,NA,Aplonis dichroa
9897,NA,NA,NA,NA,Aplonis zelandica
9898,NA,NA,NA,NA,Aplonis striata
9899,Food - human,NA,non-trivial,recent,Aplonis santovestris
9900,NA,NA,NA,NA,Aplonis panayensis
9901,NA,NA,NA,NA,Aplonis mysolensis
9902,NA,NA,NA,NA,Aplonis minor
9903,NA,NA,NA,NA,Aplonis opaca
9904,NA,NA,NA,NA,Aplonis pelzelni
9905,NA,NA,NA,NA,Aplonis tabuensis
9906,NA,NA,NA,NA,Aplonis atrifusca
9907,NA,NA,NA,NA,Aplonis cinerascens
9908,"Pets/display animals, horticulture",international,non-trivial,recent,Melanotis caerulescens
9909,NA,NA,NA,NA,Melanotis hypoleucus
9910,NA,NA,NA,NA,Melanoptila glabrirostris
9911,NA,NA,NA,NA,Dumetella carolinensis
9912,NA,NA,NA,NA,Ramphocinclus brachyurus
9913,NA,NA,NA,NA,Allenia fusca
9914,NA,NA,NA,NA,Margarops fuscatus
9915,NA,NA,NA,NA,Cinclocerthia ruficauda
9916,NA,NA,NA,NA,Cinclocerthia gutturalis
9917,NA,NA,NA,NA,Mimus thenca
9918,NA,NA,NA,NA,Mimus patagonicus
9919,"Pets/display animals, horticulture",NA,non-trivial,recent,Mimus saturninus
9920,NA,NA,NA,NA,Mimus triurus
9921,NA,NA,NA,NA,Mimus dorsalis
9922,NA,NA,NA,NA,Mimus longicaudatus
9923,"Pets/display animals, horticulture",international,non-trivial,recent,Mimus polyglottos
9924,"Pets/display animals, horticulture",NA,non-trivial,recent,Mimus gilvus
9925,NA,NA,NA,NA,Mimus graysoni
9926,NA,NA,NA,NA,Mimus gundlachii
9927,NA,NA,NA,NA,Mimus trifasciatus
9928,NA,NA,NA,NA,Mimus parvulus
9929,NA,NA,NA,NA,Mimus macdonaldi
9930,NA,NA,NA,NA,Mimus melanotis
9931,NA,NA,NA,NA,Oreoscoptes montanus
9932,"Pets/display animals, horticulture",international,non-trivial,recent,Toxostoma curvirostre
9933,NA,NA,NA,NA,Toxostoma ocellatum
9934,NA,NA,NA,NA,Toxostoma rufum
9935,NA,NA,NA,NA,Toxostoma longirostre
9936,NA,NA,NA,NA,Toxostoma guttatum
9937,NA,NA,NA,NA,Toxostoma bendirei
9938,"Pets/display animals, horticulture",international,non-trivial,recent,Toxostoma cinereum
9939,NA,NA,NA,NA,Toxostoma redivivum
9940,NA,NA,NA,NA,Toxostoma crissale
9941,"Pets/display animals, horticulture",international,non-trivial,recent,Toxostoma lecontei
9942,NA,NA,NA,NA,Sialia mexicana
9943,"Pets/display animals, horticulture",international,non-trivial,recent,Sialia sialis
9944,NA,NA,NA,NA,Sialia currucoides
9945,"Pets/display animals, horticulture",international,non-trivial,recent,Grandala coelicolor
9946,NA,NA,NA,NA,Neocossyphus rufus
9947,NA,NA,NA,NA,Neocossyphus poensis
9948,NA,NA,NA,NA,Stizorhina fraseri
9949,NA,NA,NA,NA,Stizorhina finschi
9950,NA,NA,NA,NA,Myadestes townsendi
9951,NA,NA,NA,NA,Myadestes obscurus
9952,NA,NA,NA,NA,Myadestes palmeri
9953,NA,NA,NA,NA,Myadestes elisabeth
9954,NA,NA,NA,NA,Myadestes genibarbis
9955,NA,NA,NA,NA,Myadestes occidentalis
9956,"Pets/display animals, horticulture",NA,non-trivial,recent,Myadestes unicolor
9957,"Pets/display animals, horticulture",international,non-trivial,recent,Myadestes melanops
9958,NA,NA,NA,NA,Myadestes coloratus
9959,NA,NA,NA,NA,Myadestes ralloides
9960,NA,NA,NA,NA,Zoothera heinrichi
9961,NA,NA,NA,NA,Zoothera dixoni
9962,NA,NA,NA,NA,Zoothera mollissima
9963,NA,NA,NA,NA,Zoothera griseiceps
9964,NA,NA,NA,NA,Zoothera salimalii
9965,NA,NA,NA,NA,Zoothera marginata
9966,NA,NA,NA,NA,Zoothera monticola
9967,NA,NA,NA,NA,Zoothera everetti
9968,NA,NA,NA,NA,Zoothera andromedae
9969,Food - human,NA,non-trivial,recent,Zoothera aurea
9970,"Pets/display animals, horticulture",NA,non-trivial,recent,Zoothera aurea
9971,NA,NA,NA,NA,Zoothera major
9972,Food - human,NA,non-trivial,recent,Zoothera dauma
9973,"Pets/display animals, horticulture",NA,non-trivial,recent,Zoothera dauma
9974,NA,NA,NA,NA,Zoothera machiki
9975,NA,NA,NA,NA,Zoothera turipavae
9976,NA,NA,NA,NA,Zoothera margaretae
9977,NA,NA,NA,NA,Zoothera lunulata
9978,NA,NA,NA,NA,Zoothera heinei
9979,NA,NA,NA,NA,Zoothera talaseae
9980,NA,NA,NA,NA,Zoothera atrigena
9981,NA,NA,NA,NA,Ixoreus naevius
9982,NA,NA,NA,NA,Entomodestes coracinus
9983,NA,NA,NA,NA,Entomodestes leucotis
9984,NA,NA,NA,NA,Cichlopsis chubbi
9985,NA,NA,NA,NA,Cichlopsis peruviana
9986,NA,NA,NA,NA,Cichlopsis gularis
9987,NA,NA,NA,NA,Cichlopsis leucogenys
9988,NA,NA,NA,NA,Ridgwayia pinicola
9989,"Pets/display animals, horticulture",international,non-trivial,recent,Hylocichla mustelina
9990,"Pets/display animals, horticulture",international,non-trivial,recent,Catharus swainsoni
9991,"Pets/display animals, horticulture",international,non-trivial,recent,Catharus ustulatus
9992,NA,NA,NA,NA,Catharus fuscescens
9993,"Pets/display animals, horticulture",international,non-trivial,recent,Catharus minimus
9994,NA,NA,NA,NA,Catharus bicknelli
9995,"Pets/display animals, horticulture",international,non-trivial,recent,Catharus guttatus
9996,NA,NA,NA,NA,Catharus occidentalis
9997,NA,NA,NA,NA,Catharus frantzii
9998,NA,NA,NA,NA,Catharus gracilirostris
9999,NA,NA,NA,NA,Catharus aurantiirostris
10000,NA,NA,NA,NA,Catharus mexicanus
10001,NA,NA,NA,NA,Catharus dryas
10002,NA,NA,NA,NA,Catharus maculatus
10003,NA,NA,NA,NA,Catharus fuscater
10004,NA,NA,NA,NA,Chlamydochaera jefferyi
10005,NA,NA,NA,NA,Cochoa purpurea
10006,NA,NA,NA,NA,Cochoa viridis
10007,"Pets/display animals, horticulture",NA,non-trivial,recent,Cochoa beccarii
10008,"Pets/display animals, horticulture",NA,non-trivial,recent,Cochoa azurea
10009,NA,NA,NA,NA,Geokichla sibirica
10010,NA,NA,NA,NA,Geokichla wardii
10011,NA,NA,NA,NA,Geokichla guttata
10012,"Pets/display animals, horticulture",international,non-trivial,recent,Geokichla spiloptera
10013,Food - human,,non-trivial,recent,Geokichla citrina
10014,"Pets/display animals, horticulture",international,non-trivial,recent,Geokichla citrina
10015,Food - human,NA,non-trivial,recent,Geokichla cinerea
10016,"Pets/display animals, horticulture",NA,non-trivial,recent,Geokichla cinerea
10017,"Pets/display animals, horticulture",NA,non-trivial,recent,Geokichla erythronota
10018,"Pets/display animals, horticulture",NA,non-trivial,recent,Geokichla mendeni
10019,NA,NA,NA,NA,Geokichla schistacea
10020,"Pets/display animals, horticulture",NA,non-trivial,recent,Geokichla peronii
10021,"Pets/display animals, horticulture",international,non-trivial,recent,Geokichla dohertyi
10022,"Pets/display animals, horticulture",NA,non-trivial,recent,Geokichla interpres
10023,"Pets/display animals, horticulture",NA,non-trivial,recent,Geokichla leucolaema
10024,"Pets/display animals, horticulture",NA,non-trivial,recent,Geokichla dumasi
10025,"Pets/display animals, horticulture",NA,non-trivial,recent,Geokichla joiceyi
10026,"Pets/display animals, horticulture",international,non-trivial,recent,Geokichla gurneyi
10027,NA,NA,NA,NA,Geokichla oberlaenderi
10028,"Pets/display animals, horticulture",international,non-trivial,recent,Geokichla crossleyi
10029,NA,NA,NA,NA,Geokichla piaggiae
10030,NA,NA,NA,NA,Geokichla camaronensis
10031,NA,NA,NA,NA,Geokichla princei
10032,NA,NA,NA,NA,Otocichla mupinensis
10033,"Pets/display animals, horticulture",international,non-trivial,recent,Psophocichla simensis
10034,"Pets/display animals, horticulture",international,non-trivial,recent,Psophocichla litsitsirupa
10035,NA,NA,NA,NA,Turdus viscivorus
10036,Food - human,,non-trivial,recent,Turdus philomelos
10037,Food - human,,non-trivial,recent,Turdus philomelos
10038,"Pets/display animals, horticulture",international,non-trivial,recent,Turdus philomelos
10039,"Pets/display animals, horticulture",international,non-trivial,recent,Turdus philomelos
10040,Sport hunting/specimen collecting,,non-trivial,recent,Turdus philomelos
10041,Sport hunting/specimen collecting,,non-trivial,recent,Turdus philomelos
10042,NA,NA,NA,NA,Turdus abyssinicus
10043,NA,NA,NA,NA,Turdus helleri
10044,NA,NA,NA,NA,Turdus roehli
10045,Food - human,,non-trivial,recent,Turdus iliacus
10046,"Pets/display animals, horticulture",international,non-trivial,recent,Turdus iliacus
10047,Sport hunting/specimen collecting,,non-trivial,recent,Turdus iliacus
10048,NA,NA,NA,NA,Turdus plebejus
10049,"Pets/display animals, horticulture",NA,non-trivial,recent,Turdus merula
10050,Food - human,NA,non-trivial,recent,Turdus leucomelas
10051,"Pets/display animals, horticulture",NA,non-trivial,recent,Turdus leucomelas
10052,NA,NA,NA,NA,Turdus fumigatus
10053,NA,NA,NA,NA,Turdus hauxwelli
10054,"Pets/display animals, horticulture",NA,non-trivial,recent,Turdus flavipes
10055,NA,NA,NA,NA,Turdus lawrencii
10056,NA,NA,NA,NA,Turdus obsoletus
10057,NA,NA,NA,NA,Turdus assimilis
10058,"Pets/display animals, horticulture",NA,non-trivial,recent,Turdus albicollis
10059,NA,NA,NA,NA,Turdus rufiventris
10060,NA,NA,NA,NA,Turdus maculirostris
10061,"Pets/display animals, horticulture",NA,non-trivial,recent,Turdus grayi
10062,NA,NA,NA,NA,Turdus haplochrous
10063,NA,NA,NA,NA,Turdus sanchezorum
10064,NA,NA,NA,NA,Turdus nudigenis
10065,Food - human,NA,non-trivial,recent,Turdus mandarinus
10066,"Pets/display animals, horticulture",NA,non-trivial,recent,Turdus mandarinus
10067,Sport hunting/specimen collecting,NA,non-trivial,recent,Turdus mandarinus
10068,NA,NA,NA,NA,Turdus ludoviciae
10069,NA,NA,NA,NA,Turdus tephronotus
10070,NA,NA,NA,NA,Turdus bewsheri
10071,NA,NA,NA,NA,Turdus libonyana
10072,Food - human,,non-trivial,recent,Turdus menachensis
10073,"Pets/display animals, horticulture",international,non-trivial,recent,Turdus menachensis
10074,"Pets/display animals, horticulture",international,non-trivial,recent,Turdus olivaceus
10075,"Pets/display animals, horticulture",international,non-trivial,recent,Turdus smithi
10076,Food - human,NA,non-trivial,recent,Turdus lherminieri
10077,NA,NA,NA,NA,Turdus leucops
10078,NA,NA,NA,NA,Turdus jamaicensis
10079,NA,NA,NA,NA,Turdus swalesi
10080,NA,NA,NA,NA,Turdus infuscatus
10081,NA,NA,NA,NA,Turdus nigrescens
10082,"Pets/display animals, horticulture",international,non-trivial,recent,Turdus migratorius
10083,"Pets/display animals, horticulture",international,non-trivial,recent,Turdus confinis
10084,NA,NA,NA,NA,Turdus rufitorques
10085,"Pets/display animals, horticulture",NA,non-trivial,recent,Turdus rufopalliatus
10086,NA,NA,NA,NA,Turdus falcklandii
10087,NA,NA,NA,NA,Turdus reevei
10088,NA,NA,NA,NA,Turdus fulviventris
10089,NA,NA,NA,NA,Turdus olivater
10090,NA,NA,NA,NA,Turdus chiguanco
10091,"Pets/display animals, horticulture",NA,non-trivial,recent,Turdus anthracinus
10092,NA,NA,NA,NA,Turdus fuscater
10093,NA,NA,NA,NA,Turdus nigriceps
10094,NA,NA,NA,NA,Turdus subalaris
10095,NA,NA,NA,NA,Turdus serranus
10096,NA,NA,NA,NA,Turdus eremita
10097,NA,NA,NA,NA,Turdus amaurochalinus
10098,NA,NA,NA,NA,Turdus ignobilis
10099,"Pets/display animals, horticulture",international,non-trivial,recent,Turdus debilis
10100,NA,NA,NA,NA,Turdus arthuri
10101,NA,NA,NA,NA,Turdus maranonicus
10102,NA,NA,NA,NA,Turdus xanthorhynchus
10103,NA,NA,NA,NA,Turdus olivaceofuscus
10104,NA,NA,NA,NA,Turdus aurantius
10105,NA,NA,NA,NA,Turdus plumbeus
10106,NA,NA,NA,NA,Turdus rubripes
10107,NA,NA,NA,NA,Turdus ardosiaceus
10108,NA,NA,NA,NA,Turdus pelios
10109,NA,NA,NA,NA,Turdus niveiceps
10110,NA,NA,NA,NA,Turdus boulboul
10111,"Pets/display animals, horticulture",NA,non-trivial,recent,Turdus simillimus
10112,"Pets/display animals, horticulture",international,non-trivial,recent,Turdus cardis
10113,Food - human,,non-trivial,recent,Turdus hortulorum
10114,"Pets/display animals, horticulture",international,non-trivial,recent,Turdus hortulorum
10115,NA,NA,NA,NA,Turdus dissimilis
10116,"Pets/display animals, horticulture",international,non-trivial,recent,Turdus unicolor
10117,Food - human,NA,non-trivial,recent,Turdus obscurus
10118,"Pets/display animals, horticulture",NA,non-trivial,recent,Turdus obscurus
10119,"Pets/display animals, horticulture",NA,non-trivial,recent,Turdus feae
10120,NA,NA,NA,NA,Turdus celaenops
10121,NA,NA,NA,NA,Turdus chrysolaus
10122,NA,NA,NA,NA,Turdus pallidus
10123,NA,NA,NA,NA,Turdus poliocephalus
10124,NA,NA,NA,NA,Turdus kessleri
10125,Food - human,NA,non-trivial,recent,Turdus maximus
10126,"Pets/display animals, horticulture",NA,non-trivial,recent,Turdus maximus
10127,Sport hunting/specimen collecting,NA,non-trivial,recent,Turdus maximus
10128,NA,NA,NA,NA,Turdus pilaris
10129,NA,NA,NA,NA,Turdus albocinctus
10130,NA,NA,NA,NA,Turdus rubrocanus
10131,Sport hunting/specimen collecting,NA,non-trivial,recent,Turdus torquatus
10132,Food - human,,non-trivial,recent,Turdus naumanni
10133,"Pets/display animals, horticulture",international,non-trivial,recent,Turdus naumanni
10134,NA,NA,NA,NA,Turdus eunomus
10135,Food - human,,non-trivial,recent,Turdus atrogularis
10136,"Pets/display animals, horticulture",international,non-trivial,recent,Turdus atrogularis
10137,Food - human,,non-trivial,recent,Turdus ruficollis
10138,"Pets/display animals, horticulture",international,non-trivial,recent,Turdus ruficollis
10139,NA,NA,NA,NA,Cataponera turdoides
10140,NA,NA,NA,NA,Alethe diademata
10141,NA,NA,NA,NA,Alethe castanea
10142,NA,NA,NA,NA,Tychaedon coryphoeus
10143,NA,NA,NA,NA,Tychaedon signata
10144,NA,NA,NA,NA,Tychaedon leucosticta
10145,NA,NA,NA,NA,Tychaedon quadrivirgata
10146,NA,NA,NA,NA,Tychaedon barbata
10147,NA,NA,NA,NA,Cercotrichas paena
10148,Sport hunting/specimen collecting,NA,non-trivial,recent,Cercotrichas galactotes
10149,NA,NA,NA,NA,Cercotrichas podobe
10150,"Pets/display animals, horticulture",international,non-trivial,recent,Cercotrichas hartlaubi
10151,NA,NA,NA,NA,Cercotrichas leucophrys
10152,"Pets/display animals, horticulture",international,non-trivial,recent,Copsychus mindanensis
10153,NA,NA,NA,NA,Copsychus pica
10154,NA,NA,NA,NA,Copsychus albospecularis
10155,"Pets/display animals, horticulture",NA,non-trivial,recent,Copsychus sechellarum
10156,Food - human,,non-trivial,recent,Copsychus saularis
10157,"Pets/display animals, horticulture",international,non-trivial,recent,Copsychus saularis
10158,"Pets/display animals, horticulture",NA,non-trivial,recent,Copsychus fulicatus
10159,NA,NA,NA,NA,Copsychus pyrropygus
10160,NA,NA,NA,NA,Copsychus luzoniensis
10161,NA,NA,NA,NA,Copsychus superciliaris
10162,Food - human,NA,non-trivial,recent,Copsychus malabaricus
10163,"Pets/display animals, horticulture",NA,non-trivial,recent,Copsychus malabaricus
10164,Food - human,NA,non-trivial,recent,Copsychus albiventris
10165,"Pets/display animals, horticulture",NA,non-trivial,recent,Copsychus albiventris
10166,NA,NA,NA,NA,Copsychus niger
10167,NA,NA,NA,NA,Copsychus cebuensis
10168,"Pets/display animals, horticulture",international,non-trivial,recent,Muscicapa griseisticta
10169,NA,NA,NA,NA,Muscicapa sibirica
10170,NA,NA,NA,NA,Muscicapa ferruginea
10171,NA,NA,NA,NA,Muscicapa muttui
10172,"Pets/display animals, horticulture",international,non-trivial,recent,Muscicapa dauurica
10173,NA,NA,NA,NA,Muscicapa randi
10174,NA,NA,NA,NA,Muscicapa segregata
10175,NA,NA,NA,NA,Muscicapa epulata
10176,NA,NA,NA,NA,Muscicapa adusta
10177,NA,NA,NA,NA,Muscicapa sethsmithi
10178,NA,NA,NA,NA,Muscicapa gambagae
10179,Food - human,NA,non-trivial,recent,Muscicapa striata
10180,Sport hunting/specimen collecting,NA,non-trivial,recent,Muscicapa striata
10181,NA,NA,NA,NA,Muscicapa aquatica
10182,NA,NA,NA,NA,Muscicapa cassini
10183,NA,NA,NA,NA,Myopornis boehmi
10184,NA,NA,NA,NA,Artomyias fuliginosa
10185,NA,NA,NA,NA,Artomyias ussheri
10186,NA,NA,NA,NA,Bradornis comitatus
10187,NA,NA,NA,NA,Bradornis microrhynchus
10188,NA,NA,NA,NA,Bradornis mariquensis
10189,NA,NA,NA,NA,Agricola pallidus
10190,NA,NA,NA,NA,Agricola infuscatus
10191,NA,NA,NA,NA,Fraseria cinerascens
10192,NA,NA,NA,NA,Fraseria ocreata
10193,NA,NA,NA,NA,Fraseria plumbea
10194,NA,NA,NA,NA,Fraseria griseigularis
10195,NA,NA,NA,NA,Fraseria caerulescens
10196,NA,NA,NA,NA,Fraseria tessmanni
10197,NA,NA,NA,NA,Fraseria olivascens
10198,NA,NA,NA,NA,Fraseria lendu
10199,NA,NA,NA,NA,Humblotia flavirostris
10200,NA,NA,NA,NA,Sigelus silens
10201,NA,NA,NA,NA,Namibornis herero
10202,"Pets/display animals, horticulture",international,non-trivial,recent,Empidornis semipartitus
10203,NA,NA,NA,NA,Melaenornis chocolatinus
10204,NA,NA,NA,NA,Melaenornis brunneus
10205,NA,NA,NA,NA,Melaenornis fischeri
10206,NA,NA,NA,NA,Melaenornis ardesiacus
10207,NA,NA,NA,NA,Melaenornis annamarulae
10208,NA,NA,NA,NA,Melaenornis edolioides
10209,NA,NA,NA,NA,Melaenornis pammelaina
10210,NA,NA,NA,NA,Niltava sundara
10211,NA,NA,NA,NA,Niltava macgrigoriae
10212,NA,NA,NA,NA,Niltava sumatrana
10213,NA,NA,NA,NA,Niltava oatesi
10214,NA,NA,NA,NA,Niltava vivida
10215,NA,NA,NA,NA,Niltava davidi
10216,NA,NA,NA,NA,Niltava grandis
10217,"Pets/display animals, horticulture",international,non-trivial,recent,Cyanoptila cumatilis
10218,Food - human,,non-trivial,recent,Cyanoptila cyanomelana
10219,"Pets/display animals, horticulture",international,non-trivial,recent,Cyanoptila cyanomelana
10220,NA,NA,NA,NA,Anthipes monileger
10221,NA,NA,NA,NA,Anthipes solitaris
10222,NA,NA,NA,NA,Eumyias albicaudatus
10223,"Pets/display animals, horticulture",NA,non-trivial,recent,Eumyias indigo
10224,NA,NA,NA,NA,Eumyias sordidus
10225,NA,NA,NA,NA,Eumyias thalassinus
10226,NA,NA,NA,NA,Eumyias panayensis
10227,NA,NA,NA,NA,Eumyias additus
10228,NA,NA,NA,NA,Eumyias oscillans
10229,NA,NA,NA,NA,Eumyias stresemanni
10230,NA,NA,NA,NA,Eumyias hyacinthinus
10231,NA,NA,NA,NA,Eumyias hoevelli
10232,NA,NA,NA,NA,Eumyias sanfordi
10233,Food - human,NA,non-trivial,recent,Cyornis nicobaricus
10234,"Pets/display animals, horticulture",NA,non-trivial,recent,Cyornis nicobaricus
10235,"Pets/display animals, horticulture",NA,non-trivial,recent,Cyornis brunneatus
10236,NA,NA,NA,NA,Cyornis olivaceus
10237,NA,NA,NA,NA,Cyornis umbratilis
10238,NA,NA,NA,NA,Cyornis ruficauda
10239,NA,NA,NA,NA,Cyornis colonus
10240,NA,NA,NA,NA,Cyornis pelingensis
10241,NA,NA,NA,NA,Cyornis unicolor
10242,NA,NA,NA,NA,Cyornis ruckii
10243,NA,NA,NA,NA,Cyornis herioti
10244,NA,NA,NA,NA,Cyornis camarinensis
10245,NA,NA,NA,NA,Cyornis pallidipes
10246,NA,NA,NA,NA,Cyornis poliogenys
10247,NA,NA,NA,NA,Cyornis magnirostris
10248,"Pets/display animals, horticulture",international,non-trivial,recent,Cyornis banyumas
10249,NA,NA,NA,NA,Cyornis whitei
10250,NA,NA,NA,NA,Cyornis montanus
10251,"Pets/display animals, horticulture",NA,non-trivial,recent,Cyornis kadayangensis
10252,NA,NA,NA,NA,Cyornis lemprieri
10253,"Pets/display animals, horticulture",international,non-trivial,recent,Cyornis tickelliae
10254,NA,NA,NA,NA,Cyornis sumatrensis
10255,NA,NA,NA,NA,Cyornis caerulatus
10256,NA,NA,NA,NA,Cyornis superbus
10257,Food - human,NA,non-trivial,recent,Cyornis glaucicomans
10258,Food - human,,non-trivial,recent,Cyornis hainanus
10259,"Pets/display animals, horticulture",international,non-trivial,recent,Cyornis hainanus
10260,Food - human,NA,non-trivial,recent,Cyornis rubeculoides
10261,"Pets/display animals, horticulture",NA,non-trivial,recent,Cyornis rubeculoides
10262,"Pets/display animals, horticulture",international,non-trivial,recent,Cyornis turcosus
10263,"Pets/display animals, horticulture",international,non-trivial,recent,Cyornis rufigastra
10264,NA,NA,NA,NA,Cyornis omissus
10265,NA,NA,NA,NA,Cyornis djampeanus
10266,NA,NA,NA,NA,Cyornis concretus
10267,NA,NA,NA,NA,Xenocopsychus ansorgei
10268,"Pets/display animals, horticulture",NA,non-trivial,recent,Dessonornis caffer
10269,NA,NA,NA,NA,Dessonornis mbuluensis
10270,NA,NA,NA,NA,Dessonornis macclounii
10271,NA,NA,NA,NA,Dessonornis anomalus
10272,NA,NA,NA,NA,Dessonornis archeri
10273,NA,NA,NA,NA,Dessonornis humeralis
10274,Food - human,,non-trivial,recent,Erithacus rubecula
10275,"Pets/display animals, horticulture",international,non-trivial,recent,Erithacus rubecula
10276,Sport hunting/specimen collecting,,non-trivial,recent,Erithacus rubecula
10277,NA,NA,NA,NA,Pogonocichla stellata
10278,NA,NA,NA,NA,Cossyphicula isabellae
10279,NA,NA,NA,NA,Cossyphicula roberti
10280,NA,NA,NA,NA,Swynnertonia swynnertoni
10281,NA,NA,NA,NA,Chamaetylas poliophrys
10282,NA,NA,NA,NA,Chamaetylas poliocephala
10283,NA,NA,NA,NA,Chamaetylas fuelleborni
10284,NA,NA,NA,NA,Chamaetylas choloensis
10285,"Pets/display animals, horticulture",international,non-trivial,recent,Cossypha cyanocampter
10286,NA,NA,NA,NA,Cossypha semirufa
10287,NA,NA,NA,NA,Cossypha heuglini
10288,NA,NA,NA,NA,Cossypha natalensis
10289,NA,NA,NA,NA,Cossypha dichroa
10290,"Pets/display animals, horticulture",international,non-trivial,recent,Cossypha heinrichi
10291,NA,NA,NA,NA,Cossypha niveicapilla
10292,NA,NA,NA,NA,Cossypha albicapillus
10293,"Pets/display animals, horticulture",international,non-trivial,recent,Stiphrornis erythrothorax
10294,"Pets/display animals, horticulture",international,non-trivial,recent,Stiphrornis xanthogaster
10295,NA,NA,NA,NA,Stiphrornis pyrrholaemus
10296,NA,NA,NA,NA,Cichladusa arquata
10297,NA,NA,NA,NA,Cichladusa ruficauda
10298,"Pets/display animals, horticulture",international,non-trivial,recent,Cichladusa guttata
10299,NA,NA,NA,NA,Sheppardia montana
10300,NA,NA,NA,NA,Sheppardia lowei
10301,NA,NA,NA,NA,Sheppardia aurantiithorax
10302,NA,NA,NA,NA,Sheppardia gabela
10303,NA,NA,NA,NA,Sheppardia aequatorialis
10304,NA,NA,NA,NA,Sheppardia cyornithopsis
10305,NA,NA,NA,NA,Sheppardia gunningi
10306,NA,NA,NA,NA,Sheppardia sharpei
10307,NA,NA,NA,NA,Sheppardia polioptera
10308,NA,NA,NA,NA,Sheppardia poensis
10309,NA,NA,NA,NA,Sheppardia bocagei
10310,NA,NA,NA,NA,Heinrichia simplex
10311,NA,NA,NA,NA,Heinrichia calligyna
10312,NA,NA,NA,NA,Vauriella gularis
10313,NA,NA,NA,NA,Vauriella albigularis
10314,NA,NA,NA,NA,Vauriella insignis
10315,NA,NA,NA,NA,Vauriella goodfellowi
10316,NA,NA,NA,NA,Heteroxenicus stellatus
10317,NA,NA,NA,NA,Brachypteryx hyperythra
10318,NA,NA,NA,NA,Brachypteryx leucophris
10319,"Pets/display animals, horticulture",international,non-trivial,recent,Brachypteryx cruralis
10320,NA,NA,NA,NA,Brachypteryx sinensis
10321,"Pets/display animals, horticulture",international,non-trivial,recent,Brachypteryx goodfellowi
10322,NA,NA,NA,NA,Brachypteryx poliogyna
10323,"Pets/display animals, horticulture",international,non-trivial,recent,Brachypteryx erythrogyna
10324,NA,NA,NA,NA,Brachypteryx saturata
10325,"Pets/display animals, horticulture",international,non-trivial,recent,Brachypteryx montana
10326,"Pets/display animals, horticulture",international,non-trivial,recent,Brachypteryx floris
10327,"Pets/display animals, horticulture",international,non-trivial,recent,Larvivora ruficeps
10328,"Pets/display animals, horticulture",international,non-trivial,recent,Larvivora brunnea
10329,NA,NA,NA,NA,Larvivora cyane
10330,NA,NA,NA,NA,Larvivora sibilans
10331,Food - human,,non-trivial,recent,Larvivora akahige
10332,"Pets/display animals, horticulture",international,non-trivial,recent,Larvivora akahige
10333,Food - human,NA,non-trivial,recent,Larvivora tanensis
10334,"Pets/display animals, horticulture",NA,non-trivial,recent,Larvivora komadori
10335,"Pets/display animals, horticulture",NA,non-trivial,recent,Larvivora namiyei
10336,NA,NA,NA,NA,Irania gutturalis
10337,"Pets/display animals, horticulture",international,non-trivial,recent,Luscinia phaenicuroides
10338,Food - human,,non-trivial,recent,Luscinia svecica
10339,"Pets/display animals, horticulture",international,non-trivial,recent,Luscinia svecica
10340,Sport hunting/specimen collecting,,non-trivial,recent,Luscinia svecica
10341,Food - human,,non-trivial,recent,Luscinia luscinia
10342,"Pets/display animals, horticulture",international,non-trivial,recent,Luscinia luscinia
10343,Sport hunting/specimen collecting,,non-trivial,recent,Luscinia luscinia
10344,Food - human,,non-trivial,recent,Luscinia megarhynchos
10345,"Pets/display animals, horticulture",international,non-trivial,recent,Luscinia megarhynchos
10346,Sport hunting/specimen collecting,,non-trivial,recent,Luscinia megarhynchos
10347,"Pets/display animals, horticulture",international,non-trivial,recent,Calliope pectardens
10348,"Pets/display animals, horticulture",international,non-trivial,recent,Calliope obscura
10349,NA,NA,NA,NA,Calliope calliope
10350,"Pets/display animals, horticulture",international,non-trivial,recent,Calliope pectoralis
10351,"Pets/display animals, horticulture",international,non-trivial,recent,Calliope tschebaiewi
10352,Food - human,,non-trivial,recent,Myiomela leucura
10353,"Pets/display animals, horticulture",international,non-trivial,recent,Myiomela leucura
10354,NA,NA,NA,NA,Myiomela cambodiana
10355,NA,NA,NA,NA,Myiomela diana
10356,NA,NA,NA,NA,Sholicola albiventris
10357,NA,NA,NA,NA,Tarsiger hyperythrus
10358,NA,NA,NA,NA,Tarsiger cyanurus
10359,NA,NA,NA,NA,Tarsiger rufilatus
10360,NA,NA,NA,NA,Tarsiger indicus
10361,NA,NA,NA,NA,Tarsiger johnstoniae
10362,NA,NA,NA,NA,Tarsiger chrysaeus
10363,NA,NA,NA,NA,Enicurus scouleri
10364,NA,NA,NA,NA,Enicurus schistaceus
10365,NA,NA,NA,NA,Enicurus velatus
10366,NA,NA,NA,NA,Enicurus ruficapillus
10367,NA,NA,NA,NA,Enicurus immaculatus
10368,NA,NA,NA,NA,Enicurus leschenaulti
10369,NA,NA,NA,NA,Enicurus maculatus
10370,NA,NA,NA,NA,Cinclidium frontale
10371,NA,NA,NA,NA,Myophonus blighi
10372,NA,NA,NA,NA,Myophonus melanurus
10373,"Pets/display animals, horticulture",international,non-trivial,recent,Myophonus glaucinus
10374,NA,NA,NA,NA,Myophonus castaneus
10375,NA,NA,NA,NA,Myophonus borneensis
10376,NA,NA,NA,NA,Myophonus robinsoni
10377,NA,NA,NA,NA,Myophonus horsfieldii
10378,NA,NA,NA,NA,Myophonus insularis
10379,NA,NA,NA,NA,Myophonus caeruleus
10380,NA,NA,NA,NA,Ficedula zanthopygia
10381,Food - human,NA,non-trivial,recent,Ficedula elisae
10382,Food - human,,non-trivial,recent,Ficedula narcissina
10383,"Pets/display animals, horticulture",international,non-trivial,recent,Ficedula narcissina
10384,Food - human,,non-trivial,recent,Ficedula owstoni
10385,"Pets/display animals, horticulture",international,non-trivial,recent,Ficedula owstoni
10386,NA,NA,NA,NA,Ficedula mugimaki
10387,NA,NA,NA,NA,Ficedula erithacus
10388,NA,NA,NA,NA,Ficedula tricolor
10389,Food - human,,non-trivial,recent,Ficedula hyperythra
10390,"Pets/display animals, horticulture",international,non-trivial,recent,Ficedula hyperythra
10391,Food - human,NA,non-trivial,recent,Ficedula hodgsoni
10392,"Pets/display animals, horticulture",NA,non-trivial,recent,Ficedula hodgsoni
10393,NA,NA,NA,NA,Ficedula strophiata
10394,NA,NA,NA,NA,Ficedula sapphira
10395,"Pets/display animals, horticulture",international,non-trivial,recent,Ficedula superciliaris
10396,NA,NA,NA,NA,Ficedula westermanni
10397,NA,NA,NA,NA,Ficedula ruficauda
10398,NA,NA,NA,NA,Ficedula parva
10399,NA,NA,NA,NA,Ficedula albicilla
10400,NA,NA,NA,NA,Ficedula subrubra
10401,NA,NA,NA,NA,Ficedula semitorquata
10402,NA,NA,NA,NA,Ficedula hypoleuca
10403,Sport hunting/specimen collecting,NA,non-trivial,recent,Ficedula albicollis
10404,NA,NA,NA,NA,Ficedula henrici
10405,NA,NA,NA,NA,Ficedula rufigula
10406,NA,NA,NA,NA,Ficedula buruensis
10407,NA,NA,NA,NA,Ficedula harterti
10408,NA,NA,NA,NA,Ficedula timorensis
10409,NA,NA,NA,NA,Ficedula basilanica
10410,Food - human,,non-trivial,recent,Ficedula luzoniensis
10411,"Pets/display animals, horticulture",international,non-trivial,recent,Ficedula luzoniensis
10412,NA,NA,NA,NA,Ficedula crypta
10413,NA,NA,NA,NA,Ficedula bonthaina
10414,NA,NA,NA,NA,Ficedula nigrorufa
10415,NA,NA,NA,NA,Ficedula dumetoria
10416,NA,NA,NA,NA,Ficedula riedeli
10417,NA,NA,NA,NA,Ficedula disposita
10418,NA,NA,NA,NA,Ficedula platenae
10419,NA,NA,NA,NA,Phoenicurus alaschanicus
10420,NA,NA,NA,NA,Phoenicurus erythronotus
10421,NA,NA,NA,NA,Phoenicurus frontalis
10422,NA,NA,NA,NA,Phoenicurus coeruleocephala
10423,NA,NA,NA,NA,Phoenicurus schisticeps
10424,NA,NA,NA,NA,Phoenicurus leucocephalus
10425,NA,NA,NA,NA,Phoenicurus fuliginosus
10426,"Pets/display animals, horticulture",international,non-trivial,recent,Phoenicurus bicolor
10427,Food - human,NA,non-trivial,recent,Phoenicurus ochruros
10428,"Pets/display animals, horticulture",NA,non-trivial,recent,Phoenicurus ochruros
10429,Sport hunting/specimen collecting,NA,non-trivial,recent,Phoenicurus ochruros
10430,"Pets/display animals, horticulture",international,non-trivial,recent,Phoenicurus phoenicurus
10431,Sport hunting/specimen collecting,,non-trivial,recent,Phoenicurus phoenicurus
10432,Sport hunting/specimen collecting,NA,non-trivial,recent,Phoenicurus moussieri
10433,NA,NA,NA,NA,Phoenicurus auroreus
10434,"Pets/display animals, horticulture",international,non-trivial,recent,Phoenicurus erythrogastrus
10435,NA,NA,NA,NA,Phoenicurus hodgsoni
10436,"Pets/display animals, horticulture",international,non-trivial,recent,Monticola cinclorhyncha
10437,NA,NA,NA,NA,Monticola rufiventris
10438,NA,NA,NA,NA,Monticola gularis
10439,NA,NA,NA,NA,Monticola brevipes
10440,NA,NA,NA,NA,Monticola explorator
10441,NA,NA,NA,NA,Monticola imerina
10442,NA,NA,NA,NA,Monticola erythronotus
10443,NA,NA,NA,NA,Monticola sharpei
10444,"Pets/display animals, horticulture",international,non-trivial,recent,Monticola saxatilis
10445,NA,NA,NA,NA,Monticola solitarius
10446,NA,NA,NA,NA,Monticola rufocinereus
10447,NA,NA,NA,NA,Monticola semirufus
10448,NA,NA,NA,NA,Monticola angolensis
10449,NA,NA,NA,NA,Monticola rupestris
10450,NA,NA,NA,NA,Saxicola jerdoni
10451,Food - human,NA,non-trivial,recent,Saxicola ferreus
10452,"Pets/display animals, horticulture",NA,non-trivial,recent,Saxicola ferreus
10453,NA,NA,NA,NA,Saxicola gutturalis
10454,NA,NA,NA,NA,Saxicola rubetra
10455,NA,NA,NA,NA,Saxicola macrorhynchus
10456,NA,NA,NA,NA,Saxicola insignis
10457,NA,NA,NA,NA,Saxicola caprata
10458,NA,NA,NA,NA,Saxicola leucurus
10459,"Pets/display animals, horticulture",international,non-trivial,recent,Saxicola dacotiae
10460,Food - human,,non-trivial,recent,Saxicola torquatus
10461,"Pets/display animals, horticulture",international,non-trivial,recent,Saxicola torquatus
10462,NA,NA,NA,NA,Saxicola tectes
10463,NA,NA,NA,NA,Campicoloides bifasciatus
10464,NA,NA,NA,NA,Emarginata schlegelii
10465,NA,NA,NA,NA,Emarginata sinuata
10466,NA,NA,NA,NA,Emarginata tractrac
10467,NA,NA,NA,NA,Pinarochroa sordida
10468,NA,NA,NA,NA,Thamnolaea cinnamomeiventris
10469,NA,NA,NA,NA,Myrmecocichla nigra
10470,NA,NA,NA,NA,Myrmecocichla aethiops
10471,NA,NA,NA,NA,Myrmecocichla tholloni
10472,NA,NA,NA,NA,Myrmecocichla formicivora
10473,NA,NA,NA,NA,Myrmecocichla monticola
10474,NA,NA,NA,NA,Myrmecocichla melaena
10475,NA,NA,NA,NA,Myrmecocichla arnotti
10476,Food - human,NA,non-trivial,recent,Oenanthe oenanthe
10477,Sport hunting/specimen collecting,NA,non-trivial,recent,Oenanthe oenanthe
10478,Food - human,NA,non-trivial,recent,Oenanthe seebohmi
10479,NA,NA,NA,NA,Oenanthe pileata
10480,NA,NA,NA,NA,Oenanthe frenata
10481,NA,NA,NA,NA,Oenanthe bottae
10482,NA,NA,NA,NA,Oenanthe heuglinii
10483,NA,NA,NA,NA,Oenanthe isabellina
10484,NA,NA,NA,NA,Oenanthe monacha
10485,NA,NA,NA,NA,Oenanthe deserti
10486,Sport hunting/specimen collecting,NA,non-trivial,recent,Oenanthe hispanica
10487,"Pets/display animals, horticulture",NA,non-trivial,recent,Oenanthe cypriaca
10488,NA,NA,NA,NA,Oenanthe pleschanka
10489,NA,NA,NA,NA,Oenanthe albifrons
10490,NA,NA,NA,NA,Oenanthe phillipsi
10491,"Pets/display animals, horticulture",international,non-trivial,recent,Oenanthe moesta
10492,NA,NA,NA,NA,Oenanthe melanura
10493,NA,NA,NA,NA,Oenanthe familiaris
10494,NA,NA,NA,NA,Oenanthe scotocerca
10495,NA,NA,NA,NA,Oenanthe dubia
10496,"Pets/display animals, horticulture",international,non-trivial,recent,Oenanthe fusca
10497,NA,NA,NA,NA,Oenanthe picata
10498,NA,NA,NA,NA,Oenanthe leucura
10499,NA,NA,NA,NA,Oenanthe leucopyga
10500,"Pets/display animals, horticulture",international,non-trivial,recent,Oenanthe albonigra
10501,NA,NA,NA,NA,Oenanthe finschii
10502,NA,NA,NA,NA,Oenanthe lugubris
10503,NA,NA,NA,NA,Oenanthe lugens
10504,NA,NA,NA,NA,Oenanthe lugentoides
10505,NA,NA,NA,NA,Oenanthe chrysopygia
10506,NA,NA,NA,NA,Oenanthe xanthoprymna
10507,NA,NA,NA,NA,Pinarornis plumosus
10508,NA,NA,NA,NA,Corthylio calendula
10509,NA,NA,NA,NA,Regulus satrapa
10510,NA,NA,NA,NA,Regulus goodfellowi
10511,"Pets/display animals, horticulture",international,non-trivial,recent,Regulus regulus
10512,"Pets/display animals, horticulture",international,non-trivial,recent,Regulus regulus
10513,Sport hunting/specimen collecting,,non-trivial,recent,Regulus regulus
10514,Sport hunting/specimen collecting,,non-trivial,recent,Regulus regulus
10515,NA,NA,NA,NA,Regulus madeirensis
10516,NA,NA,NA,NA,Regulus ignicapilla
10517,NA,NA,NA,NA,Dulus dominicus
10518,NA,NA,NA,NA,Hypocolius ampelinus
10519,NA,NA,NA,NA,Hylocitrea bonensis
10520,NA,NA,NA,NA,Hylocitrea bonthaina
10521,Food - human,,non-trivial,recent,Bombycilla garrulus
10522,"Pets/display animals, horticulture",international,non-trivial,recent,Bombycilla garrulus
10523,Food - human,,non-trivial,recent,Bombycilla japonica
10524,"Pets/display animals, horticulture",international,non-trivial,recent,Bombycilla japonica
10525,"Pets/display animals, horticulture",international,non-trivial,recent,Bombycilla cedrorum
10526,"Pets/display animals, horticulture",international,non-trivial,recent,Phainoptila melanoxantha
10527,"Pets/display animals, horticulture",international,non-trivial,recent,Phainopepla nitens
10528,"Pets/display animals, horticulture",NA,non-trivial,recent,Ptiliogonys cinereus
10529,NA,NA,NA,NA,Ptiliogonys caudatus
10530,NA,NA,NA,NA,Elachura formosa
10531,NA,NA,NA,NA,Promerops cafer
10532,NA,NA,NA,NA,Promerops gurneyi
10533,NA,NA,NA,NA,Arcanator orostruthus
10534,NA,NA,NA,NA,Modulatrix stictigula
10535,NA,NA,NA,NA,Kakamega poliothorax
10536,Food - human,NA,non-trivial,recent,Irena puella
10537,Food - human,,non-trivial,recent,Irena tweeddalii
10538,"Pets/display animals, horticulture",international,non-trivial,recent,Irena tweeddalii
10539,NA,NA,NA,NA,Irena cyanogastra
10540,"Pets/display animals, horticulture",international,non-trivial,recent,Chloropsis media
10541,Food - human,,non-trivial,recent,Chloropsis sonnerati
10542,"Pets/display animals, horticulture",international,non-trivial,recent,Chloropsis sonnerati
10543,"Pets/display animals, horticulture",international,non-trivial,recent,Chloropsis cyanopogon
10544,NA,NA,NA,NA,Chloropsis palawanensis
10545,NA,NA,NA,NA,Chloropsis flavipennis
10546,NA,NA,NA,NA,Chloropsis aurifrons
10547,"Pets/display animals, horticulture",international,non-trivial,recent,Chloropsis venusta
10548,NA,NA,NA,NA,Chloropsis jerdoni
10549,Food - human,NA,non-trivial,recent,Chloropsis hardwickii
10550,Food - human,NA,non-trivial,recent,Chloropsis lazulina
10551,NA,NA,NA,NA,Chloropsis kinabaluensis
10552,Food - human,NA,non-trivial,recent,Chloropsis moluccensis
10553,Food - human,,non-trivial,recent,Chloropsis cochinchinensis
10554,"Pets/display animals, horticulture",international,non-trivial,recent,Chloropsis cochinchinensis
10555,NA,NA,NA,NA,Prionochilus olivaceus
10556,NA,NA,NA,NA,Prionochilus maculatus
10557,NA,NA,NA,NA,Prionochilus thoracicus
10558,NA,NA,NA,NA,Prionochilus xanthopygius
10559,NA,NA,NA,NA,Prionochilus percussus
10560,NA,NA,NA,NA,Prionochilus plateni
10561,NA,NA,NA,NA,Dicaeum melanozanthum
10562,NA,NA,NA,NA,Dicaeum chrysorrheum
10563,NA,NA,NA,NA,Dicaeum vincens
10564,NA,NA,NA,NA,Dicaeum annae
10565,NA,NA,NA,NA,Dicaeum dayakorum
10566,"Pets/display animals, horticulture",NA,non-trivial,recent,Dicaeum agile
10567,NA,NA,NA,NA,Dicaeum everetti
10568,NA,NA,NA,NA,Dicaeum proprium
10569,NA,NA,NA,NA,Dicaeum anthonyi
10570,NA,NA,NA,NA,Dicaeum kampalili
10571,NA,NA,NA,NA,Dicaeum bicolor
10572,NA,NA,NA,NA,Dicaeum aureolimbatum
10573,NA,NA,NA,NA,Dicaeum trigonostigma
10574,NA,NA,NA,NA,Dicaeum australe
10575,NA,NA,NA,NA,Dicaeum haematostictum
10576,NA,NA,NA,NA,Dicaeum retrocinctum
10577,NA,NA,NA,NA,Dicaeum quadricolor
10578,NA,NA,NA,NA,Dicaeum hypoleucum
10579,NA,NA,NA,NA,Dicaeum nigrilore
10580,NA,NA,NA,NA,Dicaeum erythrorhynchos
10581,NA,NA,NA,NA,Dicaeum concolor
10582,NA,NA,NA,NA,Dicaeum minullum
10583,NA,NA,NA,NA,Dicaeum pygmaeum
10584,NA,NA,NA,NA,Dicaeum nehrkorni
10585,NA,NA,NA,NA,Dicaeum schistaceiceps
10586,NA,NA,NA,NA,Dicaeum erythrothorax
10587,NA,NA,NA,NA,Dicaeum vulneratum
10588,NA,NA,NA,NA,Dicaeum pectorale
10589,NA,NA,NA,NA,Dicaeum sanguinolentum
10590,NA,NA,NA,NA,Dicaeum rhodopygiale
10591,NA,NA,NA,NA,Dicaeum wilhelminae
10592,NA,NA,NA,NA,Dicaeum hanieli
10593,NA,NA,NA,NA,Dicaeum cruentatum
10594,NA,NA,NA,NA,Dicaeum trochileum
10595,NA,NA,NA,NA,Dicaeum igniferum
10596,NA,NA,NA,NA,Dicaeum maugei
10597,NA,NA,NA,NA,Dicaeum celebicum
10598,NA,NA,NA,NA,Dicaeum monticolum
10599,NA,NA,NA,NA,Dicaeum ignipectus
10600,"Pets/display animals, horticulture",NA,non-trivial,recent,Dicaeum cambodianum
10601,"Pets/display animals, horticulture",NA,non-trivial,recent,Dicaeum beccarii
10602,"Pets/display animals, horticulture",NA,non-trivial,recent,Dicaeum luzoniense
10603,NA,NA,NA,NA,Dicaeum aeneum
10604,NA,NA,NA,NA,Dicaeum eximium
10605,NA,NA,NA,NA,Dicaeum tristrami
10606,NA,NA,NA,NA,Dicaeum nitidum
10607,"Pets/display animals, horticulture",international,non-trivial,recent,Dicaeum keiense
10608,NA,NA,NA,NA,Dicaeum ignicolle
10609,NA,NA,NA,NA,Dicaeum hirundinaceum
10610,NA,NA,NA,NA,Dicaeum geelvinkianum
10611,NA,NA,NA,NA,Arachnothera crassirostris
10612,NA,NA,NA,NA,Arachnothera robusta
10613,"Pets/display animals, horticulture",international,non-trivial,recent,Arachnothera longirostra
10614,NA,NA,NA,NA,Arachnothera dilutior
10615,"Pets/display animals, horticulture",international,non-trivial,recent,Arachnothera flammifera
10616,NA,NA,NA,NA,Arachnothera juliae
10617,"Pets/display animals, horticulture",international,non-trivial,recent,Arachnothera clarae
10618,NA,NA,NA,NA,Arachnothera chrysogenys
10619,NA,NA,NA,NA,Arachnothera magna
10620,NA,NA,NA,NA,Arachnothera flavigaster
10621,NA,NA,NA,NA,Arachnothera affinis
10622,NA,NA,NA,NA,Arachnothera modesta
10623,NA,NA,NA,NA,Kurochkinegramma hypogrammica
10624,NA,NA,NA,NA,Chalcoparia singalensis
10625,NA,NA,NA,NA,Deleornis fraseri
10626,NA,NA,NA,NA,Deleornis axillaris
10627,NA,NA,NA,NA,Anthreptes reichenowi
10628,NA,NA,NA,NA,Anthreptes anchietae
10629,NA,NA,NA,NA,Anthreptes simplex
10630,"Pets/display animals, horticulture",international,non-trivial,recent,Anthreptes malacensis
10631,"Pets/display animals, horticulture",international,non-trivial,recent,Anthreptes griseigularis
10632,NA,NA,NA,NA,Anthreptes rhodolaemus
10633,NA,NA,NA,NA,Anthreptes gabonicus
10634,NA,NA,NA,NA,Anthreptes longuemarei
10635,NA,NA,NA,NA,Anthreptes orientalis
10636,NA,NA,NA,NA,Anthreptes neglectus
10637,NA,NA,NA,NA,Anthreptes aurantius
10638,NA,NA,NA,NA,Anthreptes seimundi
10639,"Pets/display animals, horticulture",international,non-trivial,recent,Anthreptes rectirostris
10640,NA,NA,NA,NA,Anthreptes tephrolaemus
10641,NA,NA,NA,NA,Anthreptes rubritorques
10642,NA,NA,NA,NA,Hedydipna collaris
10643,"Pets/display animals, horticulture",international,non-trivial,recent,Hedydipna platura
10644,NA,NA,NA,NA,Hedydipna metallica
10645,"Pets/display animals, horticulture",international,non-trivial,recent,Hedydipna pallidigaster
10646,NA,NA,NA,NA,Anabathmis reichenbachii
10647,"Pets/display animals, horticulture",international,non-trivial,recent,Anabathmis hartlaubii
10648,NA,NA,NA,NA,Anabathmis newtonii
10649,NA,NA,NA,NA,Dreptes thomensis
10650,NA,NA,NA,NA,Anthobaphes violacea
10651,NA,NA,NA,NA,Cyanomitra verticalis
10652,NA,NA,NA,NA,Cyanomitra bannermani
10653,"Pets/display animals, horticulture",international,non-trivial,recent,Cyanomitra cyanolaema
10654,NA,NA,NA,NA,Cyanomitra oritis
10655,"Pets/display animals, horticulture",international,non-trivial,recent,Cyanomitra alinae
10656,"Pets/display animals, horticulture",international,non-trivial,recent,Cyanomitra olivacea
10657,NA,NA,NA,NA,Cyanomitra verreauxii
10658,NA,NA,NA,NA,Chalcomitra adelberti
10659,"Pets/display animals, horticulture",international,non-trivial,recent,Chalcomitra fuliginosa
10660,NA,NA,NA,NA,Chalcomitra rubescens
10661,NA,NA,NA,NA,Chalcomitra amethystina
10662,"Pets/display animals, horticulture",international,non-trivial,recent,Chalcomitra senegalensis
10663,NA,NA,NA,NA,Chalcomitra hunteri
10664,NA,NA,NA,NA,Chalcomitra balfouri
10665,NA,NA,NA,NA,Leptocoma zeylonica
10666,NA,NA,NA,NA,Leptocoma minima
10667,"Pets/display animals, horticulture",international,non-trivial,recent,Leptocoma brasiliana
10668,"Pets/display animals, horticulture",international,non-trivial,recent,Leptocoma sperata
10669,NA,NA,NA,NA,Leptocoma juliae
10670,"Pets/display animals, horticulture",international,non-trivial,recent,Leptocoma aspasia
10671,NA,NA,NA,NA,Leptocoma calcostetha
10672,NA,NA,NA,NA,Nectarinia bocagii
10673,NA,NA,NA,NA,Nectarinia purpureiventris
10674,NA,NA,NA,NA,Nectarinia tacazze
10675,NA,NA,NA,NA,Nectarinia kilimensis
10676,"Pets/display animals, horticulture",international,non-trivial,recent,Nectarinia famosa
10677,NA,NA,NA,NA,Nectarinia johnstoni
10678,"Pets/display animals, horticulture",international,non-trivial,recent,Drepanorhynchus reichenowi
10679,NA,NA,NA,NA,Cinnyris chloropygius
10680,"Pets/display animals, horticulture",international,non-trivial,recent,Cinnyris minullus
10681,NA,NA,NA,NA,Cinnyris gertrudis
10682,NA,NA,NA,NA,Cinnyris manoensis
10683,"Pets/display animals, horticulture",international,non-trivial,recent,Cinnyris chalybeus
10684,NA,NA,NA,NA,Cinnyris neergaardi
10685,"Pets/display animals, horticulture",international,non-trivial,recent,Cinnyris afer
10686,NA,NA,NA,NA,Cinnyris stuhlmanni
10687,NA,NA,NA,NA,Cinnyris prigoginei
10688,"Pets/display animals, horticulture",international,non-trivial,recent,Cinnyris ludovicensis
10689,NA,NA,NA,NA,Cinnyris reichenowi
10690,NA,NA,NA,NA,Cinnyris regius
10691,NA,NA,NA,NA,Cinnyris rockefelleri
10692,NA,NA,NA,NA,Cinnyris mediocris
10693,NA,NA,NA,NA,Cinnyris usambaricus
10694,NA,NA,NA,NA,Cinnyris fuelleborni
10695,NA,NA,NA,NA,Cinnyris moreaui
10696,NA,NA,NA,NA,Cinnyris loveridgei
10697,"Pets/display animals, horticulture",international,non-trivial,recent,Cinnyris pulchellus
10698,NA,NA,NA,NA,Cinnyris melanogastrus
10699,"Pets/display animals, horticulture",international,non-trivial,recent,Cinnyris mariquensis
10700,NA,NA,NA,NA,Cinnyris shelleyi
10701,NA,NA,NA,NA,Cinnyris congensis
10702,"Pets/display animals, horticulture",international,non-trivial,recent,Cinnyris erythrocercus
10703,NA,NA,NA,NA,Cinnyris nectarinioides
10704,"Pets/display animals, horticulture",international,non-trivial,recent,Cinnyris bifasciatus
10705,NA,NA,NA,NA,Cinnyris tsavoensis
10706,NA,NA,NA,NA,Cinnyris chalcomelas
10707,NA,NA,NA,NA,Cinnyris pembae
10708,NA,NA,NA,NA,Cinnyris bouvieri
10709,NA,NA,NA,NA,Cinnyris osea
10710,"Pets/display animals, horticulture",international,non-trivial,recent,Cinnyris habessinicus
10711,NA,NA,NA,NA,Cinnyris hellmayri
10712,"Pets/display animals, horticulture",international,non-trivial,recent,Cinnyris coccinigastrus
10713,"Pets/display animals, horticulture",international,non-trivial,recent,Cinnyris johannae
10714,"Pets/display animals, horticulture",international,non-trivial,recent,Cinnyris superbus
10715,NA,NA,NA,NA,Cinnyris rufipennis
10716,NA,NA,NA,NA,Cinnyris oustaleti
10717,"Pets/display animals, horticulture",international,non-trivial,recent,Cinnyris talatala
10718,"Pets/display animals, horticulture",international,non-trivial,recent,Cinnyris venustus
10719,NA,NA,NA,NA,Cinnyris fuscus
10720,NA,NA,NA,NA,Cinnyris ursulae
10721,NA,NA,NA,NA,Cinnyris batesi
10722,"Pets/display animals, horticulture",international,non-trivial,recent,Cinnyris cupreus
10723,"Pets/display animals, horticulture",NA,non-trivial,recent,Cinnyris asiaticus
10724,"Pets/display animals, horticulture",NA,non-trivial,recent,Cinnyris jugularis
10725,NA,NA,NA,NA,Cinnyris idenburgi
10726,NA,NA,NA,NA,Cinnyris buettikoferi
10727,NA,NA,NA,NA,Cinnyris solaris
10728,NA,NA,NA,NA,Cinnyris sovimanga
10729,NA,NA,NA,NA,Cinnyris humbloti
10730,NA,NA,NA,NA,Cinnyris comorensis
10731,NA,NA,NA,NA,Cinnyris coquerellii
10732,NA,NA,NA,NA,Cinnyris dussumieri
10733,NA,NA,NA,NA,Cinnyris moebii
10734,NA,NA,NA,NA,Cinnyris voeltzkowi
10735,NA,NA,NA,NA,Cinnyris notatus
10736,NA,NA,NA,NA,Cinnyris lotenius
10737,NA,NA,NA,NA,Aethopyga duyvenbodei
10738,NA,NA,NA,NA,Aethopyga ignicauda
10739,NA,NA,NA,NA,Aethopyga saturata
10740,NA,NA,NA,NA,Aethopyga nipalensis
10741,NA,NA,NA,NA,Aethopyga gouldiae
10742,NA,NA,NA,NA,Aethopyga temminckii
10743,NA,NA,NA,NA,Aethopyga mystacalis
10744,NA,NA,NA,NA,Aethopyga shelleyi
10745,NA,NA,NA,NA,Aethopyga vigorsii
10746,"Pets/display animals, horticulture",international,non-trivial,recent,Aethopyga siparaja
10747,"Pets/display animals, horticulture",international,non-trivial,recent,Aethopyga magnifica
10748,NA,NA,NA,NA,Aethopyga pulcherrima
10749,"Pets/display animals, horticulture",international,non-trivial,recent,Aethopyga flagrans
10750,NA,NA,NA,NA,Aethopyga guimarasensis
10751,NA,NA,NA,NA,Aethopyga bella
10752,NA,NA,NA,NA,Aethopyga eximia
10753,"Pets/display animals, horticulture",NA,non-trivial,recent,Aethopyga latouchii
10754,NA,NA,NA,NA,Aethopyga christinae
10755,NA,NA,NA,NA,Aethopyga linaraborae
10756,NA,NA,NA,NA,Aethopyga primigenia
10757,NA,NA,NA,NA,Aethopyga boltoni
10758,NA,NA,NA,NA,Prunella himalayana
10759,"Pets/display animals, horticulture",international,non-trivial,recent,Prunella collaris
10760,Sport hunting/specimen collecting,,non-trivial,recent,Prunella collaris
10761,NA,NA,NA,NA,Prunella immaculata
10762,NA,NA,NA,NA,Prunella rubeculoides
10763,NA,NA,NA,NA,Prunella strophiata
10764,NA,NA,NA,NA,Prunella fulvescens
10765,NA,NA,NA,NA,Prunella koslowi
10766,NA,NA,NA,NA,Prunella rubida
10767,NA,NA,NA,NA,Prunella montanella
10768,Food - human,NA,non-trivial,recent,Prunella modularis
10769,Food - human,NA,non-trivial,recent,Prunella modularis
10770,Sport hunting/specimen collecting,NA,non-trivial,recent,Prunella modularis
10771,Sport hunting/specimen collecting,NA,non-trivial,recent,Prunella modularis
10772,NA,NA,NA,NA,Prunella atrogularis
10773,NA,NA,NA,NA,Prunella ocularis
10774,NA,NA,NA,NA,Peucedramus taeniatus
10775,NA,NA,NA,NA,Urocynchramus pylzowi
10776,"Pets/display animals, horticulture",international,non-trivial,recent,Bubalornis albirostris
10777,NA,NA,NA,NA,Bubalornis niger
10778,"Pets/display animals, horticulture",NA,non-trivial,recent,Dinemellia dinemelli
10779,NA,NA,NA,NA,Plocepasser mahali
10780,NA,NA,NA,NA,Plocepasser superciliosus
10781,NA,NA,NA,NA,Plocepasser donaldsoni
10782,NA,NA,NA,NA,Plocepasser rufoscapulatus
10783,NA,NA,NA,NA,Histurgops ruficauda
10784,NA,NA,NA,NA,Sporopipes squamifrons
10785,"Pets/display animals, horticulture",international,non-trivial,recent,Sporopipes frontalis
10786,NA,NA,NA,NA,Pseudonigrita arnaudi
10787,NA,NA,NA,NA,Pseudonigrita cabanisi
10788,NA,NA,NA,NA,Philetairus socius
10789,"Pets/display animals, horticulture",international,non-trivial,recent,Amblyospiza albifrons
10790,"Pets/display animals, horticulture",international,non-trivial,recent,Quelea cardinalis
10791,NA,NA,NA,NA,Quelea erythrops
10792,"Pets/display animals, horticulture",international,non-trivial,recent,Quelea quelea
10793,"Pets/display animals, horticulture",international,non-trivial,recent,Euplectes afer
10794,NA,NA,NA,NA,Euplectes diadematus
10795,"Pets/display animals, horticulture",international,non-trivial,recent,Euplectes aureus
10796,NA,NA,NA,NA,Euplectes gierowii
10797,NA,NA,NA,NA,Euplectes hordeaceus
10798,"Pets/display animals, horticulture",international,non-trivial,recent,Euplectes franciscanus
10799,"Pets/display animals, horticulture",international,non-trivial,recent,Euplectes orix
10800,NA,NA,NA,NA,Euplectes nigroventris
10801,NA,NA,NA,NA,Euplectes ardens
10802,"Pets/display animals, horticulture",international,non-trivial,recent,Euplectes laticauda
10803,NA,NA,NA,NA,Euplectes capensis
10804,NA,NA,NA,NA,Euplectes macroura
10805,"Pets/display animals, horticulture",international,non-trivial,recent,Euplectes axillaris
10806,NA,NA,NA,NA,Euplectes albonotatus
10807,"Pets/display animals, horticulture",international,non-trivial,recent,Euplectes hartlaubi
10808,NA,NA,NA,NA,Euplectes jacksoni
10809,NA,NA,NA,NA,Euplectes psammacromius
10810,NA,NA,NA,NA,Euplectes progne
10811,"Pets/display animals, horticulture",international,non-trivial,recent,Foudia madagascariensis
10812,"Pets/display animals, horticulture",international,non-trivial,recent,Foudia aldabrana
10813,"Pets/display animals, horticulture",international,non-trivial,recent,Foudia consobrina
10814,NA,NA,NA,NA,Foudia eminentissima
10815,NA,NA,NA,NA,Foudia omissa
10816,"Pets/display animals, horticulture",international,non-trivial,recent,Foudia delloni
10817,NA,NA,NA,NA,Foudia rubra
10818,NA,NA,NA,NA,Foudia sechellarum
10819,NA,NA,NA,NA,Foudia flavicans
10820,NA,NA,NA,NA,Brachycope anomala
10821,NA,NA,NA,NA,Ploceus baglafecht
10822,"Pets/display animals, horticulture",international,non-trivial,recent,Ploceus bannermani
10823,NA,NA,NA,NA,Ploceus batesi
10824,"Pets/display animals, horticulture",international,non-trivial,recent,Ploceus nigrimentus
10825,NA,NA,NA,NA,Ploceus bertrandi
10826,"Pets/display animals, horticulture",international,non-trivial,recent,Ploceus pelzelni
10827,NA,NA,NA,NA,Ploceus subpersonatus
10828,"Pets/display animals, horticulture",international,non-trivial,recent,Ploceus luteolus
10829,NA,NA,NA,NA,Ploceus ocularis
10830,"Pets/display animals, horticulture",international,non-trivial,recent,Ploceus brachypterus
10831,"Pets/display animals, horticulture",international,non-trivial,recent,Ploceus nigricollis
10832,NA,NA,NA,NA,Ploceus alienus
10833,NA,NA,NA,NA,Ploceus melanogaster
10834,NA,NA,NA,NA,Ploceus capensis
10835,NA,NA,NA,NA,Ploceus temporalis
10836,NA,NA,NA,NA,Ploceus subaureus
10837,NA,NA,NA,NA,Ploceus holoxanthus
10838,"Pets/display animals, horticulture",NA,non-trivial,recent,Ploceus xanthops
10839,"Pets/display animals, horticulture",international,non-trivial,recent,Ploceus aurantius
10840,NA,NA,NA,NA,Ploceus heuglini
10841,"Pets/display animals, horticulture",international,non-trivial,recent,Ploceus bojeri
10842,NA,NA,NA,NA,Ploceus castaneiceps
10843,NA,NA,NA,NA,Ploceus princeps
10844,NA,NA,NA,NA,Ploceus castanops
10845,NA,NA,NA,NA,Ploceus xanthopterus
10846,"Pets/display animals, horticulture",international,non-trivial,recent,Ploceus burnieri
10847,"Pets/display animals, horticulture",international,non-trivial,recent,Ploceus galbula
10848,NA,NA,NA,NA,Ploceus taeniopterus
10849,"Pets/display animals, horticulture",NA,non-trivial,recent,Ploceus intermedius
10850,"Pets/display animals, horticulture",international,non-trivial,recent,Ploceus velatus
10851,NA,NA,NA,NA,Ploceus katangae
10852,NA,NA,NA,NA,Ploceus ruweti
10853,NA,NA,NA,NA,Ploceus reichardi
10854,"Pets/display animals, horticulture",international,non-trivial,recent,Ploceus vitellinus
10855,NA,NA,NA,NA,Ploceus spekei
10856,"Pets/display animals, horticulture",international,non-trivial,recent,Ploceus spekeoides
10857,"Pets/display animals, horticulture",international,non-trivial,recent,Ploceus cucullatus
10858,"Pets/display animals, horticulture",international,non-trivial,recent,Ploceus grandis
10859,NA,NA,NA,NA,Ploceus castaneofuscus
10860,"Pets/display animals, horticulture",international,non-trivial,recent,Ploceus nigerrimus
10861,NA,NA,NA,NA,Ploceus weynsi
10862,Food - human,NA,non-trivial,recent,Ploceus golandi
10863,NA,NA,NA,NA,Ploceus dichrocephalus
10864,"Pets/display animals, horticulture",international,non-trivial,recent,Ploceus melanocephalus
10865,"Pets/display animals, horticulture",international,non-trivial,recent,Ploceus jacksoni
10866,NA,NA,NA,NA,Ploceus badius
10867,"Pets/display animals, horticulture",NA,non-trivial,recent,Ploceus rubiginosus
10868,NA,NA,NA,NA,Ploceus aureonucha
10869,"Pets/display animals, horticulture",international,non-trivial,recent,Ploceus tricolor
10870,NA,NA,NA,NA,Ploceus albinucha
10871,NA,NA,NA,NA,Ploceus nelicourvi
10872,NA,NA,NA,NA,Ploceus sakalava
10873,"Pets/display animals, horticulture",NA,non-trivial,recent,Ploceus hypoxanthus
10874,NA,NA,NA,NA,Ploceus superciliosus
10875,Food - human,,non-trivial,recent,Ploceus benghalensis
10876,"Pets/display animals, horticulture",international,non-trivial,recent,Ploceus benghalensis
10877,NA,NA,NA,NA,Ploceus manyar
10878,NA,NA,NA,NA,Ploceus philippinus
10879,"Pets/display animals, horticulture",NA,non-trivial,recent,Ploceus megarhynchus
10880,NA,NA,NA,NA,Ploceus bicolor
10881,"Pets/display animals, horticulture",international,non-trivial,recent,Ploceus preussi
10882,NA,NA,NA,NA,Ploceus dorsomaculatus
10883,"Pets/display animals, horticulture",international,non-trivial,recent,Ploceus olivaceiceps
10884,"Pets/display animals, horticulture",international,non-trivial,recent,Ploceus nicolli
10885,NA,NA,NA,NA,Ploceus insignis
10886,NA,NA,NA,NA,Ploceus angolensis
10887,NA,NA,NA,NA,Ploceus sanctithomae
10888,"Pets/display animals, horticulture",international,non-trivial,recent,Ploceus flavipes
10889,NA,NA,NA,NA,Malimbus coronatus
10890,NA,NA,NA,NA,Malimbus cassini
10891,NA,NA,NA,NA,Malimbus racheliae
10892,NA,NA,NA,NA,Malimbus ballmanni
10893,NA,NA,NA,NA,Malimbus scutatus
10894,NA,NA,NA,NA,Malimbus ibadanensis
10895,"Pets/display animals, horticulture",international,non-trivial,recent,Malimbus nitens
10896,NA,NA,NA,NA,Malimbus rubricollis
10897,NA,NA,NA,NA,Malimbus erythrogaster
10898,NA,NA,NA,NA,Malimbus malimbicus
10899,"Pets/display animals, horticulture",international,non-trivial,recent,Anaplectes leuconotos
10900,NA,NA,NA,NA,Anaplectes rubriceps
10901,"Pets/display animals, horticulture",international,non-trivial,recent,Anaplectes jubaensis
10902,NA,NA,NA,NA,Lagonosticta rara
10903,NA,NA,NA,NA,Lagonosticta rufopicta
10904,NA,NA,NA,NA,Lagonosticta nitidula
10905,"Pets/display animals, horticulture",NA,non-trivial,recent,Lagonosticta senegala
10906,"Pets/display animals, horticulture",international,non-trivial,recent,Lagonosticta sanguinodorsalis
10907,"Pets/display animals, horticulture",international,non-trivial,recent,Lagonosticta umbrinodorsalis
10908,NA,NA,NA,NA,Lagonosticta rhodopareia
10909,"Pets/display animals, horticulture",international,non-trivial,recent,Lagonosticta virata
10910,"Pets/display animals, horticulture",international,non-trivial,recent,Lagonosticta rubricata
10911,"Pets/display animals, horticulture",international,non-trivial,recent,Lagonosticta vinacea
10912,NA,NA,NA,NA,Lagonosticta nigricollis
10913,NA,NA,NA,NA,Lagonosticta larvata
10914,NA,NA,NA,NA,Clytospiza monteiri
10915,"Pets/display animals, horticulture",international,non-trivial,recent,Pytilia lineata
10916,NA,NA,NA,NA,Pytilia phoenicoptera
10917,"Pets/display animals, horticulture",international,non-trivial,recent,Pytilia afra
10918,NA,NA,NA,NA,Pytilia hypogrammica
10919,"Pets/display animals, horticulture",international,non-trivial,recent,Pytilia melba
10920,"Pets/display animals, horticulture",NA,non-trivial,recent,Hypargos margaritatus
10921,NA,NA,NA,NA,Hypargos niveoguttatus
10922,"Pets/display animals, horticulture",international,non-trivial,recent,Euschistospiza dybowskii
10923,NA,NA,NA,NA,Euschistospiza cinereovinacea
10924,NA,NA,NA,NA,Granatina granatina
10925,NA,NA,NA,NA,Granatina ianthinogaster
10926,NA,NA,NA,NA,Uraeginthus angolensis
10927,"Pets/display animals, horticulture",NA,non-trivial,recent,Uraeginthus bengalus
10928,"Pets/display animals, horticulture",NA,non-trivial,recent,Uraeginthus cyanocephalus
10929,"Pets/display animals, horticulture",international,non-trivial,recent,Spermophaga poliogenys
10930,"Pets/display animals, horticulture",international,non-trivial,recent,Spermophaga haematina
10931,NA,NA,NA,NA,Spermophaga ruficapilla
10932,"Pets/display animals, horticulture",international,non-trivial,recent,Pyrenestes ostrinus
10933,"Pets/display animals, horticulture",international,non-trivial,recent,Pyrenestes sanguineus
10934,NA,NA,NA,NA,Pyrenestes minor
10935,"Pets/display animals, horticulture",international,non-trivial,recent,Glaucestrilda coerulescens
10936,NA,NA,NA,NA,Glaucestrilda perreini
10937,NA,NA,NA,NA,Glaucestrilda thomensis
10938,"Pets/display animals, horticulture",international,non-trivial,recent,Estrilda poliopareia
10939,NA,NA,NA,NA,Estrilda paludicola
10940,"Pets/display animals, horticulture",international,non-trivial,recent,Estrilda melpoda
10941,NA,NA,NA,NA,Estrilda rhodopyga
10942,NA,NA,NA,NA,Estrilda rufibarba
10943,"Pets/display animals, horticulture",international,non-trivial,recent,Estrilda troglodytes
10944,"Pets/display animals, horticulture",international,non-trivial,recent,Estrilda astrild
10945,NA,NA,NA,NA,Estrilda nigriloris
10946,NA,NA,NA,NA,Estrilda nonnula
10947,"Pets/display animals, horticulture",international,non-trivial,recent,Estrilda atricapilla
10948,NA,NA,NA,NA,Estrilda kandti
10949,NA,NA,NA,NA,Brunhilda charmosyna
10950,"Pets/display animals, horticulture",international,non-trivial,recent,Brunhilda erythronotos
10951,"Pets/display animals, horticulture",NA,non-trivial,recent,Mandingoa nitidula
10952,NA,NA,NA,NA,Cryptospiza reichenovii
10953,"Pets/display animals, horticulture",NA,non-trivial,recent,Cryptospiza salvadorii
10954,NA,NA,NA,NA,Cryptospiza jacksoni
10955,"Pets/display animals, horticulture",international,non-trivial,recent,Cryptospiza shelleyi
10956,"Pets/display animals, horticulture",international,non-trivial,recent,Coccopygia bocagei
10957,"Pets/display animals, horticulture",international,non-trivial,recent,Coccopygia melanotis
10958,NA,NA,NA,NA,Coccopygia quartinia
10959,NA,NA,NA,NA,Nesocharis shelleyi
10960,NA,NA,NA,NA,Nesocharis ansorgei
10961,NA,NA,NA,NA,Delacourella capistrata
10962,"Pets/display animals, horticulture",international,non-trivial,recent,Nigrita fusconotus
10963,"Pets/display animals, horticulture",international,non-trivial,recent,Nigrita bicolor
10964,"Pets/display animals, horticulture",international,non-trivial,recent,Nigrita luteifrons
10965,"Pets/display animals, horticulture",international,non-trivial,recent,Nigrita canicapillus
10966,NA,NA,NA,NA,Parmoptila woodhousei
10967,NA,NA,NA,NA,Parmoptila rubrifrons
10968,NA,NA,NA,NA,Parmoptila jamesoni
10969,NA,NA,NA,NA,Amadina erythrocephala
10970,NA,NA,NA,NA,Amadina fasciata
10971,NA,NA,NA,NA,Ortygospiza atricollis
10972,NA,NA,NA,NA,Amandava amandava
10973,"Pets/display animals, horticulture",NA,non-trivial,recent,Amandava formosa
10974,"Pets/display animals, horticulture",international,non-trivial,recent,Amandava subflava
10975,"Pets/display animals, horticulture",NA,non-trivial,recent,Paludipasser locustella
10976,NA,NA,NA,NA,Spermestes cucullata
10977,"Pets/display animals, horticulture",international,non-trivial,recent,Spermestes bicolor
10978,"Pets/display animals, horticulture",international,non-trivial,recent,Spermestes fringilloides
10979,NA,NA,NA,NA,Spermestes griseicapilla
10980,NA,NA,NA,NA,Lepidopygia nana
10981,"Pets/display animals, horticulture",international,non-trivial,recent,Euodice cantans
10982,Food - human,NA,non-trivial,recent,Euodice malabarica
10983,"Pets/display animals, horticulture",NA,non-trivial,recent,Euodice malabarica
10984,NA,NA,NA,NA,Lonchura striata
10985,NA,NA,NA,NA,Lonchura leucogastroides
10986,NA,NA,NA,NA,Lonchura fuscans
10987,"Pets/display animals, horticulture",international,non-trivial,recent,Lonchura molucca
10988,NA,NA,NA,NA,Lonchura punctulata
10989,"Pets/display animals, horticulture",international,non-trivial,recent,Lonchura kelaarti
10990,NA,NA,NA,NA,Lonchura leucogastra
10991,"Pets/display animals, horticulture",international,non-trivial,recent,Lonchura tristissima
10992,NA,NA,NA,NA,Lonchura leucosticta
10993,NA,NA,NA,NA,Lonchura quinticolor
10994,Food - human,,non-trivial,recent,Lonchura malacca
10995,"Pets/display animals, horticulture",international,non-trivial,recent,Lonchura malacca
10996,NA,NA,NA,NA,Lonchura atricapilla
10997,"Pets/display animals, horticulture",international,non-trivial,recent,Lonchura ferruginosa
10998,NA,NA,NA,NA,Lonchura maja
10999,"Pets/display animals, horticulture",international,non-trivial,recent,Lonchura pallida
11000,NA,NA,NA,NA,Lonchura grandis
11001,NA,NA,NA,NA,Lonchura vana
11002,"Pets/display animals, horticulture",international,non-trivial,recent,Lonchura caniceps
11003,NA,NA,NA,NA,Lonchura nevermanni
11004,NA,NA,NA,NA,Lonchura spectabilis
11005,NA,NA,NA,NA,Lonchura forbesi
11006,NA,NA,NA,NA,Lonchura hunsteini
11007,NA,NA,NA,NA,Lonchura flaviprymna
11008,"Pets/display animals, horticulture",international,non-trivial,recent,Lonchura castaneothorax
11009,"Pets/display animals, horticulture",international,non-trivial,recent,Lonchura stygia
11010,NA,NA,NA,NA,Lonchura teerinki
11011,NA,NA,NA,NA,Lonchura monticola
11012,NA,NA,NA,NA,Lonchura montana
11013,"Pets/display animals, horticulture",international,non-trivial,recent,Lonchura melaena
11014,NA,NA,NA,NA,Padda fuscata
11015,Food - human,,non-trivial,recent,Padda oryzivora
11016,"Pets/display animals, horticulture",international,non-trivial,recent,Padda oryzivora
11017,Sport hunting/specimen collecting,international,non-trivial,recent,Padda oryzivora
11018,NA,NA,NA,NA,Heteromunia pectoralis
11019,NA,NA,NA,NA,Stagonopleura bella
11020,NA,NA,NA,NA,Stagonopleura oculata
11021,"Pets/display animals, horticulture",international,non-trivial,recent,Stagonopleura guttata
11022,NA,NA,NA,NA,Oreostruthus fuliginosus
11023,NA,NA,NA,NA,Emblema pictum
11024,"Pets/display animals, horticulture",international,non-trivial,recent,Neochmia temporalis
11025,"Pets/display animals, horticulture",international,non-trivial,recent,Neochmia phaeton
11026,"Pets/display animals, horticulture",international,non-trivial,recent,Neochmia evangelinae
11027,"Pets/display animals, horticulture",international,non-trivial,recent,Neochmia ruficauda
11028,NA,NA,NA,NA,Neochmia modesta
11029,NA,NA,NA,NA,Poephila personata
11030,NA,NA,NA,NA,Poephila acuticauda
11031,NA,NA,NA,NA,Poephila cincta
11032,"Pets/display animals, horticulture",international,non-trivial,recent,Taeniopygia guttata
11033,"Pets/display animals, horticulture",international,non-trivial,recent,Taeniopygia castanotis
11034,NA,NA,NA,NA,Taeniopygia bichenovii
11035,"Pets/display animals, horticulture",NA,non-trivial,recent,Erythrura hyperythra
11036,NA,NA,NA,NA,Erythrura prasina
11037,"Pets/display animals, horticulture",international,non-trivial,recent,Erythrura viridifacies
11038,"Pets/display animals, horticulture",international,non-trivial,recent,Erythrura tricolor
11039,"Pets/display animals, horticulture",international,non-trivial,recent,Erythrura coloria
11040,"Pets/display animals, horticulture",international,non-trivial,recent,Erythrura trichroa
11041,NA,NA,NA,NA,Erythrura papuana
11042,"Pets/display animals, horticulture",international,non-trivial,recent,Erythrura psittacea
11043,"Pets/display animals, horticulture",international,non-trivial,recent,Erythrura cyaneovirens
11044,NA,NA,NA,NA,Erythrura pealii
11045,NA,NA,NA,NA,Erythrura kleinschmidti
11046,"Pets/display animals, horticulture",international,non-trivial,recent,Chloebia gouldiae
11047,"Pets/display animals, horticulture",international,non-trivial,recent,Vidua macroura
11048,"Pets/display animals, horticulture",NA,non-trivial,recent,Vidua paradisaea
11049,"Pets/display animals, horticulture",international,non-trivial,recent,Vidua obtusa
11050,"Pets/display animals, horticulture",international,non-trivial,recent,Vidua orientalis
11051,"Pets/display animals, horticulture",international,non-trivial,recent,Vidua interjecta
11052,NA,NA,NA,NA,Vidua hypocherina
11053,NA,NA,NA,NA,Vidua regia
11054,NA,NA,NA,NA,Vidua fischeri
11055,"Pets/display animals, horticulture",international,non-trivial,recent,Vidua togoensis
11056,"Pets/display animals, horticulture",international,non-trivial,recent,Vidua wilsoni
11057,"Pets/display animals, horticulture",international,non-trivial,recent,Vidua larvaticola
11058,NA,NA,NA,NA,Vidua maryae
11059,NA,NA,NA,NA,Vidua camerunensis
11060,NA,NA,NA,NA,Vidua nigeriae
11061,"Pets/display animals, horticulture",international,non-trivial,recent,Vidua raricola
11062,"Pets/display animals, horticulture",international,non-trivial,recent,Vidua codringtoni
11063,NA,NA,NA,NA,Vidua funerea
11064,"Pets/display animals, horticulture",international,non-trivial,recent,Vidua chalybeata
11065,NA,NA,NA,NA,Vidua purpurascens
11066,"Pets/display animals, horticulture",international,non-trivial,recent,Anomalospiza imberbis
11067,NA,NA,NA,NA,Passer ammodendri
11068,Food - human,,non-trivial,recent,Passer domesticus
11069,Medicine - human & veterinary,,non-trivial,recent,Passer domesticus
11070,"Pets/display animals, horticulture",international,non-trivial,recent,Passer domesticus
11071,Sport hunting/specimen collecting,,non-trivial,recent,Passer domesticus
11072,Food - human,,non-trivial,recent,Passer italiae
11073,Medicine - human & veterinary,,non-trivial,recent,Passer italiae
11074,"Pets/display animals, horticulture",international,non-trivial,recent,Passer italiae
11075,Sport hunting/specimen collecting,,non-trivial,recent,Passer italiae
11076,Food - human,,non-trivial,recent,Passer hispaniolensis
11077,"Pets/display animals, horticulture",international,non-trivial,recent,Passer hispaniolensis
11078,Sport hunting/specimen collecting,,non-trivial,recent,Passer hispaniolensis
11079,NA,NA,NA,NA,Passer pyrrhonotus
11080,NA,NA,NA,NA,Passer castanopterus
11081,NA,NA,NA,NA,Passer cinnamomeus
11082,NA,NA,NA,NA,Passer flaveolus
11083,NA,NA,NA,NA,Passer moabiticus
11084,NA,NA,NA,NA,Passer iagoensis
11085,NA,NA,NA,NA,Passer motitensis
11086,NA,NA,NA,NA,Passer insularis
11087,Food - human,NA,non-trivial,recent,Passer hemileucus
11088,NA,NA,NA,NA,Passer cordofanicus
11089,NA,NA,NA,NA,Passer shelleyi
11090,NA,NA,NA,NA,Passer rufocinctus
11091,NA,NA,NA,NA,Passer melanurus
11092,NA,NA,NA,NA,Passer swainsonii
11093,NA,NA,NA,NA,Passer gongonensis
11094,NA,NA,NA,NA,Passer suahelicus
11095,"Pets/display animals, horticulture",international,non-trivial,recent,Passer griseus
11096,NA,NA,NA,NA,Passer diffusus
11097,NA,NA,NA,NA,Passer simplex
11098,NA,NA,NA,NA,Passer zarudnyi
11099,Food - human,NA,non-trivial,recent,Passer montanus
11100,"Pets/display animals, horticulture",NA,non-trivial,recent,Passer montanus
11101,Sport hunting/specimen collecting,NA,non-trivial,recent,Passer montanus
11102,"Pets/display animals, horticulture",international,non-trivial,recent,Passer luteus
11103,NA,NA,NA,NA,Passer euchlorus
11104,"Pets/display animals, horticulture",NA,non-trivial,recent,Passer eminibey
11105,NA,NA,NA,NA,Carpospiza brachydactyla
11106,NA,NA,NA,NA,Petronia petronia
11107,NA,NA,NA,NA,Gymnoris superciliaris
11108,NA,NA,NA,NA,Gymnoris dentata
11109,NA,NA,NA,NA,Gymnoris pyrgita
11110,"Pets/display animals, horticulture",international,non-trivial,recent,Gymnoris xanthocollis
11111,NA,NA,NA,NA,Montifringilla henrici
11112,"Pets/display animals, horticulture",international,non-trivial,recent,Montifringilla nivalis
11113,NA,NA,NA,NA,Montifringilla adamsi
11114,NA,NA,NA,NA,Onychostruthus taczanowskii
11115,NA,NA,NA,NA,Pyrgilauda ruficollis
11116,NA,NA,NA,NA,Pyrgilauda davidiana
11117,NA,NA,NA,NA,Pyrgilauda blanfordi
11118,NA,NA,NA,NA,Pyrgilauda theresae
11119,NA,NA,NA,NA,Hypocryptadius cinnamomeus
11120,NA,NA,NA,NA,Dendronanthus indicus
11121,NA,NA,NA,NA,Anthus sokokensis
11122,NA,NA,NA,NA,Anthus brachyurus
11123,NA,NA,NA,NA,Anthus caffer
11124,NA,NA,NA,NA,Anthus gustavi
11125,Food - human,NA,non-trivial,recent,Anthus trivialis
11126,Sport hunting/specimen collecting,NA,non-trivial,recent,Anthus trivialis
11127,NA,NA,NA,NA,Anthus hodgsoni
11128,Sport hunting/specimen collecting,NA,non-trivial,recent,Anthus cervinus
11129,NA,NA,NA,NA,Anthus roseatus
11130,NA,NA,NA,NA,Anthus rubescens
11131,Food - human,,non-trivial,recent,Anthus pratensis
11132,"Pets/display animals, horticulture",international,non-trivial,recent,Anthus pratensis
11133,Sport hunting/specimen collecting,,non-trivial,recent,Anthus pratensis
11134,NA,NA,NA,NA,Anthus spinoletta
11135,NA,NA,NA,NA,Anthus petrosus
11136,NA,NA,NA,NA,Anthus furcatus
11137,NA,NA,NA,NA,Anthus brevirostris
11138,NA,NA,NA,NA,Anthus lutescens
11139,NA,NA,NA,NA,Anthus peruvianus
11140,NA,NA,NA,NA,Anthus chacoensis
11141,NA,NA,NA,NA,Anthus spragueii
11142,NA,NA,NA,NA,Anthus hellmayri
11143,NA,NA,NA,NA,Anthus bogotensis
11144,NA,NA,NA,NA,Anthus nattereri
11145,NA,NA,NA,NA,Anthus correndera
11146,NA,NA,NA,NA,Anthus antarcticus
11147,NA,NA,NA,NA,Anthus sylvanus
11148,NA,NA,NA,NA,Anthus nilghiriensis
11149,NA,NA,NA,NA,Anthus hoeschi
11150,NA,NA,NA,NA,Anthus crenatus
11151,NA,NA,NA,NA,Anthus lineiventris
11152,Food - human,NA,non-trivial,recent,Anthus richardi
11153,"Pets/display animals, horticulture",NA,non-trivial,recent,Anthus richardi
11154,Sport hunting/specimen collecting,NA,non-trivial,recent,Anthus richardi
11155,NA,NA,NA,NA,Anthus rufulus
11156,"Pets/display animals, horticulture",NA,non-trivial,recent,Anthus novaeseelandiae
11157,NA,NA,NA,NA,Anthus nyassae
11158,NA,NA,NA,NA,Anthus godlewskii
11159,NA,NA,NA,NA,Anthus leucophrys
11160,NA,NA,NA,NA,Anthus berthelotii
11161,Sport hunting/specimen collecting,NA,non-trivial,recent,Anthus campestris
11162,Food - human,NA,non-trivial,recent,Anthus cinnamomeus
11163,"Pets/display animals, horticulture",NA,non-trivial,recent,Anthus cinnamomeus
11164,Sport hunting/specimen collecting,NA,non-trivial,recent,Anthus cinnamomeus
11165,NA,NA,NA,NA,Anthus vaalensis
11166,NA,NA,NA,NA,Anthus similis
11167,NA,NA,NA,NA,Anthus melindae
11168,NA,NA,NA,NA,Anthus pallidiventris
11169,NA,NA,NA,NA,Anthus gutturalis
11170,NA,NA,NA,NA,Madanga ruficollis
11171,NA,NA,NA,NA,Macronyx flavicollis
11172,NA,NA,NA,NA,Macronyx fuelleborni
11173,NA,NA,NA,NA,Macronyx capensis
11174,NA,NA,NA,NA,Macronyx croceus
11175,NA,NA,NA,NA,Macronyx aurantiigula
11176,NA,NA,NA,NA,Macronyx ameliae
11177,NA,NA,NA,NA,Macronyx grimwoodi
11178,NA,NA,NA,NA,Macronyx sharpei
11179,NA,NA,NA,NA,Hemimacronyx chloris
11180,NA,NA,NA,NA,Tmetothylacus tenellus
11181,NA,NA,NA,NA,Motacilla flaviventris
11182,NA,NA,NA,NA,Motacilla clara
11183,NA,NA,NA,NA,Motacilla capensis
11184,Food - human,,non-trivial,recent,Motacilla flava
11185,"Pets/display animals, horticulture",international,non-trivial,recent,Motacilla flava
11186,Sport hunting/specimen collecting,,non-trivial,recent,Motacilla flava
11187,"Pets/display animals, horticulture",international,non-trivial,recent,Motacilla aguimp
11188,Food - human,NA,non-trivial,recent,Motacilla cinerea
11189,"Pets/display animals, horticulture",NA,non-trivial,recent,Motacilla cinerea
11190,Sport hunting/specimen collecting,NA,non-trivial,recent,Motacilla cinerea
11191,"Pets/display animals, horticulture",NA,non-trivial,recent,Motacilla citreola
11192,Food - human,,non-trivial,recent,Motacilla tschutschensis
11193,"Pets/display animals, horticulture",international,non-trivial,recent,Motacilla tschutschensis
11194,Sport hunting/specimen collecting,,non-trivial,recent,Motacilla tschutschensis
11195,NA,NA,NA,NA,Motacilla maderaspatensis
11196,"Pets/display animals, horticulture",international,non-trivial,recent,Motacilla samveasnae
11197,NA,NA,NA,NA,Motacilla grandis
11198,Food - human,,non-trivial,recent,Motacilla alba
11199,"Pets/display animals, horticulture",international,non-trivial,recent,Motacilla alba
11200,Sport hunting/specimen collecting,,non-trivial,recent,Motacilla alba
11201,NA,NA,NA,NA,Amaurocichla bocagii
11202,Food - human,,non-trivial,recent,Fringilla coelebs
11203,"Pets/display animals, horticulture",international,non-trivial,recent,Fringilla coelebs
11204,Sport hunting/specimen collecting,,non-trivial,recent,Fringilla coelebs
11205,"Pets/display animals, horticulture",international,non-trivial,recent,Fringilla teydea
11206,NA,NA,NA,NA,Fringilla montifringilla
11207,NA,NA,NA,NA,Chlorophonia flavirostris
11208,NA,NA,NA,NA,Chlorophonia cyanea
11209,NA,NA,NA,NA,Chlorophonia pyrrhophrys
11210,NA,NA,NA,NA,Chlorophonia occipitalis
11211,NA,NA,NA,NA,Chlorophonia callophrys
11212,NA,NA,NA,NA,Euphonia jamaica
11213,NA,NA,NA,NA,Euphonia plumbea
11214,"Pets/display animals, horticulture",international,non-trivial,recent,Euphonia affinis
11215,"Pets/display animals, horticulture",international,non-trivial,recent,Euphonia luteicapilla
11216,"Pets/display animals, horticulture",NA,non-trivial,recent,Euphonia chlorotica
11217,"Pets/display animals, horticulture",international,non-trivial,recent,Euphonia trinitatis
11218,NA,NA,NA,NA,Euphonia concinna
11219,"Pets/display animals, horticulture",international,non-trivial,recent,Euphonia saturata
11220,NA,NA,NA,NA,Euphonia finschi
11221,NA,NA,NA,NA,Euphonia violacea
11222,"Pets/display animals, horticulture",international,non-trivial,recent,Euphonia laniirostris
11223,"Pets/display animals, horticulture",international,non-trivial,recent,Euphonia hirundinacea
11224,NA,NA,NA,NA,Euphonia chalybea
11225,"Pets/display animals, horticulture",international,non-trivial,recent,Euphonia elegantissima
11226,NA,NA,NA,NA,Euphonia cyanocephala
11227,"Pets/display animals, horticulture",NA,non-trivial,recent,Euphonia musica
11228,"Pets/display animals, horticulture",NA,non-trivial,recent,Euphonia sclateri
11229,NA,NA,NA,NA,Euphonia flavifrons
11230,NA,NA,NA,NA,Euphonia fulvicrissa
11231,NA,NA,NA,NA,Euphonia imitans
11232,NA,NA,NA,NA,Euphonia gouldi
11233,NA,NA,NA,NA,Euphonia chrysopasta
11234,NA,NA,NA,NA,Euphonia mesochrysa
11235,"Pets/display animals, horticulture",international,non-trivial,recent,Euphonia minuta
11236,"Pets/display animals, horticulture",international,non-trivial,recent,Euphonia anneae
11237,"Pets/display animals, horticulture",NA,non-trivial,recent,Euphonia xanthogaster
11238,NA,NA,NA,NA,Euphonia rufiventris
11239,"Pets/display animals, horticulture",international,non-trivial,recent,Euphonia pectoralis
11240,NA,NA,NA,NA,Euphonia cayennensis
11241,NA,NA,NA,NA,Mycerobas icterioides
11242,NA,NA,NA,NA,Mycerobas affinis
11243,NA,NA,NA,NA,Mycerobas melanozanthos
11244,"Pets/display animals, horticulture",international,non-trivial,recent,Mycerobas carnipes
11245,"Pets/display animals, horticulture",international,non-trivial,recent,Hesperiphona vespertina
11246,"Pets/display animals, horticulture",international,non-trivial,recent,Hesperiphona abeillei
11247,Food - human,,non-trivial,recent,Coccothraustes coccothraustes
11248,"Pets/display animals, horticulture",international,non-trivial,recent,Coccothraustes coccothraustes
11249,Sport hunting/specimen collecting,,non-trivial,recent,Coccothraustes coccothraustes
11250,NA,NA,NA,NA,Eophona migratoria
11251,Food - human,NA,non-trivial,recent,Eophona personata
11252,"Pets/display animals, horticulture",NA,non-trivial,recent,Eophona personata
11253,NA,NA,NA,NA,Paroreomyza maculata
11254,NA,NA,NA,NA,Paroreomyza montana
11255,NA,NA,NA,NA,Oreomystis bairdi
11256,NA,NA,NA,NA,Telespiza cantans
11257,NA,NA,NA,NA,Telespiza ultima
11258,NA,NA,NA,NA,Loxioides bailleui
11259,Food - human,NA,non-trivial,recent,Psittirostra psittacea
11260,"Handicrafts, jewellery, etc.",NA,non-trivial,recent,Psittirostra psittacea
11261,NA,NA,NA,NA,Hemignathus hanapepe
11262,NA,NA,NA,NA,Hemignathus affinis
11263,NA,NA,NA,NA,Hemignathus wilsoni
11264,NA,NA,NA,NA,Pseudonestor xanthophrys
11265,NA,NA,NA,NA,Magumma parva
11266,NA,NA,NA,NA,Manucerthia mana
11267,NA,NA,NA,NA,Loxops caeruleirostris
11268,NA,NA,NA,NA,Loxops wolstenholmei
11269,NA,NA,NA,NA,Loxops coccineus
11270,NA,NA,NA,NA,Chlorodrepanis stejnegeri
11271,NA,NA,NA,NA,Chlorodrepanis flava
11272,"Pets/display animals, horticulture",international,non-trivial,recent,Chlorodrepanis virens
11273,"Pets/display animals, horticulture",international,non-trivial,recent,Drepanis coccinea
11274,NA,NA,NA,NA,Himatione sanguinea
11275,NA,NA,NA,NA,Palmeria dolei
11276,"Pets/display animals, horticulture",NA,non-trivial,recent,Carpodacus erythrinus
11277,NA,NA,NA,NA,Carpodacus sipahi
11278,NA,NA,NA,NA,Carpodacus rhodochlamys
11279,NA,NA,NA,NA,Carpodacus waltoni
11280,"Pets/display animals, horticulture",international,non-trivial,recent,Carpodacus pulcherrimus
11281,"Pets/display animals, horticulture",international,non-trivial,recent,Carpodacus edwardsii
11282,NA,NA,NA,NA,Carpodacus rodochroa
11283,NA,NA,NA,NA,Carpodacus verreauxii
11284,NA,NA,NA,NA,Carpodacus rodopeplus
11285,NA,NA,NA,NA,Carpodacus vinaceus
11286,"Pets/display animals, horticulture",NA,non-trivial,recent,Carpodacus formosanus
11287,NA,NA,NA,NA,Carpodacus synoicus
11288,"Pets/display animals, horticulture",international,non-trivial,recent,Carpodacus stoliczkae
11289,NA,NA,NA,NA,Carpodacus roborowskii
11290,NA,NA,NA,NA,Carpodacus sillemi
11291,"Pets/display animals, horticulture",international,non-trivial,recent,Carpodacus rubicilloides
11292,NA,NA,NA,NA,Carpodacus rubicilla
11293,NA,NA,NA,NA,Carpodacus sibiricus
11294,NA,NA,NA,NA,Carpodacus lepidus
11295,NA,NA,NA,NA,Carpodacus puniceus
11296,"Pets/display animals, horticulture",international,non-trivial,recent,Carpodacus subhimachalus
11297,"Pets/display animals, horticulture",international,non-trivial,recent,Carpodacus roseus
11298,NA,NA,NA,NA,Carpodacus trifasciatus
11299,NA,NA,NA,NA,Carpodacus thura
11300,"Pets/display animals, horticulture",international,non-trivial,recent,Carpodacus dubius
11301,"Pets/display animals, horticulture",international,non-trivial,recent,Pinicola enucleator
11302,NA,NA,NA,NA,Pyrrhula nipalensis
11303,"Pets/display animals, horticulture",international,non-trivial,recent,Pyrrhula waterstradti
11304,NA,NA,NA,NA,Pyrrhula leucogenis
11305,NA,NA,NA,NA,Pyrrhula aurantiaca
11306,NA,NA,NA,NA,Pyrrhula erythrocephala
11307,"Pets/display animals, horticulture",international,non-trivial,recent,Pyrrhula erythaca
11308,"Pets/display animals, horticulture",international,non-trivial,recent,Pyrrhula murina
11309,Food - human,,non-trivial,recent,Pyrrhula pyrrhula
11310,Food - human,,non-trivial,recent,Pyrrhula pyrrhula
11311,"Pets/display animals, horticulture",international,non-trivial,recent,Pyrrhula pyrrhula
11312,"Pets/display animals, horticulture",international,non-trivial,recent,Pyrrhula pyrrhula
11313,NA,NA,NA,NA,Rhodopechys alienus
11314,NA,NA,NA,NA,Rhodopechys sanguineus
11315,Sport hunting/specimen collecting,NA,non-trivial,recent,Bucanetes githagineus
11316,"Pets/display animals, horticulture",international,non-trivial,recent,Bucanetes mongolicus
11317,NA,NA,NA,NA,Agraphospiza rubescens
11318,"Pets/display animals, horticulture",NA,non-trivial,recent,Callacanthis burtoni
11319,NA,NA,NA,NA,Pyrrhoplectes epauletta
11320,NA,NA,NA,NA,Procarduelis nipalensis
11321,"Pets/display animals, horticulture",international,non-trivial,recent,Leucosticte nemoricola
11322,NA,NA,NA,NA,Leucosticte brandti
11323,"Pets/display animals, horticulture",international,non-trivial,recent,Leucosticte arctoa
11324,NA,NA,NA,NA,Leucosticte tephrocotis
11325,NA,NA,NA,NA,Leucosticte atrata
11326,NA,NA,NA,NA,Leucosticte australis
11327,"Pets/display animals, horticulture",international,non-trivial,recent,Haemorhous mexicanus
11328,NA,NA,NA,NA,Haemorhous cassinii
11329,NA,NA,NA,NA,Haemorhous purpureus
11330,NA,NA,NA,NA,Rhodospiza obsoleta
11331,NA,NA,NA,NA,Rhynchostruthus socotranus
11332,NA,NA,NA,NA,Rhynchostruthus louisae
11333,NA,NA,NA,NA,Rhynchostruthus percivali
11334,Food - human,,non-trivial,recent,Chloris chloris
11335,"Pets/display animals, horticulture",international,non-trivial,recent,Chloris chloris
11336,Sport hunting/specimen collecting,,non-trivial,recent,Chloris chloris
11337,Food - human,NA,non-trivial,recent,Chloris sinica
11338,Food - human,NA,non-trivial,recent,Chloris sinica
11339,"Pets/display animals, horticulture",NA,non-trivial,recent,Chloris sinica
11340,"Pets/display animals, horticulture",NA,non-trivial,recent,Chloris sinica
11341,NA,NA,NA,NA,Chloris spinoides
11342,NA,NA,NA,NA,Chloris monguilloti
11343,NA,NA,NA,NA,Chloris ambigua
11344,"Pets/display animals, horticulture",NA,non-trivial,recent,Linurgus olivaceus
11345,NA,NA,NA,NA,Crithagra citrinelloides
11346,NA,NA,NA,NA,Crithagra frontalis
11347,"Pets/display animals, horticulture",NA,non-trivial,recent,Crithagra hyposticta
11348,NA,NA,NA,NA,Crithagra capistrata
11349,NA,NA,NA,NA,Crithagra koliensis
11350,NA,NA,NA,NA,Crithagra scotops
11351,NA,NA,NA,NA,Crithagra leucopygia
11352,NA,NA,NA,NA,Crithagra atrogularis
11353,NA,NA,NA,NA,Crithagra reichenowi
11354,NA,NA,NA,NA,Crithagra xanthopygia
11355,NA,NA,NA,NA,Crithagra rothschildi
11356,NA,NA,NA,NA,Crithagra flavigula
11357,NA,NA,NA,NA,Crithagra xantholaema
11358,"Pets/display animals, horticulture",international,non-trivial,recent,Crithagra citrinipectus
11359,"Pets/display animals, horticulture",NA,non-trivial,recent,Crithagra mozambica
11360,NA,NA,NA,NA,Crithagra donaldsoni
11361,NA,NA,NA,NA,Crithagra buchanani
11362,"Pets/display animals, horticulture",international,non-trivial,recent,Crithagra flaviventris
11363,NA,NA,NA,NA,Crithagra dorsostriata
11364,"Pets/display animals, horticulture",international,non-trivial,recent,Crithagra sulphurata
11365,NA,NA,NA,NA,Crithagra albogularis
11366,NA,NA,NA,NA,Crithagra striatipectus
11367,"Pets/display animals, horticulture",international,non-trivial,recent,Crithagra reichardi
11368,"Pets/display animals, horticulture",international,non-trivial,recent,Crithagra canicapilla
11369,"Pets/display animals, horticulture",international,non-trivial,recent,Crithagra gularis
11370,NA,NA,NA,NA,Crithagra mennelli
11371,NA,NA,NA,NA,Crithagra tristriata
11372,NA,NA,NA,NA,Crithagra ankoberensis
11373,"Pets/display animals, horticulture",international,non-trivial,recent,Crithagra menachensis
11374,NA,NA,NA,NA,Crithagra striolata
11375,NA,NA,NA,NA,Crithagra burtoni
11376,NA,NA,NA,NA,Crithagra melanochroa
11377,"Pets/display animals, horticulture",international,non-trivial,recent,Crithagra rufobrunnea
11378,NA,NA,NA,NA,Crithagra concolor
11379,NA,NA,NA,NA,Crithagra leucoptera
11380,NA,NA,NA,NA,Crithagra totta
11381,NA,NA,NA,NA,Crithagra symonsi
11382,Food - human,NA,non-trivial,recent,Linaria flavirostris
11383,"Pets/display animals, horticulture",NA,non-trivial,recent,Linaria flavirostris
11384,Food - human,,non-trivial,recent,Linaria cannabina
11385,"Pets/display animals, horticulture",international,non-trivial,recent,Linaria cannabina
11386,NA,NA,NA,NA,Linaria yemenensis
11387,NA,NA,NA,NA,Linaria johannis
11388,Food - human,,non-trivial,recent,Acanthis flammea
11389,"Pets/display animals, horticulture",international,non-trivial,recent,Acanthis flammea
11390,NA,NA,NA,NA,Loxia pytyopsittacus
11391,NA,NA,NA,NA,Loxia scotica
11392,Food - human,,non-trivial,recent,Loxia curvirostra
11393,"Pets/display animals, horticulture",international,non-trivial,recent,Loxia curvirostra
11394,Food - human,NA,non-trivial,recent,Loxia leucoptera
11395,"Pets/display animals, horticulture",NA,non-trivial,recent,Loxia leucoptera
11396,NA,NA,NA,NA,Loxia megaplaga
11397,NA,NA,NA,NA,Chrysocorythus estherae
11398,NA,NA,NA,NA,Chrysocorythus mindanensis
11399,Food - human,NA,non-trivial,recent,Carduelis carduelis
11400,"Pets/display animals, horticulture",NA,non-trivial,recent,Carduelis carduelis
11401,Sport hunting/specimen collecting,NA,non-trivial,recent,Carduelis carduelis
11402,Food - human,NA,non-trivial,recent,Carduelis caniceps
11403,"Pets/display animals, horticulture",NA,non-trivial,recent,Carduelis caniceps
11404,Sport hunting/specimen collecting,NA,non-trivial,recent,Carduelis caniceps
11405,"Pets/display animals, horticulture",international,non-trivial,recent,Carduelis citrinella
11406,NA,NA,NA,NA,Carduelis corsicana
11407,Food - human,,non-trivial,recent,Serinus serinus
11408,"Pets/display animals, horticulture",international,non-trivial,recent,Serinus serinus
11409,"Pets/display animals, horticulture",international,non-trivial,recent,Serinus canaria
11410,"Pets/display animals, horticulture",international,non-trivial,recent,Serinus syriacus
11411,Sport hunting/specimen collecting,,non-trivial,recent,Serinus syriacus
11412,NA,NA,NA,NA,Serinus pusillus
11413,NA,NA,NA,NA,Serinus alario
11414,NA,NA,NA,NA,Serinus canicollis
11415,NA,NA,NA,NA,Serinus flavivertex
11416,NA,NA,NA,NA,Serinus nigriceps
11417,NA,NA,NA,NA,Spinus thibetanus
11418,Food - human,NA,non-trivial,recent,Spinus spinus
11419,"Pets/display animals, horticulture",NA,non-trivial,recent,Spinus spinus
11420,Sport hunting/specimen collecting,NA,non-trivial,recent,Spinus spinus
11421,NA,NA,NA,NA,Spinus pinus
11422,NA,NA,NA,NA,Spinus tristis
11423,"Pets/display animals, horticulture",international,non-trivial,recent,Spinus psaltria
11424,NA,NA,NA,NA,Spinus lawrencei
11425,"Pets/display animals, horticulture",international,non-trivial,recent,Spinus atriceps
11426,NA,NA,NA,NA,Spinus spinescens
11427,"Pets/display animals, horticulture",NA,non-trivial,recent,Spinus yarrellii
11428,"Pets/display animals, horticulture",international,non-trivial,recent,Spinus cucullatus
11429,"Pets/display animals, horticulture",international,non-trivial,recent,Spinus crassirostris
11430,NA,NA,NA,NA,Spinus magellanicus
11431,NA,NA,NA,NA,Spinus dominicensis
11432,NA,NA,NA,NA,Spinus siemiradzkii
11433,NA,NA,NA,NA,Spinus olivaceus
11434,"Pets/display animals, horticulture",international,non-trivial,recent,Spinus notatus
11435,"Pets/display animals, horticulture",international,non-trivial,recent,Spinus xanthogastrus
11436,NA,NA,NA,NA,Spinus atratus
11437,"Pets/display animals, horticulture",international,non-trivial,recent,Spinus uropygialis
11438,"Pets/display animals, horticulture",international,non-trivial,recent,Spinus barbatus
11439,NA,NA,NA,NA,Calcarius lapponicus
11440,NA,NA,NA,NA,Calcarius ornatus
11441,NA,NA,NA,NA,Calcarius pictus
11442,NA,NA,NA,NA,Rhynchophanes mccownii
11443,NA,NA,NA,NA,Plectrophenax nivalis
11444,NA,NA,NA,NA,Plectrophenax hyperboreus
11445,NA,NA,NA,NA,Rhodinocichla rosea
11446,NA,NA,NA,NA,Emberiza affinis
11447,NA,NA,NA,NA,Emberiza lathami
11448,Food - human,,non-trivial,recent,Emberiza melanocephala
11449,"Pets/display animals, horticulture",international,non-trivial,recent,Emberiza melanocephala
11450,Food - human,NA,non-trivial,recent,Emberiza bruniceps
11451,"Pets/display animals, horticulture",NA,non-trivial,recent,Emberiza bruniceps
11452,"Pets/display animals, horticulture",international,non-trivial,recent,Emberiza calandra
11453,Sport hunting/specimen collecting,,non-trivial,recent,Emberiza calandra
11454,NA,NA,NA,NA,Emberiza fucata
11455,NA,NA,NA,NA,Emberiza koslowi
11456,NA,NA,NA,NA,Emberiza jankowskii
11457,"Pets/display animals, horticulture",international,non-trivial,recent,Emberiza cia
11458,NA,NA,NA,NA,Emberiza cioides
11459,"Pets/display animals, horticulture",NA,non-trivial,recent,Emberiza godlewskii
11460,NA,NA,NA,NA,Emberiza buchanani
11461,NA,NA,NA,NA,Emberiza cineracea
11462,Food - human,,non-trivial,recent,Emberiza hortulana
11463,"Pets/display animals, horticulture",international,non-trivial,recent,Emberiza hortulana
11464,Sport hunting/specimen collecting,,non-trivial,recent,Emberiza hortulana
11465,Food - human,NA,non-trivial,recent,Emberiza caesia
11466,Food - human,,non-trivial,recent,Emberiza cirlus
11467,"Pets/display animals, horticulture",international,non-trivial,recent,Emberiza cirlus
11468,NA,NA,NA,NA,Emberiza stewarti
11469,Food - human,,non-trivial,recent,Emberiza citrinella
11470,"Pets/display animals, horticulture",international,non-trivial,recent,Emberiza citrinella
11471,Sport hunting/specimen collecting,,non-trivial,recent,Emberiza citrinella
11472,"Pets/display animals, horticulture",international,non-trivial,recent,Emberiza leucocephalos
11473,NA,NA,NA,NA,Emberiza cabanisi
11474,NA,NA,NA,NA,Emberiza flaviventris
11475,NA,NA,NA,NA,Emberiza poliopleura
11476,"Pets/display animals, horticulture",international,non-trivial,recent,Emberiza capensis
11477,"Pets/display animals, horticulture",international,non-trivial,recent,Emberiza impetuani
11478,NA,NA,NA,NA,Emberiza socotrana
11479,NA,NA,NA,NA,Emberiza sahari
11480,NA,NA,NA,NA,Emberiza striolata
11481,"Pets/display animals, horticulture",NA,non-trivial,recent,Emberiza goslingi
11482,NA,NA,NA,NA,Emberiza tahapisi
11483,Food - human,,non-trivial,recent,Emberiza elegans
11484,"Pets/display animals, horticulture",international,non-trivial,recent,Emberiza elegans
11485,"Pets/display animals, horticulture",international,non-trivial,recent,Emberiza siemsseni
11486,"Pets/display animals, horticulture",international,non-trivial,recent,Emberiza yessoensis
11487,Food - human,,non-trivial,recent,Emberiza schoeniclus
11488,"Pets/display animals, horticulture",international,non-trivial,recent,Emberiza schoeniclus
11489,Sport hunting/specimen collecting,,non-trivial,recent,Emberiza schoeniclus
11490,"Pets/display animals, horticulture",NA,non-trivial,recent,Emberiza pallasi
11491,Food - human,,non-trivial,recent,Emberiza aureola
11492,"Pets/display animals, horticulture",international,non-trivial,recent,Emberiza aureola
11493,NA,NA,NA,NA,Emberiza rustica
11494,Food - human,NA,non-trivial,recent,Emberiza pusilla
11495,"Pets/display animals, horticulture",NA,non-trivial,recent,Emberiza pusilla
11496,Food - human,NA,non-trivial,recent,Emberiza spodocephala
11497,Food - human,,non-trivial,recent,Emberiza personata
11498,"Pets/display animals, horticulture",international,non-trivial,recent,Emberiza personata
11499,"Pets/display animals, horticulture",international,non-trivial,recent,Emberiza sulphurata
11500,NA,NA,NA,NA,Emberiza rutila
11501,NA,NA,NA,NA,Emberiza chrysophrys
11502,NA,NA,NA,NA,Emberiza tristrami
11503,"Pets/display animals, horticulture",international,non-trivial,recent,Emberiza variabilis
11504,"Pets/display animals, horticulture",international,non-trivial,recent,Emberiza variabilis
11505,"Pets/display animals, horticulture",international,non-trivial,recent,Spizella passerina
11506,"Pets/display animals, horticulture",international,non-trivial,recent,Spizella pallida
11507,NA,NA,NA,NA,Spizella atrogularis
11508,"Pets/display animals, horticulture",international,non-trivial,recent,Spizella pusilla
11509,NA,NA,NA,NA,Spizella breweri
11510,NA,NA,NA,NA,Spizella wortheni
11511,NA,NA,NA,NA,Amphispiza bilineata
11512,NA,NA,NA,NA,Amphispiza quinquestriata
11513,NA,NA,NA,NA,Chondestes grammacus
11514,"Pets/display animals, horticulture",international,non-trivial,recent,Calamospiza melanocorys
11515,NA,NA,NA,NA,Rhynchospiza stolzmanni
11516,NA,NA,NA,NA,Rhynchospiza strigiceps
11517,NA,NA,NA,NA,Rhynchospiza dabbenei
11518,NA,NA,NA,NA,Peucaea sumichrasti
11519,NA,NA,NA,NA,Peucaea carpalis
11520,NA,NA,NA,NA,Peucaea ruficauda
11521,NA,NA,NA,NA,Peucaea humeralis
11522,NA,NA,NA,NA,Peucaea mystacalis
11523,NA,NA,NA,NA,Peucaea botterii
11524,NA,NA,NA,NA,Peucaea cassinii
11525,"Pets/display animals, horticulture",international,non-trivial,recent,Peucaea aestivalis
11526,NA,NA,NA,NA,Arremonops rufivirgatus
11527,NA,NA,NA,NA,Arremonops chloronotus
11528,NA,NA,NA,NA,Arremonops tocuyensis
11529,"Pets/display animals, horticulture",international,non-trivial,recent,Arremonops conirostris
11530,NA,NA,NA,NA,Ammodramus savannarum
11531,"Pets/display animals, horticulture",international,non-trivial,recent,Ammodramus humeralis
11532,NA,NA,NA,NA,Ammodramus aurifrons
11533,NA,NA,NA,NA,Oreothraupis arremonops
11534,NA,NA,NA,NA,Chlorospingus flavopectus
11535,NA,NA,NA,NA,Chlorospingus tacarcunae
11536,NA,NA,NA,NA,Chlorospingus inornatus
11537,NA,NA,NA,NA,Chlorospingus semifuscus
11538,NA,NA,NA,NA,Chlorospingus pileatus
11539,NA,NA,NA,NA,Chlorospingus parvirostris
11540,NA,NA,NA,NA,Chlorospingus hypophaeus
11541,NA,NA,NA,NA,Chlorospingus flavigularis
11542,NA,NA,NA,NA,Chlorospingus canigularis
11543,NA,NA,NA,NA,Arremon crassirostris
11544,NA,NA,NA,NA,Arremon castaneiceps
11545,"Pets/display animals, horticulture",international,non-trivial,recent,Arremon brunneinucha
11546,NA,NA,NA,NA,Arremon virenticeps
11547,NA,NA,NA,NA,Arremon costaricensis
11548,NA,NA,NA,NA,Arremon assimilis
11549,NA,NA,NA,NA,Arremon basilicus
11550,NA,NA,NA,NA,Arremon perijanus
11551,NA,NA,NA,NA,Arremon torquatus
11552,NA,NA,NA,NA,Arremon atricapillus
11553,NA,NA,NA,NA,Arremon phaeopleurus
11554,NA,NA,NA,NA,Arremon phygas
11555,NA,NA,NA,NA,Arremon dorbignii
11556,"Pets/display animals, horticulture",NA,non-trivial,recent,Arremon flavirostris
11557,NA,NA,NA,NA,Arremon axillaris
11558,"Pets/display animals, horticulture",NA,non-trivial,recent,Arremon taciturnus
11559,NA,NA,NA,NA,Arremon semitorquatus
11560,NA,NA,NA,NA,Arremon franciscanus
11561,NA,NA,NA,NA,Arremon abeillei
11562,NA,NA,NA,NA,Arremon nigriceps
11563,"Pets/display animals, horticulture",international,non-trivial,recent,Arremon aurantiirostris
11564,NA,NA,NA,NA,Arremon schlegeli
11565,NA,NA,NA,NA,Pipilo ocai
11566,"Pets/display animals, horticulture",international,non-trivial,recent,Pipilo chlorurus
11567,NA,NA,NA,NA,Pipilo maculatus
11568,NA,NA,NA,NA,Pipilo socorroensis
11569,"Pets/display animals, horticulture",international,non-trivial,recent,Pipilo erythrophthalmus
11570,NA,NA,NA,NA,Pselliophorus tibialis
11571,NA,NA,NA,NA,Pselliophorus luteoviridis
11572,NA,NA,NA,NA,Atlapetes pileatus
11573,NA,NA,NA,NA,Atlapetes meridae
11574,NA,NA,NA,NA,Atlapetes albofrenatus
11575,NA,NA,NA,NA,Atlapetes semirufus
11576,NA,NA,NA,NA,Atlapetes personatus
11577,NA,NA,NA,NA,Atlapetes albinucha
11578,NA,NA,NA,NA,Atlapetes melanocephalus
11579,NA,NA,NA,NA,Atlapetes pallidinucha
11580,NA,NA,NA,NA,Atlapetes flaviceps
11581,NA,NA,NA,NA,Atlapetes fuscoolivaceus
11582,NA,NA,NA,NA,Atlapetes crassus
11583,NA,NA,NA,NA,Atlapetes tricolor
11584,NA,NA,NA,NA,Atlapetes leucopis
11585,NA,NA,NA,NA,Atlapetes nigrifrons
11586,NA,NA,NA,NA,Atlapetes latinuchus
11587,NA,NA,NA,NA,Atlapetes blancae
11588,NA,NA,NA,NA,Atlapetes rufigenis
11589,NA,NA,NA,NA,Atlapetes forbesi
11590,NA,NA,NA,NA,Atlapetes melanopsis
11591,NA,NA,NA,NA,Atlapetes schistaceus
11592,NA,NA,NA,NA,Atlapetes taczanowskii
11593,"Pets/display animals, horticulture",international,non-trivial,recent,Atlapetes leucopterus
11594,NA,NA,NA,NA,Atlapetes paynteri
11595,NA,NA,NA,NA,Atlapetes albiceps
11596,NA,NA,NA,NA,Atlapetes pallidiceps
11597,NA,NA,NA,NA,Atlapetes seebohmi
11598,NA,NA,NA,NA,Atlapetes nationi
11599,NA,NA,NA,NA,Atlapetes canigenis
11600,NA,NA,NA,NA,Atlapetes terborghi
11601,NA,NA,NA,NA,Atlapetes melanolaemus
11602,NA,NA,NA,NA,Atlapetes rufinucha
11603,NA,NA,NA,NA,Atlapetes fulviceps
11604,NA,NA,NA,NA,Atlapetes citrinellus
11605,NA,NA,NA,NA,Pezopetes capitalis
11606,NA,NA,NA,NA,Torreornis inexpectata
11607,NA,NA,NA,NA,Melozone kieneri
11608,"Pets/display animals, horticulture",international,non-trivial,recent,Melozone fusca
11609,NA,NA,NA,NA,Melozone albicollis
11610,NA,NA,NA,NA,Melozone crissalis
11611,"Pets/display animals, horticulture",international,non-trivial,recent,Melozone aberti
11612,NA,NA,NA,NA,Melozone biarcuata
11613,NA,NA,NA,NA,Melozone cabanisi
11614,NA,NA,NA,NA,Melozone occipitalis
11615,NA,NA,NA,NA,Melozone leucotis
11616,NA,NA,NA,NA,Aimophila rufescens
11617,NA,NA,NA,NA,Aimophila ruficeps
11618,NA,NA,NA,NA,Aimophila notosticta
11619,NA,NA,NA,NA,Junco vulcani
11620,"Pets/display animals, horticulture",international,non-trivial,recent,Junco hyemalis
11621,NA,NA,NA,NA,Junco insularis
11622,NA,NA,NA,NA,Junco phaeonotus
11623,NA,NA,NA,NA,Junco bairdi
11624,"Pets/display animals, horticulture",international,non-trivial,recent,Zonotrichia capensis
11625,NA,NA,NA,NA,Zonotrichia querula
11626,"Pets/display animals, horticulture",international,non-trivial,recent,Zonotrichia albicollis
11627,"Pets/display animals, horticulture",international,non-trivial,recent,Zonotrichia leucophrys
11628,"Pets/display animals, horticulture",international,non-trivial,recent,Zonotrichia atricapilla
11629,"Pets/display animals, horticulture",international,non-trivial,recent,Passerella iliaca
11630,"Pets/display animals, horticulture",international,non-trivial,recent,Passerella unalaschcensis
11631,NA,NA,NA,NA,Passerella megarhyncha
11632,"Pets/display animals, horticulture",international,non-trivial,recent,Passerella arborea
11633,NA,NA,NA,NA,Ammospiza leconteii
11634,"Pets/display animals, horticulture",international,non-trivial,recent,Ammospiza maritima
11635,NA,NA,NA,NA,Ammospiza nelsoni
11636,NA,NA,NA,NA,Ammospiza caudacuta
11637,NA,NA,NA,NA,Artemisiospiza nevadensis
11638,NA,NA,NA,NA,Artemisiospiza belli
11639,NA,NA,NA,NA,Pooecetes gramineus
11640,"Pets/display animals, horticulture",international,non-trivial,recent,Oriturus superciliosus
11641,NA,NA,NA,NA,Passerculus sandwichensis
11642,NA,NA,NA,NA,Passerculus guttatus
11643,NA,NA,NA,NA,Passerculus sanctorum
11644,NA,NA,NA,NA,Passerculus rostratus
11645,NA,NA,NA,NA,Passerculus bairdii
11646,NA,NA,NA,NA,Passerculus henslowii
11647,NA,NA,NA,NA,Xenospiza baileyi
11648,"Pets/display animals, horticulture",international,non-trivial,recent,Melospiza melodia
11649,"Pets/display animals, horticulture",international,non-trivial,recent,Melospiza lincolnii
11650,"Pets/display animals, horticulture",international,non-trivial,recent,Melospiza georgiana
11651,NA,NA,NA,NA,Zeledonia coronata
11652,NA,NA,NA,NA,Teretistris fernandinae
11653,NA,NA,NA,NA,Teretistris fornsi
11654,"Pets/display animals, horticulture",international,non-trivial,recent,Icteria virens
11655,NA,NA,NA,NA,Xanthocephalus xanthocephalus
11656,NA,NA,NA,NA,Dolichonyx oryzivorus
11657,"Pets/display animals, horticulture",international,non-trivial,recent,Sturnella neglecta
11658,NA,NA,NA,NA,Sturnella magna
11659,"Pets/display animals, horticulture",NA,non-trivial,recent,Leistes militaris
11660,Unknown,NA,non-trivial,recent,Leistes superciliaris
11661,"Pets/display animals, horticulture",international,non-trivial,recent,Leistes bellicosus
11662,"Pets/display animals, horticulture",international,non-trivial,recent,Leistes defilippii
11663,"Pets/display animals, horticulture",international,non-trivial,recent,Leistes loyca
11664,"Pets/display animals, horticulture",international,non-trivial,recent,Amblycercus holosericeus
11665,"Pets/display animals, horticulture",international,non-trivial,recent,Cassiculus melanicterus
11666,"Pets/display animals, horticulture",international,non-trivial,recent,Psarocolius wagleri
11667,NA,NA,NA,NA,Psarocolius atrovirens
11668,NA,NA,NA,NA,Psarocolius angustifrons
11669,NA,NA,NA,NA,Psarocolius oleagineus
11670,"Pets/display animals, horticulture",international,non-trivial,recent,Psarocolius decumanus
11671,"Pets/display animals, horticulture",international,non-trivial,recent,Psarocolius viridis
11672,NA,NA,NA,NA,Psarocolius bifasciatus
11673,"Pets/display animals, horticulture",international,non-trivial,recent,Psarocolius montezuma
11674,NA,NA,NA,NA,Psarocolius guatimozinus
11675,NA,NA,NA,NA,Psarocolius cassini
11676,NA,NA,NA,NA,Cacicus solitarius
11677,NA,NA,NA,NA,Cacicus chrysopterus
11678,NA,NA,NA,NA,Cacicus sclateri
11679,NA,NA,NA,NA,Cacicus koepckeae
11680,"Pets/display animals, horticulture",international,non-trivial,recent,Cacicus microrhynchus
11681,"Pets/display animals, horticulture",international,non-trivial,recent,Cacicus pacificus
11682,"Pets/display animals, horticulture",international,non-trivial,recent,Cacicus uropygialis
11683,Food - human,NA,non-trivial,recent,Cacicus flavicrissus
11684,"Pets/display animals, horticulture",NA,non-trivial,recent,Cacicus flavicrissus
11685,Food - human,NA,non-trivial,recent,Cacicus cela
11686,"Pets/display animals, horticulture",NA,non-trivial,recent,Cacicus cela
11687,NA,NA,NA,NA,Cacicus chrysonotus
11688,NA,NA,NA,NA,Cacicus haemorrhous
11689,NA,NA,NA,NA,Cacicus oseryi
11690,NA,NA,NA,NA,Cacicus latirostris
11691,"Pets/display animals, horticulture",international,non-trivial,recent,Icterus parisorum
11692,NA,NA,NA,NA,Icterus graduacauda
11693,"Pets/display animals, horticulture",international,non-trivial,recent,Icterus chrysater
11694,NA,NA,NA,NA,Icterus leucopteryx
11695,"Pets/display animals, horticulture",international,non-trivial,recent,Icterus auratus
11696,"Pets/display animals, horticulture",international,non-trivial,recent,Icterus gularis
11697,"Pets/display animals, horticulture",international,non-trivial,recent,Icterus nigrogularis
11698,"Pets/display animals, horticulture",international,non-trivial,recent,Icterus galbula
11699,NA,NA,NA,NA,Icterus abeillei
11700,NA,NA,NA,NA,Icterus bullockiorum
11701,NA,NA,NA,NA,Icterus pustulatus
11702,"Pets/display animals, horticulture",international,non-trivial,recent,Icterus mesomelas
11703,"Pets/display animals, horticulture",international,non-trivial,recent,Icterus pectoralis
11704,NA,NA,NA,NA,Icterus graceannae
11705,"Pets/display animals, horticulture",NA,non-trivial,recent,Icterus jamacaii
11706,"Pets/display animals, horticulture",NA,non-trivial,recent,Icterus icterus
11707,NA,NA,NA,NA,Icterus croconotus
11708,NA,NA,NA,NA,Icterus maculialatus
11709,NA,NA,NA,NA,Icterus wagleri
11710,NA,NA,NA,NA,Icterus cucullatus
11711,NA,NA,NA,NA,Icterus prosthemelas
11712,"Pets/display animals, horticulture",international,non-trivial,recent,Icterus spurius
11713,"Pets/display animals, horticulture",international,non-trivial,recent,Icterus fuertesi
11714,NA,NA,NA,NA,Icterus northropi
11715,NA,NA,NA,NA,Icterus melanopsis
11716,NA,NA,NA,NA,Icterus bonana
11717,NA,NA,NA,NA,Icterus portoricensis
11718,"Pets/display animals, horticulture",international,non-trivial,recent,Icterus oberi
11719,NA,NA,NA,NA,Icterus dominicensis
11720,NA,NA,NA,NA,Icterus laudabilis
11721,NA,NA,NA,NA,Icterus auricapillus
11722,"Pets/display animals, horticulture",NA,non-trivial,recent,Icterus chrysocephalus
11723,"Pets/display animals, horticulture",NA,non-trivial,recent,Icterus cayanensis
11724,NA,NA,NA,NA,Icterus pyrrhopterus
11725,NA,NA,NA,NA,Nesopsar nigerrimus
11726,NA,NA,NA,NA,Agelaius humeralis
11727,"Pets/display animals, horticulture",international,non-trivial,recent,Agelaius xanthomus
11728,NA,NA,NA,NA,Agelaius tricolor
11729,"Pets/display animals, horticulture",international,non-trivial,recent,Agelaius phoeniceus
11730,NA,NA,NA,NA,Agelaius assimilis
11731,NA,NA,NA,NA,Molothrus rufoaxillaris
11732,"Pets/display animals, horticulture",international,non-trivial,recent,Molothrus oryzivorus
11733,"Pets/display animals, horticulture",NA,non-trivial,recent,Molothrus bonariensis
11734,"Pets/display animals, horticulture",international,non-trivial,recent,Molothrus ater
11735,"Pets/display animals, horticulture",international,non-trivial,recent,Molothrus aeneus
11736,"Pets/display animals, horticulture",international,non-trivial,recent,Molothrus armenti
11737,"Pets/display animals, horticulture",international,non-trivial,recent,Dives dives
11738,"Pets/display animals, horticulture",international,non-trivial,recent,Dives warczewiczi
11739,NA,NA,NA,NA,Ptiloxena atroviolacea
11740,NA,NA,NA,NA,Euphagus carolinus
11741,NA,NA,NA,NA,Euphagus cyanocephalus
11742,"Pets/display animals, horticulture",international,non-trivial,recent,Quiscalus quiscula
11743,"Pets/display animals, horticulture",international,non-trivial,recent,Quiscalus lugubris
11744,NA,NA,NA,NA,Quiscalus nicaraguensis
11745,NA,NA,NA,NA,Quiscalus niger
11746,NA,NA,NA,NA,Quiscalus major
11747,"Pets/display animals, horticulture",international,non-trivial,recent,Quiscalus mexicanus
11748,NA,NA,NA,NA,Lampropsar tanagrinus
11749,"Pets/display animals, horticulture",NA,non-trivial,recent,Hypopyrrhus pyrohypogaster
11750,"Pets/display animals, horticulture",international,non-trivial,recent,Gymnomystax mexicanus
11751,NA,NA,NA,NA,Macroagelaius subalaris
11752,NA,NA,NA,NA,Macroagelaius imthurni
11753,"Pets/display animals, horticulture",international,non-trivial,recent,Amblyramphus holosericeus
11754,NA,NA,NA,NA,Curaeus curaeus
11755,"Pets/display animals, horticulture",NA,non-trivial,recent,Anumara forbesi
11756,NA,NA,NA,NA,Gnorimopsar chopi
11757,"Pets/display animals, horticulture",international,non-trivial,recent,Agelaioides badius
11758,"Pets/display animals, horticulture",international,non-trivial,recent,Agelaioides fringillarius
11759,NA,NA,NA,NA,Oreopsar bolivianus
11760,"Pets/display animals, horticulture",international,non-trivial,recent,Agelasticus thilius
11761,NA,NA,NA,NA,Agelasticus cyanopus
11762,NA,NA,NA,NA,Agelasticus xanthophthalmus
11763,"Pets/display animals, horticulture",international,non-trivial,recent,Chrysomus icterocephalus
11764,"Pets/display animals, horticulture",NA,non-trivial,recent,Chrysomus ruficapillus
11765,"Pets/display animals, horticulture",NA,non-trivial,recent,Xanthopsar flavus
11766,"Pets/display animals, horticulture",NA,non-trivial,recent,Pseudoleistes guirahuro
11767,"Pets/display animals, horticulture",international,non-trivial,recent,Pseudoleistes virescens
11768,"Pets/display animals, horticulture",international,non-trivial,recent,Seiurus aurocapilla
11769,NA,NA,NA,NA,Helmitheros vermivorum
11770,"Pets/display animals, horticulture",international,non-trivial,recent,Parkesia motacilla
11771,"Pets/display animals, horticulture",international,non-trivial,recent,Parkesia noveboracensis
11772,NA,NA,NA,NA,Vermivora bachmanii
11773,NA,NA,NA,NA,Vermivora chrysoptera
11774,NA,NA,NA,NA,Vermivora cyanoptera
11775,NA,NA,NA,NA,Mniotilta varia
11776,NA,NA,NA,NA,Protonotaria citrea
11777,"Pets/display animals, horticulture",international,non-trivial,recent,Limnothlypis swainsonii
11778,NA,NA,NA,NA,Oreothlypis superciliosa
11779,"Pets/display animals, horticulture",international,non-trivial,recent,Oreothlypis gutturalis
11780,"Pets/display animals, horticulture",international,non-trivial,recent,Leiothlypis peregrina
11781,NA,NA,NA,NA,Leiothlypis celata
11782,NA,NA,NA,NA,Leiothlypis crissalis
11783,NA,NA,NA,NA,Leiothlypis luciae
11784,"Pets/display animals, horticulture",international,non-trivial,recent,Leiothlypis ruficapilla
11785,NA,NA,NA,NA,Leiothlypis virginiae
11786,NA,NA,NA,NA,Leucopeza semperi
11787,NA,NA,NA,NA,Oporornis agilis
11788,NA,NA,NA,NA,Geothlypis poliocephala
11789,NA,NA,NA,NA,Geothlypis chiriquensis
11790,NA,NA,NA,NA,Geothlypis auricularis
11791,NA,NA,NA,NA,Geothlypis aequinoctialis
11792,NA,NA,NA,NA,Geothlypis tolmiei
11793,"Pets/display animals, horticulture",international,non-trivial,recent,Geothlypis philadelphia
11794,"Pets/display animals, horticulture",international,non-trivial,recent,Geothlypis formosa
11795,NA,NA,NA,NA,Geothlypis bairdi
11796,NA,NA,NA,NA,Geothlypis semiflava
11797,NA,NA,NA,NA,Geothlypis speciosa
11798,NA,NA,NA,NA,Geothlypis beldingi
11799,NA,NA,NA,NA,Geothlypis rostrata
11800,NA,NA,NA,NA,Geothlypis flavovelata
11801,"Pets/display animals, horticulture",international,non-trivial,recent,Geothlypis trichas
11802,NA,NA,NA,NA,Geothlypis nelsoni
11803,NA,NA,NA,NA,Catharopeza bishopi
11804,NA,NA,NA,NA,Setophaga plumbea
11805,NA,NA,NA,NA,Setophaga angelae
11806,NA,NA,NA,NA,Setophaga pharetra
11807,NA,NA,NA,NA,Setophaga citrina
11808,"Pets/display animals, horticulture",international,non-trivial,recent,Setophaga ruticilla
11809,NA,NA,NA,NA,Setophaga kirtlandii
11810,NA,NA,NA,NA,Setophaga tigrina
11811,NA,NA,NA,NA,Setophaga cerulea
11812,"Pets/display animals, horticulture",international,non-trivial,recent,Setophaga americana
11813,NA,NA,NA,NA,Setophaga pitiayumi
11814,NA,NA,NA,NA,Setophaga graysoni
11815,"Pets/display animals, horticulture",international,non-trivial,recent,Setophaga magnolia
11816,NA,NA,NA,NA,Setophaga castanea
11817,NA,NA,NA,NA,Setophaga fusca
11818,"Pets/display animals, horticulture",international,non-trivial,recent,Setophaga petechia
11819,"Pets/display animals, horticulture",international,non-trivial,recent,Setophaga pensylvanica
11820,NA,NA,NA,NA,Setophaga striata
11821,"Pets/display animals, horticulture",international,non-trivial,recent,Setophaga caerulescens
11822,"Pets/display animals, horticulture",international,non-trivial,recent,Setophaga palmarum
11823,NA,NA,NA,NA,Setophaga pityophila
11824,NA,NA,NA,NA,Setophaga pinus
11825,"Pets/display animals, horticulture",international,non-trivial,recent,Setophaga auduboni
11826,"Pets/display animals, horticulture",international,non-trivial,recent,Setophaga coronata
11827,"Pets/display animals, horticulture",international,non-trivial,recent,Setophaga dominica
11828,"Pets/display animals, horticulture",international,non-trivial,recent,Setophaga flavescens
11829,NA,NA,NA,NA,Setophaga vitellina
11830,NA,NA,NA,NA,Setophaga discolor
11831,NA,NA,NA,NA,Setophaga adelaidae
11832,NA,NA,NA,NA,Setophaga subita
11833,NA,NA,NA,NA,Setophaga delicata
11834,NA,NA,NA,NA,Setophaga graciae
11835,NA,NA,NA,NA,Setophaga nigrescens
11836,NA,NA,NA,NA,Setophaga townsendi
11837,NA,NA,NA,NA,Setophaga occidentalis
11838,NA,NA,NA,NA,Setophaga chrysoparia
11839,"Pets/display animals, horticulture",international,non-trivial,recent,Setophaga virens
11840,NA,NA,NA,NA,Myiothlypis luteoviridis
11841,NA,NA,NA,NA,Myiothlypis striaticeps
11842,NA,NA,NA,NA,Myiothlypis euophrys
11843,NA,NA,NA,NA,Myiothlypis basilica
11844,NA,NA,NA,NA,Myiothlypis leucophrys
11845,NA,NA,NA,NA,Myiothlypis flaveola
11846,NA,NA,NA,NA,Myiothlypis leucoblephara
11847,NA,NA,NA,NA,Myiothlypis signata
11848,NA,NA,NA,NA,Myiothlypis nigrocristata
11849,NA,NA,NA,NA,Myiothlypis fulvicauda
11850,NA,NA,NA,NA,Myiothlypis mesoleuca
11851,NA,NA,NA,NA,Myiothlypis rivularis
11852,NA,NA,NA,NA,Myiothlypis roraimae
11853,NA,NA,NA,NA,Myiothlypis bivittata
11854,NA,NA,NA,NA,Myiothlypis chlorophrys
11855,NA,NA,NA,NA,Myiothlypis chrysogaster
11856,NA,NA,NA,NA,Myiothlypis conspicillata
11857,NA,NA,NA,NA,Myiothlypis cinereicollis
11858,NA,NA,NA,NA,Myiothlypis fraseri
11859,NA,NA,NA,NA,Myiothlypis coronata
11860,Sport hunting/specimen collecting,NA,non-trivial,recent,Basileuterus lachrymosus
11861,NA,NA,NA,NA,Basileuterus rufifrons
11862,NA,NA,NA,NA,Basileuterus melanogenys
11863,NA,NA,NA,NA,Basileuterus ignotus
11864,NA,NA,NA,NA,Basileuterus belli
11865,NA,NA,NA,NA,Basileuterus culicivorus
11866,NA,NA,NA,NA,Basileuterus cabanisi
11867,NA,NA,NA,NA,Basileuterus auricapilla
11868,NA,NA,NA,NA,Basileuterus hypoleucus
11869,NA,NA,NA,NA,Basileuterus melanotis
11870,NA,NA,NA,NA,Basileuterus tacarcunae
11871,NA,NA,NA,NA,Basileuterus tristriatus
11872,NA,NA,NA,NA,Basileuterus punctipectus
11873,NA,NA,NA,NA,Basileuterus trifasciatus
11874,NA,NA,NA,NA,Basileuterus griseiceps
11875,"Pets/display animals, horticulture",international,non-trivial,recent,Cardellina canadensis
11876,"Pets/display animals, horticulture",international,non-trivial,recent,Cardellina pusilla
11877,NA,NA,NA,NA,Cardellina rubrifrons
11878,NA,NA,NA,NA,Cardellina rubra
11879,NA,NA,NA,NA,Cardellina versicolor
11880,NA,NA,NA,NA,Myioborus pictus
11881,NA,NA,NA,NA,Myioborus miniatus
11882,NA,NA,NA,NA,Myioborus brunniceps
11883,NA,NA,NA,NA,Myioborus flavivertex
11884,NA,NA,NA,NA,Myioborus albifrons
11885,NA,NA,NA,NA,Myioborus chrysops
11886,NA,NA,NA,NA,Myioborus ornatus
11887,NA,NA,NA,NA,Myioborus melanocephalus
11888,"Pets/display animals, horticulture",international,non-trivial,recent,Myioborus torquatus
11889,"Pets/display animals, horticulture",NA,non-trivial,recent,Myioborus pariae
11890,NA,NA,NA,NA,Myioborus albifacies
11891,NA,NA,NA,NA,Myioborus cardonai
11892,NA,NA,NA,NA,Myioborus castaneocapilla
11893,NA,NA,NA,NA,Phaenicophilus palmarum
11894,NA,NA,NA,NA,Phaenicophilus poliocephalus
11895,NA,NA,NA,NA,Xenoligea montana
11896,NA,NA,NA,NA,Microligea palustris
11897,"Pets/display animals, horticulture",international,non-trivial,recent,Spindalis zena
11898,NA,NA,NA,NA,Spindalis dominicensis
11899,NA,NA,NA,NA,Spindalis portoricensis
11900,NA,NA,NA,NA,Spindalis nigricephala
11901,NA,NA,NA,NA,Nesospingus speculiferus
11902,NA,NA,NA,NA,Calyptophilus tertius
11903,NA,NA,NA,NA,Calyptophilus frugivorus
11904,NA,NA,NA,NA,Lamprospiza melanoleuca
11905,NA,NA,NA,NA,Mitrospingus cassinii
11906,NA,NA,NA,NA,Mitrospingus oleagineus
11907,"Pets/display animals, horticulture",NA,non-trivial,recent,Orthogonys chloricterus
11908,"Pets/display animals, horticulture",international,non-trivial,recent,Pheucticus chrysopeplus
11909,NA,NA,NA,NA,Pheucticus tibialis
11910,"Pets/display animals, horticulture",international,non-trivial,recent,Pheucticus chrysogaster
11911,"Pets/display animals, horticulture",international,non-trivial,recent,Pheucticus aureoventris
11912,"Pets/display animals, horticulture",international,non-trivial,recent,Pheucticus ludovicianus
11913,NA,NA,NA,NA,Pheucticus melanocephalus
11914,NA,NA,NA,NA,Granatellus venustus
11915,NA,NA,NA,NA,Granatellus francescae
11916,NA,NA,NA,NA,Granatellus sallaei
11917,NA,NA,NA,NA,Granatellus pelzelni
11918,NA,NA,NA,NA,Granatellus paraensis
11919,NA,NA,NA,NA,Spiza americana
11920,"Pets/display animals, horticulture",international,non-trivial,recent,Passerina cyanea
11921,"Pets/display animals, horticulture",international,non-trivial,recent,Passerina caerulea
11922,NA,NA,NA,NA,Passerina amoena
11923,NA,NA,NA,NA,Passerina rositae
11924,"Pets/display animals, horticulture",international,non-trivial,recent,Passerina leclancherii
11925,"Pets/display animals, horticulture",international,non-trivial,recent,Passerina versicolor
11926,"Pets/display animals, horticulture",NA,non-trivial,recent,Passerina ciris
11927,NA,NA,NA,NA,Cyanocompsa parellina
11928,NA,NA,NA,NA,Amaurospiza relicta
11929,NA,NA,NA,NA,Amaurospiza moesta
11930,"Pets/display animals, horticulture",international,non-trivial,recent,Cyanoloxia cyanoides
11931,"Pets/display animals, horticulture",international,non-trivial,recent,Cyanoloxia rothschildii
11932,NA,NA,NA,NA,Cyanoloxia brissonii
11933,NA,NA,NA,NA,Cyanoloxia glaucocaerulea
11934,"Pets/display animals, horticulture",international,non-trivial,recent,Habia fuscicauda
11935,NA,NA,NA,NA,Habia gutturalis
11936,NA,NA,NA,NA,Habia atrimaxillaris
11937,NA,NA,NA,NA,Habia cristata
11938,NA,NA,NA,NA,Habia rubica
11939,NA,NA,NA,NA,Habia carmioli
11940,NA,NA,NA,NA,Habia frenata
11941,NA,NA,NA,NA,Habia olivacea
11942,NA,NA,NA,NA,Habia stolzmanni
11943,NA,NA,NA,NA,Piranga roseogularis
11944,NA,NA,NA,NA,Piranga erythrocephala
11945,NA,NA,NA,NA,Piranga rubriceps
11946,NA,NA,NA,NA,Piranga leucoptera
11947,NA,NA,NA,NA,Piranga olivacea
11948,NA,NA,NA,NA,Piranga rubra
11949,NA,NA,NA,NA,Piranga bidentata
11950,NA,NA,NA,NA,Piranga ludoviciana
11951,"Pets/display animals, horticulture",NA,non-trivial,recent,Piranga hepatica
11952,"Pets/display animals, horticulture",NA,non-trivial,recent,Piranga flava
11953,"Pets/display animals, horticulture",international,non-trivial,recent,Cardinalis cardinalis
11954,NA,NA,NA,NA,Cardinalis phoeniceus
11955,NA,NA,NA,NA,Cardinalis sinuatus
11956,"Pets/display animals, horticulture",international,non-trivial,recent,Caryothraustes poliogaster
11957,"Pets/display animals, horticulture",international,non-trivial,recent,Caryothraustes canadensis
11958,NA,NA,NA,NA,Caryothraustes celaeno
11959,NA,NA,NA,NA,Caryothraustes erythromelas
11960,NA,NA,NA,NA,Catamblyrhynchus diadema
11961,"Pets/display animals, horticulture",NA,non-trivial,recent,Charitospiza eucosma
11962,NA,NA,NA,NA,Orchesticus abeillei
11963,NA,NA,NA,NA,Parkerthraustes humeralis
11964,"Pets/display animals, horticulture",international,non-trivial,recent,Nemosia pileata
11965,NA,NA,NA,NA,Nemosia rourei
11966,"Pets/display animals, horticulture",international,non-trivial,recent,Cyanicterus cyanicterus
11967,NA,NA,NA,NA,Sericossypha albocristata
11968,"Pets/display animals, horticulture",NA,non-trivial,recent,Compsothraupis loricata
11969,NA,NA,NA,NA,Coryphaspiza melanotis
11970,NA,NA,NA,NA,Embernagra platensis
11971,NA,NA,NA,NA,Embernagra longicauda
11972,NA,NA,NA,NA,Emberizoides ypiranganus
11973,NA,NA,NA,NA,Emberizoides herbicola
11974,NA,NA,NA,NA,Emberizoides duidae
11975,NA,NA,NA,NA,Incaspiza pulchra
11976,NA,NA,NA,NA,Incaspiza personata
11977,NA,NA,NA,NA,Incaspiza ortizi
11978,NA,NA,NA,NA,Incaspiza laeta
11979,NA,NA,NA,NA,Incaspiza watkinsi
11980,"Pets/display animals, horticulture",international,non-trivial,recent,Rhopospina fruticeti
11981,NA,NA,NA,NA,Porphyrospiza caerulescens
11982,"Pets/display animals, horticulture",international,non-trivial,recent,Corydospiza alaudina
11983,NA,NA,NA,NA,Corydospiza carbonaria
11984,"Pets/display animals, horticulture",international,non-trivial,recent,Chlorophanes spiza
11985,NA,NA,NA,NA,Iridophanes pulcherrimus
11986,NA,NA,NA,NA,Chrysothlypis salmoni
11987,NA,NA,NA,NA,Chrysothlypis chrysomelas
11988,NA,NA,NA,NA,Heterospingus rubrifrons
11989,NA,NA,NA,NA,Heterospingus xanthopygius
11990,NA,NA,NA,NA,Hemithraupis flavicollis
11991,NA,NA,NA,NA,Hemithraupis guira
11992,NA,NA,NA,NA,Hemithraupis ruficapilla
11993,NA,NA,NA,NA,Tersina viridis
11994,"Pets/display animals, horticulture",international,non-trivial,recent,Cyanerpes caeruleus
11995,"Pets/display animals, horticulture",international,non-trivial,recent,Cyanerpes cyaneus
11996,NA,NA,NA,NA,Cyanerpes nitidus
11997,"Pets/display animals, horticulture",international,non-trivial,recent,Cyanerpes lucidus
11998,NA,NA,NA,NA,Dacnis berlepschi
11999,NA,NA,NA,NA,Dacnis venusta
12000,"Pets/display animals, horticulture",NA,non-trivial,recent,Dacnis cayana
12001,NA,NA,NA,NA,Dacnis flaviventer
12002,NA,NA,NA,NA,Dacnis hartlaubi
12003,"Pets/display animals, horticulture",international,non-trivial,recent,Dacnis egregia
12004,"Pets/display animals, horticulture",international,non-trivial,recent,Dacnis lineata
12005,NA,NA,NA,NA,Dacnis viguieri
12006,"Pets/display animals, horticulture",NA,non-trivial,recent,Dacnis nigripes
12007,NA,NA,NA,NA,Dacnis albiventris
12008,NA,NA,NA,NA,Saltator multicolor
12009,"Pets/display animals, horticulture",NA,non-trivial,recent,Saltator atricollis
12010,"Pets/display animals, horticulture",international,non-trivial,recent,Saltator orenocensis
12011,"Pets/display animals, horticulture",NA,non-trivial,recent,Saltator similis
12012,"Pets/display animals, horticulture",international,non-trivial,recent,Saltator grandis
12013,"Pets/display animals, horticulture",international,non-trivial,recent,Saltator olivascens
12014,"Pets/display animals, horticulture",international,non-trivial,recent,Saltator coerulescens
12015,NA,NA,NA,NA,Saltator striatipectus
12016,NA,NA,NA,NA,Saltator albicollis
12017,"Pets/display animals, horticulture",NA,non-trivial,recent,Saltator maximus
12018,NA,NA,NA,NA,Saltator atripennis
12019,NA,NA,NA,NA,Saltator atriceps
12020,NA,NA,NA,NA,Saltator nigriceps
12021,"Pets/display animals, horticulture",international,non-trivial,recent,Saltator fuliginosus
12022,"Pets/display animals, horticulture",international,non-trivial,recent,Saltator grossus
12023,"Pets/display animals, horticulture",international,non-trivial,recent,Saltator cinctus
12024,NA,NA,NA,NA,Saltator maxillosus
12025,NA,NA,NA,NA,Saltator aurantiirostris
12026,"Pets/display animals, horticulture",international,non-trivial,recent,Coereba flaveola
12027,"Pets/display animals, horticulture",international,non-trivial,recent,Tiaris olivaceus
12028,NA,NA,NA,NA,Euneornis campestris
12029,NA,NA,NA,NA,Melopyrrha portoricensis
12030,NA,NA,NA,NA,Melopyrrha violacea
12031,"Pets/display animals, horticulture",international,non-trivial,recent,Melopyrrha nigra
12032,"Pets/display animals, horticulture",international,non-trivial,recent,Melopyrrha taylori
12033,NA,NA,NA,NA,Loxipasser anoxanthus
12034,"Pets/display animals, horticulture",international,non-trivial,recent,Phonipara canora
12035,NA,NA,NA,NA,Loxigilla barbadensis
12036,"Pets/display animals, horticulture",international,non-trivial,recent,Loxigilla noctis
12037,NA,NA,NA,NA,Melanospiza richardsoni
12038,"Pets/display animals, horticulture",international,non-trivial,recent,Melanospiza bicolor
12039,"Pets/display animals, horticulture",NA,non-trivial,recent,Asemospiza fuliginosa
12040,NA,NA,NA,NA,Asemospiza obscura
12041,NA,NA,NA,NA,Certhidea fusca
12042,NA,NA,NA,NA,Certhidea olivacea
12043,NA,NA,NA,NA,Platyspiza crassirostris
12044,NA,NA,NA,NA,Pinaroloxias inornata
12045,NA,NA,NA,NA,Geospiza difficilis
12046,NA,NA,NA,NA,Geospiza psittacula
12047,NA,NA,NA,NA,Geospiza pauper
12048,NA,NA,NA,NA,Geospiza parvula
12049,NA,NA,NA,NA,Geospiza heliobates
12050,NA,NA,NA,NA,Geospiza pallida
12051,NA,NA,NA,NA,Geospiza septentrionalis
12052,NA,NA,NA,NA,Geospiza fuliginosa
12053,NA,NA,NA,NA,Geospiza fortis
12054,NA,NA,NA,NA,Geospiza acutirostris
12055,NA,NA,NA,NA,Geospiza magnirostris
12056,NA,NA,NA,NA,Geospiza conirostris
12057,NA,NA,NA,NA,Geospiza scandens
12058,NA,NA,NA,NA,Geospiza propinqua
12059,"Pets/display animals, horticulture",international,non-trivial,recent,Volatinia jacarina
12060,"Pets/display animals, horticulture",NA,non-trivial,recent,Conothraupis speculigera
12061,NA,NA,NA,NA,Conothraupis mesoleuca
12062,NA,NA,NA,NA,Creurgops dentatus
12063,NA,NA,NA,NA,Creurgops verticalis
12064,NA,NA,NA,NA,Eucometis penicillata
12065,NA,NA,NA,NA,Trichothraupis melanops
12066,NA,NA,NA,NA,Heliothraupis oneilli
12067,"Pets/display animals, horticulture",NA,non-trivial,recent,Islerothraupis cristata
12068,"Pets/display animals, horticulture",international,non-trivial,recent,Islerothraupis luctuosa
12069,NA,NA,NA,NA,Islerothraupis rufiventer
12070,"Pets/display animals, horticulture",NA,non-trivial,recent,Coryphospingus pileatus
12071,"Pets/display animals, horticulture",NA,non-trivial,recent,Coryphospingus cucullatus
12072,"Pets/display animals, horticulture",international,non-trivial,recent,Maschalethraupis surinama
12073,NA,NA,NA,NA,Rhodospingus cruentus
12074,NA,NA,NA,NA,Chrysocorypha delatrii
12075,NA,NA,NA,NA,Lanio versicolor
12076,NA,NA,NA,NA,Lanio fulvus
12077,NA,NA,NA,NA,Lanio aurantius
12078,NA,NA,NA,NA,Lanio leucothorax
12079,"Pets/display animals, horticulture",international,non-trivial,recent,Tachyphonus phoenicius
12080,"Pets/display animals, horticulture",NA,non-trivial,recent,Tachyphonus rufus
12081,"Pets/display animals, horticulture",NA,non-trivial,recent,Tachyphonus coronatus
12082,NA,NA,NA,NA,Ramphocelus sanguinolentus
12083,"Pets/display animals, horticulture",international,non-trivial,recent,Ramphocelus nigrogularis
12084,"Pets/display animals, horticulture",international,non-trivial,recent,Ramphocelus dimidiatus
12085,NA,NA,NA,NA,Ramphocelus melanogaster
12086,NA,NA,NA,NA,Ramphocelus carbo
12087,NA,NA,NA,NA,Ramphocelus bresilius
12088,NA,NA,NA,NA,Ramphocelus flammigerus
12089,NA,NA,NA,NA,Ramphocelus passerinii
12090,"Pets/display animals, horticulture",international,non-trivial,recent,Sporophila bouvronides
12091,"Pets/display animals, horticulture",international,non-trivial,recent,Sporophila lineola
12092,"Pets/display animals, horticulture",international,non-trivial,recent,Sporophila torqueola
12093,"Pets/display animals, horticulture",international,non-trivial,recent,Sporophila morelleti
12094,NA,NA,NA,NA,Sporophila corvina
12095,NA,NA,NA,NA,Sporophila ophthalmica
12096,NA,NA,NA,NA,Sporophila intermedia
12097,NA,NA,NA,NA,Sporophila americana
12098,NA,NA,NA,NA,Sporophila murallae
12099,"Pets/display animals, horticulture",international,non-trivial,recent,Sporophila fringilloides
12100,NA,NA,NA,NA,Sporophila luctuosa
12101,"Pets/display animals, horticulture",international,non-trivial,recent,Sporophila caerulescens
12102,"Pets/display animals, horticulture",international,non-trivial,recent,Sporophila nigricollis
12103,NA,NA,NA,NA,Sporophila ardesiaca
12104,NA,NA,NA,NA,Sporophila funerea
12105,"Pets/display animals, horticulture",international,non-trivial,recent,Sporophila angolensis
12106,NA,NA,NA,NA,Sporophila nuttingi
12107,"Pets/display animals, horticulture",NA,non-trivial,recent,Sporophila maximiliani
12108,"Pets/display animals, horticulture",international,non-trivial,recent,Sporophila crassirostris
12109,NA,NA,NA,NA,Sporophila atrirostris
12110,"Pets/display animals, horticulture",international,non-trivial,recent,Sporophila schistacea
12111,"Pets/display animals, horticulture",NA,non-trivial,recent,Sporophila falcirostris
12112,"Pets/display animals, horticulture",NA,non-trivial,recent,Sporophila frontalis
12113,"Pets/display animals, horticulture",NA,non-trivial,recent,Sporophila plumbea
12114,"Pets/display animals, horticulture",NA,non-trivial,recent,Sporophila beltoni
12115,NA,NA,NA,NA,Sporophila collaris
12116,NA,NA,NA,NA,Sporophila albogularis
12117,"Pets/display animals, horticulture",NA,non-trivial,recent,Sporophila leucoptera
12118,NA,NA,NA,NA,Sporophila peruviana
12119,"Pets/display animals, horticulture",international,non-trivial,recent,Sporophila telasco
12120,NA,NA,NA,NA,Sporophila simplex
12121,NA,NA,NA,NA,Sporophila castaneiventris
12122,"Pets/display animals, horticulture",international,non-trivial,recent,Sporophila minuta
12123,"Pets/display animals, horticulture",international,non-trivial,recent,Sporophila bouvreuil
12124,"Pets/display animals, horticulture",international,non-trivial,recent,Sporophila nigrorufa
12125,"Pets/display animals, horticulture",international,non-trivial,recent,Sporophila hypoxantha
12126,"Pets/display animals, horticulture",NA,non-trivial,recent,Sporophila ruficollis
12127,NA,NA,NA,NA,Sporophila iberaensis
12128,"Pets/display animals, horticulture",international,non-trivial,recent,Sporophila pileata
12129,"Pets/display animals, horticulture",NA,non-trivial,recent,Sporophila hypochroma
12130,"Pets/display animals, horticulture",NA,non-trivial,recent,Sporophila cinnamomea
12131,"Pets/display animals, horticulture",NA,non-trivial,recent,Sporophila palustris
12132,"Pets/display animals, horticulture",NA,non-trivial,recent,Sporophila melanogaster
12133,"Pets/display animals, horticulture",international,non-trivial,recent,Piezorina cinerea
12134,NA,NA,NA,NA,Xenospingus concolor
12135,NA,NA,NA,NA,Cnemoscopus rubrirostris
12136,NA,NA,NA,NA,Cnemoscopus chrysogaster
12137,NA,NA,NA,NA,Pseudospingus verticalis
12138,NA,NA,NA,NA,Pseudospingus xanthophthalmus
12139,NA,NA,NA,NA,Poospiza boliviana
12140,NA,NA,NA,NA,Poospiza ornata
12141,NA,NA,NA,NA,Poospiza whitii
12142,NA,NA,NA,NA,Poospiza nigrorufa
12143,NA,NA,NA,NA,Poospiza hispaniolensis
12144,"Pets/display animals, horticulture",international,non-trivial,recent,Poospiza rubecula
12145,NA,NA,NA,NA,Poospiza baeri
12146,NA,NA,NA,NA,Poospiza garleppi
12147,NA,NA,NA,NA,Poospiza goeringi
12148,"Pets/display animals, horticulture",international,non-trivial,recent,Poospiza rufosuperciliaris
12149,NA,NA,NA,NA,Kleinothraupis reyi
12150,"Pets/display animals, horticulture",international,non-trivial,recent,Kleinothraupis atropileus
12151,"Pets/display animals, horticulture",international,non-trivial,recent,Kleinothraupis auricularis
12152,NA,NA,NA,NA,Kleinothraupis calophrys
12153,NA,NA,NA,NA,Kleinothraupis parodii
12154,NA,NA,NA,NA,Sphenopsis frontalis
12155,NA,NA,NA,NA,Sphenopsis ochracea
12156,NA,NA,NA,NA,Sphenopsis piurae
12157,NA,NA,NA,NA,Sphenopsis melanotis
12158,NA,NA,NA,NA,Thlypopsis fulviceps
12159,NA,NA,NA,NA,Thlypopsis inornata
12160,NA,NA,NA,NA,Thlypopsis sordida
12161,NA,NA,NA,NA,Thlypopsis pyrrhocoma
12162,NA,NA,NA,NA,Thlypopsis ruficeps
12163,NA,NA,NA,NA,Thlypopsis superciliaris
12164,NA,NA,NA,NA,Thlypopsis ornata
12165,NA,NA,NA,NA,Thlypopsis pectoralis
12166,NA,NA,NA,NA,Castanozoster thoracicus
12167,NA,NA,NA,NA,Donacospiza albifrons
12168,NA,NA,NA,NA,Cypsnagra hirundinacea
12169,"Pets/display animals, horticulture",international,non-trivial,recent,Poospizopsis hypocondria
12170,NA,NA,NA,NA,Poospizopsis caesar
12171,NA,NA,NA,NA,Urothraupis stolzmanni
12172,NA,NA,NA,NA,Nephelornis oneilli
12173,NA,NA,NA,NA,Microspingus lateralis
12174,NA,NA,NA,NA,Microspingus cabanisi
12175,NA,NA,NA,NA,Microspingus erythrophrys
12176,NA,NA,NA,NA,Microspingus alticola
12177,NA,NA,NA,NA,Microspingus torquatus
12178,NA,NA,NA,NA,Microspingus pectoralis
12179,NA,NA,NA,NA,Microspingus trifasciatus
12180,NA,NA,NA,NA,Microspingus melanoleucus
12181,"Pets/display animals, horticulture",international,non-trivial,recent,Microspingus cinereus
12182,NA,NA,NA,NA,Conirostrum margaritae
12183,NA,NA,NA,NA,Conirostrum bicolor
12184,NA,NA,NA,NA,Conirostrum speciosum
12185,NA,NA,NA,NA,Conirostrum leucogenys
12186,NA,NA,NA,NA,Conirostrum albifrons
12187,NA,NA,NA,NA,Conirostrum binghami
12188,NA,NA,NA,NA,Conirostrum sitticolor
12189,NA,NA,NA,NA,Conirostrum ferrugineiventre
12190,NA,NA,NA,NA,Conirostrum tamarugense
12191,NA,NA,NA,NA,Conirostrum rufum
12192,NA,NA,NA,NA,Conirostrum cinereum
12193,"Pets/display animals, horticulture",international,non-trivial,recent,Sicalis citrina
12194,NA,NA,NA,NA,Sicalis taczanowskii
12195,NA,NA,NA,NA,Sicalis uropigyalis
12196,"Pets/display animals, horticulture",NA,non-trivial,recent,Sicalis flaveola
12197,"Pets/display animals, horticulture",international,non-trivial,recent,Sicalis columbiana
12198,NA,NA,NA,NA,Sicalis luteola
12199,NA,NA,NA,NA,Sicalis luteocephala
12200,NA,NA,NA,NA,Sicalis lebruni
12201,NA,NA,NA,NA,Sicalis mendozae
12202,NA,NA,NA,NA,Sicalis olivascens
12203,NA,NA,NA,NA,Sicalis auriventris
12204,NA,NA,NA,NA,Sicalis raimondii
12205,NA,NA,NA,NA,Sicalis lutea
12206,NA,NA,NA,NA,Phrygilus gayi
12207,NA,NA,NA,NA,Phrygilus patagonicus
12208,NA,NA,NA,NA,Phrygilus atriceps
12209,NA,NA,NA,NA,Phrygilus punensis
12210,NA,NA,NA,NA,Nesospiza acunhae
12211,NA,NA,NA,NA,Nesospiza questi
12212,NA,NA,NA,NA,Nesospiza wilkinsi
12213,NA,NA,NA,NA,Rowettia goughensis
12214,NA,NA,NA,NA,Melanodera xanthogramma
12215,NA,NA,NA,NA,Melanodera melanodera
12216,NA,NA,NA,NA,Haplospiza unicolor
12217,NA,NA,NA,NA,Geospizopsis plebejus
12218,NA,NA,NA,NA,Geospizopsis unicolor
12219,NA,NA,NA,NA,Spodiornis rusticus
12220,"Pets/display animals, horticulture",international,non-trivial,recent,Acanthidops bairdi
12221,NA,NA,NA,NA,Xenodacnis petersi
12222,NA,NA,NA,NA,Xenodacnis parina
12223,NA,NA,NA,NA,Idiopsar brachyurus
12224,NA,NA,NA,NA,Chionodacryon speculiferum
12225,NA,NA,NA,NA,Ephippiospingus erythronotus
12226,NA,NA,NA,NA,Ephippiospingus dorsalis
12227,NA,NA,NA,NA,Catamenia analis
12228,NA,NA,NA,NA,Catamenia inornata
12229,NA,NA,NA,NA,Catamenia homochroa
12230,NA,NA,NA,NA,Diglossa glauca
12231,NA,NA,NA,NA,Diglossa caerulescens
12232,NA,NA,NA,NA,Diglossa cyanea
12233,"Pets/display animals, horticulture",international,non-trivial,recent,Diglossa indigotica
12234,NA,NA,NA,NA,Diglossa sittoides
12235,NA,NA,NA,NA,Diglossa plumbea
12236,NA,NA,NA,NA,Diglossa baritula
12237,NA,NA,NA,NA,Diglossa mystacalis
12238,NA,NA,NA,NA,Diglossa gloriosissima
12239,NA,NA,NA,NA,Diglossa lafresnayii
12240,NA,NA,NA,NA,Diglossa duidae
12241,NA,NA,NA,NA,Diglossa major
12242,NA,NA,NA,NA,Diglossa venezuelensis
12243,NA,NA,NA,NA,Diglossa albilatera
12244,NA,NA,NA,NA,Diglossa carbonaria
12245,NA,NA,NA,NA,Diglossa brunneiventris
12246,NA,NA,NA,NA,Diglossa gloriosa
12247,NA,NA,NA,NA,Diglossa humeralis
12248,NA,NA,NA,NA,Calochaetes coccineus
12249,NA,NA,NA,NA,Iridosornis porphyrocephalus
12250,NA,NA,NA,NA,Iridosornis analis
12251,NA,NA,NA,NA,Iridosornis jelskii
12252,NA,NA,NA,NA,Iridosornis reinhardti
12253,"Pets/display animals, horticulture",international,non-trivial,recent,Iridosornis rufivertex
12254,NA,NA,NA,NA,Pipraeidea melanonota
12255,"Pets/display animals, horticulture",international,non-trivial,recent,Pipraeidea darwinii
12256,"Pets/display animals, horticulture",international,non-trivial,recent,Pipraeidea bonariensis
12257,NA,NA,NA,NA,Pseudosaltator rufiventris
12258,NA,NA,NA,NA,Dubusia castaneoventris
12259,NA,NA,NA,NA,Dubusia carrikeri
12260,NA,NA,NA,NA,Dubusia taeniata
12261,NA,NA,NA,NA,Dubusia stictocephala
12262,NA,NA,NA,NA,Buthraupis montana
12263,"Pets/display animals, horticulture",international,non-trivial,recent,Sporathraupis cyanocephala
12264,NA,NA,NA,NA,Tephrophilus wetmorei
12265,"Pets/display animals, horticulture",international,non-trivial,recent,Chlorornis riefferii
12266,NA,NA,NA,NA,Cnemathraupis eximia
12267,NA,NA,NA,NA,Cnemathraupis aureodorsalis
12268,"Pets/display animals, horticulture",international,non-trivial,recent,Anisognathus somptuosus
12269,"Pets/display animals, horticulture",international,non-trivial,recent,Anisognathus flavinucha
12270,NA,NA,NA,NA,Anisognathus notabilis
12271,NA,NA,NA,NA,Anisognathus melanogenys
12272,"Pets/display animals, horticulture",international,non-trivial,recent,Anisognathus lunulatus
12273,"Pets/display animals, horticulture",international,non-trivial,recent,Anisognathus igniventris
12274,"Pets/display animals, horticulture",international,non-trivial,recent,Anisognathus lacrymosus
12275,NA,NA,NA,NA,Chlorochrysa phoenicotis
12276,NA,NA,NA,NA,Chlorochrysa nitidissima
12277,NA,NA,NA,NA,Chlorochrysa calliparaea
12278,NA,NA,NA,NA,Chlorochrysa fulgentissima
12279,NA,NA,NA,NA,Wetmorethraupis sterrhopteron
12280,NA,NA,NA,NA,Bangsia flavovirens
12281,NA,NA,NA,NA,Bangsia arcaei
12282,NA,NA,NA,NA,Bangsia aureocincta
12283,NA,NA,NA,NA,Bangsia edwardsi
12284,NA,NA,NA,NA,Bangsia rothschildi
12285,NA,NA,NA,NA,Bangsia melanochlamys
12286,NA,NA,NA,NA,Lophospingus griseocristatus
12287,NA,NA,NA,NA,Lophospingus pusillus
12288,"Pets/display animals, horticulture",international,non-trivial,recent,Neothraupis fasciata
12289,"Pets/display animals, horticulture",international,non-trivial,recent,Diuca diuca
12290,"Pets/display animals, horticulture",NA,non-trivial,recent,Gubernatrix cristata
12291,NA,NA,NA,NA,Stephanophorus diadematus
12292,"Pets/display animals, horticulture",international,non-trivial,recent,Cissopis leverianus
12293,"Pets/display animals, horticulture",international,non-trivial,recent,Schistochlamys melanopis
12294,"Pets/display animals, horticulture",international,non-trivial,recent,Schistochlamys ruficapillus
12295,"Pets/display animals, horticulture",NA,non-trivial,recent,Paroaria coronata
12296,NA,NA,NA,NA,Paroaria dominicana
12297,NA,NA,NA,NA,Paroaria nigrogenis
12298,"Pets/display animals, horticulture",international,non-trivial,recent,Paroaria baeri
12299,"Pets/display animals, horticulture",NA,non-trivial,recent,Paroaria capitata
12300,NA,NA,NA,NA,Paroaria gularis
12301,"Pets/display animals, horticulture",international,non-trivial,recent,Tangara varia
12302,"Pets/display animals, horticulture",international,non-trivial,recent,Tangara rufigula
12303,"Pets/display animals, horticulture",international,non-trivial,recent,Tangara punctata
12304,"Pets/display animals, horticulture",international,non-trivial,recent,Tangara guttata
12305,"Pets/display animals, horticulture",international,non-trivial,recent,Tangara xanthogastra
12306,"Pets/display animals, horticulture",international,non-trivial,recent,Tangara ruficervix
12307,"Pets/display animals, horticulture",international,non-trivial,recent,Tangara fulvicervix
12308,"Pets/display animals, horticulture",international,non-trivial,recent,Tangara cabanisi
12309,"Pets/display animals, horticulture",international,non-trivial,recent,Tangara palmeri
12310,"Pets/display animals, horticulture",international,non-trivial,recent,Tangara episcopus
12311,NA,NA,NA,NA,Tangara sayaca
12312,NA,NA,NA,NA,Tangara glaucocolpa
12313,"Pets/display animals, horticulture",NA,non-trivial,recent,Tangara cyanoptera
12314,"Pets/display animals, horticulture",international,non-trivial,recent,Tangara abbas
12315,NA,NA,NA,NA,Tangara ornata
12316,"Pets/display animals, horticulture",NA,non-trivial,recent,Tangara palmarum
12317,"Pets/display animals, horticulture",international,non-trivial,recent,Tangara argentea
12318,"Pets/display animals, horticulture",international,non-trivial,recent,Tangara whitelyi
12319,NA,NA,NA,NA,Tangara viridicollis
12320,NA,NA,NA,NA,Tangara phillipsi
12321,NA,NA,NA,NA,Tangara argyrofenges
12322,"Pets/display animals, horticulture",international,non-trivial,recent,Tangara heinei
12323,"Pets/display animals, horticulture",international,non-trivial,recent,Tangara larvata
12324,"Pets/display animals, horticulture",international,non-trivial,recent,Tangara cyanicollis
12325,NA,NA,NA,NA,Tangara nigrocincta
12326,"Pets/display animals, horticulture",NA,non-trivial,recent,Tangara peruviana
12327,NA,NA,NA,NA,Tangara preciosa
12328,NA,NA,NA,NA,Tangara meyerdeschauenseei
12329,NA,NA,NA,NA,Tangara vitriolina
12330,"Pets/display animals, horticulture",NA,non-trivial,recent,Tangara cayana
12331,"Pets/display animals, horticulture",NA,non-trivial,recent,Tangara flava
12332,NA,NA,NA,NA,Tangara versicolor
12333,NA,NA,NA,NA,Tangara cucullata
12334,"Pets/display animals, horticulture",international,non-trivial,recent,Tangara vassorii
12335,"Pets/display animals, horticulture",international,non-trivial,recent,Tangara atrocoerulea
12336,NA,NA,NA,NA,Tangara nigroviridis
12337,"Pets/display animals, horticulture",international,non-trivial,recent,Tangara dowii
12338,NA,NA,NA,NA,Tangara fucosa
12339,NA,NA,NA,NA,Tangara cyanotis
12340,"Pets/display animals, horticulture",international,non-trivial,recent,Tangara rufigenis
12341,NA,NA,NA,NA,Tangara labradorides
12342,"Pets/display animals, horticulture",international,non-trivial,recent,Tangara gyrola
12343,NA,NA,NA,NA,Tangara lavinia
12344,NA,NA,NA,NA,Tangara chrysotis
12345,NA,NA,NA,NA,Tangara xanthocephala
12346,"Pets/display animals, horticulture",international,non-trivial,recent,Tangara lunigera
12347,"Pets/display animals, horticulture",international,non-trivial,recent,Tangara parzudakii
12348,NA,NA,NA,NA,Tangara johannae
12349,NA,NA,NA,NA,Tangara schrankii
12350,"Pets/display animals, horticulture",international,non-trivial,recent,Tangara arthus
12351,"Pets/display animals, horticulture",international,non-trivial,recent,Tangara aurulenta
12352,"Pets/display animals, horticulture",international,non-trivial,recent,Tangara florida
12353,"Pets/display animals, horticulture",international,non-trivial,recent,Tangara icterocephala
12354,NA,NA,NA,NA,Tangara fastuosa
12355,NA,NA,NA,NA,Tangara seledon
12356,NA,NA,NA,NA,Tangara cyanocephala
12357,"Pets/display animals, horticulture",NA,non-trivial,recent,Tangara desmaresti
12358,NA,NA,NA,NA,Tangara cyanoventris
12359,"Pets/display animals, horticulture",international,non-trivial,recent,Tangara inornata
12360,"Pets/display animals, horticulture",international,non-trivial,recent,Tangara mexicana
12361,"Pets/display animals, horticulture",international,non-trivial,recent,Tangara brasiliensis
12362,NA,NA,NA,NA,Tangara chilensis
12363,NA,NA,NA,NA,Tangara callophrys
12364,"Pets/display animals, horticulture",international,non-trivial,recent,Tangara velia
12365,"Pets/display animals, horticulture",international,non-trivial,recent,Tangara cyanomelas
12366,NA,NA,NA,NA,Megascops colombianus
12367,NA,NA,NA,NA,Picumnus fulvescens
,Food - human,NA,non-trivial,recent,Rheinardia ocellata
,"Pets/display animals, horticulture",international,non-trivial,recent,Rheinardia ocellata
,NA,NA,NA,NA,Monasa nigrifrons
,NA,NA,NA,NA,Dendrocopos himalayensis
,NA,NA,NA,NA,Cariama cristata
,"Pets/display animals, horticulture",international,non-trivial,recent,Aratinga solstitialis
,NA,NA,NA,NA,Sholicola major
